Date,^AXJO,^FTSE,^GDAXI,^GSPC,^GSPTSE,^N225,^NZ50,^SSMI
2002-01-02,3443.800048828125,5218.2998046875,5167.8798828125,1154.6700439453125,7646.7998046875,,,6372.2998046875
2002-01-03,3419.60009765625,5318.7998046875,5270.2900390625,1165.27001953125,7774.2001953125,,,6380.89990234375
2002-01-04,3435.699951171875,5323.7998046875,5318.72998046875,1172.510009765625,7833.2001953125,10871.490234375,,6392.89990234375
2002-01-07,3446.89990234375,5293.60009765625,5232.22021484375,1164.8900146484375,7870.2998046875,10942.3603515625,,6384.39990234375
2002-01-08,3423.0,5250.39990234375,5236.3701171875,1160.7099609375,7782.0,10695.599609375,,6313.89990234375
2002-01-09,3412.5,5228.5,5288.2099609375,1155.1400146484375,7775.7998046875,10663.98046875,,6360.2998046875
2002-01-10,3409.10009765625,5190.7001953125,5228.10986328125,1156.550048828125,7722.39990234375,10538.4296875,,6363.7001953125
2002-01-11,3417.60009765625,5198.60009765625,5209.97021484375,1145.5999755859375,7701.89990234375,10441.58984375,,6416.39990234375
2002-01-14,3407.300048828125,5113.5,5065.83984375,1138.4100341796875,7623.2998046875,,,6301.10009765625
2002-01-15,3406.199951171875,5166.0,5062.0400390625,1146.18994140625,7643.89990234375,10208.0498046875,,6292.2998046875
2002-01-16,3425.800048828125,5127.60009765625,4984.2001953125,1127.5699462890625,7584.0,10177.580078125,,6238.89990234375
2002-01-17,3393.10009765625,5138.5,5133.39990234375,1138.8800048828125,7652.7001953125,10128.1796875,,6320.0
2002-01-18,3387.0,5126.7998046875,5122.22998046875,1127.5799560546875,7604.7998046875,10293.3203125,,6294.2001953125
2002-01-21,3400.300048828125,5138.5,5069.740234375,,7582.89990234375,10280.25,,6231.10009765625
2002-01-22,3421.5,5149.2001953125,5045.72021484375,1119.31005859375,7559.2998046875,10050.98046875,,6266.2998046875
2002-01-23,3422.0,5180.7001953125,5163.02978515625,1128.1800537109375,7598.5,10040.91015625,,6310.0
2002-01-24,3430.800048828125,5233.10009765625,5170.43994140625,1132.1500244140625,7657.60009765625,10074.0498046875,,6390.89990234375
2002-01-25,3442.300048828125,5193.10009765625,5156.6298828125,1133.280029296875,7659.2998046875,10144.1396484375,,6372.10009765625
2002-01-28,,5223.60009765625,5159.02001953125,1133.06005859375,7643.7001953125,10220.849609375,,6414.39990234375
2002-01-29,3452.89990234375,5131.39990234375,5084.52001953125,1100.6400146484375,7567.10009765625,10026.0302734375,,6324.10009765625
2002-01-30,3433.5,5089.2998046875,5052.2001953125,1113.5699462890625,7548.7998046875,9919.48046875,,6212.39990234375
2002-01-31,3464.199951171875,5164.7998046875,5107.60986328125,1130.199951171875,7648.5,9997.7998046875,,6237.2998046875
2002-02-01,3445.5,5189.7001953125,5097.06005859375,1122.199951171875,7690.5,9791.4296875,,6234.60009765625
2002-02-04,3466.10009765625,5167.2998046875,4984.47998046875,1094.43994140625,7591.10009765625,9631.9296875,,6196.60009765625
2002-02-05,3451.5,5093.39990234375,4936.75,1090.02001953125,7523.5,9475.599609375,,6132.5
2002-02-06,3424.5,5073.7998046875,4804.41015625,1083.510009765625,7497.10009765625,9420.849609375,,6105.2001953125
2002-02-07,3414.5,5127.0,4862.6201171875,1080.1700439453125,7483.39990234375,9583.26953125,,6227.2001953125
2002-02-08,3450.39990234375,5128.10009765625,4835.9501953125,1096.219970703125,7535.39990234375,9686.0595703125,,6245.5
2002-02-11,3476.5,5161.7998046875,4940.0,1111.93994140625,7604.5,,,6278.89990234375
2002-02-12,3481.10009765625,5135.7001953125,4884.77978515625,1107.5,7543.7998046875,9877.990234375,,6253.2998046875
2002-02-13,3474.60009765625,5153.89990234375,4935.35009765625,1118.510009765625,7561.39990234375,9968.349609375,,6337.0
2002-02-14,3487.0,5208.7998046875,4973.77001953125,1116.47998046875,7526.39990234375,10081.08984375,,6421.60009765625
2002-02-15,3480.39990234375,5182.5,4862.60009765625,1104.1800537109375,7515.2998046875,10048.099609375,,6414.39990234375
2002-02-18,3469.300048828125,5154.2998046875,4871.759765625,,7558.60009765625,10093.25,,6378.5
2002-02-19,3470.39990234375,5092.5,4764.0498046875,1083.3399658203125,7471.0,9847.16015625,,6235.89990234375
2002-02-20,3437.699951171875,5024.2001953125,4780.240234375,1097.97998046875,7431.7998046875,9834.1298828125,,6199.39990234375
2002-02-21,3434.300048828125,5073.2998046875,4850.72998046875,1080.949951171875,7418.10009765625,10295.419921875,,6226.89990234375
2002-02-22,3422.10009765625,5050.7998046875,4745.580078125,1089.8399658203125,7426.60009765625,10356.7802734375,,6186.5
2002-02-25,3422.5,5100.7001953125,4863.5400390625,1109.4300537109375,7512.5,10296.4697265625,,6236.2998046875
2002-02-26,3434.800048828125,5139.0,4897.75,1109.3800048828125,7567.5,10202.6298828125,,6210.2998046875
2002-02-27,3413.10009765625,5178.39990234375,4960.22021484375,1109.8900146484375,7646.89990234375,10573.08984375,,6319.89990234375
2002-02-28,3414.300048828125,5101.0,5039.080078125,1106.72998046875,7637.5,10587.830078125,,6352.7998046875
2002-03-01,3417.300048828125,5169.0,5097.41015625,1131.780029296875,7710.7998046875,10812.0,,6349.0
2002-03-04,3424.300048828125,5242.0,5245.83984375,1153.8399658203125,7861.7998046875,11450.2197265625,,6440.7001953125
2002-03-05,3435.60009765625,5214.0,5228.669921875,1146.1400146484375,7856.10009765625,11348.4501953125,,6412.5
2002-03-06,3451.199951171875,5245.5,5285.259765625,1162.77001953125,7944.2998046875,11358.5302734375,,6416.2998046875
2002-03-07,3497.60009765625,5282.10009765625,5289.43017578125,1157.5400390625,7958.10009765625,11648.33984375,,6440.60009765625
2002-03-08,3485.300048828125,5285.7001953125,5359.5498046875,1164.31005859375,7910.2998046875,11885.7900390625,,6531.2001953125
2002-03-11,3476.89990234375,5258.89990234375,5340.669921875,1168.260009765625,7908.2001953125,11919.2998046875,,6496.60009765625
2002-03-12,3462.300048828125,5252.5,5275.81005859375,1165.5799560546875,7866.10009765625,11607.330078125,,6453.0
2002-03-13,3450.0,5272.0,5245.990234375,1154.0899658203125,7864.2001953125,11415.3095703125,,6497.10009765625
2002-03-14,3451.89990234375,5261.39990234375,5276.8701171875,1153.0400390625,7828.60009765625,11568.8203125,,6543.5
2002-03-15,3407.699951171875,5292.7001953125,5401.10986328125,1166.1600341796875,7871.7001953125,11648.009765625,,6571.2998046875
2002-03-18,3453.10009765625,5299.89990234375,5426.0400390625,1165.550048828125,7917.7001953125,11498.3798828125,,6622.60009765625
2002-03-19,3460.300048828125,5316.10009765625,5462.5498046875,1170.2900390625,7936.89990234375,11792.8203125,,6630.0
2002-03-20,3467.300048828125,5266.89990234375,5364.7001953125,1151.8499755859375,7915.39990234375,11526.7802734375,,6612.10009765625
2002-03-21,3436.10009765625,5253.2998046875,5348.68017578125,1153.5899658203125,7856.2001953125,,,6600.39990234375
2002-03-22,3433.800048828125,5250.5,5366.1298828125,1148.699951171875,7856.10009765625,11345.080078125,,6615.7998046875
2002-03-25,3424.699951171875,5203.60009765625,5317.3798828125,1131.8699951171875,7751.2998046875,11261.08984375,,6610.10009765625
2002-03-26,3384.39990234375,5195.5,5390.58984375,1138.489990234375,7756.7001953125,11207.919921875,,6624.2998046875
2002-03-27,3411.5,5214.7001953125,5348.0,1144.5799560546875,7835.89990234375,11323.6796875,,6631.7998046875
2002-03-28,3414.800048828125,5271.7998046875,5397.2900390625,1147.3900146484375,7851.5,11333.1103515625,,6655.2001953125
2002-03-29,,,,,,11024.9404296875,,
2002-04-01,,,,1146.5400390625,7888.5,11028.7001953125,,
2002-04-02,3387.300048828125,5251.39990234375,5311.080078125,1136.760009765625,7893.39990234375,11204.490234375,,6671.5
2002-04-03,3377.800048828125,5247.7998046875,5281.83984375,1125.4000244140625,7842.2998046875,11400.7099609375,,6694.10009765625
2002-04-04,3372.60009765625,5209.5,5254.9501953125,1126.3399658203125,7784.5,11379.2001953125,,6670.7001953125
2002-04-05,3390.0,5233.60009765625,5260.52978515625,1122.72998046875,7782.10009765625,11335.490234375,,6662.10009765625
2002-04-08,3389.0,5178.60009765625,5180.330078125,1125.2900390625,7747.60009765625,11352.8896484375,,6585.10009765625
2002-04-09,3363.39990234375,5179.60009765625,5170.25,1117.800048828125,7722.10009765625,11114.490234375,,6641.10009765625
2002-04-10,3377.39990234375,5229.10009765625,5265.35986328125,1130.469970703125,7800.10009765625,11218.580078125,,6680.7001953125
2002-04-11,3367.39990234375,5137.39990234375,5162.9599609375,1103.68994140625,7688.7001953125,11147.26953125,,6595.89990234375
2002-04-12,3354.5,5161.0,5189.64990234375,1111.010009765625,7731.0,10962.98046875,,6593.0
2002-04-15,3368.10009765625,5201.39990234375,5244.2001953125,1102.550048828125,7761.2998046875,11137.2998046875,,6615.5
2002-04-16,3386.60009765625,5259.89990234375,5343.8798828125,1128.3699951171875,7841.60009765625,11346.66015625,,6679.39990234375
2002-04-17,3401.300048828125,5263.89990234375,5318.5498046875,1126.0699462890625,7868.10009765625,11543.7099609375,,6691.2998046875
2002-04-18,3406.699951171875,5229.39990234375,5262.8798828125,1124.469970703125,7818.10009765625,11575.73046875,,6687.39990234375
2002-04-19,3407.300048828125,5243.60009765625,5284.5498046875,1125.1700439453125,7899.60009765625,11512.009765625,,6676.7001953125
2002-04-22,3414.10009765625,5221.5,5205.47998046875,1107.8299560546875,7814.2998046875,11721.6396484375,,6685.2998046875
2002-04-23,3403.89990234375,5191.0,5192.10009765625,1100.9599609375,7717.7998046875,11736.830078125,,6675.0
2002-04-24,3373.60009765625,5218.2001953125,5160.14013671875,1093.1400146484375,7713.39990234375,11672.8798828125,,6679.7998046875
2002-04-25,,5197.5,5054.41015625,1091.47998046875,7686.2998046875,11648.7197265625,,6591.7998046875
2002-04-26,3379.10009765625,5159.0,5000.3798828125,1076.3199462890625,7629.60009765625,11541.3896484375,,6530.10009765625
2002-04-29,3352.800048828125,5153.89990234375,5008.0400390625,1065.449951171875,7582.5,,,6566.7998046875
2002-04-30,3350.0,5165.60009765625,5041.2001953125,1076.9200439453125,7663.39990234375,11492.5400390625,,6557.60009765625
2002-05-01,3360.39990234375,5125.5,,1086.4599609375,7647.2998046875,11552.7900390625,,
2002-05-02,3362.300048828125,5174.10009765625,4964.56005859375,1084.56005859375,7670.5,11551.009765625,,6552.2998046875
2002-05-03,3366.0,5203.10009765625,4882.77001953125,1073.4300537109375,7663.89990234375,,,6598.7001953125
2002-05-06,3345.39990234375,,4880.669921875,1052.6700439453125,7581.10009765625,,,6571.5
2002-05-07,3325.0,5119.89990234375,4872.41015625,1049.489990234375,7561.39990234375,11316.0400390625,,6478.10009765625
2002-05-08,3339.89990234375,5209.10009765625,5028.58984375,1088.8499755859375,7707.7998046875,11520.75,,6591.89990234375
2002-05-09,3338.5,5197.60009765625,4966.47998046875,1073.010009765625,7632.2998046875,11633.2998046875,,6595.10009765625
2002-05-10,3330.89990234375,5171.2001953125,4871.7001953125,1054.989990234375,7596.10009765625,11531.1103515625,,6533.10009765625
2002-05-13,3302.5,5204.7998046875,4975.47998046875,1074.56005859375,7661.39990234375,11336.9501953125,,6568.2998046875
2002-05-14,3314.300048828125,5239.5,5049.080078125,1097.280029296875,7716.89990234375,11356.1904296875,,6622.2998046875
2002-05-15,3376.10009765625,5259.10009765625,5072.39013671875,1091.0699462890625,7707.0,11642.9697265625,,6670.10009765625
2002-05-16,3395.300048828125,5248.5,5047.4501953125,1098.22998046875,7738.10009765625,11738.6904296875,,6692.0
2002-05-17,3412.60009765625,5218.0,5036.41015625,1106.5899658203125,7727.0,11847.3203125,,6642.60009765625
2002-05-20,3393.300048828125,5208.10009765625,4998.990234375,1091.8800048828125,,11856.5400390625,,6606.0
2002-05-21,3376.89990234375,5197.2001953125,4984.60986328125,1079.8800048828125,7688.2998046875,11801.16015625,,6623.2998046875
2002-05-22,3389.800048828125,5151.89990234375,4919.5,1086.02001953125,7638.39990234375,11961.98046875,,6585.89990234375
2002-05-23,3373.5,5175.2998046875,4879.5,1097.0799560546875,7725.10009765625,11979.849609375,,6564.10009765625
2002-05-24,3387.10009765625,5169.10009765625,4899.1298828125,1083.8199462890625,7667.7998046875,11976.2802734375,,6576.0
2002-05-27,3381.60009765625,5136.2998046875,4961.5400390625,,7667.0,11976.349609375,,6607.7001953125
2002-05-28,3385.89990234375,5074.2001953125,4918.580078125,1074.550048828125,7660.60009765625,11936.080078125,,6584.10009765625
2002-05-29,3381.199951171875,5083.0,4881.7998046875,1067.6600341796875,7611.89990234375,11853.0,,6598.0
2002-05-30,3387.10009765625,5040.7998046875,4761.9599609375,1064.6600341796875,7580.60009765625,11770.0302734375,,6544.10009765625
2002-05-31,3373.60009765625,5085.10009765625,4818.2998046875,1067.1400146484375,7656.10009765625,11763.7001953125,,6574.7998046875
2002-06-03,3375.60009765625,,4747.9501953125,1040.6800537109375,7599.5,11901.3896484375,,6551.10009765625
2002-06-04,3347.10009765625,,4625.7900390625,1040.68994140625,7568.0,11653.0703125,,6415.7001953125
2002-06-05,3350.199951171875,4989.2001953125,4624.31005859375,1049.9000244140625,7547.89990234375,11663.8701171875,,6400.10009765625
2002-06-06,3344.300048828125,4957.60009765625,4657.52001953125,1029.1500244140625,7498.89990234375,11574.9404296875,,6366.0
2002-06-07,3342.800048828125,4920.39990234375,4610.18017578125,1027.530029296875,7478.60009765625,11438.5302734375,,6250.89990234375
2002-06-10,,4928.2001953125,4589.259765625,1030.739990234375,7460.7001953125,11370.2099609375,,6267.5
2002-06-11,3328.5,4934.7998046875,4606.08984375,1013.5999755859375,7398.7998046875,11449.4404296875,,6330.2998046875
2002-06-12,3327.89990234375,4851.7001953125,4510.18994140625,1020.260009765625,7359.60009765625,11327.0595703125,,6142.0
2002-06-13,3313.60009765625,4771.89990234375,4470.14013671875,1009.5599975585938,7283.60009765625,11144.83984375,,6050.7998046875
2002-06-14,3294.10009765625,4630.7998046875,4303.85009765625,1007.27001953125,7249.0,10920.6298828125,,5980.7001953125
2002-06-17,3299.699951171875,4756.7998046875,4475.10009765625,1036.1700439453125,7357.39990234375,10664.1103515625,,6160.89990234375
2002-06-18,3311.89990234375,4702.0,4433.85009765625,1037.1400146484375,7327.5,10839.9296875,,6072.2001953125
2002-06-19,3279.89990234375,4652.39990234375,4354.81982421875,1019.989990234375,7247.7998046875,10476.1796875,,5971.60009765625
2002-06-20,3279.60009765625,4580.2998046875,4245.68017578125,1006.2899780273438,7225.39990234375,10612.98046875,,5777.89990234375
2002-06-21,3252.199951171875,4605.39990234375,4232.39990234375,989.1400146484375,7139.39990234375,10354.349609375,,5791.60009765625
2002-06-24,3235.300048828125,4541.89990234375,4127.2099609375,992.719970703125,7129.89990234375,10471.3203125,,5594.2001953125
2002-06-25,3227.60009765625,4631.0,4202.97021484375,976.1400146484375,7120.7998046875,10496.669921875,,5781.39990234375
2002-06-26,3179.39990234375,4531.0,4099.0498046875,973.530029296875,7021.0,10074.5595703125,,5629.0
2002-06-27,3212.89990234375,4540.7001953125,4259.43017578125,990.6400146484375,7073.7998046875,10261.599609375,,5717.89990234375
2002-06-28,3216.0,4656.39990234375,4382.56005859375,989.8200073242188,7145.60009765625,10621.83984375,,5979.7001953125
2002-07-01,3227.89990234375,4685.7998046875,4366.81005859375,968.6500244140625,,10595.4404296875,,5985.10009765625
2002-07-02,3212.10009765625,4546.7998046875,4195.9501953125,948.0900268554688,7013.39990234375,10622.3203125,,5863.7998046875
2002-07-03,3185.89990234375,4392.60009765625,4138.14990234375,953.989990234375,7024.10009765625,10812.2998046875,,5711.39990234375
2002-07-04,3208.699951171875,4471.2001953125,4258.6201171875,,7029.7998046875,10632.8095703125,,5847.7998046875
2002-07-05,3214.800048828125,4615.7001953125,4483.02978515625,989.030029296875,7112.5,10826.08984375,,6024.2001953125
2002-07-08,3233.699951171875,4601.2998046875,4442.330078125,976.97998046875,7092.0,10769.2001953125,,6002.2998046875
2002-07-09,3258.39990234375,4542.89990234375,4369.759765625,952.8300170898438,7034.7998046875,10960.25,,5967.0
2002-07-10,3226.199951171875,4420.10009765625,4190.22021484375,920.469970703125,6916.39990234375,10752.66015625,,5775.5
2002-07-11,3192.39990234375,4230.10009765625,4118.5,927.3699951171875,6863.2998046875,10485.740234375,,5538.5
2002-07-12,3197.39990234375,4224.10009765625,4130.7998046875,921.3900146484375,6819.7998046875,10601.4501953125,,5604.7001953125
2002-07-15,3187.300048828125,3994.5,3912.510009765625,917.9299926757812,6677.7998046875,10375.150390625,,5358.0
2002-07-16,3157.699951171875,4021.89990234375,3977.75,900.9400024414062,6695.7001953125,10250.419921875,,5225.2998046875
2002-07-17,3122.199951171875,4190.60009765625,4092.820068359375,906.0399780273438,6699.7001953125,10296.01953125,,5299.7001953125
2002-07-18,3152.300048828125,4297.2998046875,4100.75,881.5599975585938,6715.39990234375,10498.259765625,,5271.5
2002-07-19,3109.199951171875,4098.2998046875,3891.8798828125,847.75,6535.39990234375,10202.3603515625,,4976.2998046875
2002-07-22,3089.39990234375,3895.5,3691.429931640625,819.8499755859375,6366.7001953125,10189.009765625,,4699.7001953125
2002-07-23,3088.60009765625,3858.0,3515.830078125,797.7000122070312,6161.10009765625,10215.6298828125,,4628.60009765625
2002-07-24,3017.199951171875,3777.10009765625,3632.659912109375,843.4299926757812,6382.10009765625,9947.7197265625,,4607.7998046875
2002-07-25,3042.39990234375,3965.89990234375,3520.4599609375,838.6799926757812,6278.39990234375,9929.91015625,,4906.2998046875
2002-07-26,2989.5,4016.699951171875,3579.0,852.8400268554688,6309.89990234375,9591.0302734375,,5023.60009765625
2002-07-29,3035.199951171875,4202.7001953125,3859.780029296875,898.9600219726562,6483.10009765625,9666.669921875,,5272.2998046875
2002-07-30,3083.800048828125,4180.89990234375,3878.93994140625,902.780029296875,6511.2001953125,10003.7197265625,,5215.39990234375
2002-07-31,3086.199951171875,4246.2001953125,3700.139892578125,911.6199951171875,6605.39990234375,9877.9404296875,,5196.7001953125
2002-08-01,3077.300048828125,4044.5,3606.449951171875,884.6599731445312,6550.7001953125,9793.509765625,,5095.7001953125
2002-08-02,3053.89990234375,4075.60009765625,3532.489990234375,864.239990234375,6536.5,9709.66015625,,5036.7998046875
2002-08-05,3009.199951171875,3996.39990234375,3332.64990234375,834.5999755859375,,9704.9296875,,4849.0
2002-08-06,2985.60009765625,4131.0,3568.639892578125,859.5700073242188,6519.2001953125,9501.01953125,,5127.2001953125
2002-08-07,3051.0,4094.39990234375,3465.5400390625,876.77001953125,6486.7001953125,9834.400390625,,5054.2001953125
2002-08-08,3077.10009765625,4240.5,3679.260009765625,905.4600219726562,6612.2001953125,9799.5703125,,5254.0
2002-08-09,3106.800048828125,4322.39990234375,3760.860107421875,908.6400146484375,6645.89990234375,9999.7900390625,,5324.0
2002-08-12,3103.800048828125,4221.60009765625,3647.1298828125,903.7999877929688,6571.39990234375,9747.8203125,,5244.7998046875
2002-08-13,3110.300048828125,4271.7001953125,3683.2099609375,884.2100219726562,6529.0,9688.6103515625,,5324.7998046875
2002-08-14,3096.199951171875,4171.10009765625,3589.919921875,919.6199951171875,6550.10009765625,9638.41015625,,5266.7998046875
2002-08-15,3128.0,4327.5,3665.739990234375,930.25,6557.60009765625,9795.5703125,,5424.10009765625
2002-08-16,3133.300048828125,4330.0,3684.68994140625,928.77001953125,6571.7001953125,9788.1298828125,,5401.60009765625
2002-08-19,3148.199951171875,4426.89990234375,3837.669921875,950.7000122070312,6658.10009765625,9599.099609375,,5534.7998046875
2002-08-20,3176.699951171875,4368.89990234375,3768.510009765625,937.4299926757812,6655.2998046875,9620.6904296875,,5379.5
2002-08-21,3164.300048828125,4364.7998046875,3868.169921875,949.3599853515625,6664.89990234375,9642.6103515625,,5486.39990234375
2002-08-22,3195.699951171875,4434.7001953125,3906.550048828125,962.7000122070312,6727.7998046875,9814.01953125,,5511.39990234375
2002-08-23,3184.5,4389.7998046875,3828.260009765625,940.8599853515625,6614.2998046875,9867.4501953125,,5493.2998046875
2002-08-26,3176.89990234375,,3783.840087890625,947.9500122070312,6697.89990234375,10067.740234375,,5424.2001953125
2002-08-27,3160.300048828125,4449.7001953125,3851.340087890625,934.8200073242188,6642.7998046875,9907.2998046875,,5491.0
2002-08-28,3137.699951171875,4274.0,3682.840087890625,917.8699951171875,6579.89990234375,9766.73046875,,5265.89990234375
2002-08-29,3130.800048828125,4209.2998046875,3660.949951171875,917.7999877929688,6590.0,9620.1396484375,,5129.2998046875
2002-08-30,3120.10009765625,4227.2998046875,3712.93994140625,916.0700073242188,6612.0,9619.2998046875,,5230.5
2002-09-02,3131.0,4180.89990234375,3609.409912109375,,,9521.6298828125,,5096.0
2002-09-03,3143.199951171875,4028.699951171875,3398.989990234375,878.02001953125,6453.5,9217.0400390625,,4913.89990234375
2002-09-04,3093.199951171875,4027.0,3425.89990234375,893.4000244140625,6517.7001953125,9075.08984375,,4960.0
2002-09-05,3113.5,4011.0,3354.7099609375,879.1500244140625,6484.89990234375,9222.1201171875,,4958.60009765625
2002-09-06,3089.5,4107.2001953125,3485.679931640625,893.9199829101562,6479.7998046875,9129.0703125,,5104.5
2002-09-09,3119.60009765625,4062.39990234375,3429.219970703125,902.9600219726562,6522.2001953125,9306.259765625,,5030.5
2002-09-10,3110.699951171875,4175.5,3494.68994140625,909.5800170898438,6544.2001953125,9309.3095703125,,5123.2998046875
2002-09-11,3148.0,4210.7001953125,3584.68994140625,909.4500122070312,6618.2998046875,9400.080078125,,5250.89990234375
2002-09-12,3142.10009765625,4084.89990234375,3421.8701171875,886.9099731445312,6517.0,9415.23046875,,5079.5
2002-09-13,3130.60009765625,4008.0,3361.280029296875,889.8099975585938,6495.2998046875,9241.9296875,,4959.2998046875
2002-09-16,3125.699951171875,4044.300048828125,3319.050048828125,891.0999755859375,6500.60009765625,,,4956.7001953125
2002-09-17,3156.699951171875,4025.199951171875,3289.1298828125,873.52001953125,6392.2998046875,9543.9404296875,,4909.7998046875
2002-09-18,3120.300048828125,3865.39990234375,3124.919921875,869.4600219726562,6304.7998046875,9472.0595703125,,4814.5
2002-09-19,3090.699951171875,3813.5,3007.469970703125,843.3200073242188,6188.2001953125,9669.6201171875,,4730.60009765625
2002-09-20,3073.60009765625,3860.10009765625,3065.72998046875,845.3900146484375,6202.0,9481.080078125,,4737.5
2002-09-23,3046.699951171875,3739.39990234375,2914.25,833.7000122070312,6080.10009765625,,,4561.39990234375
2002-09-24,3033.300048828125,3671.10009765625,2873.2099609375,819.2899780273438,6068.89990234375,9321.6396484375,,4566.39990234375
2002-09-25,2991.10009765625,3696.300048828125,2962.5,839.6599731445312,6165.0,9165.41015625,,4644.60009765625
2002-09-26,2988.699951171875,3850.60009765625,3020.60009765625,854.9500122070312,6179.39990234375,9320.919921875,,4899.10009765625
2002-09-27,3008.89990234375,3907.199951171875,2918.89990234375,827.3699951171875,6111.10009765625,9530.4404296875,,4909.2998046875
2002-09-30,2970.89990234375,3721.800048828125,2769.030029296875,815.280029296875,6180.39990234375,9383.2900390625,,4783.0
2002-10-01,2987.199951171875,3797.39990234375,2865.22998046875,847.9099731445312,6218.60009765625,9162.259765625,,4718.60009765625
2002-10-02,2998.199951171875,3905.300048828125,2926.739990234375,827.9099731445312,6100.7001953125,9049.330078125,,4848.7001953125
2002-10-03,2999.300048828125,3880.300048828125,2813.300048828125,818.9500122070312,6026.7998046875,8936.4296875,,4788.7001953125
2002-10-04,2991.60009765625,3813.800048828125,2714.6201171875,800.5800170898438,5935.2998046875,9027.5498046875,,4677.0
2002-10-07,2940.0,3780.89990234375,2667.389892578125,785.280029296875,5841.0,8688.0,,4566.39990234375
2002-10-08,2946.0,3730.5,2622.090087890625,798.5499877929688,5830.60009765625,8708.900390625,,4497.39990234375
2002-10-09,2912.699951171875,3742.39990234375,2597.8798828125,776.760009765625,5695.2998046875,8539.33984375,,4435.0
2002-10-10,2896.60009765625,3777.300048828125,2733.18994140625,803.9199829101562,5812.89990234375,8439.6201171875,,4533.2001953125
2002-10-11,2924.60009765625,3953.39990234375,2930.739990234375,835.3200073242188,5978.7001953125,8529.6103515625,,4769.5
2002-10-14,2959.800048828125,3931.60009765625,2850.110107421875,841.4400024414062,,,,4723.89990234375
2002-10-15,2994.89990234375,4130.2998046875,3048.27001953125,881.27001953125,6219.39990234375,8836.73046875,,4996.2998046875
2002-10-16,2993.800048828125,4057.699951171875,3008.929931640625,860.02001953125,6157.10009765625,8884.8701171875,,4925.10009765625
2002-10-17,2989.800048828125,4170.7001953125,3172.4599609375,879.2000122070312,6274.7998046875,8959.8798828125,,4993.2998046875
2002-10-18,3010.60009765625,4130.5,3163.669921875,884.3900146484375,6326.60009765625,9086.1298828125,,4967.2001953125
2002-10-21,2990.199951171875,4133.7998046875,3282.669921875,899.719970703125,6362.2998046875,8978.41015625,,4918.0
2002-10-22,3003.0,4118.89990234375,3155.969970703125,890.1599731445312,6291.7001953125,8689.3896484375,,4882.39990234375
2002-10-23,3031.89990234375,4006.89990234375,3015.419921875,896.1400146484375,6335.2001953125,8714.51953125,,4761.2998046875
2002-10-24,3023.60009765625,4103.7001953125,3090.010009765625,882.5,6336.89990234375,8614.2998046875,,4896.7001953125
2002-10-25,3009.199951171875,4051.10009765625,3102.010009765625,897.6500244140625,6405.89990234375,8726.2900390625,,4939.2001953125
2002-10-28,3035.60009765625,4090.5,3198.9599609375,890.22998046875,6419.39990234375,8757.509765625,,4901.60009765625
2002-10-29,3011.300048828125,3935.89990234375,3022.010009765625,882.1500244140625,6294.7998046875,8708.759765625,,4753.2001953125
2002-10-30,3006.199951171875,4002.699951171875,3113.590087890625,890.7100219726562,6330.39990234375,8756.58984375,,4886.0
2002-10-31,3042.89990234375,4039.699951171875,3152.85009765625,885.760009765625,6248.7998046875,8640.48046875,,4949.10009765625
2002-11-01,3010.300048828125,3997.0,3165.159912109375,900.9600219726562,6321.39990234375,8685.7197265625,,4894.0
2002-11-04,3054.800048828125,4141.5,3327.93994140625,908.3499755859375,6432.7001953125,,,5026.7998046875
2002-11-05,3050.199951171875,4146.10009765625,3351.320068359375,915.3900146484375,6399.60009765625,8937.5595703125,,5039.10009765625
2002-11-06,3075.5,4103.7001953125,3298.840087890625,923.760009765625,6437.89990234375,8953.2900390625,,5011.60009765625
2002-11-07,3038.89990234375,4081.300048828125,3155.659912109375,902.6500244140625,6384.39990234375,8920.4404296875,,4899.2001953125
2002-11-08,3008.800048828125,4034.60009765625,3079.10009765625,894.739990234375,6390.0,8690.76953125,,4845.39990234375
2002-11-11,2972.89990234375,4015.60009765625,3042.06005859375,876.1900024414062,6293.89990234375,8460.3701171875,,4791.89990234375
2002-11-12,2982.5,4085.10009765625,3115.8798828125,882.9500122070312,6329.7001953125,8464.76953125,,4855.2998046875
2002-11-13,2971.0,4029.39990234375,3066.419921875,882.530029296875,6301.7998046875,8438.51953125,,4832.2998046875
2002-11-14,2962.199951171875,4053.10009765625,3188.389892578125,904.27001953125,6370.89990234375,8303.3896484375,,4949.39990234375
2002-11-15,3004.89990234375,4091.60009765625,3191.760009765625,909.8300170898438,6457.39990234375,8503.58984375,,5027.60009765625
2002-11-18,2999.699951171875,4116.0,3218.360107421875,900.3599853515625,6485.0,8346.009765625,,5033.89990234375
2002-11-19,2989.699951171875,4096.5,3206.929931640625,896.739990234375,6423.7001953125,8365.259765625,,5000.2001953125
2002-11-20,3007.800048828125,4094.89990234375,3212.989990234375,914.1500244140625,6493.10009765625,8459.6201171875,,5034.2998046875
2002-11-21,3021.89990234375,4190.0,3304.6298828125,933.760009765625,6567.7998046875,8668.0595703125,,5134.2998046875
2002-11-22,3035.800048828125,4175.2001953125,3320.8798828125,930.5499877929688,6553.89990234375,8772.5595703125,,5160.7998046875
2002-11-25,3041.300048828125,4122.2001953125,3299.239990234375,932.8699951171875,6578.2001953125,8944.4404296875,,5151.60009765625
2002-11-26,3015.39990234375,4071.0,3191.6298828125,913.3099975585938,6477.7998046875,8823.990234375,,5092.0
2002-11-27,3005.199951171875,4144.2001953125,3346.139892578125,938.8699951171875,6604.2998046875,8875.8798828125,,5181.89990234375
2002-11-28,3043.5,4185.39990234375,3360.760009765625,,6629.39990234375,9176.7802734375,,5149.89990234375
2002-11-29,3061.39990234375,4169.39990234375,3320.320068359375,936.3099975585938,6570.39990234375,9215.5595703125,,5117.5
2002-12-02,3083.800048828125,4154.2998046875,3380.199951171875,934.530029296875,6665.2998046875,9174.4697265625,,5150.5
2002-12-03,3072.60009765625,4075.39990234375,3280.489990234375,920.75,6640.60009765625,9205.1103515625,,5004.0
2002-12-04,3027.199951171875,4048.60009765625,3320.75,917.5800170898438,6610.39990234375,9006.73046875,,5010.39990234375
2002-12-05,3040.5,4032.39990234375,3224.739990234375,906.5499877929688,6542.0,8917.5703125,,4950.7001953125
2002-12-06,3027.300048828125,4013.5,3207.530029296875,912.22998046875,6577.2001953125,8863.259765625,,4934.7998046875
2002-12-09,3023.5,3933.89990234375,3065.570068359375,892.0,6504.10009765625,8828.0498046875,,4863.0
2002-12-10,2990.800048828125,3925.0,3167.989990234375,904.4500122070312,6597.2001953125,8804.51953125,,4909.2998046875
2002-12-11,2969.699951171875,3974.89990234375,3196.050048828125,904.9600219726562,6587.2998046875,8727.66015625,,4905.7998046875
2002-12-12,2987.800048828125,3935.300048828125,3111.8798828125,901.5800170898438,6637.10009765625,8708.6904296875,,4880.0
2002-12-13,2971.300048828125,3878.10009765625,3077.06005859375,889.47998046875,6664.2998046875,8516.0703125,,4847.7001953125
2002-12-16,2949.89990234375,3984.0,3205.2900390625,910.4000244140625,6724.39990234375,8450.9404296875,,4940.10009765625
2002-12-17,2986.699951171875,3908.699951171875,3139.969970703125,902.989990234375,6621.5,8510.73046875,,4902.2998046875
2002-12-18,2986.5,3835.199951171875,3022.68994140625,891.1199951171875,6560.89990234375,8344.009765625,,4804.60009765625
2002-12-19,2989.10009765625,3841.39990234375,2961.409912109375,884.25,6537.0,8387.5703125,,4781.60009765625
2002-12-20,3011.39990234375,3889.89990234375,3024.219970703125,895.760009765625,6560.60009765625,8406.8798828125,,4774.60009765625
2002-12-23,3033.5,3936.89990234375,3000.840087890625,897.3800048828125,6628.2998046875,,,4731.2998046875
2002-12-24,3032.800048828125,3942.10009765625,,892.469970703125,6609.10009765625,8512.3701171875,,
2002-12-25,,,,,,8501.1396484375,,
2002-12-26,,,,889.6599731445312,,8700.099609375,,
2002-12-27,3027.199951171875,3829.39990234375,2840.0,875.4000244140625,6595.7998046875,8714.0498046875,,4573.89990234375
2002-12-30,2992.699951171875,3900.60009765625,2892.6298828125,879.3900146484375,6617.60009765625,8578.9501953125,,4630.7998046875
2002-12-31,3007.10009765625,3940.39990234375,,879.8200073242188,6614.5,,,
2003-01-02,3027.60009765625,4009.5,3105.0400390625,909.030029296875,6740.10009765625,,,
2003-01-03,3055.5,4005.0,3092.93994140625,908.5900268554688,6772.7001953125,,1954.9599609375,4899.5
2003-01-06,3075.39990234375,4001.39990234375,3157.25,929.010009765625,6837.2998046875,8713.330078125,1981.0999755859375,4916.2001953125
2003-01-07,3074.5,3957.39990234375,3112.77001953125,922.9299926757812,6802.7998046875,8656.5,1992.4200439453125,4887.0
2003-01-08,3074.699951171875,3924.800048828125,2993.0,909.9299926757812,6723.10009765625,8517.7998046875,1987.989990234375,4882.2998046875
2003-01-09,3064.89990234375,3934.0,3037.679931640625,927.5700073242188,6772.2001953125,8497.9296875,1984.449951171875,4857.89990234375
2003-01-10,3063.5,3974.10009765625,3037.330078125,927.5700073242188,6801.7998046875,8470.4501953125,1998.9100341796875,4854.2001953125
2003-01-13,3069.39990234375,3948.300048828125,3060.64990234375,926.260009765625,6809.89990234375,,2006.1400146484375,4887.7998046875
2003-01-14,3075.800048828125,3945.60009765625,3098.719970703125,931.6599731445312,6811.0,8553.0595703125,2003.550048828125,4965.2998046875
2003-01-15,3077.0,3887.800048828125,3049.39990234375,918.219970703125,6801.39990234375,8611.75,2014.8299560546875,4860.0
2003-01-16,3056.300048828125,3881.800048828125,3054.110107421875,914.5999755859375,6827.0,8609.169921875,2008.9300537109375,4829.2001953125
2003-01-17,3051.699951171875,3820.60009765625,2918.820068359375,901.780029296875,6755.89990234375,8690.25,2004.4100341796875,4753.60009765625
2003-01-20,3055.800048828125,3778.60009765625,2893.550048828125,,6740.39990234375,8558.8203125,1985.989990234375,4679.7001953125
2003-01-21,3051.5,3736.699951171875,2870.570068359375,887.6199951171875,6690.7998046875,8708.580078125,1979.780029296875,4650.60009765625
2003-01-22,3025.89990234375,3678.0,2803.25,878.3599853515625,6721.2998046875,8611.0400390625,1973.6099853515625,4520.2001953125
2003-01-23,3024.0,3622.199951171875,2811.219970703125,887.3400268554688,6737.39990234375,8790.919921875,1981.56005859375,4528.2998046875
2003-01-24,3026.199951171875,3603.699951171875,2717.820068359375,861.4000244140625,6664.89990234375,8731.650390625,1989.27001953125,4477.39990234375
2003-01-27,,3480.800048828125,2643.800048828125,847.47998046875,6556.5,8609.4697265625,1984.719970703125,4314.5
2003-01-28,2964.39990234375,3490.0,2671.360107421875,858.5399780273438,6570.10009765625,8525.3896484375,1973.510009765625,4303.5
2003-01-29,2951.699951171875,3483.800048828125,2706.570068359375,864.3599853515625,6573.2001953125,8331.080078125,1975.6700439453125,4332.2001953125
2003-01-30,2964.199951171875,3578.699951171875,2693.780029296875,844.6099853515625,6546.2998046875,8316.8095703125,1962.8199462890625,4409.0
2003-01-31,2956.89990234375,3567.39990234375,2747.830078125,855.7000122070312,6569.5,8339.9404296875,1953.219970703125,4422.5
2003-02-03,2942.60009765625,3689.39990234375,2751.989990234375,860.3200073242188,6593.7001953125,8500.7900390625,1958.449951171875,4471.89990234375
2003-02-04,2946.60009765625,3590.10009765625,2632.97998046875,848.2000122070312,6544.89990234375,8484.900390625,1975.5799560546875,4354.2998046875
2003-02-05,2918.699951171875,3678.699951171875,2725.8798828125,843.5900268554688,6521.0,8549.849609375,1949.5699462890625,4385.0
2003-02-06,2886.199951171875,3597.0,2649.0,838.1500244140625,6489.2998046875,8484.1904296875,,4257.2998046875
2003-02-07,2906.0,3599.199951171875,2569.340087890625,829.6900024414062,6477.7001953125,8448.16015625,1927.8800048828125,4222.7998046875
2003-02-10,2890.199951171875,3579.10009765625,2586.090087890625,835.969970703125,6444.10009765625,8484.9296875,1946.5999755859375,4155.0
2003-02-11,2879.0,3669.199951171875,2627.0,829.2000122070312,6474.0,,1958.6199951171875,4254.39990234375
2003-02-12,2884.5,3616.10009765625,2571.25,818.6799926757812,6452.5,8664.169921875,1937.5400390625,4152.2001953125
2003-02-13,2835.39990234375,3610.800048828125,2555.27001953125,817.3699951171875,6453.10009765625,8599.66015625,1923.050048828125,4159.2998046875
2003-02-14,2817.199951171875,3611.89990234375,2674.4599609375,834.8900146484375,6487.10009765625,8701.919921875,1920.9300537109375,4273.0
2003-02-17,2844.10009765625,3692.39990234375,2708.969970703125,,6564.10009765625,8771.8896484375,1946.9200439453125,4379.39990234375
2003-02-18,2844.699951171875,3729.5,2740.139892578125,851.1699829101562,6592.60009765625,8692.9697265625,1947.030029296875,4325.39990234375
2003-02-19,2864.699951171875,3658.300048828125,2624.64990234375,845.1300048828125,6559.7001953125,8678.4404296875,1952.27001953125,4210.89990234375
2003-02-20,2819.10009765625,3687.300048828125,2591.260009765625,837.0999755859375,6566.10009765625,8650.919921875,1936.0899658203125,4214.0
2003-02-21,2820.199951171875,3727.10009765625,2648.8701171875,848.1699829101562,6558.60009765625,8513.5400390625,1916.2900390625,4228.7001953125
2003-02-24,2855.89990234375,3701.800048828125,2571.35009765625,832.5800170898438,6502.2998046875,8564.9501953125,1902.8699951171875,4181.2998046875
2003-02-25,2799.0,3621.5,2485.5,838.5700073242188,6503.5,8360.490234375,1869.719970703125,4095.800048828125
2003-02-26,2826.89990234375,3593.300048828125,2450.199951171875,827.5499877929688,6508.2998046875,8356.8095703125,1873.9300537109375,4052.0
2003-02-27,2796.199951171875,3569.89990234375,2513.219970703125,837.280029296875,6582.2001953125,8359.3798828125,1875.449951171875,4083.699951171875
2003-02-28,2800.89990234375,3655.60009765625,2547.050048828125,841.1500244140625,6555.10009765625,8363.0400390625,1880.8499755859375,4148.2001953125
2003-03-03,2816.800048828125,3684.699951171875,2549.64990234375,834.8099975585938,6472.5,8490.400390625,1886.1199951171875,4187.2001953125
2003-03-04,2813.10009765625,3625.300048828125,2501.030029296875,821.989990234375,6422.2998046875,8480.2197265625,1901.3900146484375,4046.0
2003-03-05,2776.0,3563.5,2498.02001953125,829.8499755859375,6389.89990234375,8472.6201171875,1910.3299560546875,3966.199951171875
2003-03-06,2776.0,3555.39990234375,2437.510009765625,822.0999755859375,6328.60009765625,8369.150390625,1909.9599609375,3962.60009765625
2003-03-07,2744.0,3491.60009765625,2431.659912109375,828.8900146484375,6359.89990234375,8144.1201171875,1902.489990234375,3880.300048828125
2003-03-10,2741.39990234375,3436.10009765625,2329.0400390625,807.47998046875,6277.7001953125,8042.259765625,1907.52001953125,3732.10009765625
2003-03-11,2723.199951171875,3452.699951171875,2305.300048828125,800.72998046875,6290.7001953125,7862.43017578125,1901.8599853515625,3718.89990234375
2003-03-12,2718.39990234375,3287.0,2202.9599609375,804.1900024414062,6228.60009765625,7943.0400390625,1893.5799560546875,3675.39990234375
2003-03-13,2700.39990234375,3486.89990234375,2354.31005859375,831.9000244140625,6295.39990234375,7868.56005859375,1872.949951171875,3793.300048828125
2003-03-14,2753.10009765625,3601.800048828125,2403.18994140625,833.27001953125,6304.5,8002.68994140625,1898.449951171875,4015.39990234375
2003-03-17,2739.10009765625,3722.300048828125,2487.1201171875,862.7899780273438,6406.60009765625,7871.64013671875,1888.7900390625,4130.5
2003-03-18,2835.10009765625,3747.300048828125,2584.610107421875,866.4500122070312,6438.60009765625,7954.4599609375,1912.02001953125,4165.7998046875
2003-03-19,2846.699951171875,3765.39990234375,2615.219970703125,874.02001953125,6453.5,8051.0400390625,1895.8599853515625,4261.7998046875
2003-03-20,2866.10009765625,3765.699951171875,2604.85009765625,875.6699829101562,6475.60009765625,8195.0498046875,1902.0699462890625,4285.2001953125
2003-03-21,2866.699951171875,3861.10009765625,2715.06005859375,895.7899780273438,6535.89990234375,,1908.030029296875,4453.2998046875
2003-03-24,2858.5,3743.300048828125,2548.3701171875,864.22998046875,6364.0,8435.0703125,1916.43994140625,4230.7001953125
2003-03-25,2854.39990234375,3762.0,2636.10009765625,874.739990234375,6385.0,8238.759765625,1905.4100341796875,4263.60009765625
2003-03-26,2892.10009765625,3793.10009765625,2579.330078125,869.9500122070312,6357.0,8351.919921875,1908.1600341796875,4247.10009765625
2003-03-27,2892.5,3729.10009765625,2584.050048828125,868.52001953125,6353.39990234375,8368.669921875,1914.0799560546875,4194.5
2003-03-28,2897.699951171875,3708.5,2520.840087890625,863.5,6379.5,8280.16015625,1919.22998046875,4207.60009765625
2003-03-31,2885.199951171875,3613.300048828125,2423.8701171875,848.1799926757812,6343.2998046875,7972.7099609375,1931.6099853515625,4085.60009765625
2003-04-01,2882.199951171875,3684.800048828125,2450.18994140625,858.47998046875,6335.10009765625,7986.72021484375,1924.77001953125,4135.5
2003-04-02,2882.300048828125,3753.39990234375,2589.35009765625,880.9000244140625,6411.2001953125,8069.85009765625,1933.5999755859375,4272.10009765625
2003-04-03,2908.60009765625,3771.10009765625,2569.81005859375,876.4500122070312,6396.60009765625,8017.75,1931.6099853515625,4327.2001953125
2003-04-04,2933.5,3814.39990234375,2654.070068359375,878.8499755859375,6395.0,8074.1201171875,1945.97998046875,4386.2001953125
2003-04-07,2979.39990234375,3935.800048828125,2808.93994140625,879.9299926757812,6434.2998046875,8249.98046875,1975.5899658203125,4490.7001953125
2003-04-08,2978.800048828125,3868.800048828125,2767.7900390625,878.2899780273438,6438.7001953125,8131.41015625,1972.06005859375,4465.0
2003-04-09,2950.5,3861.39990234375,2734.10009765625,865.989990234375,6414.5,8057.60986328125,1974.530029296875,4472.7998046875
2003-04-10,2945.10009765625,3803.300048828125,2697.10009765625,871.5800170898438,6418.5,7980.1201171875,1947.300048828125,4374.2001953125
2003-04-11,2949.0,3808.10009765625,2733.949951171875,868.2999877929688,6432.10009765625,7816.490234375,1959.8299560546875,4448.10009765625
2003-04-14,2940.89990234375,3849.39990234375,2776.780029296875,885.22998046875,6462.39990234375,7752.10009765625,1981.719970703125,4493.39990234375
2003-04-15,2968.800048828125,3916.89990234375,2834.1201171875,890.8099975585938,6488.2001953125,7838.830078125,2006.1199951171875,4605.2998046875
2003-04-16,2979.800048828125,3854.89990234375,2824.679931640625,879.9099731445312,6481.39990234375,7879.490234375,1981.4200439453125,4556.7001953125
2003-04-17,2953.199951171875,3889.199951171875,2899.780029296875,893.5800170898438,6525.7001953125,7821.89990234375,1970.3299560546875,4523.7001953125
2003-04-18,,,,,,7874.509765625,,
2003-04-21,,,,892.010009765625,6570.7998046875,7969.080078125,,
2003-04-22,2980.39990234375,3917.699951171875,2960.9599609375,911.3699951171875,6582.89990234375,7790.4599609375,1964.43994140625,4531.2998046875
2003-04-23,3005.0,3966.5,2974.39990234375,919.02001953125,6616.89990234375,7793.3798828125,1978.8900146484375,4586.89990234375
2003-04-24,3001.89990234375,3899.0,2891.6201171875,911.4299926757812,6561.60009765625,7854.56982421875,1994.3599853515625,4519.10009765625
2003-04-25,,3870.199951171875,2838.22998046875,898.8099975585938,6521.7001953125,7699.5,,4475.89990234375
2003-04-28,2974.5,3940.300048828125,2953.919921875,914.8400268554688,6548.7001953125,7607.8798828125,1973.6300048828125,4556.5
2003-04-29,3011.199951171875,3927.800048828125,2908.9599609375,917.8400268554688,6545.39990234375,,1993.0400390625,4510.2998046875
2003-04-30,3007.5,3926.0,2942.0400390625,916.9199829101562,6586.10009765625,7831.419921875,2013.31005859375,4542.7001953125
2003-05-01,3003.60009765625,3880.10009765625,,916.2999877929688,6569.2998046875,7863.2900390625,1999.43994140625,
2003-05-02,2975.39990234375,3952.60009765625,2986.0,930.0800170898438,6618.10009765625,7907.18994140625,1955.449951171875,4516.2998046875
2003-05-05,2977.39990234375,,3013.0400390625,926.5499877929688,6659.7001953125,,1960.4200439453125,4579.60009765625
2003-05-06,2968.0,4006.39990234375,3066.949951171875,934.3900146484375,6693.7001953125,8083.56005859375,1977.8699951171875,4640.5
2003-05-07,2975.699951171875,3992.89990234375,3005.639892578125,929.6199951171875,6650.60009765625,8109.77001953125,1978.06005859375,4630.5
2003-05-08,2956.199951171875,3928.89990234375,2886.080078125,920.27001953125,6620.7998046875,8031.5498046875,1977.8599853515625,4521.10009765625
2003-05-09,2956.0,3969.39990234375,2956.590087890625,933.4099731445312,6650.0,8152.16015625,1979.4300537109375,4510.5
2003-05-12,2976.10009765625,3987.39990234375,2937.260009765625,945.1099853515625,6717.5,8221.1201171875,2000.4100341796875,4479.7001953125
2003-05-13,2981.39990234375,3999.89990234375,2909.949951171875,942.2999877929688,6702.89990234375,8190.259765625,2009.77001953125,4538.60009765625
2003-05-14,2970.800048828125,3975.0,2926.030029296875,939.280029296875,6742.39990234375,8244.91015625,2017.280029296875,4546.60009765625
2003-05-15,2958.39990234375,4011.10009765625,2989.3798828125,946.6699829101562,6758.39990234375,8123.39990234375,2019.010009765625,4560.60009765625
2003-05-16,2951.300048828125,4049.0,2989.080078125,944.2999877929688,6742.0,8117.2900390625,2020.0999755859375,4594.7998046875
2003-05-19,2948.60009765625,3941.300048828125,2850.679931640625,920.77001953125,,8039.1298828125,2009.6300048828125,4489.39990234375
2003-05-20,2935.699951171875,3971.60009765625,2838.929931640625,919.72998046875,6732.10009765625,8059.47998046875,2009.6099853515625,4514.39990234375
2003-05-21,2942.800048828125,3936.39990234375,2827.25,923.4199829101562,6726.39990234375,8018.509765625,2013.219970703125,4450.60009765625
2003-05-22,2965.60009765625,3990.5,2865.2099609375,931.8699951171875,6779.2998046875,8051.66015625,2033.1199951171875,4570.7001953125
2003-05-23,2997.699951171875,3979.800048828125,2822.830078125,933.219970703125,6782.89990234375,8184.759765625,2044.77001953125,4574.0
2003-05-26,2997.60009765625,,2828.280029296875,,6784.89990234375,8227.3203125,2048.010009765625,4537.7998046875
2003-05-27,2982.89990234375,3992.39990234375,2873.60009765625,951.47998046875,6840.2001953125,8120.240234375,2058.659912109375,4566.7998046875
2003-05-28,3008.699951171875,4071.89990234375,2919.5400390625,953.219970703125,6836.2001953125,8234.1796875,2064.52001953125,4664.7998046875
2003-05-29,3016.0,4083.60009765625,2906.7099609375,949.6400146484375,6836.60009765625,8375.3603515625,2084.760009765625,
2003-05-30,3011.0,4048.10009765625,2982.679931640625,963.5900268554688,6859.7998046875,8424.509765625,2087.06005859375,4630.7998046875
2003-06-02,3038.39990234375,4129.2998046875,3064.56005859375,967.0,6940.2001953125,8547.169921875,,4754.7998046875
2003-06-03,3026.800048828125,4115.7001953125,3026.820068359375,971.5599975585938,6931.2998046875,8564.490234375,2089.6298828125,4713.10009765625
2003-06-04,3032.699951171875,4126.60009765625,3080.02001953125,986.239990234375,7001.2998046875,8557.8603515625,2083.320068359375,4748.5
2003-06-05,3040.300048828125,4104.2998046875,3039.760009765625,990.1400146484375,7034.89990234375,8657.23046875,2101.77001953125,4706.60009765625
2003-06-06,3048.89990234375,4150.7998046875,3127.4599609375,987.760009765625,7046.89990234375,8785.8701171875,2108.919921875,4786.7001953125
2003-06-09,,4129.10009765625,3094.760009765625,975.9299926757812,6972.39990234375,8822.73046875,2109.39990234375,
2003-06-10,3055.199951171875,4113.0,3140.340087890625,984.8400268554688,7042.7001953125,8789.08984375,2112.080078125,4788.89990234375
2003-06-11,3070.300048828125,4150.2001953125,3178.14990234375,997.47998046875,7100.7998046875,8890.2998046875,2105.8701171875,4840.2998046875
2003-06-12,3084.800048828125,4161.2998046875,3219.469970703125,998.510009765625,7106.89990234375,8918.599609375,2113.2900390625,4880.2001953125
2003-06-13,3087.60009765625,4134.10009765625,3168.7099609375,988.6099853515625,7010.60009765625,8980.6396484375,2121.489990234375,4795.10009765625
2003-06-16,3090.10009765625,4152.89990234375,3264.5,1010.739990234375,7099.2998046875,8839.830078125,2140.510009765625,4900.39990234375
2003-06-17,3112.300048828125,4190.39990234375,3286.47998046875,1011.6599731445312,7121.0,9033.0,2167.14990234375,4950.7998046875
2003-06-18,3090.199951171875,4207.0,3304.14990234375,1010.0900268554688,7103.5,9092.9697265625,2169.72998046875,4992.5
2003-06-19,3104.0,4131.5,3247.110107421875,994.7000122070312,7078.5,9110.509765625,2180.3798828125,4918.7001953125
2003-06-20,3089.5,4160.10009765625,3238.97998046875,995.6900024414062,7070.89990234375,9120.3896484375,2188.300048828125,4936.7998046875
2003-06-23,3092.10009765625,4087.89990234375,3186.389892578125,981.6400146484375,7014.7001953125,9137.1396484375,2184.89990234375,4825.89990234375
2003-06-24,3068.800048828125,4060.89990234375,3217.340087890625,983.4500122070312,6988.89990234375,8919.259765625,2167.9599609375,4829.0
2003-06-25,3065.699951171875,4067.89990234375,3198.820068359375,975.3200073242188,6970.60009765625,8932.259765625,2169.840087890625,4832.10009765625
2003-06-26,3028.300048828125,4041.699951171875,3241.219970703125,985.8200073242188,6991.39990234375,8923.41015625,2165.419921875,4847.7998046875
2003-06-27,3048.800048828125,4067.800048828125,3224.659912109375,976.219970703125,6979.10009765625,9104.0595703125,2172.469970703125,4847.89990234375
2003-06-30,3026.89990234375,4031.199951171875,3220.580078125,974.5,6983.10009765625,9083.1103515625,2212.52001953125,4813.7001953125
2003-07-01,3038.60009765625,3963.89990234375,3146.550048828125,982.3200073242188,,9278.490234375,2186.2099609375,4700.7998046875
2003-07-02,3031.89990234375,4006.89990234375,3241.0400390625,993.75,6990.2998046875,9592.240234375,2196.070068359375,4789.7998046875
2003-07-03,3044.800048828125,4024.800048828125,3241.919921875,985.7000122070312,6999.7998046875,9624.7998046875,2192.340087890625,4826.0
2003-07-04,3028.39990234375,4021.5,3239.610107421875,,7001.89990234375,9547.73046875,2181.530029296875,4828.60009765625
2003-07-07,3032.10009765625,4074.800048828125,3332.8701171875,1004.4199829101562,7068.39990234375,9795.16015625,2171.25,4933.0
2003-07-08,3035.800048828125,4073.60009765625,3344.4599609375,1007.8400268554688,7089.60009765625,9898.7197265625,2157.0400390625,4912.0
2003-07-09,3029.10009765625,4054.699951171875,3322.429931640625,1002.2100219726562,7117.2998046875,9990.9501953125,2131.81005859375,4869.0
2003-07-10,3042.800048828125,4028.800048828125,3269.840087890625,988.7000122070312,7071.5,9955.6201171875,2129.2099609375,4859.2001953125
2003-07-11,3043.800048828125,4058.10009765625,3326.510009765625,998.1400146484375,7077.60009765625,9635.349609375,2131.669921875,4914.0
2003-07-14,3074.0,4127.60009765625,3396.070068359375,1003.8599853515625,7116.0,9755.6298828125,2135.2900390625,4982.5
2003-07-15,3081.89990234375,4102.5,3384.68994140625,1000.4199829101562,7116.10009765625,9751.0,2131.840087890625,4957.5
2003-07-16,3095.300048828125,4077.10009765625,3387.639892578125,994.0900268554688,7082.0,9735.9697265625,2104.280029296875,4940.10009765625
2003-07-17,3088.0,4056.60009765625,3330.679931640625,981.72998046875,7069.39990234375,9498.8603515625,2104.989990234375,4906.2001953125
2003-07-18,3083.60009765625,4073.199951171875,3366.7099609375,993.3200073242188,7114.7001953125,9527.73046875,2110.3701171875,4910.2001953125
2003-07-21,3089.0,4044.300048828125,3287.0,978.7999877929688,7136.0,,2137.06005859375,4879.2001953125
2003-07-22,3066.5,4079.800048828125,3318.14990234375,988.1099853515625,7185.2001953125,9485.9697265625,2130.39990234375,4871.2998046875
2003-07-23,3085.5,4086.5,3304.47998046875,988.6099853515625,7231.2998046875,9615.33984375,2149.929931640625,4903.7001953125
2003-07-24,3090.699951171875,4149.60009765625,3374.820068359375,981.5999755859375,7251.39990234375,9671.0,2163.25,4970.60009765625
2003-07-25,3098.60009765625,4131.2001953125,3356.889892578125,998.6799926757812,7262.60009765625,9648.009765625,2169.47998046875,4946.0
2003-07-28,3119.39990234375,4148.7998046875,3417.77001953125,996.52001953125,7284.5,9839.91015625,2172.1201171875,5006.0
2003-07-29,3107.800048828125,4137.0,3428.1201171875,989.280029296875,7227.39990234375,9834.3095703125,2157.860107421875,4992.60009765625
2003-07-30,3091.199951171875,4141.2001953125,3429.030029296875,987.489990234375,7205.0,9632.66015625,2146.97998046875,5043.60009765625
2003-07-31,3122.300048828125,4157.0,3487.860107421875,990.3099975585938,7257.89990234375,9563.2099609375,2146.35009765625,5079.10009765625
2003-08-01,3140.300048828125,4098.39990234375,3438.889892578125,980.1500244140625,7218.60009765625,9611.669921875,2157.840087890625,5044.7998046875
2003-08-04,3128.89990234375,4100.10009765625,3405.31005859375,982.8200073242188,,9452.7900390625,2159.409912109375,4990.0
2003-08-05,3137.39990234375,4121.0,3438.360107421875,965.4600219726562,7189.5,9382.580078125,2176.8798828125,5046.10009765625
2003-08-06,3133.5,4070.39990234375,3375.659912109375,967.0800170898438,7139.10009765625,9323.91015625,2180.590087890625,4997.7998046875
2003-08-07,3138.60009765625,4095.60009765625,3331.889892578125,974.1199951171875,7180.2998046875,9265.5595703125,2178.5,4985.5
2003-08-08,3149.39990234375,4147.7998046875,3332.239990234375,977.5900268554688,7252.0,9327.5302734375,2202.25,5004.7001953125
2003-08-11,3145.800048828125,4176.7001953125,3339.580078125,980.5900268554688,7317.7998046875,9487.7998046875,2207.030029296875,5003.0
2003-08-12,3142.699951171875,4185.60009765625,3381.7099609375,990.3499755859375,7354.0,9564.8095703125,2203.39990234375,5049.60009765625
2003-08-13,3158.10009765625,4180.7001953125,3398.889892578125,984.030029296875,7372.2998046875,9752.75,2217.52001953125,5030.39990234375
2003-08-14,3150.39990234375,4237.7998046875,3452.699951171875,990.510009765625,7393.7998046875,9913.4697265625,2204.72998046875,5071.39990234375
2003-08-15,3148.0,4247.2998046875,3443.929931640625,990.6699829101562,7390.60009765625,9863.4697265625,2190.280029296875,5137.0
2003-08-18,3164.5,4272.10009765625,3507.22998046875,999.739990234375,7411.2998046875,10032.9697265625,2208.929931640625,5167.39990234375
2003-08-19,3169.300048828125,4250.7998046875,3504.530029296875,1002.3499755859375,7474.89990234375,10174.099609375,2217.550048828125,5186.2001953125
2003-08-20,3171.5,4217.39990234375,3501.22998046875,1000.2999877929688,7491.10009765625,10292.0595703125,2196.64990234375,5153.7001953125
2003-08-21,3174.89990234375,4223.5,3565.469970703125,1003.27001953125,7516.5,10362.6904296875,2178.090087890625,5207.7998046875
2003-08-22,3184.39990234375,4225.89990234375,3549.050048828125,993.0599975585938,7467.2001953125,10281.169921875,2174.6201171875,5250.7001953125
2003-08-25,3176.39990234375,,3500.090087890625,993.7100219726562,7441.2001953125,10276.6396484375,2171.969970703125,5172.2998046875
2003-08-26,3167.199951171875,4177.39990234375,3455.47998046875,996.72998046875,7442.7998046875,10332.5703125,2184.179931640625,5156.7001953125
2003-08-27,3179.89990234375,4206.39990234375,3483.080078125,996.7899780273438,7500.60009765625,10308.990234375,2178.1201171875,5180.0
2003-08-28,3197.0,4198.0,3492.669921875,1002.8400268554688,7517.0,10225.2197265625,2188.320068359375,5201.0
2003-08-29,3199.699951171875,4161.10009765625,3484.580078125,1008.010009765625,7510.2998046875,10343.5498046875,2214.909912109375,5124.2001953125
2003-09-01,3205.10009765625,4204.39990234375,3571.219970703125,,,10670.1796875,2208.409912109375,5217.60009765625
2003-09-02,3218.0,4204.39990234375,3567.199951171875,1021.989990234375,7566.89990234375,10690.080078125,2206.68994140625,5185.0
2003-09-03,3210.89990234375,4262.10009765625,3647.510009765625,1026.27001953125,7580.39990234375,10715.6904296875,2216.760009765625,5291.0
2003-09-04,3226.5,4248.7998046875,3668.669921875,1027.969970703125,7594.89990234375,10646.9501953125,2218.8798828125,5298.7998046875
2003-09-05,3213.800048828125,4257.2001953125,3607.7099609375,1021.3900146484375,7612.5,10650.76953125,2223.360107421875,5310.60009765625
2003-09-08,3230.300048828125,4292.10009765625,3641.530029296875,1031.6400146484375,7636.0,10683.759765625,2216.64990234375,5336.2998046875
2003-09-09,3235.300048828125,4263.89990234375,3594.39990234375,1023.1699829101562,7596.5,10922.0400390625,2218.25,5297.7998046875
2003-09-10,3216.0,4252.10009765625,3536.8701171875,1010.9199829101562,7571.10009765625,10856.3203125,2213.739990234375,5306.2001953125
2003-09-11,3193.89990234375,4242.2001953125,3566.85009765625,1016.4199829101562,7598.5,10546.330078125,2213.389892578125,5313.7998046875
2003-09-12,3192.5,4237.7998046875,3508.06005859375,1018.6300048828125,7580.10009765625,10712.8095703125,2210.239990234375,5307.7998046875
2003-09-15,3189.800048828125,4260.89990234375,3516.31005859375,1014.8099975585938,7575.2998046875,,2231.739990234375,5331.7001953125
2003-09-16,3194.300048828125,4299.0,3564.75,1029.3199462890625,7625.39990234375,10887.0302734375,2221.4599609375,5371.39990234375
2003-09-17,3217.0,4293.0,3561.030029296875,1025.969970703125,7613.60009765625,10990.1103515625,2240.02001953125,5398.89990234375
2003-09-18,3221.300048828125,4314.7001953125,3612.02001953125,1039.5799560546875,7600.60009765625,11033.3203125,2239.97998046875,5422.60009765625
2003-09-19,3218.10009765625,4257.0,3578.699951171875,1036.300048828125,7602.2001953125,10938.419921875,2260.8701171875,5387.10009765625
2003-09-22,3193.0,4228.2001953125,3456.27001953125,1022.8200073242188,7566.5,10475.099609375,2267.60009765625,5257.2001953125
2003-09-23,3180.60009765625,4221.7001953125,3411.02001953125,1029.030029296875,7644.0,,2271.489990234375,5212.39990234375
2003-09-24,3208.5,4236.39990234375,3307.340087890625,1009.3800048828125,7602.2998046875,10502.2900390625,2275.56005859375,5230.7001953125
2003-09-25,3172.800048828125,4202.2001953125,3326.27001953125,1003.27001953125,7513.39990234375,10310.0400390625,2272.7900390625,5160.60009765625
2003-09-26,3171.5,4157.10009765625,3324.85009765625,996.8499755859375,7433.10009765625,10318.4404296875,2274.2099609375,5131.2998046875
2003-09-29,3164.300048828125,4142.7001953125,3323.3798828125,1006.5800170898438,7445.60009765625,10229.5703125,2270.590087890625,5102.2998046875
2003-09-30,3169.5,4091.300048828125,3256.780029296875,995.969970703125,7421.10009765625,10219.0498046875,2280.830078125,5043.5
2003-10-01,3159.199951171875,4169.2001953125,3329.830078125,1018.219970703125,7509.7001953125,10361.240234375,2272.52001953125,5061.0
2003-10-02,3199.39990234375,4209.10009765625,3276.639892578125,1020.239990234375,7541.39990234375,10593.5302734375,2278.52001953125,5077.89990234375
2003-10-03,3203.300048828125,4274.0,3419.0,1029.8499755859375,7519.60009765625,10709.2900390625,2293.169921875,5203.10009765625
2003-10-06,3217.199951171875,4270.10009765625,3404.909912109375,1034.3499755859375,7562.89990234375,10740.1396484375,2302.2099609375,5161.5
2003-10-07,3218.699951171875,4272.0,3355.780029296875,1039.25,7561.2001953125,10820.330078125,2298.780029296875,5123.7001953125
2003-10-08,3243.10009765625,4268.60009765625,3395.330078125,1033.780029296875,7569.2998046875,10542.2001953125,2297.590087890625,5146.2001953125
2003-10-09,3251.300048828125,4313.89990234375,3481.89990234375,1038.72998046875,7604.5,10531.4404296875,2300.93994140625,5217.7998046875
2003-10-10,3260.199951171875,4311.0,3471.25,1038.06005859375,7633.60009765625,10786.0400390625,2293.35009765625,5204.5
2003-10-13,3276.39990234375,4362.2998046875,3538.389892578125,1045.3499755859375,,,2299.72998046875,5272.7998046875
2003-10-14,3282.89990234375,4334.10009765625,3538.1298828125,1049.47998046875,7749.39990234375,10966.4296875,2281.550048828125,5254.0
2003-10-15,3283.699951171875,4368.7998046875,3570.580078125,1046.760009765625,7783.2001953125,10899.9501953125,2288.9599609375,5262.5
2003-10-16,3295.10009765625,4339.7001953125,3577.719970703125,1050.0699462890625,7792.7998046875,11025.150390625,2294.820068359375,5262.89990234375
2003-10-17,3294.300048828125,4344.0,3516.669921875,1039.3199462890625,7717.5,11037.8896484375,2310.489990234375,5247.2998046875
2003-10-20,3287.699951171875,4347.60009765625,3559.330078125,1044.6800537109375,7719.89990234375,11161.7099609375,2310.9599609375,5266.60009765625
2003-10-21,3303.699951171875,4352.2998046875,3580.080078125,1046.030029296875,7768.0,11031.51953125,2312.860107421875,5257.89990234375
2003-10-22,3299.5,4285.60009765625,3490.60009765625,1030.3599853515625,7711.2001953125,10889.6201171875,2309.0,5176.60009765625
2003-10-23,3266.300048828125,4240.2001953125,3497.139892578125,1033.77001953125,7650.2001953125,10335.16015625,2293.449951171875,5123.0
2003-10-24,3256.300048828125,4239.0,3452.639892578125,1028.9100341796875,7614.39990234375,10335.7001953125,2291.60009765625,5123.7001953125
2003-10-27,3244.39990234375,4251.2998046875,3517.10009765625,1031.1300048828125,7664.2001953125,10454.1201171875,,5157.60009765625
2003-10-28,3243.5,4272.89990234375,3586.929931640625,1046.7900390625,7719.2001953125,10561.009765625,2298.080078125,5185.2001953125
2003-10-29,3263.39990234375,4265.7001953125,3615.419921875,1048.1099853515625,7730.5,10739.2197265625,2318.2099609375,5177.5
2003-10-30,3273.800048828125,4300.89990234375,3639.659912109375,1046.93994140625,7739.39990234375,10695.5595703125,2312.2900390625,5223.2001953125
2003-10-31,3272.0,4287.60009765625,3655.989990234375,1050.7099609375,7772.7001953125,10559.58984375,2306.919921875,5211.39990234375
2003-11-03,3256.5,4332.60009765625,3744.5,1059.02001953125,7843.5,,2315.179931640625,5319.60009765625
2003-11-04,3264.699951171875,4330.2998046875,3741.7099609375,1053.25,7863.7001953125,10847.9697265625,2325.820068359375,5252.10009765625
2003-11-05,3240.699951171875,4303.39990234375,3717.699951171875,1051.81005859375,7867.7001953125,10837.5400390625,2321.60009765625,5203.2001953125
2003-11-06,3241.10009765625,4324.2001953125,3733.929931640625,1058.050048828125,7870.89990234375,10552.2998046875,2309.780029296875,5235.7001953125
2003-11-07,3248.5,4376.89990234375,3782.56005859375,1053.2099609375,7860.39990234375,10628.98046875,2317.93994140625,5299.60009765625
2003-11-10,3230.10009765625,4341.7998046875,3746.239990234375,1047.1099853515625,7815.5,10504.5400390625,2312.06005859375,5242.2001953125
2003-11-11,3200.60009765625,4345.10009765625,3729.8701171875,1046.5699462890625,7772.2001953125,10207.0400390625,2333.60009765625,5260.2998046875
2003-11-12,3203.0,4371.2998046875,3748.340087890625,1058.530029296875,7797.2998046875,10226.2197265625,2321.860107421875,5270.60009765625
2003-11-13,3217.699951171875,4373.0,3765.590087890625,1058.4100341796875,7767.60009765625,10337.669921875,2324.530029296875,5325.89990234375
2003-11-14,3201.800048828125,4397.0,3797.39990234375,1050.3499755859375,7752.39990234375,10167.0595703125,2319.5400390625,5369.7998046875
2003-11-17,3174.39990234375,4338.89990234375,3674.5400390625,1043.6300048828125,7766.10009765625,9786.830078125,2323.81005859375,5274.7001953125
2003-11-18,3175.39990234375,4354.7001953125,3666.280029296875,1034.1500244140625,7737.39990234375,9897.0498046875,2333.6298828125,5249.89990234375
2003-11-19,3181.39990234375,4327.39990234375,3652.2900390625,1042.43994140625,7801.10009765625,9614.599609375,2339.8701171875,5197.60009765625
2003-11-20,3184.10009765625,4308.0,3638.0400390625,1033.6500244140625,7809.7998046875,9865.7001953125,2341.989990234375,5200.89990234375
2003-11-21,3169.10009765625,4319.0,3642.25,1035.280029296875,7783.60009765625,9852.830078125,2327.570068359375,5206.2998046875
2003-11-24,3171.5,4382.39990234375,3737.090087890625,1052.0799560546875,7850.2001953125,,2328.719970703125,5304.60009765625
2003-11-25,3192.0,4388.7998046875,3733.159912109375,1053.8900146484375,7822.2998046875,9960.2001953125,2333.1201171875,5309.10009765625
2003-11-26,3191.39990234375,4370.39990234375,3712.97998046875,1058.449951171875,7860.39990234375,10144.830078125,2346.800048828125,5296.0
2003-11-27,3185.800048828125,4361.10009765625,3744.989990234375,,7880.5,10163.3798828125,2339.340087890625,5320.2001953125
2003-11-28,3186.39990234375,4342.60009765625,3745.949951171875,1058.199951171875,7859.39990234375,10100.5703125,2345.840087890625,5317.5
2003-12-01,3170.10009765625,4410.0,3821.199951171875,1070.1199951171875,7924.60009765625,10403.26953125,2369.14990234375,5374.89990234375
2003-12-02,3187.699951171875,4378.89990234375,3809.260009765625,1066.6199951171875,7927.60009765625,10410.150390625,2369.4599609375,5378.2001953125
2003-12-03,3215.300048828125,4392.0,3875.659912109375,1064.72998046875,7959.89990234375,10326.3896484375,2362.0,5440.7001953125
2003-12-04,3229.800048828125,4378.2001953125,3874.780029296875,1069.719970703125,7993.2998046875,10429.990234375,2366.56005859375,5427.0
2003-12-05,3229.800048828125,4367.0,3841.72998046875,1061.5,7990.2998046875,10373.4599609375,2361.590087890625,5365.10009765625
2003-12-08,3225.10009765625,4359.7998046875,3806.5400390625,1069.300048828125,7990.7998046875,10045.33984375,2366.219970703125,5360.0
2003-12-09,3218.800048828125,4379.60009765625,3846.179931640625,1060.1800537109375,7975.89990234375,10124.2802734375,2380.580078125,5392.39990234375
2003-12-10,3211.199951171875,4335.39990234375,3820.919921875,1059.050048828125,7887.10009765625,9910.5595703125,2375.989990234375,5345.10009765625
2003-12-11,3189.39990234375,4331.2998046875,3858.85009765625,1071.2099609375,7956.2001953125,10075.1396484375,2374.320068359375,5403.10009765625
2003-12-12,3212.699951171875,4347.60009765625,3860.1298828125,1074.1400146484375,7979.2001953125,10169.66015625,2384.510009765625,5397.60009765625
2003-12-15,3247.60009765625,4348.0,3875.469970703125,1068.0400390625,7932.10009765625,10490.76953125,2406.93994140625,5427.10009765625
2003-12-16,3215.199951171875,4333.0,3865.97998046875,1075.1300048828125,7987.2998046875,10271.599609375,2393.169921875,5383.2998046875
2003-12-17,3231.39990234375,4354.2001953125,3847.570068359375,1076.47998046875,8040.2001953125,10092.6396484375,2387.22998046875,5356.5
2003-12-18,3224.10009765625,4397.2998046875,3870.8798828125,1089.1800537109375,8124.7001953125,10104.0,2396.6201171875,5415.7998046875
2003-12-19,3232.800048828125,4412.2998046875,3898.419921875,1088.6600341796875,8113.7998046875,10284.5400390625,2394.4599609375,5413.39990234375
2003-12-22,3255.39990234375,4424.0,3876.93994140625,1092.93994140625,8135.39990234375,10372.509765625,2406.81005859375,5387.7998046875
2003-12-23,3254.800048828125,4440.89990234375,3903.340087890625,1096.02001953125,8138.39990234375,,2417.3701171875,5417.2001953125
2003-12-24,3265.60009765625,4444.7001953125,,1094.0400390625,8136.7998046875,10371.26953125,2434.139892578125,
2003-12-25,,,,,,10365.349609375,,
2003-12-26,,,,1095.8900146484375,,10417.41015625,,
2003-12-29,3281.800048828125,4457.5,3952.719970703125,1109.47998046875,8260.5,10500.6201171875,2434.0,5445.2001953125
2003-12-30,3295.10009765625,4470.39990234375,3965.159912109375,1109.6400146484375,8213.7998046875,10676.6396484375,2441.93994140625,5487.7998046875
2003-12-31,3299.800048828125,4476.89990234375,,1111.9200439453125,8220.900390625,,2450.340087890625,
2004-01-02,3300.699951171875,4510.2001953125,4018.5,1108.47998046875,8293.7001953125,,,
2004-01-05,3286.0,4513.2998046875,4035.89990234375,1122.219970703125,8381.7001953125,10825.169921875,2453.02001953125,5582.7001953125
2004-01-06,3317.5,4505.2001953125,4035.43994140625,1123.6700439453125,8405.099609375,10813.990234375,2472.8798828125,5596.60009765625
2004-01-07,3303.60009765625,4473.0,4004.39990234375,1126.3299560546875,8388.5,10757.8203125,2475.199951171875,5583.39990234375
2004-01-08,3297.89990234375,4494.2001953125,4045.429931640625,1131.9200439453125,8386.400390625,10837.650390625,2456.989990234375,5605.10009765625
2004-01-09,3301.60009765625,4466.2998046875,4016.179931640625,1121.8599853515625,8352.2001953125,10965.0498046875,2464.75,5574.7001953125
2004-01-12,3302.699951171875,4449.60009765625,3995.909912109375,1127.22998046875,8380.400390625,,2476.820068359375,5507.7001953125
2004-01-13,3295.300048828125,4440.10009765625,3996.219970703125,1121.219970703125,8380.2998046875,10849.6796875,2462.72998046875,5559.10009765625
2004-01-14,3310.89990234375,4461.39990234375,4055.2099609375,1130.52001953125,8403.7998046875,10863.0,2440.39990234375,5624.2998046875
2004-01-15,3306.5,4456.10009765625,4068.75,1132.050048828125,8423.900390625,10665.150390625,2468.8701171875,5631.0
2004-01-16,3288.800048828125,4487.89990234375,4111.64013671875,1139.8299560546875,8522.2998046875,10857.2001953125,2479.77001953125,5694.5
2004-01-19,3302.39990234375,4518.10009765625,4139.919921875,,8580.400390625,11036.330078125,2496.300048828125,5698.39990234375
2004-01-20,3308.5,4499.2998046875,4106.41015625,1138.77001953125,8623.599609375,11103.099609375,2509.179931640625,5665.5
2004-01-21,3306.5,4511.2001953125,4138.0400390625,1147.6199951171875,8621.900390625,11002.3896484375,2501.64990234375,5685.2001953125
2004-01-22,3326.60009765625,4476.7998046875,4139.85986328125,1143.93994140625,8589.099609375,11000.7001953125,2493.43994140625,5721.39990234375
2004-01-23,3334.699951171875,4460.7998046875,4151.830078125,1141.550048828125,8604.7001953125,11069.009765625,2503.25,5762.7001953125
2004-01-26,,4445.5,4128.68017578125,1155.3699951171875,8594.900390625,10972.599609375,2503.139892578125,5748.5
2004-01-27,3312.10009765625,4447.0,4134.419921875,1144.050048828125,8588.2001953125,10928.0302734375,2524.239990234375,5790.60009765625
2004-01-28,3279.60009765625,4468.10009765625,4150.240234375,1128.47998046875,8535.7001953125,10852.4697265625,2519.919921875,5803.2998046875
2004-01-29,3264.5,4411.5,4095.7099609375,1134.1099853515625,8449.400390625,10779.4404296875,2485.8798828125,5768.2001953125
2004-01-30,3272.0,4390.7001953125,4058.60009765625,1131.1300048828125,8521.400390625,10783.6103515625,2471.510009765625,5736.39990234375
2004-02-02,3274.89990234375,4381.39990234375,4071.60009765625,1135.260009765625,8639.900390625,10776.73046875,2456.1201171875,5788.2998046875
2004-02-03,3264.300048828125,4390.60009765625,4057.510009765625,1136.030029296875,8660.7001953125,10641.919921875,2448.75,5735.0
2004-02-04,3265.60009765625,4398.5,4028.3701171875,1126.52001953125,8538.099609375,10447.25,2432.550048828125,5775.60009765625
2004-02-05,3262.0,4384.39990234375,4014.7900390625,1128.5899658203125,8548.400390625,10464.599609375,2431.3798828125,5758.2001953125
2004-02-06,3272.199951171875,4402.7001953125,4044.989990234375,1142.760009765625,8638.599609375,10460.919921875,,5810.89990234375
2004-02-09,3287.10009765625,4434.39990234375,4098.97021484375,1139.81005859375,8695.2001953125,10402.6103515625,2453.639892578125,5869.7998046875
2004-02-10,3286.300048828125,4405.0,4110.7998046875,1145.5400390625,8751.5,10365.400390625,2457.72998046875,5880.0
2004-02-11,3300.699951171875,4396.10009765625,4122.16015625,1157.760009765625,8767.7001953125,,2439.050048828125,5882.10009765625
2004-02-12,3326.0,4377.7001953125,4121.64990234375,1152.1099853515625,8725.0,10459.259765625,2429.070068359375,5846.7001953125
2004-02-13,3333.699951171875,4412.0,4057.050048828125,1145.81005859375,8694.5,10557.6904296875,2441.8798828125,5849.10009765625
2004-02-16,3320.199951171875,4408.10009765625,4070.4599609375,,8747.5,10548.7197265625,2431.050048828125,5858.2001953125
2004-02-17,3328.800048828125,4461.5,4095.860107421875,1156.989990234375,8767.099609375,10701.1298828125,2418.56005859375,5871.7001953125
2004-02-18,3348.10009765625,4442.89990234375,4095.340087890625,1151.8199462890625,8717.7998046875,10676.8095703125,2434.7900390625,5828.7998046875
2004-02-19,3351.10009765625,4515.60009765625,4141.52978515625,1147.06005859375,8699.099609375,10753.7998046875,2434.25,5874.60009765625
2004-02-20,3344.10009765625,4515.0,4073.35009765625,1144.1099853515625,8641.900390625,10720.6904296875,2426.830078125,5856.5
2004-02-23,3339.199951171875,4524.2998046875,4068.7099609375,1140.989990234375,8609.599609375,10868.9599609375,2422.159912109375,5880.2001953125
2004-02-24,3328.89990234375,4496.7998046875,3991.419921875,1139.0899658203125,8605.0,10644.1298828125,2420.929931640625,5801.7998046875
2004-02-25,3332.699951171875,4507.60009765625,3995.340087890625,1143.6700439453125,8637.2998046875,10658.73046875,2431.820068359375,5811.5
2004-02-26,3346.800048828125,4515.89990234375,4007.81005859375,1144.9100341796875,8737.7998046875,10815.2900390625,2436.530029296875,5797.39990234375
2004-02-27,3360.60009765625,4492.2001953125,4018.159912109375,1144.93994140625,8788.5,11041.919921875,2440.47998046875,5798.39990234375
2004-03-01,3381.39990234375,4537.0,4054.429931640625,1155.969970703125,8874.7001953125,11271.1201171875,2441.75,5830.7001953125
2004-03-02,3390.39990234375,4540.10009765625,4100.33984375,1149.0999755859375,8808.0,11361.509765625,2450.659912109375,5896.2998046875
2004-03-03,3388.5,4525.10009765625,4071.699951171875,1151.030029296875,8795.7001953125,11351.919921875,2463.139892578125,5872.2001953125
2004-03-04,3389.0,4559.10009765625,4133.77978515625,1154.8699951171875,8773.2998046875,11401.7900390625,2473.179931640625,5934.39990234375
2004-03-05,3407.5,4547.10009765625,4126.14013671875,1156.8599853515625,8845.0,11537.2900390625,2473.199951171875,5895.7998046875
2004-03-08,3420.0,4553.7998046875,4145.990234375,1147.199951171875,8801.2001953125,11502.8603515625,2478.1298828125,5884.5
2004-03-09,3424.89990234375,4542.0,4087.550048828125,1140.5799560546875,8750.2998046875,11532.0400390625,2494.580078125,5858.7998046875
2004-03-10,3414.0,4545.2998046875,4044.699951171875,1123.8900146484375,8585.400390625,11433.240234375,2489.35009765625,5877.10009765625
2004-03-11,3413.60009765625,4445.2001953125,3904.949951171875,1106.780029296875,8503.900390625,11297.0400390625,2512.1201171875,5706.7001953125
2004-03-12,3402.300048828125,4467.39990234375,3915.3798828125,1120.5699462890625,8592.0,11162.75,2514.580078125,5700.5
2004-03-15,3411.5,4412.89990234375,3810.760009765625,1104.489990234375,8434.400390625,11317.900390625,2504.2099609375,5620.2998046875
2004-03-16,3414.60009765625,4428.89990234375,3822.3701171875,1110.699951171875,8503.2998046875,11242.2900390625,2502.31005859375,5646.2001953125
2004-03-17,3438.39990234375,4456.7998046875,3896.7900390625,1123.75,8601.7001953125,11436.8603515625,2510.300048828125,5692.2001953125
2004-03-18,3429.39990234375,4397.89990234375,3827.429931640625,1122.3199462890625,8555.900390625,11484.2802734375,2508.5,5609.5
2004-03-19,3435.300048828125,4417.7001953125,3819.14990234375,1109.780029296875,8583.7998046875,11418.509765625,2507.5,5621.5
2004-03-22,3402.199951171875,4333.7998046875,3729.22998046875,1095.4000244140625,8478.5,11318.509765625,2517.47998046875,5469.0
2004-03-23,3390.10009765625,4318.5,3728.820068359375,1093.949951171875,8474.5,11281.08984375,2526.52001953125,5509.7998046875
2004-03-24,3386.800048828125,4309.5,3726.070068359375,1091.3299560546875,8420.900390625,11364.990234375,2533.050048828125,5504.0
2004-03-25,3399.800048828125,4373.60009765625,3811.919921875,1109.18994140625,8513.900390625,11530.91015625,2547.760009765625,5592.2998046875
2004-03-26,3428.5,4357.5,3822.330078125,1108.06005859375,8509.599609375,11770.650390625,2575.6201171875,5587.0
2004-03-29,3411.0,4406.7001953125,3881.25,1122.469970703125,8555.2001953125,11718.240234375,2578.050048828125,5644.2001953125
2004-03-30,3418.0,4412.7998046875,3874.0400390625,1127.0,8622.2001953125,11693.6796875,2590.889892578125,5623.10009765625
2004-03-31,3415.300048828125,4385.7001953125,3856.699951171875,1126.2099609375,8585.900390625,11715.3896484375,2593.02001953125,5618.60009765625
2004-04-01,3446.199951171875,4410.7001953125,3924.85009765625,1132.1700439453125,8652.099609375,11683.419921875,2591.070068359375,5716.7998046875
2004-04-02,3438.60009765625,4465.60009765625,4007.60009765625,1141.81005859375,8798.7998046875,11815.9501953125,2590.050048828125,5784.60009765625
2004-04-05,3452.199951171875,4480.7001953125,4048.60009765625,1150.5699462890625,8858.5,11958.3203125,2593.43994140625,5815.2998046875
2004-04-06,3455.89990234375,4472.7998046875,4022.81005859375,1148.1600341796875,8832.7001953125,12079.7001953125,2622.030029296875,5767.2998046875
2004-04-07,3458.5,4468.7001953125,4001.159912109375,1140.530029296875,8807.599609375,12019.6201171875,2614.68994140625,5771.10009765625
2004-04-08,3450.60009765625,4489.7001953125,4013.530029296875,1139.3199462890625,8833.5,12092.58984375,2611.1298828125,5803.39990234375
2004-04-09,,,,,,11897.509765625,,
2004-04-12,3450.60009765625,,,1145.199951171875,8898.7998046875,12042.7001953125,,
2004-04-13,3437.89990234375,4515.7998046875,4071.419921875,1129.43994140625,8763.599609375,12127.8203125,2604.81005859375,5804.5
2004-04-14,3434.39990234375,4485.39990234375,4012.77001953125,1128.1700439453125,8640.099609375,12098.1796875,2602.409912109375,5761.2998046875
2004-04-15,3419.300048828125,4505.5,4004.610107421875,1128.8399658203125,8637.2001953125,11800.400390625,2610.510009765625,5784.60009765625
2004-04-16,3417.300048828125,4537.2998046875,4033.97998046875,1134.6099853515625,8695.400390625,11824.5595703125,2609.300048828125,5769.89990234375
2004-04-19,3433.10009765625,4546.2001953125,4025.070068359375,1135.8199462890625,8702.7998046875,11764.2099609375,2624.030029296875,5787.7998046875
2004-04-20,3452.199951171875,4569.0,4061.1298828125,1118.1500244140625,8603.0,11952.259765625,2636.389892578125,5829.2001953125
2004-04-21,3438.800048828125,4539.89990234375,4026.14990234375,1124.0899658203125,8573.099609375,11944.2998046875,2648.77001953125,5795.10009765625
2004-04-22,3435.89990234375,4571.7998046875,4059.14990234375,1139.9300537109375,8680.0,11980.099609375,2648.219970703125,5789.60009765625
2004-04-23,3457.0,4570.0,4103.6201171875,1140.5999755859375,8667.900390625,12120.66015625,2654.840087890625,5818.10009765625
2004-04-26,3450.5,4571.89990234375,4125.830078125,1135.530029296875,8616.2001953125,12163.8896484375,2645.300048828125,5881.2001953125
2004-04-27,3446.60009765625,4575.7001953125,4134.10009765625,1138.1099853515625,8535.0,12044.8798828125,2648.360107421875,5869.2998046875
2004-04-28,3444.800048828125,4524.5,4065.739990234375,1122.4100341796875,8234.900390625,12004.2900390625,2656.22998046875,5792.89990234375
2004-04-29,3401.300048828125,4519.5,4008.909912109375,1113.8900146484375,8231.900390625,,2640.25,5783.7998046875
2004-04-30,3400.800048828125,4489.7001953125,3985.2099609375,1107.300048828125,8244.0,11761.7900390625,2631.14990234375,5774.39990234375
2004-05-03,3382.300048828125,,4007.64990234375,1117.489990234375,8257.599609375,,2612.570068359375,5816.89990234375
2004-05-04,3391.199951171875,4547.2001953125,3990.75,1119.550048828125,8455.900390625,,2622.1298828125,5829.7001953125
2004-05-05,3407.60009765625,4569.5,4022.10009765625,1121.530029296875,8457.2998046875,,2617.389892578125,5891.2001953125
2004-05-06,3399.39990234375,4516.2001953125,3909.4599609375,1113.989990234375,8427.7001953125,11571.33984375,2610.139892578125,5832.39990234375
2004-05-07,3393.199951171875,4498.39990234375,3895.639892578125,1098.699951171875,8274.7998046875,11438.8203125,2595.510009765625,5827.7001953125
2004-05-10,3353.300048828125,4395.2001953125,3784.610107421875,1087.1199951171875,8129.5,10884.7001953125,2576.969970703125,5641.7998046875
2004-05-11,3356.60009765625,4454.7001953125,3849.840087890625,1095.449951171875,8205.099609375,10907.1796875,2568.110107421875,5723.10009765625
2004-05-12,3378.800048828125,4412.89990234375,3776.239990234375,1097.280029296875,8187.7001953125,11153.580078125,2566.580078125,5644.89990234375
2004-05-13,3370.800048828125,4453.7998046875,3824.929931640625,1096.43994140625,8176.60009765625,10825.099609375,2568.81005859375,5714.60009765625
2004-05-14,3359.5,4441.7998046875,3803.10009765625,1095.699951171875,8188.10009765625,10849.6298828125,2564.72998046875,5685.0
2004-05-17,3345.5,4403.0,3754.3701171875,1084.0999755859375,8123.5,10505.0498046875,2588.9599609375,5607.89990234375
2004-05-18,3371.89990234375,4414.39990234375,3789.239990234375,1091.489990234375,8162.7001953125,10711.08984375,2584.139892578125,5638.39990234375
2004-05-19,3390.800048828125,4471.7998046875,3872.260009765625,1088.6800537109375,8196.7998046875,10967.740234375,2612.419921875,5710.0
2004-05-20,3378.800048828125,4428.7001953125,3839.320068359375,1089.18994140625,8147.89990234375,10862.0400390625,2605.110107421875,
2004-05-21,3395.39990234375,4431.39990234375,3831.840087890625,1093.56005859375,8210.5,11070.25,2594.780029296875,5645.10009765625
2004-05-24,3401.5,4428.89990234375,3867.840087890625,1095.4100341796875,,11101.6396484375,2599.110107421875,5681.7998046875
2004-05-25,3395.5,4418.0,3828.070068359375,1113.050048828125,8354.2001953125,10962.9296875,2575.89990234375,5646.89990234375
2004-05-26,3425.199951171875,4438.2998046875,3867.52001953125,1114.93994140625,8319.0,11152.08984375,2579.080078125,5671.7001953125
2004-05-27,3444.5,4453.60009765625,3913.330078125,1121.280029296875,8343.599609375,11166.0302734375,2587.60009765625,5705.7998046875
2004-05-28,3450.39990234375,4430.7001953125,3902.719970703125,1120.6800537109375,8347.099609375,11309.5703125,2589.159912109375,5627.10009765625
2004-05-31,3460.199951171875,,3921.409912109375,,8417.2998046875,11236.3701171875,,
2004-06-01,3457.0,4422.7001953125,3864.179931640625,1121.199951171875,8418.400390625,11296.759765625,2597.75,5589.5
2004-06-02,3476.800048828125,4422.7998046875,3888.31005859375,1124.989990234375,8374.7998046875,11242.33984375,2597.9599609375,5631.7001953125
2004-06-03,3467.300048828125,4435.39990234375,3917.080078125,1116.6400146484375,8329.099609375,11027.0498046875,2613.590087890625,5660.5
2004-06-04,3467.699951171875,4454.5,3961.929931640625,1122.5,8348.7001953125,11128.0498046875,,5688.39990234375
2004-06-07,3484.0,4491.60009765625,4017.81005859375,1140.4200439453125,8412.7998046875,11439.919921875,,5744.2001953125
2004-06-08,3483.60009765625,4504.7998046875,4018.949951171875,1142.1800537109375,8412.0,11521.9296875,2620.830078125,5733.5
2004-06-09,3466.199951171875,4489.5,3997.760009765625,1131.3299560546875,8317.099609375,11449.740234375,2611.2099609375,5715.2001953125
2004-06-10,3468.0,4486.10009765625,4021.639892578125,1136.469970703125,8345.5,11575.9697265625,2603.800048828125,5680.5
2004-06-11,3478.199951171875,4484.0,4014.56005859375,,8366.599609375,11526.8203125,,5690.0
2004-06-14,3478.199951171875,4433.2001953125,3948.64990234375,1125.2900390625,8292.2998046875,11491.66015625,2624.02001953125,5633.60009765625
2004-06-15,3468.39990234375,4458.60009765625,3987.300048828125,1132.010009765625,8390.2001953125,11387.7001953125,2618.2900390625,5671.7001953125
2004-06-16,3486.800048828125,4491.10009765625,4003.239990234375,1133.56005859375,8427.900390625,11641.7197265625,2622.1298828125,5710.0
2004-06-17,3510.199951171875,4493.2998046875,3985.4599609375,1132.050048828125,8497.599609375,11607.900390625,2625.60009765625,5706.2001953125
2004-06-18,3527.699951171875,4505.7998046875,3999.7900390625,1135.02001953125,8468.0,11382.080078125,2640.18994140625,5693.89990234375
2004-06-21,3554.5,4502.2001953125,3989.31005859375,1130.300048828125,8472.2001953125,11600.16015625,2638.10009765625,5716.5
2004-06-22,3540.699951171875,4468.5,3928.389892578125,1134.4100341796875,8517.900390625,11581.26953125,2656.260009765625,5658.39990234375
2004-06-23,3552.699951171875,4486.7001953125,3945.10009765625,1144.06005859375,8575.400390625,11580.5595703125,2667.389892578125,5653.89990234375
2004-06-24,3533.5,4503.2001953125,4007.050048828125,1140.6500244140625,8530.7998046875,11744.150390625,2660.7900390625,5674.5
2004-06-25,3529.199951171875,4494.10009765625,4013.35009765625,1134.4300537109375,8497.7998046875,11780.400390625,2666.75,5681.5
2004-06-28,3522.39990234375,4518.7001953125,4069.35009765625,1133.3499755859375,8468.900390625,11884.0595703125,2661.110107421875,5706.2998046875
2004-06-29,3521.5,4512.39990234375,4069.72998046875,1136.199951171875,8498.5,11860.8095703125,2669.639892578125,5688.2998046875
2004-06-30,3532.89990234375,4464.10009765625,4052.72998046875,1140.8399658203125,8545.599609375,11858.8701171875,2696.070068359375,5619.10009765625
2004-07-01,3536.89990234375,4424.7001953125,4035.02001953125,1128.93994140625,,11896.009765625,2692.2099609375,5625.7001953125
2004-07-02,3534.39990234375,4407.39990234375,3998.77001953125,1125.3800048828125,8487.2998046875,11721.490234375,2693.39990234375,5606.7998046875
2004-07-05,3537.0,4403.2998046875,3995.72998046875,,8486.0,11541.7099609375,2692.639892578125,5588.2001953125
2004-07-06,3555.800048828125,4370.7001953125,3944.8798828125,1116.2099609375,8484.7001953125,11475.26953125,2687.60009765625,5549.89990234375
2004-07-07,3565.0,4358.39990234375,3930.580078125,1118.3299560546875,8481.900390625,11384.8603515625,2700.7099609375,5541.39990234375
2004-07-08,3568.699951171875,4381.10009765625,3934.47998046875,1109.1099853515625,8420.400390625,11322.23046875,2693.5400390625,5578.7001953125
2004-07-09,3564.0,4393.2001953125,3924.489990234375,1112.81005859375,8473.2001953125,11423.5302734375,2691.010009765625,5548.10009765625
2004-07-12,3558.0,4360.0,3893.239990234375,1114.3499755859375,8422.2001953125,11582.2802734375,2689.8798828125,5532.7001953125
2004-07-13,3558.60009765625,4357.7001953125,3903.8798828125,1115.1400146484375,8452.599609375,11608.6201171875,2681.659912109375,5531.2998046875
2004-07-14,3522.800048828125,4372.60009765625,3898.840087890625,1111.469970703125,8458.2998046875,11356.650390625,2678.93994140625,5548.2998046875
2004-07-15,3526.10009765625,4340.7001953125,3847.18994140625,1106.68994140625,8397.2998046875,11409.1396484375,2693.469970703125,5477.89990234375
2004-07-16,3531.0,4339.2001953125,3845.929931640625,1101.3900146484375,8350.5,11436.0,2709.81005859375,5461.2001953125
2004-07-19,3533.10009765625,4321.10009765625,3812.6298828125,1100.9000244140625,8414.7998046875,,2707.159912109375,5429.7001953125
2004-07-20,3503.300048828125,4339.39990234375,3837.60009765625,1108.6700439453125,8418.5,11258.3701171875,2734.830078125,5498.2001953125
2004-07-21,3524.0,4377.2998046875,3877.47998046875,1093.8800048828125,8454.2001953125,11433.8603515625,2743.669921875,5561.7001953125
2004-07-22,3498.300048828125,4306.2998046875,3801.050048828125,1096.8399658203125,8398.099609375,11285.0400390625,2757.639892578125,5476.89990234375
2004-07-23,3485.199951171875,4326.2998046875,3797.330078125,1086.199951171875,8383.2998046875,11187.330078125,2741.550048828125,5482.0
2004-07-26,3485.699951171875,4287.0,3752.590087890625,1084.0699462890625,8314.599609375,11159.5498046875,2741.409912109375,5444.0
2004-07-27,3489.699951171875,4324.89990234375,3814.080078125,1094.8299560546875,8294.400390625,11031.5400390625,2755.93994140625,5501.89990234375
2004-07-28,3499.10009765625,4356.2998046875,3807.2099609375,1095.4200439453125,8356.2998046875,11204.3701171875,2768.169921875,5514.7001953125
2004-07-29,3501.300048828125,4418.7001953125,3889.679931640625,1100.4300537109375,8443.2001953125,11116.83984375,2774.610107421875,5553.39990234375
2004-07-30,3536.10009765625,4413.10009765625,3895.610107421875,1101.719970703125,8458.099609375,11325.7802734375,2788.010009765625,5547.2001953125
2004-08-02,3544.89990234375,4415.7001953125,3862.7099609375,1106.6199951171875,,11222.240234375,2776.64990234375,5537.7998046875
2004-08-03,3554.39990234375,4429.7001953125,3877.320068359375,1099.68994140625,8464.099609375,11140.5703125,2786.25,5588.60009765625
2004-08-04,3546.0,4408.10009765625,3823.739990234375,1098.6300048828125,8363.0,11010.01953125,2785.2900390625,5518.89990234375
2004-08-05,3538.89990234375,4413.39990234375,3829.030029296875,1080.699951171875,8267.900390625,11060.8896484375,2794.60009765625,5515.2001953125
2004-08-06,3530.60009765625,4337.89990234375,3727.739990234375,1063.969970703125,8176.7001953125,10972.5703125,2764.219970703125,5403.10009765625
2004-08-09,3509.199951171875,4314.39990234375,3690.330078125,1065.219970703125,8183.39990234375,10908.7001953125,2756.760009765625,5358.60009765625
2004-08-10,3499.60009765625,4350.89990234375,3720.639892578125,1079.0400390625,8231.2998046875,10953.5498046875,2755.050048828125,5383.0
2004-08-11,3511.10009765625,4312.2001953125,3678.909912109375,1075.7900390625,8168.2001953125,11049.4599609375,2763.449951171875,5369.2998046875
2004-08-12,3487.800048828125,4328.10009765625,3658.110107421875,1063.22998046875,8132.2998046875,11028.0703125,2767.85009765625,5356.0
2004-08-13,3477.800048828125,4301.5,3646.989990234375,1064.800048828125,8172.60009765625,10757.2001953125,2757.719970703125,5309.7998046875
2004-08-16,3468.300048828125,4350.2001953125,3699.110107421875,1079.3399658203125,8241.5,10687.8095703125,2747.489990234375,5354.2001953125
2004-08-17,3483.199951171875,4358.7001953125,3705.72998046875,1081.7099609375,8232.2001953125,10725.9697265625,2748.56005859375,5378.39990234375
2004-08-18,3476.10009765625,4355.2998046875,3726.5,1095.1700439453125,8223.0,10774.259765625,2733.85009765625,5325.2001953125
2004-08-19,3486.300048828125,4362.60009765625,3722.989990234375,1091.22998046875,8293.900390625,10903.5302734375,2738.050048828125,5351.89990234375
2004-08-20,3497.699951171875,4369.2001953125,3712.610107421875,1098.3499755859375,8335.599609375,10889.1396484375,2734.39990234375,5344.2001953125
2004-08-23,3524.0,4405.2998046875,3772.139892578125,1095.6800537109375,8315.5,10960.9697265625,2737.360107421875,5394.2998046875
2004-08-24,3526.300048828125,4407.5,3771.0,1096.18994140625,8316.400390625,10985.330078125,2737.31005859375,5380.2001953125
2004-08-25,3517.39990234375,4411.60009765625,3788.8798828125,1104.9599609375,8371.400390625,11130.01953125,2739.97998046875,5374.7998046875
2004-08-26,3526.0,4453.89990234375,3832.280029296875,1105.0899658203125,8331.2998046875,11129.330078125,2740.590087890625,5432.39990234375
2004-08-27,3558.89990234375,4490.10009765625,3851.179931640625,1107.77001953125,8334.2998046875,11209.58984375,2735.909912109375,5463.89990234375
2004-08-30,3554.10009765625,,3838.85009765625,1099.1500244140625,8309.0,11184.5302734375,2747.340087890625,5448.7998046875
2004-08-31,3552.699951171875,4459.2998046875,3785.2099609375,1104.239990234375,8377.0,11081.7900390625,2749.510009765625,5421.7001953125
2004-09-01,3575.60009765625,4502.10009765625,3817.6201171875,1105.9100341796875,8410.099609375,11127.349609375,2747.050048828125,5468.0
2004-09-02,3590.39990234375,4518.60009765625,3833.449951171875,1118.31005859375,8388.900390625,11152.75,,5449.7998046875
2004-09-03,3577.300048828125,4550.7998046875,3866.989990234375,1113.6300048828125,8344.400390625,11022.490234375,,5502.5
2004-09-06,3576.89990234375,4563.7998046875,3887.580078125,,,11244.3701171875,2728.169921875,5542.39990234375
2004-09-07,3589.39990234375,4565.60009765625,3889.0400390625,1121.300048828125,8369.400390625,11298.9404296875,2730.68994140625,5559.7998046875
2004-09-08,3589.0,4558.39990234375,3884.159912109375,1116.27001953125,8354.7998046875,11279.1904296875,2740.75,5556.5
2004-09-09,3591.699951171875,4538.0,3851.219970703125,1118.3800048828125,8394.0,11170.9599609375,2751.1298828125,5522.2998046875
2004-09-10,3596.0,4545.0,3886.030029296875,1123.9200439453125,8368.599609375,11083.23046875,2751.919921875,5536.7998046875
2004-09-13,3609.699951171875,4558.5,3953.31005859375,1125.8199462890625,8513.400390625,11253.1103515625,2734.39990234375,5573.2998046875
2004-09-14,3623.199951171875,4545.60009765625,3947.75,1128.3299560546875,8492.599609375,11295.580078125,2736.8798828125,5538.5
2004-09-15,3625.10009765625,4548.5,3941.75,1120.3699951171875,8467.0,11158.580078125,2740.760009765625,5536.60009765625
2004-09-16,3624.89990234375,4556.5,3963.64990234375,1123.5,8493.400390625,11139.3603515625,2758.22998046875,5525.7001953125
2004-09-17,3631.60009765625,4591.0,3988.070068359375,1128.550048828125,8529.900390625,11082.490234375,2767.60009765625,5543.10009765625
2004-09-20,3628.699951171875,4579.5,3977.679931640625,1122.199951171875,8539.7998046875,,2780.2900390625,5548.5
2004-09-21,3629.89990234375,4608.39990234375,3991.02001953125,1129.300048828125,8642.900390625,11080.8701171875,2794.739990234375,5602.7001953125
2004-09-22,3640.800048828125,4592.2998046875,3942.35009765625,1113.56005859375,8586.099609375,11019.41015625,2799.75,5572.60009765625
2004-09-23,3635.199951171875,4568.2998046875,3905.659912109375,1108.3599853515625,8591.7001953125,,2788.8798828125,5511.2998046875
2004-09-24,3623.89990234375,4578.10009765625,3910.300048828125,1110.1099853515625,8588.400390625,10895.16015625,2806.580078125,5491.2998046875
2004-09-27,3620.60009765625,4541.2001953125,3874.3701171875,1103.52001953125,8498.0,10859.3203125,2810.739990234375,5446.0
2004-09-28,3627.10009765625,4567.2998046875,3882.27001953125,1110.06005859375,8617.2001953125,10815.5703125,2826.820068359375,5499.7001953125
2004-09-29,3656.60009765625,4588.10009765625,3920.360107421875,1114.800048828125,8634.099609375,10786.099609375,2828.530029296875,5531.39990234375
2004-09-30,3665.0,4570.7998046875,3892.89990234375,1114.5799560546875,8668.2998046875,10823.5703125,2834.39990234375,5465.2998046875
2004-10-01,3659.60009765625,4659.7001953125,3994.9599609375,1131.5,8747.099609375,10985.169921875,2853.719970703125,5528.89990234375
2004-10-04,3693.60009765625,4681.7998046875,4033.280029296875,1135.1700439453125,8812.900390625,11279.6298828125,2858.110107421875,5600.89990234375
2004-10-05,3697.60009765625,4707.10009765625,4048.7099609375,1134.47998046875,8797.099609375,11281.830078125,2860.820068359375,5596.89990234375
2004-10-06,3699.800048828125,4706.2998046875,4049.659912109375,1142.050048828125,8871.900390625,11385.3798828125,2856.800048828125,5593.89990234375
2004-10-07,3700.800048828125,4698.7001953125,4043.360107421875,1130.6500244140625,8825.400390625,11354.58984375,2854.739990234375,5534.7001953125
2004-10-08,3686.800048828125,4698.89990234375,4015.5400390625,1122.1400146484375,8814.900390625,11349.349609375,2854.969970703125,5503.7001953125
2004-10-11,3705.800048828125,4685.5,4017.820068359375,1124.3900146484375,,,2861.469970703125,5474.7001953125
2004-10-12,3717.39990234375,4647.89990234375,3966.47998046875,1121.8399658203125,8785.900390625,11201.8095703125,2859.760009765625,5443.60009765625
2004-10-13,3725.199951171875,4634.7998046875,3976.030029296875,1113.6500244140625,8729.599609375,11195.990234375,2854.419921875,5462.7998046875
2004-10-14,3708.89990234375,4629.39990234375,3940.4599609375,1103.2900390625,8745.599609375,11034.2900390625,2857.659912109375,5402.60009765625
2004-10-15,3720.5,4622.7001953125,3922.110107421875,1108.199951171875,8788.900390625,10982.9501953125,2837.25,5362.39990234375
2004-10-18,3709.89990234375,4626.60009765625,3915.169921875,1114.02001953125,8788.900390625,10965.6201171875,2836.75,5365.39990234375
2004-10-19,3715.0,4655.2001953125,3964.1298828125,1103.22998046875,8720.5,11064.8603515625,2815.389892578125,5417.5
2004-10-20,3700.10009765625,4616.39990234375,3912.39990234375,1103.6600341796875,8788.099609375,10882.1796875,2805.8701171875,5376.2998046875
2004-10-21,3705.89990234375,4617.39990234375,3934.06005859375,1106.489990234375,8846.7001953125,10789.23046875,2802.81005859375,5400.89990234375
2004-10-22,3709.89990234375,4615.39990234375,3935.139892578125,1095.739990234375,8780.7998046875,10857.1298828125,2789.830078125,5391.10009765625
2004-10-25,3681.60009765625,4564.60009765625,3854.409912109375,1094.800048828125,8749.2001953125,10659.150390625,,5309.7001953125
2004-10-26,3704.89990234375,4583.39990234375,3862.260009765625,1111.0899658203125,8818.2001953125,10672.4599609375,2771.550048828125,5330.0
2004-10-27,3741.199951171875,4630.10009765625,3929.030029296875,1125.4000244140625,8791.0,10691.9501953125,2778.530029296875,5374.89990234375
2004-10-28,3776.10009765625,4642.7998046875,3959.590087890625,1127.43994140625,8781.0,10853.1201171875,2807.14990234375,5414.2001953125
2004-10-29,3778.60009765625,4624.2001953125,3960.25,1130.199951171875,8871.0,10771.419921875,2812.340087890625,5363.39990234375
2004-11-01,3791.199951171875,4673.7998046875,4012.639892578125,1130.510009765625,8858.2001953125,10734.7099609375,2831.760009765625,5422.2998046875
2004-11-02,3798.60009765625,4693.2001953125,4037.570068359375,1130.56005859375,8870.900390625,10887.8095703125,2853.429931640625,5486.10009765625
2004-11-03,3832.89990234375,4718.5,4039.0400390625,1143.199951171875,8841.400390625,,2867.580078125,5538.89990234375
2004-11-04,3838.5,4728.2998046875,4041.3798828125,1161.6700439453125,8866.599609375,10946.26953125,2884.77001953125,5549.89990234375
2004-11-05,3843.5,4739.7998046875,4063.580078125,1166.1700439453125,8868.7001953125,11061.76953125,2873.0,5618.2998046875
2004-11-08,3822.300048828125,4716.60009765625,4068.969970703125,1164.8900146484375,8825.7001953125,10983.830078125,2880.580078125,5602.5
2004-11-09,3835.5,4717.7001953125,4065.330078125,1164.0799560546875,8845.2001953125,10964.8701171875,2889.2900390625,5573.2001953125
2004-11-10,3846.39990234375,4734.5,4089.1298828125,1162.9100341796875,8841.7001953125,10994.9599609375,2891.72998046875,5609.60009765625
2004-11-11,3863.300048828125,4776.89990234375,4130.81005859375,1173.47998046875,8886.2001953125,10846.919921875,2910.2900390625,5649.7001953125
2004-11-12,3862.5,4793.89990234375,4143.35009765625,1184.1700439453125,8896.400390625,11019.98046875,2923.659912109375,5689.2001953125
2004-11-15,3880.60009765625,4803.10009765625,4134.33984375,1183.81005859375,8937.2001953125,11227.5703125,2920.989990234375,5674.2998046875
2004-11-16,3869.39990234375,4770.39990234375,4117.22021484375,1175.4300537109375,8952.0,11161.75,2906.889892578125,5653.60009765625
2004-11-17,3876.0,4795.89990234375,4183.41015625,1181.93994140625,8987.599609375,11131.2900390625,2900.6201171875,5681.5
2004-11-18,3879.5,4805.2998046875,4178.68017578125,1183.550048828125,8971.5,11082.419921875,2913.669921875,5673.7998046875
2004-11-19,3872.699951171875,4760.7998046875,4134.89013671875,1170.3399658203125,8959.400390625,11082.83984375,2929.47998046875,5605.0
2004-11-22,3830.699951171875,4733.10009765625,4123.97998046875,1177.239990234375,8991.5,10849.3896484375,2927.679931640625,5562.2001953125
2004-11-23,3866.10009765625,4742.39990234375,4113.3701171875,1176.93994140625,8995.2001953125,,2923.4599609375,5525.7998046875
2004-11-24,3882.5,4719.39990234375,4125.2998046875,1181.760009765625,8976.099609375,10872.330078125,,5501.2001953125
2004-11-25,3904.199951171875,4753.39990234375,4160.35009765625,,9025.900390625,10900.33984375,,5545.7001953125
2004-11-26,3912.10009765625,4741.60009765625,4154.27001953125,1182.6500244140625,9058.0,10833.75,,5548.5
2004-11-29,3926.800048828125,4749.7998046875,4146.97998046875,1178.5699462890625,9056.400390625,10977.8896484375,2988.300048828125,5519.5
2004-11-30,3931.300048828125,4703.2001953125,4126.0,1173.8199462890625,9030.099609375,10899.25,2990.800048828125,5444.2001953125
2004-12-01,3899.300048828125,4735.7001953125,4186.02978515625,1191.3699951171875,9064.5,10784.25,2998.8701171875,5509.2998046875
2004-12-02,3941.89990234375,4751.2001953125,4216.39990234375,1190.3299560546875,9038.5,10973.0703125,3013.47998046875,5569.2998046875
2004-12-03,3939.5,4747.89990234375,4208.8701171875,1191.1700439453125,9055.7001953125,11074.8896484375,3009.469970703125,5555.2001953125
2004-12-06,3950.5,4722.7998046875,4193.91015625,1190.25,9060.7001953125,10981.9599609375,3015.10009765625,5520.7001953125
2004-12-07,3927.5,4728.7001953125,4212.6201171875,1177.0699462890625,8991.0,10873.6298828125,3010.89990234375,5561.10009765625
2004-12-08,3897.699951171875,4703.89990234375,4201.35009765625,1182.81005859375,9003.7001953125,10941.3701171875,2991.14990234375,5566.7001953125
2004-12-09,3886.89990234375,4688.39990234375,4150.41015625,1189.239990234375,9013.599609375,10776.6298828125,2977.5,5557.7998046875
2004-12-10,3898.5,4694.0,4174.5498046875,1188.0,8965.2998046875,10756.7998046875,2981.889892578125,5581.7998046875
2004-12-13,3907.300048828125,4736.7998046875,4219.240234375,1198.6800537109375,9032.7998046875,10789.25,2986.179931640625,5624.89990234375
2004-12-14,3929.0,4722.7998046875,4231.2998046875,1203.3800048828125,9086.400390625,10915.580078125,2977.010009765625,5653.0
2004-12-15,3944.199951171875,4728.2001953125,4213.68994140625,1205.719970703125,9106.2001953125,10956.4599609375,2975.429931640625,5640.2998046875
2004-12-16,3975.10009765625,4735.2001953125,4233.7099609375,1203.2099609375,9116.599609375,10924.3701171875,2978.89990234375,5650.5
2004-12-17,3988.0,4696.7998046875,4182.27001953125,1194.199951171875,9122.599609375,11078.3203125,2975.340087890625,5603.39990234375
2004-12-20,3993.39990234375,4731.10009765625,4211.5498046875,1194.6500244140625,9122.599609375,11103.419921875,2958.429931640625,5650.7001953125
2004-12-21,4013.60009765625,4733.0,4214.39013671875,1205.449951171875,9237.5,11125.919921875,2969.070068359375,5640.7998046875
2004-12-22,4032.300048828125,4777.39990234375,4241.27978515625,1209.5699462890625,9251.2001953125,11209.4404296875,2991.4599609375,5687.7001953125
2004-12-23,4025.89990234375,4787.7001953125,4251.6201171875,1210.1300048828125,9235.2001953125,,,5695.2001953125
2004-12-24,4048.60009765625,4798.10009765625,,,9287.400390625,11365.48046875,3004.47998046875,
2004-12-27,4048.60009765625,,4235.35986328125,1204.9200439453125,,11362.349609375,,5685.5
2004-12-28,4048.60009765625,,4261.7900390625,1213.5400390625,,11424.1298828125,,5686.5
2004-12-29,4042.10009765625,4819.7998046875,4247.75,1213.449951171875,9229.099609375,11381.5595703125,3027.080078125,5692.39990234375
2004-12-30,4054.89990234375,4820.10009765625,4256.080078125,1213.550048828125,9264.400390625,11488.759765625,3046.909912109375,5693.2001953125
2004-12-31,4050.60009765625,4814.2998046875,,1211.9200439453125,9246.7001953125,,3064.43994140625,
2005-01-03,,,4291.52978515625,1202.0799560546875,,,,5768.7001953125
2005-01-04,4058.60009765625,4847.0,4290.5,1188.050048828125,9143.0,11517.75,,5775.5
2005-01-05,4039.39990234375,4806.0,4258.240234375,1183.739990234375,9021.099609375,11437.51953125,3087.389892578125,5725.5
2005-01-06,4029.89990234375,4824.2998046875,4300.93994140625,1187.8900146484375,9064.2998046875,11492.259765625,3093.760009765625,5742.39990234375
2005-01-07,4063.199951171875,4854.10009765625,4316.39990234375,1186.18994140625,9006.2001953125,11433.240234375,3086.89990234375,5735.2001953125
2005-01-10,4074.89990234375,4840.7001953125,4307.3701171875,1190.25,9026.7998046875,,3076.27001953125,5731.7998046875
2005-01-11,4072.699951171875,4818.7001953125,4258.009765625,1182.989990234375,9020.7001953125,11539.990234375,3083.7099609375,5713.10009765625
2005-01-12,4070.39990234375,4783.60009765625,4208.81982421875,1187.699951171875,9022.7001953125,11453.3896484375,3058.659912109375,5669.60009765625
2005-01-13,4069.5,4800.2998046875,4212.14013671875,1177.449951171875,9009.099609375,11358.2197265625,3072.929931640625,5687.7998046875
2005-01-14,4061.60009765625,4820.7998046875,4232.35986328125,1184.52001953125,9057.2001953125,11438.3896484375,,5730.10009765625
2005-01-17,4076.89990234375,4846.7001953125,4245.509765625,,9063.7998046875,11487.099609375,,5761.2998046875
2005-01-18,4062.0,4823.89990234375,4250.7099609375,1195.97998046875,9134.7998046875,11423.259765625,3081.56005859375,5739.39990234375
2005-01-19,4052.60009765625,4818.2998046875,4245.5498046875,1184.6300048828125,9120.400390625,11405.33984375,3078.639892578125,5749.5
2005-01-20,4036.0,4800.7998046875,4220.43017578125,1175.4100341796875,9089.0,11284.76953125,3054.2099609375,5728.10009765625
2005-01-21,4043.89990234375,4803.2998046875,4213.7001953125,1167.8699951171875,9086.7998046875,11238.3701171875,3055.4599609375,5738.10009765625
2005-01-24,4044.800048828125,4812.5,4201.89013671875,1163.75,9078.2001953125,11289.490234375,3057.35009765625,5750.5
2005-01-25,4055.89990234375,4843.2001953125,4233.9501953125,1168.4100341796875,9125.099609375,11276.91015625,3076.530029296875,5766.10009765625
2005-01-26,,4847.10009765625,4214.1201171875,1174.0699462890625,9162.400390625,11376.5703125,3092.14990234375,5768.39990234375
2005-01-27,4105.7001953125,4853.39990234375,4216.41015625,1174.550048828125,9174.400390625,11341.3095703125,3076.2900390625,5773.7001953125
2005-01-28,4098.89990234375,4832.7998046875,4201.81005859375,1171.3599853515625,9141.7998046875,11320.580078125,3085.449951171875,5750.7001953125
2005-01-31,4107.2998046875,4852.2998046875,4254.85009765625,1181.27001953125,9204.099609375,11387.58984375,3075.580078125,5771.39990234375
2005-02-01,4127.7001953125,4906.2001953125,4279.97021484375,1189.4100341796875,9270.099609375,11384.400390625,3092.820068359375,5797.89990234375
2005-02-02,4145.2998046875,4916.2001953125,4296.31005859375,1193.18994140625,9303.900390625,11407.1396484375,3091.8701171875,5795.10009765625
2005-02-03,4151.2998046875,4908.2998046875,4281.64013671875,1189.8900146484375,9303.7001953125,11389.349609375,3097.320068359375,5816.89990234375
2005-02-04,4161.7998046875,4941.5,4339.27978515625,1203.030029296875,9358.2998046875,11360.400390625,3124.050048828125,5843.10009765625
2005-02-07,4189.60009765625,4979.7998046875,4366.35009765625,1201.719970703125,9371.900390625,11499.8603515625,3144.3798828125,5870.7001953125
2005-02-08,4179.10009765625,4995.5,4371.39013671875,1202.300048828125,9392.7001953125,11490.4296875,3148.610107421875,5881.2001953125
2005-02-09,4172.10009765625,4990.39990234375,4353.14990234375,1191.989990234375,9402.599609375,11473.349609375,3175.320068359375,5866.5
2005-02-10,4174.89990234375,5000.0,4342.009765625,1197.010009765625,9496.400390625,11553.5595703125,3161.1298828125,5871.2001953125
2005-02-11,4174.2998046875,5044.2001953125,4387.7998046875,1205.300048828125,9558.5,,3163.39990234375,5915.2998046875
2005-02-14,4150.2001953125,5041.7998046875,4386.39990234375,1206.1400146484375,9585.2001953125,11632.2001953125,3184.93994140625,5913.0
2005-02-15,4144.7998046875,5058.89990234375,4402.02978515625,1210.1199951171875,9570.0,11646.490234375,3167.169921875,5916.89990234375
2005-02-16,4151.7001953125,5053.2001953125,4368.77001953125,1210.3399658203125,9639.599609375,11601.6796875,3158.2099609375,5870.7998046875
2005-02-17,4166.89990234375,5057.39990234375,4369.68017578125,1200.75,9619.2998046875,11582.7197265625,3164.010009765625,5882.89990234375
2005-02-18,4163.60009765625,5057.2001953125,4359.47021484375,1201.5899658203125,9658.7998046875,11660.1201171875,3157.14990234375,5901.7001953125
2005-02-21,4168.2001953125,5060.7998046875,4353.33984375,,9682.2998046875,11651.01953125,3184.56005859375,5928.0
2005-02-22,4153.2998046875,5032.89990234375,4323.2099609375,1184.1600341796875,9640.5,11597.7099609375,3162.389892578125,5911.5
2005-02-23,4119.2001953125,4988.5,4310.66015625,1190.800048828125,9675.7001953125,11500.1796875,3146.320068359375,5867.2001953125
2005-02-24,4096.89990234375,4972.10009765625,4304.2900390625,1200.199951171875,9657.7001953125,11531.150390625,3145.389892578125,5886.2001953125
2005-02-25,4130.5,5006.7998046875,4348.64013671875,1211.3699951171875,9741.400390625,11658.25,3160.97998046875,5936.2001953125
2005-02-28,4172.7998046875,4968.5,4350.490234375,1203.5999755859375,9668.2998046875,11740.599609375,3208.419921875,5931.2998046875
2005-03-01,4184.89990234375,5000.5,4383.6201171875,1210.4100341796875,9728.0,11780.5302734375,,5975.5
2005-03-02,4191.5,4992.7998046875,4393.43017578125,1210.0799560546875,9800.099609375,11813.7099609375,3199.199951171875,6013.39990234375
2005-03-03,4205.2001953125,5014.7998046875,4373.27001953125,1210.469970703125,9859.5,11856.4599609375,3195.340087890625,5998.7998046875
2005-03-04,4220.39990234375,5036.2998046875,4423.52001953125,1222.1199951171875,9927.2001953125,11873.0498046875,3200.090087890625,6009.2998046875
2005-03-07,4238.39990234375,5027.2001953125,4428.08984375,1225.31005859375,9886.099609375,11925.3603515625,3213.360107421875,6014.60009765625
2005-03-08,4242.89990234375,5010.89990234375,4396.5,1219.4300537109375,9903.2998046875,11886.91015625,3231.110107421875,5980.2001953125
2005-03-09,4241.7998046875,4996.10009765625,4375.60009765625,1207.010009765625,9795.099609375,11966.6904296875,3238.530029296875,5965.5
2005-03-10,4215.5,4962.10009765625,4337.68017578125,1209.25,9675.599609375,11864.91015625,3195.219970703125,5945.7001953125
2005-03-11,4203.7998046875,4982.10009765625,4360.490234375,1200.0799560546875,9691.400390625,11923.8896484375,3149.760009765625,5971.89990234375
2005-03-14,4233.5,4975.0,4367.2998046875,1206.8299560546875,9715.400390625,11850.25,3156.030029296875,5963.0
2005-03-15,4225.39990234375,5000.2001953125,4387.68994140625,1197.75,9709.2998046875,11821.08984375,3165.669921875,6011.5
2005-03-16,4244.39990234375,4937.60009765625,4309.10986328125,1188.0699462890625,9712.599609375,11873.1796875,,5944.7998046875
2005-03-17,4232.39990234375,4922.10009765625,4315.919921875,1190.2099609375,9778.2001953125,11775.5,,5929.0
2005-03-18,4249.10009765625,4923.2998046875,4327.18017578125,1189.6500244140625,9754.7001953125,11879.8095703125,3129.199951171875,5897.0
2005-03-21,4266.39990234375,4933.5,4296.35986328125,1183.780029296875,9693.599609375,,3140.840087890625,5907.7001953125
2005-03-22,4233.7998046875,4937.2998046875,4320.68994140625,1171.7099609375,9647.2001953125,11841.9697265625,3127.330078125,5915.60009765625
2005-03-23,4170.7998046875,4910.39990234375,4317.2001953125,1172.530029296875,9549.7001953125,11739.1201171875,3104.889892578125,5926.0
2005-03-24,4136.39990234375,4922.5,4343.60009765625,1171.4200439453125,9533.099609375,11745.9697265625,3074.969970703125,5935.5
2005-03-25,,,,,,11761.099609375,,
2005-03-28,,,,1174.280029296875,9482.400390625,11792.2998046875,,
2005-03-29,4095.60009765625,4919.0,4351.89013671875,1165.3599853515625,9395.400390625,11599.8203125,3055.580078125,5959.7998046875
2005-03-30,4095.199951171875,4900.7001953125,4347.52001953125,1181.4100341796875,9484.2998046875,11565.8798828125,3039.429931640625,5932.89990234375
2005-03-31,4109.7998046875,4894.39990234375,4348.77001953125,1180.5899658203125,9612.400390625,11668.9501953125,3039.080078125,5929.7001953125
2005-04-01,4138.2998046875,4914.0,4373.52978515625,1172.9200439453125,9638.599609375,11723.6298828125,3039.909912109375,5950.89990234375
2005-04-04,4120.7998046875,4896.7001953125,4341.39013671875,1176.1199951171875,9630.900390625,11667.5400390625,3046.72998046875,5903.2001953125
2005-04-05,4132.39990234375,4942.89990234375,4362.60986328125,1181.3900146484375,9619.099609375,11774.3095703125,3048.6298828125,5947.39990234375
2005-04-06,4118.89990234375,4947.39990234375,4379.18017578125,1184.0699462890625,9673.0,11827.16015625,3063.739990234375,6002.39990234375
2005-04-07,4127.7998046875,4977.0,4389.52001953125,1191.1400146484375,9625.400390625,11810.990234375,3055.419921875,6023.7001953125
2005-04-08,4165.5,4983.7001953125,4400.68017578125,1181.199951171875,9623.7001953125,11874.75,3057.6298828125,6016.60009765625
2005-04-11,4132.60009765625,4973.2998046875,4396.08984375,1181.2099609375,9643.7001953125,11745.6396484375,3051.2900390625,6014.7001953125
2005-04-12,4142.0,4946.2001953125,4372.1201171875,1187.760009765625,9629.0,11670.2998046875,3048.02001953125,5988.10009765625
2005-04-13,4135.0,4960.7998046875,4405.68994140625,1173.7900390625,9492.099609375,11637.51953125,3051.659912109375,6012.2998046875
2005-04-14,4082.300048828125,4945.39990234375,4402.0498046875,1162.050048828125,9409.599609375,11563.169921875,3040.840087890625,6030.5
2005-04-15,4014.300048828125,4891.60009765625,4312.25,1142.6199951171875,9277.099609375,11370.6904296875,3010.7900390625,6019.0
2005-04-18,3959.39990234375,4827.10009765625,4202.2001953125,1145.97998046875,9331.0,10938.4404296875,2952.77001953125,5925.39990234375
2005-04-19,4021.199951171875,4855.60009765625,4204.60986328125,1152.780029296875,9415.7001953125,11065.8603515625,2969.909912109375,5977.89990234375
2005-04-20,4022.60009765625,4822.0,4178.6201171875,1137.5,9378.099609375,11088.580078125,2958.489990234375,5914.7001953125
2005-04-21,4013.89990234375,4819.60009765625,4193.7001953125,1159.949951171875,9405.7998046875,10984.3896484375,2939.070068359375,5903.0
2005-04-22,4034.10009765625,4849.2998046875,4223.0400390625,1152.1199951171875,9367.5,11045.9501953125,2948.39990234375,5912.89990234375
2005-04-25,,4864.89990234375,4246.9599609375,1162.0999755859375,9416.099609375,11073.76953125,,5899.89990234375
2005-04-26,4027.800048828125,4845.5,4233.759765625,1151.8299560546875,9427.7001953125,11035.830078125,2952.6298828125,5914.0
2005-04-27,4019.0,4789.39990234375,4189.02001953125,1156.3800048828125,9323.5,11005.419921875,2958.570068359375,5840.5
2005-04-28,4011.60009765625,4790.2001953125,4178.10009765625,1143.219970703125,9275.099609375,11008.900390625,2968.330078125,5850.10009765625
2005-04-29,3983.199951171875,4801.7001953125,4184.83984375,1156.8499755859375,9369.2998046875,,2982.64990234375,5870.7998046875
2005-05-02,4011.300048828125,,4224.02001953125,1162.1600341796875,9430.2001953125,11002.1103515625,2999.239990234375,5924.60009765625
2005-05-03,3986.300048828125,4861.2998046875,4245.5400390625,1161.1700439453125,9371.0,,2998.969970703125,5933.7001953125
2005-05-04,3947.10009765625,4882.5,4264.35009765625,1175.6500244140625,9473.2998046875,,2991.860107421875,6001.89990234375
2005-05-05,3956.10009765625,4902.2998046875,4299.509765625,1172.6300048828125,9476.2998046875,,2946.9599609375,
2005-05-06,3983.300048828125,4918.89990234375,4311.06005859375,1171.3499755859375,9522.7001953125,11192.169921875,2922.3701171875,6027.10009765625
2005-05-09,3999.199951171875,4910.2998046875,4292.41015625,1178.8399658203125,9561.2001953125,11171.3203125,2900.780029296875,6002.89990234375
2005-05-10,3992.199951171875,4892.39990234375,4251.1298828125,1166.219970703125,9493.599609375,11159.4599609375,2901.639892578125,5917.5
2005-05-11,4005.699951171875,4875.39990234375,4244.16015625,1171.1099853515625,9446.400390625,11120.7001953125,2913.75,5919.89990234375
2005-05-12,4028.89990234375,4893.2998046875,4267.0498046875,1159.3599853515625,9331.7001953125,11077.9404296875,2940.719970703125,5948.7001953125
2005-05-13,4012.10009765625,4886.5,4275.7001953125,1154.050048828125,9278.5,11049.1103515625,2942.639892578125,5943.0
2005-05-16,3965.39990234375,4884.2001953125,4262.18017578125,1165.68994140625,9323.2998046875,10947.2197265625,2955.889892578125,
2005-05-17,3954.5,4898.5,4251.77001953125,1173.800048828125,9371.400390625,10825.3896484375,2966.8701171875,5945.10009765625
2005-05-18,3987.5,4949.39990234375,4324.60009765625,1185.56005859375,9407.7998046875,10835.41015625,2963.3798828125,5996.89990234375
2005-05-19,4044.5,4962.7001953125,4360.419921875,1191.0799560546875,9469.7998046875,11077.16015625,2982.68994140625,6017.7998046875
2005-05-20,4041.300048828125,4971.7998046875,4360.68017578125,1189.280029296875,9452.2001953125,11037.2900390625,3000.659912109375,6023.10009765625
2005-05-23,4077.199951171875,4989.7998046875,4406.9501953125,1193.8599853515625,,11158.650390625,3038.639892578125,6038.60009765625
2005-05-24,4102.0,4982.5,4396.64013671875,1194.0699462890625,9518.400390625,11133.650390625,3034.64990234375,6080.0
2005-05-25,4091.10009765625,4971.5,4389.5400390625,1190.010009765625,9509.5,11014.4296875,3037.969970703125,6095.10009765625
2005-05-26,4093.199951171875,4994.89990234375,4436.60009765625,1197.6199951171875,9579.099609375,11027.9404296875,3007.340087890625,6138.2001953125
2005-05-27,4116.39990234375,4986.2998046875,4444.7099609375,1198.780029296875,9619.400390625,11192.330078125,3027.219970703125,6160.7998046875
2005-05-30,4132.7001953125,,4480.43017578125,,9673.2001953125,11266.330078125,3042.77001953125,6158.7001953125
2005-05-31,4106.39990234375,4964.0,4460.6298828125,1191.5,9607.2998046875,11276.58984375,3034.35009765625,6127.2001953125
2005-06-01,4147.7998046875,5011.0,4527.169921875,1202.219970703125,9654.2001953125,11329.669921875,2996.06005859375,6210.2998046875
2005-06-02,4180.7001953125,5005.0,4532.169921875,1204.2900390625,9626.599609375,11280.0498046875,3035.030029296875,6228.7001953125
2005-06-03,4194.0,4999.39990234375,4510.39013671875,1196.02001953125,9671.2001953125,11300.0498046875,3060.97998046875,6210.2998046875
2005-06-06,4198.0,4980.39990234375,4497.259765625,1197.510009765625,9654.0,11270.6201171875,,6186.0
2005-06-07,4205.60009765625,5025.2998046875,4566.009765625,1197.260009765625,9656.2001953125,11217.4501953125,3068.3701171875,6237.39990234375
2005-06-08,4219.89990234375,5003.7001953125,4557.2900390625,1194.6700439453125,9707.900390625,11281.0302734375,3080.81005859375,6236.7001953125
2005-06-09,4214.0,5009.2001953125,4562.75,1200.9300537109375,9763.400390625,11160.8798828125,3091.219970703125,6244.7001953125
2005-06-10,4221.7001953125,5030.39990234375,4586.10009765625,1198.1099853515625,9790.099609375,11304.23046875,3079.219970703125,6239.39990234375
2005-06-13,,5050.39990234375,4599.2099609375,1200.8199462890625,9839.900390625,11311.509765625,3089.22998046875,6266.2001953125
2005-06-14,4228.7998046875,5046.7998046875,4591.68994140625,1203.9100341796875,9822.900390625,11335.919921875,3116.22998046875,6268.39990234375
2005-06-15,4246.5,5019.5,4548.419921875,1206.5799560546875,9866.599609375,11415.8798828125,3139.199951171875,6257.10009765625
2005-06-16,4262.7998046875,5045.0,4579.8701171875,1210.9599609375,9968.7001953125,11416.3798828125,3163.25,6257.7998046875
2005-06-17,4312.2001953125,5077.60009765625,4604.56982421875,1216.9599609375,9947.599609375,11514.0302734375,3181.010009765625,6263.5
2005-06-20,4305.60009765625,5072.0,4586.85986328125,1216.0999755859375,9998.099609375,11483.349609375,3168.050048828125,6236.7998046875
2005-06-21,4300.10009765625,5082.10009765625,4608.10986328125,1213.6099853515625,9939.2001953125,11488.740234375,3179.18994140625,6294.10009765625
2005-06-22,4277.89990234375,5099.2998046875,4619.60009765625,1213.8800048828125,10051.5,11547.2802734375,3177.679931640625,6286.89990234375
2005-06-23,4269.89990234375,5114.39990234375,4627.47998046875,1200.72998046875,9998.400390625,11576.75,3173.030029296875,6273.7001953125
2005-06-24,4245.60009765625,5079.0,4566.47998046875,1191.5699462890625,9996.2001953125,11537.0302734375,3137.669921875,6223.2001953125
2005-06-27,4231.2001953125,5043.5,4523.81982421875,1190.68994140625,9998.099609375,11414.2802734375,3163.989990234375,6191.10009765625
2005-06-28,4270.7998046875,5090.39990234375,4557.4599609375,1201.5699462890625,10041.0,11513.830078125,3191.18994140625,6208.60009765625
2005-06-29,4263.0,5109.10009765625,4583.6298828125,1199.8499755859375,10029.2998046875,11577.4404296875,3212.800048828125,6261.2001953125
2005-06-30,4277.5,5113.2001953125,4586.27978515625,1191.3299560546875,9902.7998046875,11584.009765625,3246.489990234375,6253.10009765625
2005-07-01,4272.60009765625,5161.0,4617.06982421875,1194.43994140625,,11630.1298828125,3235.35009765625,6279.7998046875
2005-07-04,4281.89990234375,5184.2998046875,4623.41015625,,9941.7998046875,11651.5498046875,,6283.60009765625
2005-07-05,4301.7998046875,5190.10009765625,4603.64990234375,1204.989990234375,10075.099609375,11616.7001953125,3267.320068359375,6282.7998046875
2005-07-06,4275.10009765625,5229.60009765625,4615.490234375,1194.93994140625,10111.900390625,11603.5302734375,3276.75,6309.0
2005-07-07,4234.0,5158.2998046875,4530.18017578125,1197.8699951171875,10121.0,11590.1396484375,3262.280029296875,6250.60009765625
2005-07-08,4229.2001953125,5232.2001953125,4597.97021484375,1211.8599853515625,10177.900390625,11565.990234375,3257.52001953125,6312.2001953125
2005-07-11,4264.10009765625,5242.39990234375,4663.3798828125,1219.43994140625,10217.7001953125,11674.7900390625,3292.0400390625,6357.2001953125
2005-07-12,4262.10009765625,5217.2001953125,4653.02978515625,1222.2099609375,10207.900390625,11692.1396484375,3307.669921875,6328.7001953125
2005-07-13,4280.2998046875,5245.89990234375,4679.89013671875,1223.2900390625,10203.599609375,11659.83984375,3323.679931640625,6393.7998046875
2005-07-14,4295.10009765625,5259.7001953125,4699.27001953125,1226.5,10124.900390625,11764.259765625,3321.22998046875,6449.2001953125
2005-07-15,4292.39990234375,5230.89990234375,4712.89990234375,1227.9200439453125,10149.0,11758.6796875,3325.27001953125,6459.89990234375
2005-07-18,4298.39990234375,5214.2001953125,4719.56982421875,1221.1300048828125,10163.0,,3334.10009765625,6464.5
2005-07-19,4276.2998046875,5201.60009765625,4770.5400390625,1229.3499755859375,10263.2001953125,11764.83984375,3307.840087890625,6482.10009765625
2005-07-20,4301.2001953125,5215.2001953125,4784.5,1235.199951171875,10329.599609375,11789.349609375,3319.739990234375,6510.7001953125
2005-07-21,4343.2001953125,5221.60009765625,4829.8701171875,1227.0400390625,10317.7001953125,11786.73046875,3310.3798828125,6492.0
2005-07-22,4371.10009765625,5241.7998046875,4836.89990234375,1233.6800537109375,10374.7998046875,11695.0498046875,3316.22998046875,6492.5
2005-07-25,4378.7998046875,5270.7001953125,4842.7001953125,1229.030029296875,10362.599609375,11762.650390625,3329.070068359375,6503.89990234375
2005-07-26,4380.5,5256.2001953125,4843.490234375,1231.1600341796875,10367.900390625,11737.9599609375,3348.22998046875,6521.0
2005-07-27,4386.7998046875,5263.60009765625,4855.35009765625,1236.7900390625,10500.7001953125,11835.080078125,3357.969970703125,6560.10009765625
2005-07-28,4367.7998046875,5270.2998046875,4892.5,1243.719970703125,10516.2001953125,11858.3095703125,3356.919921875,6612.39990234375
2005-07-29,4388.7998046875,5282.2998046875,4886.5,1234.1800537109375,10422.900390625,11899.599609375,3359.280029296875,6600.89990234375
2005-08-01,4378.0,5290.89990234375,4890.85009765625,1235.3499755859375,,11946.919921875,3372.8798828125,6609.39990234375
2005-08-02,4385.39990234375,5327.5,4932.8701171875,1244.1199951171875,10621.2001953125,11940.2001953125,3358.659912109375,6672.2001953125
2005-08-03,4369.10009765625,5332.2998046875,4923.1201171875,1245.0400390625,10598.7998046875,11981.7998046875,3349.06005859375,6658.10009765625
2005-08-04,4374.7998046875,5315.5,4874.06005859375,1235.8599853515625,10626.7001953125,11883.3095703125,3354.050048828125,6617.2998046875
2005-08-05,4377.2998046875,5314.7998046875,4827.18017578125,1226.4200439453125,10550.5,11766.48046875,3348.669921875,6607.7001953125
2005-08-08,4407.89990234375,5344.2998046875,4837.85986328125,1223.1300048828125,10614.400390625,11778.98046875,3343.39990234375,6634.2998046875
2005-08-09,4417.7998046875,5363.7001953125,4909.47998046875,1231.3800048828125,10585.900390625,11900.3203125,3339.699951171875,6638.89990234375
2005-08-10,4425.60009765625,5377.5,4990.56982421875,1229.1300048828125,10671.400390625,12098.080078125,3324.300048828125,6689.2001953125
2005-08-11,4460.2001953125,5358.60009765625,4953.93017578125,1237.81005859375,10699.900390625,12263.3203125,3330.419921875,6680.5
2005-08-12,4469.2001953125,5345.7998046875,4937.330078125,1230.3900146484375,10683.099609375,12261.6796875,3340.0,6647.5
2005-08-15,4459.5,5344.2001953125,4922.33984375,1233.8699951171875,10650.7001953125,12256.5498046875,3338.050048828125,6636.39990234375
2005-08-16,4481.2001953125,5322.39990234375,4883.81005859375,1219.3399658203125,10534.7998046875,12315.669921875,3356.93994140625,6634.60009765625
2005-08-17,4467.7998046875,5292.7001953125,4871.4599609375,1220.239990234375,10500.7001953125,12273.1201171875,3378.139892578125,6631.39990234375
2005-08-18,4442.89990234375,5269.2998046875,4851.27001953125,1219.02001953125,10391.2998046875,12307.3701171875,3366.530029296875,6596.39990234375
2005-08-19,4461.60009765625,5312.60009765625,4929.91015625,1219.7099609375,10502.099609375,12291.73046875,3356.580078125,6636.60009765625
2005-08-22,4499.2998046875,5318.39990234375,4941.68994140625,1221.72998046875,10525.5,12452.509765625,3384.699951171875,6623.2998046875
2005-08-23,4484.89990234375,5300.2001953125,4917.740234375,1217.5899658203125,10480.0,12472.9296875,3387.409912109375,6565.2998046875
2005-08-24,4446.39990234375,5275.2001953125,4915.9501953125,1209.5899658203125,10509.7001953125,12502.259765625,3376.260009765625,6537.0
2005-08-25,4424.5,5255.7001953125,4856.009765625,1212.3699951171875,10538.900390625,12405.16015625,3365.5400390625,6485.0
2005-08-26,4452.5,5228.10009765625,4783.7998046875,1205.0999755859375,10484.099609375,12439.48046875,3332.969970703125,6445.39990234375
2005-08-29,4396.7998046875,,4812.240234375,1212.280029296875,10558.400390625,12309.830078125,3329.260009765625,6463.7001953125
2005-08-30,4438.60009765625,5255.7998046875,4791.72021484375,1208.4100341796875,10573.099609375,12453.1396484375,3351.6201171875,6473.2001953125
2005-08-31,4446.7998046875,5296.89990234375,4829.68994140625,1220.3299560546875,10668.900390625,12413.599609375,3353.110107421875,6517.2001953125
2005-09-01,4497.7001953125,5328.5,4842.93994140625,1221.5899658203125,10813.2998046875,12506.9697265625,3367.77001953125,6553.60009765625
2005-09-02,4473.7001953125,5326.89990234375,4837.81005859375,1218.02001953125,10771.900390625,12600.0,3379.89990234375,6532.10009765625
2005-09-05,4455.39990234375,5337.7998046875,4909.89013671875,,,12634.8798828125,3373.719970703125,6543.39990234375
2005-09-06,4462.0,5359.2001953125,4968.27978515625,1233.3900146484375,10798.099609375,12599.4296875,3362.179931640625,6609.7998046875
2005-09-07,4492.0,5365.89990234375,4988.14013671875,1236.3599853515625,10810.099609375,12607.58984375,3366.909912109375,6684.7001953125
2005-09-08,4474.89990234375,5340.7998046875,4992.75,1231.6700439453125,10777.2001953125,12533.8896484375,3385.419921875,6681.7001953125
2005-09-09,4468.10009765625,5359.2998046875,5005.93017578125,1241.47998046875,10898.2001953125,12692.0400390625,3385.989990234375,6703.60009765625
2005-09-12,4471.7998046875,5375.10009765625,4989.97998046875,1240.56005859375,10885.2001953125,12896.4296875,3367.1201171875,6727.2001953125
2005-09-13,4495.10009765625,5338.0,4901.8798828125,1231.199951171875,10825.2001953125,12901.9501953125,3372.8701171875,6696.39990234375
2005-09-14,4518.2998046875,5347.39990234375,4911.169921875,1227.1600341796875,10932.400390625,12834.25,3405.639892578125,6731.60009765625
2005-09-15,4513.89990234375,5383.5,4905.97998046875,1227.72998046875,10966.2998046875,12986.7802734375,3415.68994140625,6752.7998046875
2005-09-16,4553.60009765625,5407.89990234375,4986.5,1237.9100341796875,10990.599609375,12958.6796875,3434.8798828125,6810.2998046875
2005-09-19,4551.2998046875,5429.7001953125,4926.1298828125,1231.02001953125,11024.7001953125,,3423.60009765625,6804.10009765625
2005-09-20,4580.89990234375,5416.39990234375,4962.85986328125,1221.3399658203125,10903.5,13148.5703125,3407.760009765625,6835.7001953125
2005-09-21,4552.39990234375,5369.7001953125,4875.22021484375,1210.199951171875,10957.099609375,13196.5703125,3426.570068359375,6761.0
2005-09-22,4561.7001953125,5385.7001953125,4849.009765625,1214.6199951171875,10870.7998046875,13159.3603515625,3405.1298828125,6735.7998046875
2005-09-23,4562.39990234375,5413.60009765625,4882.580078125,1215.2900390625,10904.2998046875,,3407.7900390625,6785.5
2005-09-26,4618.89990234375,5453.10009765625,4998.16015625,1215.6300048828125,11005.5,13392.6298828125,3412.570068359375,6852.2001953125
2005-09-27,4629.2001953125,5447.2998046875,4965.8798828125,1215.6600341796875,11067.2001953125,13310.0400390625,3431.929931640625,6852.0
2005-09-28,4627.60009765625,5494.7998046875,5048.740234375,1216.8900146484375,11042.2998046875,13435.91015625,3449.409912109375,6904.7998046875
2005-09-29,4671.7001953125,5478.2001953125,5021.169921875,1227.6800537109375,11018.5,13617.240234375,3444.72998046875,6860.39990234375
2005-09-30,4641.2001953125,5477.7001953125,5044.1201171875,1228.81005859375,11011.7998046875,13574.2998046875,3452.7900390625,6898.89990234375
2005-10-03,4642.39990234375,5501.60009765625,5082.06982421875,1226.699951171875,11081.2001953125,13525.2802734375,3458.1298828125,7005.60009765625
2005-10-04,4643.60009765625,5494.39990234375,5138.02001953125,1214.469970703125,10960.599609375,13738.83984375,3468.239990234375,7042.2998046875
2005-10-05,4543.5,5427.7998046875,5069.419921875,1196.3900146484375,10748.099609375,13689.8896484375,3446.419921875,7026.39990234375
2005-10-06,4447.2998046875,5372.39990234375,5017.27001953125,1191.489990234375,10562.2001953125,13359.509765625,3406.0,6939.2001953125
2005-10-07,4440.60009765625,5362.2998046875,5007.77001953125,1195.9000244140625,10612.2001953125,13227.740234375,3400.25,6947.0
2005-10-10,4469.10009765625,5374.60009765625,5022.7900390625,1187.3299560546875,,,3414.030029296875,6950.89990234375
2005-10-11,4428.7998046875,5380.7001953125,5032.4599609375,1184.8699951171875,10620.5,13556.7099609375,3404.85009765625,6965.7001953125
2005-10-12,4468.2001953125,5342.2001953125,4981.77001953125,1177.6800537109375,10493.099609375,13463.740234375,3417.989990234375,6919.0
2005-10-13,4431.0,5265.2001953125,4950.06982421875,1176.8399658203125,10429.7001953125,13449.240234375,3362.9599609375,6868.10009765625
2005-10-14,4406.10009765625,5275.0,4975.56005859375,1186.5699462890625,10488.7998046875,13420.5400390625,3351.6201171875,6871.2001953125
2005-10-17,4425.2998046875,5286.5,4978.830078125,1190.0999755859375,10553.400390625,13400.2900390625,3358.610107421875,6883.39990234375
2005-10-18,4459.2998046875,5263.89990234375,4947.18017578125,1178.1400146484375,10345.099609375,13352.240234375,3346.85009765625,6946.0
2005-10-19,4377.2001953125,5167.89990234375,4845.97998046875,1195.760009765625,10425.7998046875,13129.490234375,3301.47998046875,6820.39990234375
2005-10-20,4380.10009765625,5164.10009765625,4864.25,1177.800048828125,10190.7001953125,13190.4599609375,3288.969970703125,6885.39990234375
2005-10-21,4364.2998046875,5142.10009765625,4838.39990234375,1179.5899658203125,10290.900390625,13199.9501953125,3240.889892578125,6851.60009765625
2005-10-24,4357.2001953125,5207.60009765625,4901.7900390625,1199.3800048828125,10360.7998046875,13106.1796875,,6911.7998046875
2005-10-25,4390.7998046875,5182.10009765625,4872.97021484375,1196.5400390625,10363.7001953125,13280.6201171875,3267.969970703125,6939.7001953125
2005-10-26,4443.39990234375,5227.7998046875,4900.7900390625,1191.3800048828125,10283.7001953125,13395.01953125,3294.320068359375,6972.39990234375
2005-10-27,4433.0,5182.7998046875,4806.0498046875,1178.9000244140625,10245.5,13417.080078125,3286.9599609375,6919.60009765625
2005-10-28,4383.0,5213.39990234375,4825.64013671875,1198.4100341796875,10312.2998046875,13346.5400390625,3270.75,6874.89990234375
2005-10-31,4459.7001953125,5317.2998046875,4929.06982421875,1207.010009765625,10383.2998046875,13606.5,3293.159912109375,7036.60009765625
2005-11-01,4474.7001953125,5344.2998046875,4922.5498046875,1202.760009765625,10390.7998046875,13867.8603515625,3297.14990234375,7100.60009765625
2005-11-02,4456.2998046875,5358.60009765625,4954.830078125,1214.760009765625,10585.7001953125,13894.7802734375,3285.580078125,7117.39990234375
2005-11-03,4513.7001953125,5431.89990234375,5011.0,1219.93994140625,10672.599609375,,3323.43994140625,7211.0
2005-11-04,4519.5,5423.60009765625,4995.240234375,1220.1400146484375,10674.7998046875,14075.9599609375,3325.659912109375,7205.0
2005-11-07,4512.5,5460.7998046875,5024.2001953125,1222.81005859375,10681.2001953125,14061.599609375,3316.449951171875,7253.7001953125
2005-11-08,4554.5,5460.89990234375,5008.830078125,1218.5899658203125,10616.2001953125,14036.73046875,3324.18994140625,7257.5
2005-11-09,4526.10009765625,5439.7998046875,5011.3798828125,1220.6500244140625,10656.5,14072.2001953125,3302.0,7238.5
2005-11-10,4543.7001953125,5423.5,5015.5498046875,1230.9599609375,10565.2998046875,14080.8798828125,3281.56005859375,7243.10009765625
2005-11-11,4574.2998046875,5465.10009765625,5090.75,1234.719970703125,10669.400390625,14155.0595703125,3269.43994140625,7351.2998046875
2005-11-14,4608.39990234375,5470.0,5092.43017578125,1233.760009765625,10684.7001953125,14116.0400390625,3284.43994140625,7313.0
2005-11-15,4603.2001953125,5439.60009765625,5110.60986328125,1229.010009765625,10628.900390625,14091.76953125,3311.64990234375,7322.7001953125
2005-11-16,4621.10009765625,5430.0,5081.4599609375,1231.2099609375,10727.0,14170.8701171875,3334.760009765625,7268.5
2005-11-17,4629.10009765625,5460.0,5099.72021484375,1242.800048828125,10733.099609375,14411.7900390625,3324.6201171875,7329.89990234375
2005-11-18,4671.10009765625,5498.89990234375,5123.5,1248.27001953125,10722.099609375,14623.1201171875,3326.02001953125,7431.39990234375
2005-11-21,4654.2001953125,5497.89990234375,5170.60986328125,1254.8499755859375,10817.2998046875,14680.4296875,3333.97998046875,7452.2998046875
2005-11-22,4622.89990234375,5517.2001953125,5174.72021484375,1261.22998046875,10892.7998046875,14708.3203125,3327.35009765625,7467.7001953125
2005-11-23,4616.60009765625,5531.7001953125,5196.080078125,1265.6099853515625,10919.7998046875,,3307.969970703125,7495.10009765625
2005-11-24,4652.2998046875,5511.0,5187.97998046875,,11081.7998046875,14742.580078125,,7473.89990234375
2005-11-25,4648.7998046875,5523.7998046875,5194.27001953125,1268.25,11002.599609375,14784.2900390625,3324.22998046875,7498.7001953125
2005-11-28,4665.2998046875,5477.39990234375,5176.58984375,1257.4599609375,10939.2001953125,14986.9404296875,3310.43994140625,7427.5
2005-11-29,4639.0,5491.0,5199.47998046875,1257.47998046875,10942.599609375,14927.7001953125,3302.429931640625,7440.7001953125
2005-11-30,4634.7998046875,5423.2001953125,5193.39990234375,1249.47998046875,10824.099609375,14872.150390625,3317.77001953125,7407.5
2005-12-01,4580.10009765625,5486.10009765625,5266.5498046875,1264.6700439453125,10999.599609375,15130.5,3292.25,7536.89990234375
2005-12-02,4623.5,5528.10009765625,5307.990234375,1265.0799560546875,11005.2001953125,15421.599609375,3297.239990234375,7589.2998046875
2005-12-05,4624.60009765625,5510.39990234375,5266.85986328125,1262.0899658203125,11008.7998046875,15551.3095703125,3266.93994140625,7584.7998046875
2005-12-06,4616.0,5538.7998046875,5300.85009765625,1263.699951171875,11096.7998046875,15423.3798828125,3225.14990234375,7612.0
2005-12-07,4623.89990234375,5528.7998046875,5266.75,1257.3699951171875,11131.400390625,15484.66015625,3227.570068359375,7588.7998046875
2005-12-08,4578.0,5531.10009765625,5286.75,1255.8399658203125,11167.2001953125,15183.3603515625,3229.97998046875,7560.0
2005-12-09,4580.10009765625,5517.39990234375,5282.1298828125,1259.3699951171875,11132.0,15404.0498046875,3183.31005859375,7567.39990234375
2005-12-12,4611.89990234375,5501.5,5301.2099609375,1260.4300537109375,11099.2998046875,15738.7001953125,3185.280029296875,7567.5
2005-12-13,4587.10009765625,5507.2001953125,5310.27978515625,1267.4300537109375,11137.400390625,15778.8603515625,3196.719970703125,7577.39990234375
2005-12-14,4617.89990234375,5521.10009765625,5286.759765625,1272.739990234375,11095.7998046875,15464.580078125,3207.949951171875,7516.2998046875
2005-12-15,4627.89990234375,5495.2998046875,5295.81982421875,1270.93994140625,11092.7998046875,15254.4404296875,3234.669921875,7458.0
2005-12-16,4644.0,5531.60009765625,5353.66015625,1267.3199462890625,11136.599609375,15173.0703125,3281.89990234375,7491.0
2005-12-19,4655.39990234375,5539.7998046875,5350.18017578125,1259.9200439453125,11154.2998046875,15391.48046875,3317.0400390625,7532.89990234375
2005-12-20,4672.2998046875,5547.89990234375,5356.60009765625,1259.6199951171875,11180.599609375,15641.259765625,3319.320068359375,7516.7001953125
2005-12-21,4718.2001953125,5587.39990234375,5397.22998046875,1262.7900390625,11247.2998046875,15957.5703125,3318.52001953125,7547.5
2005-12-22,4707.7998046875,5597.0,5398.27978515625,1268.1199951171875,11255.400390625,15941.3701171875,3309.659912109375,7515.2001953125
2005-12-23,4727.7001953125,5595.5,5419.0498046875,1268.6600341796875,11245.400390625,,3316.110107421875,7497.7998046875
2005-12-26,,,,,,16107.669921875,,
2005-12-27,,,5444.83984375,1256.5400390625,,15969.400390625,,7548.7998046875
2005-12-28,4755.60009765625,5622.7998046875,5447.14990234375,1258.1700439453125,11261.2001953125,16194.6103515625,3344.7900390625,7559.10009765625
2005-12-29,4772.5,5638.2998046875,5458.580078125,1254.4200439453125,11296.2998046875,16344.2001953125,3357.429931640625,7620.0
2005-12-30,4763.39990234375,5618.7998046875,5408.259765625,1248.2900390625,11272.2998046875,16111.4296875,3370.510009765625,7583.89990234375
2006-01-02,,,5449.97998046875,,,,,
2006-01-03,4776.0,5681.5,5460.68017578125,1268.800048828125,11441.599609375,,,7628.60009765625
2006-01-04,4820.2998046875,5714.60009765625,5523.6201171875,1273.4599609375,11501.5,16361.5400390625,3374.4599609375,7723.7001953125
2006-01-05,4813.7001953125,5691.2001953125,5516.52978515625,1273.47998046875,11507.7001953125,16425.369140625,3375.97998046875,7703.2998046875
2006-01-06,4791.10009765625,5731.7998046875,5536.31982421875,1285.449951171875,11620.5,16428.2109375,3364.969970703125,7718.5
2006-01-09,4831.5,5731.5,5537.10986328125,1290.1500244140625,11565.2001953125,,3368.050048828125,7715.60009765625
2006-01-10,4816.7001953125,5688.7998046875,5494.7099609375,1289.68994140625,11597.599609375,16124.349609375,3381.050048828125,7663.7001953125
2006-01-11,4838.10009765625,5731.5,5532.89013671875,1294.1800537109375,11621.0,16363.58984375,3391.320068359375,7752.10009765625
2006-01-12,4836.89990234375,5735.2001953125,5542.1298828125,1286.06005859375,11595.2001953125,16445.189453125,3383.409912109375,7798.10009765625
2006-01-13,4836.7001953125,5711.0,5483.08984375,1287.6099853515625,11604.7998046875,16454.94921875,3364.739990234375,7802.5
2006-01-16,4836.39990234375,5740.2001953125,5514.64013671875,,11721.0,16268.0302734375,3351.570068359375,7835.7001953125
2006-01-17,4866.10009765625,5699.0,5460.16015625,1282.9300537109375,11689.599609375,15805.9501953125,3348.360107421875,7785.60009765625
2006-01-18,4786.89990234375,5663.7001953125,5395.60986328125,1277.9300537109375,11554.5,15341.1796875,3328.659912109375,7726.5
2006-01-19,4840.89990234375,5693.2001953125,5430.83984375,1285.0400390625,11693.0,15696.2802734375,3358.89990234375,7771.60009765625
2006-01-20,4854.39990234375,5672.39990234375,5349.02001953125,1261.489990234375,11605.7001953125,15696.6904296875,3341.969970703125,7697.5
2006-01-23,4812.10009765625,5660.89990234375,5348.72021484375,1263.8199462890625,11733.400390625,15360.650390625,3309.050048828125,7702.7001953125
2006-01-24,4824.7998046875,5633.7998046875,5334.2998046875,1266.8599853515625,11692.400390625,15648.8896484375,3318.929931640625,7692.60009765625
2006-01-25,4861.39990234375,5704.39990234375,5427.08984375,1264.6800537109375,11675.2001953125,15651.0,3324.679931640625,7682.7001953125
2006-01-26,,5722.60009765625,5548.91015625,1273.8299560546875,11737.400390625,15891.01953125,3328.18994140625,7749.39990234375
2006-01-27,4919.2998046875,5786.7998046875,5647.419921875,1283.719970703125,11856.7998046875,16460.6796875,3341.10009765625,7779.39990234375
2006-01-30,4943.39990234375,5779.7998046875,5660.02978515625,1285.18994140625,11947.5,16551.23046875,3341.679931640625,7789.2998046875
2006-01-31,4929.60009765625,5760.2998046875,5674.14990234375,1280.0799560546875,11945.599609375,16649.8203125,3350.64990234375,7810.89990234375
2006-02-01,4956.7001953125,5801.60009765625,5726.52978515625,1282.4599609375,11952.099609375,16480.08984375,3364.929931640625,7836.2001953125
2006-02-02,4905.10009765625,5747.2998046875,5649.60009765625,1270.8399658203125,11929.900390625,16710.55078125,3407.7099609375,7785.89990234375
2006-02-03,4883.7998046875,5759.2998046875,5657.1201171875,1264.030029296875,11937.599609375,16659.640625,3378.6298828125,7840.7998046875
2006-02-06,4915.60009765625,5772.39990234375,5666.77978515625,1265.02001953125,12080.5,16747.759765625,,7839.60009765625
2006-02-07,4905.39990234375,5746.7998046875,5672.919921875,1254.780029296875,11817.2998046875,16720.990234375,3372.4599609375,7837.2998046875
2006-02-08,4831.39990234375,5725.10009765625,5666.41015625,1265.6500244140625,11735.099609375,16272.6796875,3348.4599609375,7831.89990234375
2006-02-09,4877.60009765625,5808.7998046875,5743.68017578125,1263.780029296875,11709.2998046875,16439.669921875,3354.280029296875,7873.60009765625
2006-02-10,4871.5,5764.10009765625,5701.47021484375,1266.989990234375,11651.7001953125,16257.830078125,3347.889892578125,7861.60009765625
2006-02-13,4817.10009765625,5793.5,5756.330078125,1262.8599853515625,11519.5,15877.66015625,3348.050048828125,7889.2998046875
2006-02-14,4864.2001953125,5792.2998046875,5763.39990234375,1275.530029296875,11616.400390625,16184.8701171875,3340.429931640625,7882.39990234375
2006-02-15,4835.0,5791.5,5764.3701171875,1280.0,11557.2998046875,15932.830078125,3323.219970703125,7797.2001953125
2006-02-16,4820.60009765625,5828.89990234375,5789.25,1289.3800048828125,11704.2998046875,16043.669921875,3303.260009765625,7906.60009765625
2006-02-17,4799.89990234375,5846.2001953125,5795.47998046875,1287.239990234375,11758.0,15713.4501953125,3333.260009765625,7917.10009765625
2006-02-20,4835.5,5863.0,5793.9501953125,,11865.7998046875,15437.9296875,3369.9599609375,7950.2001953125
2006-02-21,4879.10009765625,5857.7001953125,5801.0400390625,1283.030029296875,11826.400390625,15894.9404296875,3368.429931640625,8002.60009765625
2006-02-22,4886.7001953125,5872.39990234375,5862.06005859375,1292.6700439453125,11800.2001953125,15781.7802734375,3410.030029296875,8040.5
2006-02-23,4913.2001953125,5836.0,5857.8798828125,1287.7900390625,11738.599609375,16096.099609375,3394.39990234375,7983.7998046875
2006-02-24,4893.39990234375,5860.5,5870.7900390625,1289.4300537109375,11810.599609375,16101.91015625,3377.840087890625,7954.2998046875
2006-02-27,4924.10009765625,5875.89990234375,5915.14990234375,1294.1199951171875,11706.5,16192.9501953125,3369.070068359375,7995.0
2006-02-28,4921.2998046875,5791.5,5796.0400390625,1280.6600341796875,11688.2998046875,16205.4296875,3404.929931640625,7892.60009765625
2006-03-01,4850.60009765625,5844.10009765625,5866.60986328125,1291.239990234375,11794.599609375,15964.4599609375,3397.090087890625,7980.39990234375
2006-03-02,4903.7998046875,5833.0,5783.490234375,1289.1400146484375,11906.900390625,15909.759765625,3407.330078125,7926.2001953125
2006-03-03,4898.5,5858.7001953125,5721.4599609375,1287.22998046875,11978.7001953125,15663.33984375,3407.550048828125,7916.0
2006-03-06,4903.89990234375,5897.7998046875,5754.06005859375,1278.260009765625,11883.2998046875,15901.16015625,3420.89990234375,7917.2001953125
2006-03-07,4879.7001953125,5857.39990234375,5739.27978515625,1275.8800048828125,11816.5,15726.01953125,3458.679931640625,7864.2998046875
2006-03-08,4873.0,5812.89990234375,5673.35986328125,1278.469970703125,11737.099609375,15627.490234375,3449.47998046875,7831.5
2006-03-09,4894.39990234375,5855.89990234375,5732.22021484375,1272.22998046875,11765.2998046875,16036.91015625,3462.669921875,7860.7001953125
2006-03-10,4888.10009765625,5907.89990234375,5804.919921875,1281.4200439453125,11833.599609375,16115.6298828125,3487.719970703125,7970.60009765625
2006-03-13,4951.2998046875,5952.7998046875,5855.16015625,1284.1300048828125,11906.7001953125,16361.509765625,3516.989990234375,8035.39990234375
2006-03-14,4932.2001953125,5950.60009765625,5870.8798828125,1297.47998046875,11973.2998046875,16238.3603515625,3579.159912109375,8034.2001953125
2006-03-15,4946.2998046875,5965.10009765625,5898.47998046875,1303.02001953125,12055.599609375,16319.0400390625,3571.25,8012.60009765625
2006-03-16,4977.89990234375,5993.2998046875,5897.7900390625,1305.3299560546875,12085.7001953125,16096.2099609375,3553.469970703125,8018.0
2006-03-17,4971.7001953125,5999.39990234375,5882.3798828125,1307.25,12000.7001953125,16339.73046875,3552.449951171875,8047.10009765625
2006-03-20,5000.39990234375,5991.7001953125,5902.7900390625,1305.0799560546875,11929.2998046875,16624.80078125,3547.469970703125,8059.39990234375
2006-03-21,4991.2998046875,5991.2998046875,5911.85986328125,1297.22998046875,11947.599609375,,3530.550048828125,8056.60009765625
2006-03-22,5013.39990234375,6007.5,5932.31005859375,1305.0400390625,11970.7001953125,16495.48046875,3561.7099609375,8064.0
2006-03-23,5035.2998046875,5990.10009765625,5947.10986328125,1301.6700439453125,12017.900390625,16489.369140625,3571.22998046875,8024.10009765625
2006-03-24,5040.10009765625,6036.2998046875,5973.14013671875,1302.949951171875,12111.099609375,16560.869140625,3580.7900390625,8045.10009765625
2006-03-27,5088.10009765625,5972.2001953125,5912.259765625,1301.6099853515625,12078.5,16650.099609375,3640.43994140625,7980.89990234375
2006-03-28,5085.7998046875,5935.7001953125,5890.6298828125,1293.22998046875,12048.7998046875,16690.240234375,3677.580078125,7972.89990234375
2006-03-29,5090.5,5959.2001953125,5914.77978515625,1302.8900146484375,12190.599609375,16938.41015625,3687.3701171875,7983.39990234375
2006-03-30,5115.0,6015.2998046875,5984.18994140625,1300.25,12207.0,17045.33984375,3695.1201171875,8035.2998046875
2006-03-31,5129.7001953125,5964.60009765625,5970.080078125,1294.8699951171875,12110.599609375,17059.66015625,3702.47998046875,8023.2998046875
2006-04-03,5180.5,6024.2998046875,6024.0498046875,1297.81005859375,12210.900390625,17333.310546875,3705.070068359375,8078.5
2006-04-04,5162.5,6004.7001953125,6013.85009765625,1305.9300537109375,12174.099609375,17292.91015625,3739.550048828125,8051.60009765625
2006-04-05,5207.0,6044.10009765625,6029.2001953125,1311.56005859375,12299.099609375,17243.98046875,3762.949951171875,8090.5
2006-04-06,5238.89990234375,6045.7001953125,6031.39013671875,1309.0400390625,12342.0,17489.330078125,3776.139892578125,8102.2998046875
2006-04-07,5232.89990234375,6026.10009765625,5952.919921875,1295.5,12241.2001953125,17563.369140625,3800.969970703125,8105.2001953125
2006-04-10,5192.2998046875,6067.0,6003.39990234375,1296.6199951171875,12289.7001953125,17456.580078125,3774.090087890625,8109.2998046875
2006-04-11,5233.5,6016.5,5908.47021484375,1286.5699462890625,12177.2998046875,17418.130859375,3759.699951171875,8029.10009765625
2006-04-12,5183.7001953125,6000.7998046875,5901.25,1288.1199951171875,12167.7001953125,17162.55078125,3762.56005859375,7976.60009765625
2006-04-13,5175.7001953125,6029.39990234375,5918.56982421875,1289.1199951171875,12248.599609375,17199.150390625,3734.679931640625,8007.2998046875
2006-04-14,,,,,,17233.8203125,,
2006-04-17,,,,1285.3299560546875,12309.0,17000.359375,,
2006-04-18,5248.60009765625,6044.10009765625,5902.580078125,1307.280029296875,12446.7998046875,17232.859375,3726.179931640625,7961.39990234375
2006-04-19,5283.89990234375,6089.7998046875,5993.759765625,1309.9300537109375,12487.2998046875,17350.119140625,3704.570068359375,8050.89990234375
2006-04-20,5276.89990234375,6081.39990234375,6063.27978515625,1311.4599609375,12313.7001953125,17317.529296875,3680.550048828125,8057.0
2006-04-21,5250.10009765625,6132.7001953125,6094.75,1311.280029296875,12437.2001953125,17403.9609375,3699.8798828125,8093.5
2006-04-24,5269.7998046875,6098.7001953125,6079.08984375,1308.1099853515625,12342.2001953125,16914.400390625,3710.110107421875,8076.2998046875
2006-04-25,,6086.60009765625,6078.7998046875,1301.739990234375,12329.7998046875,16970.2890625,,8041.0
2006-04-26,5327.2001953125,6104.2998046875,6107.1201171875,1305.4100341796875,12321.7001953125,17055.9296875,3760.409912109375,8071.10009765625
2006-04-27,5300.2001953125,6060.0,6067.740234375,1309.719970703125,12187.7001953125,17114.5390625,3777.89990234375,8080.10009765625
2006-04-28,5258.7998046875,6023.10009765625,6009.89013671875,1310.6099853515625,12204.2001953125,16906.23046875,3795.169921875,8047.2998046875
2006-05-01,5310.39990234375,,,1305.18994140625,12234.599609375,16925.7109375,3779.760009765625,
2006-05-02,5273.10009765625,6082.10009765625,6051.2900390625,1313.2099609375,12274.5,17153.76953125,3762.739990234375,8074.7001953125
2006-05-03,5273.5,6010.0,5968.9599609375,1308.1199951171875,12196.2001953125,,3766.659912109375,7964.60009765625
2006-05-04,5189.10009765625,6036.89990234375,6039.31982421875,1312.25,12125.900390625,,3693.2099609375,7965.39990234375
2006-05-05,5255.39990234375,6091.7001953125,6113.2900390625,1325.760009765625,12270.099609375,,3655.8798828125,8058.10009765625
2006-05-08,5324.0,6067.10009765625,6127.97998046875,1324.6600341796875,12294.2001953125,17291.669921875,3693.7099609375,8103.60009765625
2006-05-09,5325.7998046875,6105.60009765625,6140.72021484375,1325.1400146484375,12328.2001953125,17190.91015625,3716.02001953125,8122.10009765625
2006-05-10,5352.2001953125,6083.39990234375,6118.3798828125,1322.8499755859375,12316.2998046875,16951.9296875,3738.14990234375,8112.89990234375
2006-05-11,5364.5,6042.0,6054.72021484375,1305.9200439453125,12165.400390625,16862.140625,3720.820068359375,8097.2998046875
2006-05-12,5329.5,5912.10009765625,5916.27978515625,1291.239990234375,12038.099609375,16601.779296875,3680.889892578125,7954.10009765625
2006-05-15,5234.10009765625,5841.2998046875,5857.02978515625,1294.5,11831.7001953125,16486.91015625,3633.080078125,7853.89990234375
2006-05-16,5217.39990234375,5846.2001953125,5851.919921875,1292.0799560546875,11829.400390625,16158.419921875,3623.64990234375,7887.10009765625
2006-05-17,5217.5,5675.5,5652.72021484375,1270.3199462890625,11640.599609375,16307.669921875,3649.989990234375,7658.5
2006-05-18,5119.2998046875,5671.60009765625,5666.06982421875,1261.81005859375,11540.0,16087.1796875,3639.679931640625,7602.2998046875
2006-05-19,5100.89990234375,5657.39990234375,5672.27978515625,1267.030029296875,11545.7998046875,16155.4501953125,3679.18994140625,7614.2998046875
2006-05-22,5030.7998046875,5532.7001953125,5546.240234375,1262.0699462890625,,15857.8701171875,3653.530029296875,7430.2001953125
2006-05-23,5013.7998046875,5678.7001953125,5678.490234375,1256.5799560546875,11539.900390625,15599.2001953125,3593.1298828125,7572.5
2006-05-24,5037.7001953125,5587.10009765625,5587.22998046875,1258.5699462890625,11423.900390625,15907.2001953125,3618.550048828125,7481.2998046875
2006-05-25,4976.7998046875,5677.7001953125,5706.06005859375,1272.8800048828125,11653.0,15693.75,3580.60009765625,
2006-05-26,5053.7001953125,5791.0,5788.35986328125,1280.1600341796875,11762.7998046875,15970.759765625,3599.429931640625,7679.5
2006-05-29,5109.5,,5755.02001953125,,11845.5,15915.6796875,3625.909912109375,7688.10009765625
2006-05-30,5105.39990234375,5652.0,5622.43017578125,1259.8699951171875,11705.400390625,15859.4501953125,3617.030029296875,7533.2998046875
2006-05-31,5001.7001953125,5723.7998046875,5692.85986328125,1270.0899658203125,11744.5,15467.330078125,3613.590087890625,7604.39990234375
2006-06-01,5060.60009765625,5749.7001953125,5707.58984375,1285.7099609375,11847.0,15503.740234375,3607.840087890625,7617.2998046875
2006-06-02,5077.2001953125,5764.60009765625,5687.0400390625,1288.219970703125,11898.7001953125,15789.3095703125,3639.14990234375,7665.10009765625
2006-06-05,5120.0,5762.10009765625,5621.18994140625,1265.2900390625,11699.5,15668.3095703125,,
2006-06-06,5036.10009765625,5669.7998046875,5502.81005859375,1263.8499755859375,11666.099609375,15384.8603515625,3600.580078125,7497.0
2006-06-07,5025.5,5706.2998046875,5543.93017578125,1256.1500244140625,11475.400390625,15096.009765625,3653.68994140625,7549.7998046875
2006-06-08,4907.2001953125,5562.89990234375,5383.27978515625,1257.9300537109375,11415.5,14633.0302734375,3645.989990234375,7344.2998046875
2006-06-09,4966.0,5655.2001953125,5464.080078125,1252.300048828125,11390.7001953125,14750.83984375,3618.0,7434.60009765625
2006-06-12,,5620.89990234375,5395.5498046875,1237.43994140625,11197.599609375,14833.009765625,3613.030029296875,7332.7001953125
2006-06-13,4838.89990234375,5519.60009765625,5292.14013671875,1223.68994140625,10904.2998046875,14218.599609375,3600.52001953125,7154.89990234375
2006-06-14,4850.7998046875,5506.7998046875,5305.990234375,1230.0400390625,10960.7001953125,14309.5595703125,3563.25,7171.0
2006-06-15,4869.7001953125,5619.2998046875,5422.22021484375,1256.1600341796875,11213.2001953125,14470.759765625,3529.199951171875,7324.39990234375
2006-06-16,4969.0,5597.39990234375,5376.009765625,1251.5400390625,11208.0,14879.33984375,3558.8701171875,7294.5
2006-06-19,4901.2001953125,5626.10009765625,5439.22998046875,1240.1300048828125,11007.599609375,14860.349609375,3564.510009765625,7364.0
2006-06-20,4861.39990234375,5658.2001953125,5493.60986328125,1240.1199951171875,10995.5,14648.41015625,3546.550048828125,7397.89990234375
2006-06-21,4918.89990234375,5665.0,5503.41015625,1252.199951171875,11112.7998046875,14644.259765625,3541.3798828125,7427.10009765625
2006-06-22,5010.7998046875,5684.10009765625,5533.419921875,1245.5999755859375,11130.2001953125,15135.6904296875,3584.830078125,7483.2998046875
2006-06-23,4964.89990234375,5692.10009765625,5529.740234375,1244.5,11249.0,15124.0400390625,3583.89990234375,7485.7998046875
2006-06-26,4965.0,5681.2001953125,5514.6298828125,1250.56005859375,11372.2001953125,15152.400390625,3587.860107421875,7463.60009765625
2006-06-27,4999.2001953125,5652.2998046875,5459.14990234375,1239.199951171875,11293.2001953125,15171.8095703125,3613.419921875,7406.7998046875
2006-06-28,4946.7998046875,5678.60009765625,5456.8701171875,1246.0,11332.2998046875,14886.1103515625,3574.320068359375,7431.89990234375
2006-06-29,4997.2001953125,5791.5,5581.669921875,1272.8699951171875,11520.900390625,15121.150390625,3581.85009765625,7541.10009765625
2006-06-30,5073.89990234375,5833.39990234375,5683.31005859375,1270.199951171875,11612.900390625,15505.1796875,3585.8701171875,7652.10009765625
2006-07-03,5092.2001953125,5884.39990234375,5712.68994140625,1280.18994140625,,15571.6201171875,3598.14990234375,7720.7001953125
2006-07-04,5104.7001953125,5883.5,5729.009765625,,11733.2001953125,15638.5,3597.7900390625,7727.7998046875
2006-07-05,5096.89990234375,5826.7001953125,5625.6298828125,1270.9100341796875,11626.400390625,15523.9404296875,3604.739990234375,7659.2001953125
2006-07-06,5120.2998046875,5890.0,5695.47021484375,1274.0799560546875,11602.0,15321.400390625,3603.330078125,7704.60009765625
2006-07-07,5135.2998046875,5888.89990234375,5681.85009765625,1265.47998046875,11631.900390625,15307.6103515625,3642.280029296875,7655.2001953125
2006-07-10,5142.7998046875,5896.89990234375,5706.31982421875,1267.3399658203125,11654.7001953125,15552.8095703125,3651.239990234375,7704.39990234375
2006-07-11,5107.2001953125,5857.2998046875,5616.0400390625,1272.4300537109375,11793.0,15473.8203125,3663.14990234375,7669.39990234375
2006-07-12,5128.2998046875,5860.60009765625,5637.81982421875,1258.5999755859375,11771.099609375,15249.3203125,3669.780029296875,7707.0
2006-07-13,5084.60009765625,5765.0,5527.2900390625,1242.280029296875,11601.900390625,15097.9501953125,3666.22998046875,7588.0
2006-07-14,4966.10009765625,5707.60009765625,5422.22021484375,1236.199951171875,11630.0,14845.240234375,3619.43994140625,7506.7998046875
2006-07-17,4956.2001953125,5701.0,5416.9599609375,1234.489990234375,11480.599609375,,3590.7099609375,7501.2998046875
2006-07-18,4923.2998046875,5681.7001953125,5396.85009765625,1236.8599853515625,11471.7001953125,14437.240234375,3558.9599609375,7461.2998046875
2006-07-19,4900.10009765625,5778.0,5539.2900390625,1259.81005859375,11619.599609375,14500.259765625,3532.179931640625,7603.60009765625
2006-07-20,4996.5,5770.89990234375,5545.81982421875,1249.1300048828125,11465.5,14946.83984375,3541.659912109375,7659.60009765625
2006-07-21,4960.60009765625,5719.7001953125,5451.009765625,1240.2900390625,11418.2998046875,14821.259765625,3535.4599609375,7618.10009765625
2006-07-24,4934.39990234375,5833.89990234375,5578.0498046875,1260.9100341796875,11625.2001953125,14794.5,3525.919921875,7780.2998046875
2006-07-25,4992.39990234375,5851.2001953125,5565.759765625,1268.8800048828125,11754.599609375,15005.240234375,3548.550048828125,7784.7998046875
2006-07-26,4935.7001953125,5877.10009765625,5583.10009765625,1268.4000244140625,11879.599609375,14884.0703125,3547.530029296875,7815.10009765625
2006-07-27,5007.7998046875,5929.5,5659.06982421875,1263.199951171875,11758.900390625,15179.7802734375,3559.8701171875,7856.5
2006-07-28,4958.2998046875,5974.89990234375,5705.419921875,1278.550048828125,11823.7001953125,15342.8701171875,3553.449951171875,7946.5
2006-07-31,4986.0,5928.2998046875,5681.97021484375,1276.6600341796875,11831.0,15456.8095703125,3580.56005859375,7941.7998046875
2006-08-01,4981.2998046875,5880.7998046875,5596.740234375,1270.9200439453125,11907.7001953125,15440.91015625,3578.1298828125,
2006-08-02,4931.5,5932.10009765625,5680.81982421875,1277.4100341796875,11969.900390625,15464.2900390625,3563.510009765625,7905.2001953125
2006-08-03,4997.5,5838.39990234375,5640.02978515625,1280.27001953125,11936.7001953125,15470.3701171875,3583.010009765625,7810.0
2006-08-04,4956.10009765625,5889.39990234375,5723.02978515625,1279.3599853515625,11936.7001953125,15499.1796875,3570.3798828125,7891.0
2006-08-07,4961.7998046875,5828.7998046875,5626.669921875,1275.77001953125,,15154.0595703125,3549.840087890625,7790.7998046875
2006-08-08,5024.7998046875,5818.10009765625,5651.919921875,1271.47998046875,11998.2001953125,15464.66015625,3565.3701171875,7793.2998046875
2006-08-09,4962.0,5860.5,5702.81005859375,1265.949951171875,12008.2001953125,15656.58984375,3537.030029296875,7882.89990234375
2006-08-10,4953.2001953125,5823.39990234375,5630.9599609375,1271.81005859375,11959.099609375,15630.91015625,3514.0400390625,7844.2001953125
2006-08-11,4949.2001953125,5820.10009765625,5628.3701171875,1266.739990234375,11944.900390625,15565.01953125,3506.389892578125,7858.60009765625
2006-08-14,4971.2998046875,5870.89990234375,5692.0,1268.2099609375,11850.2001953125,15857.1103515625,3486.909912109375,7925.10009765625
2006-08-15,4936.0,5897.89990234375,5776.7998046875,1285.5799560546875,11977.2001953125,15816.1904296875,3492.22998046875,8055.2998046875
2006-08-16,4961.89990234375,5896.60009765625,5812.93994140625,1295.4300537109375,12030.2998046875,16071.3603515625,3495.35009765625,8089.7001953125
2006-08-17,5055.89990234375,5900.39990234375,5833.509765625,1297.47998046875,12056.0,16020.83984375,3484.409912109375,8112.7998046875
2006-08-18,5052.5,5903.39990234375,5817.02001953125,1302.300048828125,12044.7998046875,16105.98046875,3468.260009765625,8084.2001953125
2006-08-21,5063.60009765625,5915.2001953125,5794.830078125,1297.52001953125,12136.900390625,15969.0400390625,3424.389892578125,8057.60009765625
2006-08-22,5076.2001953125,5902.60009765625,5818.41015625,1298.8199462890625,12201.2001953125,16181.169921875,3426.780029296875,8080.60009765625
2006-08-23,5082.2998046875,5860.0,5775.5400390625,1292.989990234375,12195.099609375,16163.0302734375,3460.080078125,8078.7001953125
2006-08-24,4987.7998046875,5869.10009765625,5814.080078125,1296.06005859375,12132.2998046875,15960.6201171875,3468.8701171875,8099.0
2006-08-25,5023.60009765625,5878.60009765625,5811.47021484375,1295.0899658203125,12119.7998046875,15938.66015625,3484.419921875,8102.5
2006-08-28,5024.2001953125,,5854.990234375,1301.780029296875,12167.400390625,15762.58984375,3470.60009765625,8118.60009765625
2006-08-29,5067.60009765625,5888.2998046875,5847.02001953125,1304.280029296875,12060.5,15890.5595703125,3496.60009765625,8165.60009765625
2006-08-30,5067.2998046875,5929.2998046875,5867.52978515625,1305.3699951171875,12068.400390625,15872.01953125,3497.840087890625,8183.39990234375
2006-08-31,5115.39990234375,5906.10009765625,5859.56982421875,1303.8199462890625,12073.7998046875,16140.759765625,3510.27001953125,8168.0
2006-09-01,5097.10009765625,5949.2001953125,5876.5400390625,1311.010009765625,12145.099609375,16134.25,3514.4599609375,8189.10009765625
2006-09-04,5129.2001953125,5986.60009765625,5909.72021484375,,,16358.0703125,3532.050048828125,8230.2001953125
2006-09-05,5150.60009765625,5981.7001953125,5884.06982421875,1313.25,12198.599609375,16385.9609375,3551.8798828125,8226.2001953125
2006-09-06,5113.7998046875,5929.2998046875,5813.06005859375,1300.260009765625,11999.7001953125,16284.08984375,3535.97998046875,8172.7998046875
2006-09-07,5108.7001953125,5858.10009765625,5773.72021484375,1294.02001953125,11895.0,16012.41015625,3535.760009765625,8126.10009765625
2006-09-08,5098.2998046875,5879.2998046875,5795.259765625,1298.9200439453125,11869.599609375,16080.4599609375,3535.419921875,8167.0
2006-09-11,5026.0,5850.7998046875,5798.4599609375,1299.5400390625,11656.599609375,15794.3798828125,3532.340087890625,8094.10009765625
2006-09-12,4974.39990234375,5895.5,5873.85009765625,1313.0,11678.900390625,15719.33984375,3521.080078125,8195.099609375
2006-09-13,5017.2001953125,5892.2001953125,5906.1201171875,1318.0699462890625,11777.2001953125,15750.0498046875,3525.300048828125,8215.7001953125
2006-09-14,5070.39990234375,5877.2001953125,5907.3701171875,1316.280029296875,11648.7001953125,15942.3896484375,3516.199951171875,8181.7998046875
2006-09-15,5036.39990234375,5877.0,5937.8701171875,1319.6600341796875,11656.0,15866.9296875,3537.93994140625,8229.2998046875
2006-09-18,5072.7998046875,5890.2998046875,5926.330078125,1321.1800537109375,11763.599609375,,3547.239990234375,8257.7998046875
2006-09-19,5056.7998046875,5831.7998046875,5873.4599609375,1317.6400146484375,11701.7001953125,15874.2802734375,3550.0400390625,8232.099609375
2006-09-20,4998.5,5866.2001953125,5954.3798828125,1325.1800537109375,11635.400390625,15718.669921875,3517.6298828125,8342.400390625
2006-09-21,4995.89990234375,5896.7001953125,5962.02978515625,1318.030029296875,11627.7001953125,15834.23046875,3532.610107421875,8373.599609375
2006-09-22,4983.2001953125,5822.2998046875,5883.31982421875,1314.780029296875,11581.599609375,15634.669921875,3506.85009765625,8294.5
2006-09-25,4986.2998046875,5798.2998046875,5901.66015625,1326.3699951171875,11582.7001953125,15633.8095703125,3496.919921875,8270.5
2006-09-26,4989.60009765625,5873.60009765625,5960.6298828125,1336.3499755859375,11642.400390625,15557.4501953125,3515.739990234375,8382.7998046875
2006-09-27,5093.2001953125,5930.10009765625,5989.7099609375,1336.5899658203125,11751.599609375,15947.8701171875,3561.7099609375,8413.099609375
2006-09-28,5113.89990234375,5971.2998046875,5989.16015625,1338.8800048828125,11817.400390625,16024.849609375,3574.22998046875,8416.7001953125
2006-09-29,5154.10009765625,5960.7998046875,6004.330078125,1335.8499755859375,11761.2998046875,16127.580078125,3589.340087890625,8425.900390625
2006-10-02,5178.7998046875,5957.7998046875,5999.4599609375,1331.3199462890625,11787.400390625,16254.2900390625,3603.699951171875,8381.2001953125
2006-10-03,5184.2998046875,5937.10009765625,5992.22021484375,1334.1099853515625,11526.099609375,16242.08984375,3602.070068359375,8390.2001953125
2006-10-04,5142.7001953125,5966.5,6046.3701171875,1350.199951171875,11618.099609375,16082.5498046875,3593.389892578125,8448.900390625
2006-10-05,5219.2998046875,6004.5,6075.27978515625,1353.219970703125,11750.0,16449.330078125,3595.699951171875,8511.0
2006-10-06,5220.7001953125,6001.2001953125,6085.81982421875,1349.5899658203125,11690.900390625,16436.060546875,3592.489990234375,8521.2001953125
2006-10-09,5199.10009765625,6030.89990234375,6084.39990234375,1350.6600341796875,,,3596.219970703125,8548.900390625
2006-10-10,5248.60009765625,6072.7001953125,6117.7099609375,1353.4200439453125,11755.2001953125,16477.25,3596.10009765625,8627.2001953125
2006-10-11,5282.7998046875,6073.5,6119.4501953125,1349.949951171875,11619.099609375,16400.5703125,3614.239990234375,8638.0
2006-10-12,5259.39990234375,6121.2998046875,6160.27978515625,1362.8299560546875,11719.099609375,16368.8095703125,3622.989990234375,8673.7001953125
2006-10-13,5290.0,6157.2998046875,6173.68017578125,1365.6199951171875,11908.599609375,16536.5390625,3646.580078125,8651.099609375
2006-10-16,5311.0,6172.39990234375,6186.5400390625,1369.06005859375,12061.5,16692.759765625,3663.010009765625,8632.099609375
2006-10-17,5281.2998046875,6108.60009765625,6115.10009765625,1364.050048828125,11996.599609375,16611.58984375,3675.4599609375,8535.2998046875
2006-10-18,5313.2001953125,6150.39990234375,6182.77978515625,1365.800048828125,11966.0,16653.0,3664.909912109375,8620.2001953125
2006-10-19,5285.2998046875,6156.0,6177.419921875,1366.9599609375,12060.599609375,16551.359375,3673.22998046875,8620.7001953125
2006-10-20,5335.39990234375,6155.2001953125,6202.81982421875,1368.5999755859375,12035.599609375,16651.630859375,3668.260009765625,8643.0
2006-10-23,5333.5,6166.10009765625,6242.91015625,1377.02001953125,12119.2001953125,16788.8203125,,8697.599609375
2006-10-24,5317.10009765625,6182.5,6247.52001953125,1377.3800048828125,12195.5,16780.470703125,3662.02001953125,8662.7001953125
2006-10-25,5352.2998046875,6214.60009765625,6264.919921875,1382.219970703125,12341.7001953125,16699.30078125,3667.010009765625,8682.5
2006-10-26,5389.7001953125,6184.7998046875,6284.18994140625,1389.0799560546875,12335.7001953125,16811.599609375,3705.43994140625,8673.7998046875
2006-10-27,5358.5,6160.89990234375,6262.5400390625,1377.3399658203125,12268.900390625,16669.0703125,3719.7099609375,8695.400390625
2006-10-30,5399.39990234375,6126.7998046875,6258.18994140625,1377.9300537109375,12274.400390625,16351.849609375,3754.830078125,8652.400390625
2006-10-31,5384.39990234375,6129.2001953125,6268.919921875,1377.93994140625,12344.599609375,16399.390625,3784.5,8569.7001953125
2006-11-01,5416.39990234375,6149.60009765625,6291.89990234375,1367.81005859375,12050.400390625,16375.259765625,3795.75,8613.0
2006-11-02,,6149.2998046875,6223.330078125,1367.3399658203125,12130.7001953125,16350.01953125,3758.010009765625,8645.7001953125
2006-11-03,5432.0,6148.10009765625,6241.14990234375,1364.300048828125,12239.0,,3778.409912109375,8698.5
2006-11-06,5444.10009765625,6224.5,6330.64990234375,1379.780029296875,12333.2998046875,16364.759765625,3789.31005859375,8798.5
2006-11-07,5491.60009765625,6244.0,6361.9599609375,1382.8399658203125,12310.2001953125,16393.41015625,3811.47998046875,8835.599609375
2006-11-08,5459.2001953125,6239.0,6349.259765625,1385.719970703125,12378.2001953125,16215.740234375,3818.25,8776.7001953125
2006-11-09,5429.0,6231.5,6358.68017578125,1378.3299560546875,12410.2001953125,16198.5703125,3823.010009765625,8764.2001953125
2006-11-10,5436.7001953125,6208.39990234375,6357.77001953125,1380.9000244140625,12340.5,16112.4296875,3830.85009765625,8735.7998046875
2006-11-13,5418.39990234375,6194.2001953125,6393.72998046875,1384.4200439453125,12309.400390625,16022.490234375,3818.469970703125,8752.099609375
2006-11-14,5435.60009765625,6186.60009765625,6387.3798828125,1393.219970703125,12279.599609375,16289.5498046875,3840.699951171875,8733.7998046875
2006-11-15,5429.89990234375,6229.7998046875,6430.89013671875,1396.5699462890625,12425.400390625,16243.4697265625,3834.43994140625,8791.2001953125
2006-11-16,5392.60009765625,6254.89990234375,6443.02001953125,1399.760009765625,12365.900390625,16163.8701171875,3813.56005859375,8789.400390625
2006-11-17,5419.7001953125,6192.0,6412.35986328125,1401.199951171875,12372.900390625,16091.73046875,3816.22998046875,8745.7998046875
2006-11-20,5322.39990234375,6204.5,6452.330078125,1400.5,12416.599609375,15725.9404296875,3809.2099609375,8760.0
2006-11-21,5358.0,6202.60009765625,6460.39013671875,1402.81005859375,12602.2998046875,15734.1396484375,3821.18994140625,8774.599609375
2006-11-22,5445.7001953125,6160.2998046875,6476.1298828125,1406.0899658203125,12557.0,15914.23046875,3817.610107421875,8778.5
2006-11-23,5466.89990234375,6140.0,6475.25,,12644.900390625,,3857.0,8751.2998046875
2006-11-24,5453.60009765625,6122.10009765625,6411.9599609375,1400.949951171875,12631.099609375,15734.599609375,3849.35009765625,8641.5
2006-11-27,5452.2001953125,6050.10009765625,6298.169921875,1381.9599609375,12542.5,15885.3798828125,3831.699951171875,8517.2998046875
2006-11-28,5384.2998046875,6025.89990234375,6281.68017578125,1386.719970703125,12530.900390625,15855.259765625,3832.550048828125,8462.2001953125
2006-11-29,5452.60009765625,6084.39990234375,6363.7998046875,1399.47998046875,12668.2001953125,16076.2001953125,3841.18994140625,8569.900390625
2006-11-30,5482.10009765625,6048.89990234375,6309.18994140625,1400.6300048828125,12752.400390625,16274.330078125,3863.7099609375,8484.599609375
2006-12-01,5427.89990234375,6021.5,6241.1298828125,1396.7099609375,12754.7998046875,16321.7802734375,3854.409912109375,8420.2998046875
2006-12-04,5424.89990234375,6050.39990234375,6295.22998046875,1409.1199951171875,12848.7001953125,16303.58984375,3835.0400390625,8479.400390625
2006-12-05,5426.5,6086.39990234375,6372.7998046875,1414.760009765625,12895.900390625,16265.759765625,3849.06005859375,8452.099609375
2006-12-06,5466.7001953125,6090.39990234375,6369.509765625,1412.9000244140625,12889.7998046875,16371.2802734375,3855.02001953125,8509.900390625
2006-12-07,5465.2001953125,6131.5,6413.02978515625,1407.2900390625,12915.7001953125,16473.359375,3853.469970703125,8570.900390625
2006-12-08,5425.7998046875,6152.39990234375,6427.41015625,1409.8399658203125,12899.599609375,16417.8203125,3888.719970703125,8540.900390625
2006-12-11,5469.7001953125,6159.7998046875,6469.419921875,1413.0400390625,12878.2001953125,16527.990234375,3887.35009765625,8594.0
2006-12-12,5473.60009765625,6156.39990234375,6476.169921875,1411.56005859375,12858.5,16637.779296875,3928.110107421875,8670.099609375
2006-12-13,5488.2001953125,6192.5,6520.77001953125,1413.2099609375,12910.2998046875,16692.9296875,3945.97998046875,8678.5
2006-12-14,5573.10009765625,6228.0,6552.580078125,1425.489990234375,13021.7998046875,16829.19921875,3967.840087890625,8776.599609375
2006-12-15,5575.39990234375,6260.0,6588.830078125,1427.0899658203125,12866.2998046875,16914.310546875,3992.570068359375,8786.900390625
2006-12-18,5591.5,6247.39990234375,6597.25,1422.47998046875,12785.2001953125,16962.109375,3991.889892578125,8824.2998046875
2006-12-19,5559.7001953125,6204.0,6553.509765625,1425.550048828125,12781.5,16776.880859375,3980.5,8763.099609375
2006-12-20,5607.7998046875,6198.60009765625,6586.91015625,1423.530029296875,12783.0,17011.0390625,4004.9599609375,8770.7998046875
2006-12-21,5583.5,6183.7001953125,6573.9599609375,1418.300048828125,12737.2001953125,17047.830078125,4028.68994140625,8775.400390625
2006-12-22,5603.7001953125,6190.0,6503.1298828125,1410.760009765625,12718.2001953125,17104.9609375,4019.199951171875,8726.7001953125
2006-12-25,,,,,,17092.890625,,
2006-12-26,,,,1416.9000244140625,,17169.189453125,,
2006-12-27,5643.2001953125,6245.2001953125,6608.85986328125,1426.8399658203125,12852.599609375,17223.150390625,4032.070068359375,8822.2001953125
2006-12-28,5660.5,6241.0,6611.81005859375,1424.72998046875,12909.5,17224.810546875,4047.2900390625,8803.2998046875
2006-12-29,5669.89990234375,6220.7998046875,6596.919921875,1418.300048828125,12908.400390625,17225.830078125,4055.469970703125,8785.7001953125
2007-01-02,5670.2001953125,6310.89990234375,6681.1298828125,,12923.7001953125,,,
2007-01-03,5649.39990234375,6319.0,6691.31982421875,1416.5999755859375,12701.400390625,,4049.5,8920.2001953125
2007-01-04,5584.7998046875,6287.0,6674.39990234375,1418.3399658203125,12553.599609375,17353.669921875,4028.9599609375,8925.2001953125
2007-01-05,5572.0,6220.10009765625,6593.08984375,1409.7099609375,12478.0,17091.58984375,4035.260009765625,8900.2001953125
2007-01-08,5502.0,6194.2001953125,6607.58984375,1412.8399658203125,12553.099609375,,4028.590087890625,8850.2998046875
2007-01-09,5589.7001953125,6196.10009765625,6614.3701171875,1412.1099853515625,12468.0,17237.76953125,4052.64990234375,8874.0
2007-01-10,5520.89990234375,6160.7001953125,6566.56005859375,1414.8499755859375,12457.599609375,16942.400390625,4064.080078125,8861.599609375
2007-01-11,5564.89990234375,6230.10009765625,6687.2998046875,1423.8199462890625,12519.900390625,16838.169921875,4049.64990234375,8987.900390625
2007-01-12,5638.7998046875,6239.0,6705.169921875,1430.72998046875,12678.7998046875,17057.009765625,4051.840087890625,9032.7998046875
2007-01-15,5673.7998046875,6263.5,6731.740234375,,12755.400390625,17209.919921875,4085.610107421875,9101.7001953125
2007-01-16,5673.39990234375,6215.7001953125,6716.81982421875,1431.9000244140625,12720.2998046875,17202.4609375,4067.139892578125,9073.0
2007-01-17,5646.10009765625,6204.5,6701.7001953125,1430.6199951171875,12730.400390625,17261.349609375,4073.330078125,9104.599609375
2007-01-18,5672.39990234375,6210.2998046875,6689.6201171875,1426.3699951171875,12640.7001953125,17370.9296875,4096.33984375,9099.2998046875
2007-01-19,5673.10009765625,6237.2001953125,6747.169921875,1430.5,12719.0,17310.439453125,4091.110107421875,9155.099609375
2007-01-22,5726.60009765625,6218.39990234375,6687.31005859375,1422.949951171875,12705.7998046875,17424.1796875,4121.08984375,9102.2001953125
2007-01-23,5735.0,6227.60009765625,6678.93017578125,1427.989990234375,12910.900390625,17408.5703125,4131.1298828125,9105.5
2007-01-24,5768.7998046875,6314.7998046875,6748.3701171875,1440.1300048828125,13010.7001953125,17507.400390625,4138.18994140625,9153.099609375
2007-01-25,5769.89990234375,6269.2998046875,6719.580078125,1423.9000244140625,12927.2998046875,17458.30078125,4135.56005859375,9134.099609375
2007-01-26,,6228.0,6690.33984375,1422.1800537109375,12979.2998046875,17421.9296875,4120.85986328125,9041.099609375
2007-01-29,5760.39990234375,6239.89990234375,6726.009765625,1420.6199951171875,12946.0,17470.4609375,4136.33984375,9110.7998046875
2007-01-30,5812.5,6242.0,6788.22998046875,1428.8199462890625,13014.599609375,17490.189453125,4128.02978515625,9147.0
2007-01-31,5773.39990234375,6203.10009765625,6789.10986328125,1438.239990234375,13034.099609375,17383.419921875,4152.97998046875,9135.099609375
2007-02-01,5814.10009765625,6282.2001953125,6851.27978515625,1445.93994140625,13144.7001953125,17519.5,4144.2001953125,9217.900390625
2007-02-02,5831.5,6310.89990234375,6885.759765625,1448.3900146484375,13111.599609375,17547.109375,4144.39990234375,9260.5
2007-02-05,5822.10009765625,6317.89990234375,6874.06005859375,1446.989990234375,13166.7001953125,17344.80078125,4148.580078125,9257.900390625
2007-02-06,5870.5,6346.2998046875,6875.7001953125,1448.0,13183.2998046875,17406.859375,,9266.2001953125
2007-02-07,5899.7998046875,6369.5,6915.56005859375,1450.02001953125,13142.2998046875,17292.3203125,4211.60986328125,9288.2001953125
2007-02-08,5899.5,6346.39990234375,6876.72998046875,1448.31005859375,13184.2998046875,17292.48046875,4185.490234375,9229.2998046875
2007-02-09,5927.2001953125,6382.7998046875,6911.10986328125,1438.06005859375,13084.0,17504.330078125,4188.89013671875,9292.099609375
2007-02-12,5924.10009765625,6353.5,6859.4501953125,1433.3699951171875,13040.5,,4179.56982421875,9261.599609375
2007-02-13,5936.60009765625,6381.7998046875,6895.33984375,1444.260009765625,13171.7998046875,17621.44921875,4184.83984375,9240.0
2007-02-14,5960.5,6421.2001953125,6961.18017578125,1455.300048828125,13204.5,17752.640625,4181.31005859375,9299.2001953125
2007-02-15,5992.7998046875,6433.2998046875,6958.6201171875,1456.81005859375,13288.2001953125,17897.23046875,4192.669921875,9305.400390625
2007-02-16,5953.7001953125,6419.5,6957.06982421875,1455.5400390625,13312.0,17875.650390625,4179.89013671875,9336.2998046875
2007-02-19,5990.10009765625,6444.39990234375,6987.080078125,,13291.5,17940.08984375,4140.22021484375,9345.599609375
2007-02-20,5989.7001953125,6412.2998046875,6982.91015625,1459.6800537109375,13319.7001953125,17939.119140625,4110.47998046875,9315.2998046875
2007-02-21,5951.7998046875,6357.10009765625,6941.66015625,1457.6300048828125,13330.2998046875,17913.2109375,4095.780029296875,9207.099609375
2007-02-22,6017.10009765625,6380.89990234375,6973.72998046875,1456.3800048828125,13318.0,18108.7890625,4089.77001953125,9251.7998046875
2007-02-23,6036.10009765625,6401.5,6992.580078125,1451.18994140625,13343.5,18188.419921875,4120.31005859375,9258.0
2007-02-26,6044.0,6434.7001953125,7027.58984375,1449.3699951171875,13404.5,18215.349609375,4110.60986328125,9223.0
2007-02-27,5993.7998046875,6286.10009765625,6819.64990234375,1399.0400390625,13040.099609375,18119.919921875,4099.43017578125,8909.7998046875
2007-02-28,5832.5,6171.5,6715.43994140625,1406.8199462890625,13045.0,17604.119140625,4037.1298828125,8789.7001953125
2007-03-01,5810.2001953125,6116.0,6640.240234375,1403.1700439453125,12981.099609375,17453.509765625,4048.830078125,8781.900390625
2007-03-02,5786.0,6116.2001953125,6603.31982421875,1387.1700439453125,12863.2998046875,17217.9296875,4098.68994140625,8798.7001953125
2007-03-05,5653.60009765625,6058.7001953125,6534.56982421875,1374.1199951171875,12711.2998046875,16642.25,4035.330078125,8676.900390625
2007-03-06,5771.7998046875,6138.5,6595.0,1395.4100341796875,12868.2001953125,16844.5,4033.360107421875,8775.599609375
2007-03-07,5825.2998046875,6156.5,6617.75,1391.969970703125,12989.599609375,16764.619140625,4062.52001953125,8878.400390625
2007-03-08,5822.2998046875,6227.7001953125,6713.22998046875,1401.8900146484375,13051.0,17090.310546875,4069.409912109375,8955.7001953125
2007-03-09,5830.2001953125,6245.2001953125,6716.52001953125,1402.8399658203125,13057.400390625,17164.0390625,4079.969970703125,8933.900390625
2007-03-12,5891.0,6233.2998046875,6715.490234375,1406.5999755859375,13065.2001953125,17292.390625,4088.1298828125,8899.400390625
2007-03-13,5865.0,6161.2001953125,6623.990234375,1377.949951171875,12809.599609375,17178.83984375,4105.72021484375,8829.099609375
2007-03-14,5741.89990234375,6000.7001953125,6447.7001953125,1387.1700439453125,12808.7001953125,16676.890625,4053.409912109375,8577.7001953125
2007-03-15,5853.0,6133.2001953125,6585.47021484375,1392.280029296875,12874.2998046875,16860.390625,4054.2099609375,8706.7998046875
2007-03-16,5836.2998046875,6130.60009765625,6579.8701171875,1386.949951171875,12829.7001953125,16744.150390625,4037.590087890625,8717.599609375
2007-03-19,5859.7001953125,6189.39990234375,6671.41015625,1402.06005859375,13011.7001953125,17009.55078125,4050.31005859375,8841.7001953125
2007-03-20,5876.60009765625,6220.2998046875,6700.2900390625,1410.93994140625,12977.400390625,17163.19921875,4041.610107421875,8882.400390625
2007-03-21,5861.89990234375,6256.7998046875,6712.06005859375,1435.0400390625,13155.599609375,,4052.510009765625,8942.2001953125
2007-03-22,5955.7001953125,6318.0,6856.9599609375,1434.5400390625,13139.599609375,17419.19921875,4076.030029296875,9074.2998046875
2007-03-23,5952.2998046875,6339.39990234375,6899.06005859375,1436.1099853515625,13237.7001953125,17480.609375,4064.050048828125,9089.7998046875
2007-03-26,5990.7001953125,6291.89990234375,6828.81982421875,1437.5,13302.900390625,17521.9609375,4105.14990234375,9006.0
2007-03-27,5964.2001953125,6292.60009765625,6858.33984375,1428.6099853515625,13218.7998046875,17365.05078125,4127.27978515625,8966.2998046875
2007-03-28,5923.2001953125,6267.2001953125,6816.89013671875,1417.22998046875,13197.2001953125,17254.73046875,4109.8701171875,8870.599609375
2007-03-29,5960.89990234375,6324.2001953125,6897.080078125,1422.530029296875,13258.0,17263.939453125,4112.56005859375,8977.5
2007-03-30,5995.0,6308.0,6917.02978515625,1420.8599853515625,13165.5,17287.650390625,4107.14013671875,8977.0
2007-04-02,5915.7998046875,6315.5,6937.169921875,1424.550048828125,13265.7998046875,17028.41015625,4137.9501953125,8956.2998046875
2007-04-03,6013.39990234375,6366.10009765625,7045.56005859375,1437.77001953125,13361.2001953125,17244.05078125,4175.2900390625,9054.0
2007-04-04,6097.2001953125,6364.7001953125,7073.91015625,1439.3699951171875,13448.2998046875,17544.08984375,4187.97998046875,9057.599609375
2007-04-05,6077.10009765625,6397.2998046875,7099.91015625,1443.760009765625,13425.0,17491.419921875,4184.7001953125,9099.099609375
2007-04-06,,,,,,17484.779296875,,
2007-04-09,,,,1444.6099853515625,13482.2998046875,17743.759765625,,
2007-04-10,6153.0,6417.7998046875,7166.669921875,1448.3900146484375,13431.2998046875,17664.689453125,4180.47021484375,9150.7001953125
2007-04-11,6151.39990234375,6413.2998046875,7152.830078125,1438.8699951171875,13401.0,17670.0703125,4147.35986328125,9136.099609375
2007-04-12,6158.2001953125,6416.39990234375,7142.9501953125,1447.800048828125,13499.7001953125,17540.419921875,4168.10009765625,9110.099609375
2007-04-13,6135.7998046875,6462.39990234375,7212.06982421875,1452.8499755859375,13578.599609375,17363.94921875,4164.2998046875,9177.5
2007-04-16,6197.7001953125,6516.2001953125,7338.06005859375,1468.3299560546875,13660.0,17628.30078125,4170.7099609375,9269.900390625
2007-04-17,6186.5,6497.7998046875,7348.830078125,1471.47998046875,13658.0,17527.44921875,4177.009765625,9228.0
2007-04-18,6236.89990234375,6449.39990234375,7282.33984375,1472.5,13712.0,17667.330078125,4193.56982421875,9278.5
2007-04-19,6165.10009765625,6440.60009765625,7242.72998046875,1470.72998046875,13574.7001953125,17371.970703125,4180.64013671875,9256.7998046875
2007-04-20,6207.5,6486.7998046875,7342.5400390625,1484.3499755859375,13664.7001953125,17452.619140625,4182.89990234375,9399.7998046875
2007-04-23,6209.10009765625,6479.7001953125,7335.6201171875,1480.9300537109375,13629.0,17455.369140625,4201.64013671875,9438.099609375
2007-04-24,6188.2001953125,6429.5,7270.31982421875,1480.4100341796875,13590.2998046875,17451.76953125,4163.10986328125,9392.400390625
2007-04-25,,6462.0,7343.080078125,1495.4200439453125,13672.900390625,17236.16015625,,9429.2998046875
2007-04-26,6212.2001953125,6469.39990234375,7387.02001953125,1494.25,13597.5,17429.169921875,4174.89990234375,9481.2998046875
2007-04-27,6151.60009765625,6418.7001953125,7378.1201171875,1494.0699462890625,13632.0,17400.41015625,4181.4501953125,9419.900390625
2007-04-30,6166.0,6449.2001953125,7408.8701171875,1482.3699951171875,13416.7001953125,,4194.64013671875,9428.2998046875
2007-05-01,6145.7998046875,6419.60009765625,,1486.300048828125,13406.2998046875,17274.98046875,4191.66015625,
2007-05-02,6237.7001953125,6484.5,7455.93017578125,1495.9200439453125,13578.7001953125,17394.919921875,4186.990234375,9445.0
2007-05-03,6245.60009765625,6537.7998046875,7476.68994140625,1502.3900146484375,13687.0,,4202.669921875,9393.0
2007-05-04,6304.89990234375,6603.7001953125,7516.759765625,1505.6199951171875,13769.900390625,,4206.31005859375,9455.5
2007-05-07,6335.7001953125,,7525.68994140625,1509.47998046875,13865.5,17669.830078125,4202.580078125,9455.5
2007-05-08,6304.39990234375,6550.39990234375,7442.2001953125,1507.719970703125,13915.400390625,17656.83984375,4223.22998046875,9377.099609375
2007-05-09,6341.0,6549.60009765625,7475.990234375,1512.5799560546875,13895.2001953125,17748.119140625,4232.330078125,9427.7001953125
2007-05-10,6355.5,6524.10009765625,7415.330078125,1491.469970703125,13853.099609375,17736.9609375,4251.39990234375,9367.2998046875
2007-05-11,6297.39990234375,6565.7001953125,7479.33984375,1505.8499755859375,14003.7998046875,17553.720703125,4226.39013671875,9408.2998046875
2007-05-14,6345.10009765625,6555.5,7459.60986328125,1503.1500244140625,13903.2998046875,17677.939453125,4238.93994140625,9387.2998046875
2007-05-15,6291.2001953125,6568.7001953125,7505.35009765625,1501.18994140625,13934.599609375,17512.98046875,4214.77978515625,9391.0
2007-05-16,6294.60009765625,6559.5,7481.25,1514.1400146484375,14025.0,17529.0,4227.4599609375,9357.5
2007-05-17,6365.89990234375,6579.2998046875,7499.5,1512.75,14100.7001953125,17498.599609375,4275.56982421875,
2007-05-18,6312.5,6640.89990234375,7607.5400390625,1522.75,14105.2998046875,17399.580078125,4280.43017578125,9424.7001953125
2007-05-21,6369.0,6636.7998046875,7619.31005859375,1525.0999755859375,,17556.869140625,4289.7099609375,9405.2998046875
2007-05-22,6338.7998046875,6606.60009765625,7659.39013671875,1524.1199951171875,14112.2001953125,17680.05078125,4289.58984375,9361.099609375
2007-05-23,6355.10009765625,6616.39990234375,7735.8798828125,1522.280029296875,14142.5,17705.119140625,4312.580078125,9438.7998046875
2007-05-24,6279.10009765625,6565.5,7697.3798828125,1507.510009765625,13946.2998046875,17696.970703125,4333.240234375,9357.0
2007-05-25,6252.7998046875,6570.60009765625,7739.2001953125,1515.72998046875,14024.099609375,17481.2109375,4305.25,9381.2998046875
2007-05-28,6251.39990234375,,,,14073.7001953125,17587.58984375,4304.41015625,
2007-05-29,6317.60009765625,6606.5,7781.0400390625,1518.1099853515625,13962.7001953125,17672.560546875,4308.990234375,9396.0
2007-05-30,6243.39990234375,6602.10009765625,7764.97021484375,1530.22998046875,14081.7001953125,17588.259765625,4279.6201171875,9382.7998046875
2007-05-31,6313.5,6621.5,7883.0400390625,1530.6199951171875,14056.7998046875,17875.75,4302.35009765625,9450.7998046875
2007-06-01,6333.5,6676.7001953125,7987.85009765625,1536.3399658203125,14119.400390625,17958.880859375,4296.43017578125,9531.5
2007-06-04,6392.89990234375,6664.10009765625,7976.7900390625,1539.1800537109375,14146.7001953125,17973.419921875,,9487.5
2007-06-05,6370.7998046875,6632.7998046875,7919.830078125,1530.949951171875,14141.7001953125,18053.810546875,4312.10986328125,9408.2001953125
2007-06-06,6337.10009765625,6522.7001953125,7730.0498046875,1517.3800048828125,13941.599609375,18040.9296875,4294.2099609375,9277.5
2007-06-07,6311.10009765625,6505.10009765625,7618.60986328125,1490.719970703125,13703.900390625,18053.380859375,4234.6298828125,9152.099609375
2007-06-08,6231.7001953125,6505.10009765625,7590.5,1507.6700439453125,13798.5,17779.08984375,4183.4501953125,9150.7001953125
2007-06-11,,6567.5,7706.10009765625,1509.1199951171875,13832.7998046875,17834.48046875,4205.52001953125,9223.0
2007-06-12,6240.10009765625,6520.5,7678.259765625,1493.0,13724.2998046875,17760.91015625,4227.56005859375,9181.0
2007-06-13,6180.7001953125,6559.60009765625,7680.759765625,1515.6700439453125,13859.5,17732.76953125,4194.56982421875,9146.099609375
2007-06-14,6261.2001953125,6649.89990234375,7849.16015625,1522.969970703125,14002.0,17842.2890625,4193.669921875,9292.2998046875
2007-06-15,6293.7998046875,6732.39990234375,8030.64013671875,1532.9100341796875,14137.400390625,17971.490234375,4212.4599609375,9395.7998046875
2007-06-18,6343.39990234375,6703.5,8036.1201171875,1531.050048828125,14176.400390625,18149.51953125,4303.18017578125,9365.7001953125
2007-06-19,6372.0,6650.2001953125,8033.52001953125,1533.699951171875,14119.5,18163.609375,4310.1201171875,9333.400390625
2007-06-20,6396.89990234375,6649.2998046875,8090.490234375,1512.8399658203125,13978.2001953125,18211.6796875,4323.169921875,9347.2998046875
2007-06-21,6387.0,6596.0,7964.7099609375,1522.18994140625,14095.7001953125,18240.30078125,4300.56982421875,9230.2998046875
2007-06-22,6382.60009765625,6567.39990234375,7949.6298828125,1502.56005859375,13986.0,18188.630859375,4285.14013671875,9166.5
2007-06-25,6329.7998046875,6588.39990234375,7930.60986328125,1497.739990234375,13841.900390625,18087.48046875,4270.91015625,9141.2001953125
2007-06-26,6308.60009765625,6559.2998046875,7860.52001953125,1492.8900146484375,13663.900390625,18066.109375,4252.02978515625,9073.2998046875
2007-06-27,6184.2001953125,6527.60009765625,7801.22998046875,1506.3399658203125,13741.900390625,17849.279296875,4203.27001953125,9025.7998046875
2007-06-28,6265.60009765625,6571.2998046875,7921.35986328125,1505.7099609375,13715.7001953125,17932.26953125,4189.66015625,9138.900390625
2007-06-29,6274.89990234375,6607.89990234375,8007.31982421875,1503.3499755859375,13906.599609375,18138.359375,4234.2900390625,9209.400390625
2007-07-02,6263.2998046875,6590.60009765625,7958.240234375,1519.4300537109375,,18146.30078125,4228.009765625,9192.599609375
2007-07-03,6299.0,6639.7998046875,8050.68017578125,1524.8699951171875,14064.7001953125,18149.900390625,4233.740234375,9240.2998046875
2007-07-04,6298.60009765625,6673.10009765625,8075.259765625,,14060.400390625,18168.720703125,4240.259765625,9294.5
2007-07-05,6362.2998046875,6635.2001953125,7987.1298828125,1525.4000244140625,14079.400390625,18221.48046875,4236.7099609375,9219.400390625
2007-07-06,6351.10009765625,6690.10009765625,8048.31982421875,1530.43994140625,14118.7001953125,18140.939453125,4223.52978515625,9264.0
2007-07-09,6400.60009765625,6712.7001953125,8077.39013671875,1531.8499755859375,14177.5,18261.98046875,4238.64990234375,9296.400390625
2007-07-10,6361.5,6630.89990234375,7964.759765625,1510.1199951171875,14131.900390625,18252.669921875,4236.85009765625,9248.400390625
2007-07-11,6325.10009765625,6615.10009765625,7898.5400390625,1518.760009765625,14166.099609375,18049.509765625,4229.68994140625,9214.400390625
2007-07-12,6363.39990234375,6697.7001953125,8053.43017578125,1547.699951171875,14356.0,17984.140625,4238.5400390625,9248.5
2007-07-13,6389.39990234375,6716.7001953125,8092.77001953125,1552.5,14496.5,18238.94921875,4243.66015625,9261.7001953125
2007-07-16,6380.7998046875,6697.7001953125,8105.68994140625,1549.52001953125,14338.2998046875,,4240.35986328125,9299.7998046875
2007-07-17,6381.60009765625,6659.2001953125,8038.2099609375,1549.3699951171875,14382.0,18217.26953125,4258.83984375,9219.2998046875
2007-07-18,6329.10009765625,6567.10009765625,7893.60986328125,1546.1700439453125,14583.7001953125,18015.580078125,4255.64013671875,9074.099609375
2007-07-19,6384.2001953125,6640.2001953125,7991.2099609375,1553.0799560546875,14625.7998046875,18116.5703125,4294.259765625,9189.2998046875
2007-07-20,6421.7998046875,6585.2001953125,7874.85009765625,1534.0999755859375,14582.900390625,18157.9296875,4320.27001953125,9105.5
2007-07-23,6390.39990234375,6624.39990234375,7944.2099609375,1541.5699462890625,14468.2998046875,17963.640625,4306.5400390625,9117.5
2007-07-24,6422.2998046875,6498.7001953125,7806.7900390625,1511.0400390625,14068.2001953125,18002.029296875,4321.2900390625,9047.7001953125
2007-07-25,6340.5,6454.2998046875,7692.5498046875,1518.0899658203125,14105.2998046875,17858.419921875,4324.97021484375,8922.7001953125
2007-07-26,6258.5,6251.2001953125,7508.9599609375,1482.6600341796875,13844.599609375,17702.08984375,4325.77978515625,8706.400390625
2007-07-27,6082.89990234375,6215.2001953125,7451.68017578125,1458.949951171875,13748.5,17283.810546875,4246.009765625,8705.599609375
2007-07-30,6108.7998046875,6206.10009765625,7456.31005859375,1473.9100341796875,13864.7001953125,17289.30078125,4228.830078125,8705.099609375
2007-07-31,6144.2001953125,6360.10009765625,7584.14013671875,1455.27001953125,13868.599609375,17248.890625,4213.2998046875,8885.0
2007-08-01,5941.2001953125,6250.60009765625,7473.93017578125,1465.81005859375,13654.7001953125,16870.98046875,4158.39013671875,
2007-08-02,6011.7998046875,6300.2998046875,7534.1298828125,1472.199951171875,13813.599609375,16984.109375,4138.2001953125,8775.7001953125
2007-08-03,6021.0,6224.2998046875,7435.669921875,1433.06005859375,13565.2001953125,16979.859375,4122.41015625,8671.400390625
2007-08-06,5920.2001953125,6189.10009765625,7444.4501953125,1467.6700439453125,,16914.4609375,4075.18994140625,8639.900390625
2007-08-07,5985.0,6308.7998046875,7513.66015625,1476.7099609375,13560.599609375,16921.76953125,4136.240234375,8747.0
2007-08-08,6100.7998046875,6393.89990234375,7605.93994140625,1497.489990234375,13758.2001953125,17029.279296875,4116.85009765625,8964.2001953125
2007-08-09,6165.60009765625,6271.2001953125,7453.58984375,1453.0899658203125,13478.0,17170.599609375,4160.43017578125,8805.2998046875
2007-08-10,5936.0,6038.2998046875,7343.259765625,1453.6400146484375,13466.2998046875,16764.08984375,4109.83984375,8565.5
2007-08-13,6011.60009765625,6219.0,7474.330078125,1452.9200439453125,13427.5,16800.05078125,4070.159912109375,8687.5
2007-08-14,5964.7998046875,6143.5,7425.06982421875,1426.5400390625,13242.599609375,16844.609375,4065.679931640625,8549.2998046875
2007-08-15,5788.0,6109.2998046875,7445.89990234375,1406.699951171875,13048.7998046875,16475.609375,4004.4599609375,8661.599609375
2007-08-16,5711.5,5858.89990234375,7270.06982421875,1411.27001953125,12848.7001953125,16148.490234375,3957.93994140625,8422.2998046875
2007-08-17,5671.0,6064.2001953125,7378.2900390625,1445.93994140625,13049.599609375,15273.6796875,3894.340087890625,8543.0
2007-08-20,5932.60009765625,6078.7001953125,7407.52978515625,1445.550048828125,13110.2998046875,15732.48046875,3982.3798828125,8594.2998046875
2007-08-21,5989.39990234375,6086.10009765625,7424.75,1447.1199951171875,13238.7001953125,15901.33984375,4027.7900390625,8603.2001953125
2007-08-22,6005.0,6196.0,7500.47998046875,1464.0699462890625,13463.099609375,15900.6396484375,4033.27001953125,8714.599609375
2007-08-23,6159.7001953125,6196.89990234375,7511.9599609375,1462.5,13451.099609375,16316.3203125,4089.1201171875,8738.5
2007-08-24,6088.5,6220.10009765625,7507.27001953125,1479.3699951171875,13520.2998046875,16248.9697265625,4052.449951171875,8775.900390625
2007-08-27,6185.2001953125,,7485.990234375,1466.7900390625,13487.400390625,16301.3896484375,4084.43994140625,8846.2001953125
2007-08-28,6176.2998046875,6102.2001953125,7430.240234375,1432.3599853515625,13264.900390625,16287.490234375,4101.06982421875,8714.7001953125
2007-08-29,6100.2998046875,6132.2001953125,7439.18017578125,1463.760009765625,13490.099609375,16012.830078125,4084.169921875,8727.7998046875
2007-08-30,6135.0,6212.0,7519.93994140625,1457.6400146484375,13444.599609375,16153.8203125,4107.60009765625,8776.7001953125
2007-08-31,6247.2001953125,6303.2998046875,7638.169921875,1473.989990234375,13660.5,16569.08984375,4118.97021484375,8881.5
2007-09-03,6267.2998046875,6315.2001953125,7648.580078125,,,16524.9296875,4125.759765625,8877.7998046875
2007-09-04,6293.2998046875,6376.7998046875,7721.77001953125,1489.4200439453125,13755.2001953125,16420.470703125,4150.52978515625,8966.2998046875
2007-09-05,6262.7001953125,6270.7001953125,7588.02978515625,1472.2900390625,13683.2998046875,16158.4501953125,4155.0,8843.099609375
2007-09-06,6251.0,6313.2998046875,7621.72021484375,1478.550048828125,13795.7001953125,16257.0,4140.08984375,8830.099609375
2007-09-07,6278.39990234375,6191.2001953125,7436.6298828125,1453.550048828125,13651.2001953125,16122.16015625,4151.97998046875,8676.099609375
2007-09-10,6191.2001953125,6134.10009765625,7375.43994140625,1451.699951171875,13625.5,15764.9697265625,4142.89013671875,8612.5
2007-09-11,6235.5,6280.7001953125,7457.89990234375,1471.489990234375,13704.2998046875,15877.669921875,4160.16015625,8717.2001953125
2007-09-12,6220.2998046875,6306.2001953125,7472.990234375,1471.56005859375,13756.7001953125,15797.599609375,4143.02001953125,8784.0
2007-09-13,6230.60009765625,6363.89990234375,7535.97021484375,1483.949951171875,13843.2001953125,15821.1904296875,4142.43017578125,8878.0
2007-09-14,6306.7998046875,6289.2998046875,7497.740234375,1484.25,13846.400390625,16127.419921875,4162.669921875,8772.599609375
2007-09-17,6271.39990234375,6182.7998046875,7479.85009765625,1476.6500244140625,13809.900390625,,4168.72021484375,8685.7998046875
2007-09-18,6192.5,6283.2998046875,7575.2099609375,1519.780029296875,14005.400390625,15801.7998046875,4123.52001953125,8775.900390625
2007-09-19,6356.10009765625,6460.0,7750.83984375,1529.030029296875,13939.7998046875,16381.5400390625,4177.64990234375,9006.7998046875
2007-09-20,6393.7001953125,6429.0,7735.08984375,1518.75,13838.400390625,16413.7890625,4206.8798828125,8896.7001953125
2007-09-21,6357.89990234375,6456.7001953125,7794.43017578125,1525.75,13940.099609375,16312.6103515625,4231.16015625,8897.2998046875
2007-09-24,6451.5,6465.89990234375,7787.919921875,1517.72998046875,13958.2998046875,,4232.669921875,8906.099609375
2007-09-25,6483.0,6396.89990234375,7769.43994140625,1517.2099609375,13997.599609375,16401.73046875,4241.669921875,8829.2001953125
2007-09-26,6481.39990234375,6433.0,7804.14990234375,1525.4200439453125,14035.0,16435.740234375,4275.97021484375,8859.7001953125
2007-09-27,6538.10009765625,6486.39990234375,7853.7900390625,1531.3800048828125,14129.7001953125,16832.220703125,4275.81005859375,8886.0
2007-09-28,6567.7998046875,6466.7998046875,7861.509765625,1526.75,14098.900390625,16785.689453125,4268.89990234375,8933.5
2007-10-01,6563.7001953125,6506.2998046875,7922.419921875,1547.0400390625,14200.599609375,16845.9609375,4281.18994140625,9022.5
2007-10-02,6659.89990234375,6500.39990234375,7946.7900390625,1546.6300048828125,14152.7001953125,17046.779296875,4332.2900390625,9074.0
2007-10-03,6660.0,6535.2001953125,7955.2998046875,1539.5899658203125,14020.900390625,17199.890625,4327.8701171875,9088.7001953125
2007-10-04,6566.89990234375,6547.89990234375,7944.990234375,1542.8399658203125,14125.099609375,17092.490234375,4299.97998046875,9053.400390625
2007-10-05,6605.39990234375,6595.7998046875,8002.18017578125,1557.5899658203125,14233.2998046875,17065.0390625,4284.0498046875,9075.2998046875
2007-10-08,6654.2998046875,6540.89990234375,7974.3701171875,1552.5799560546875,,,4295.240234375,9097.0
2007-10-09,6677.7998046875,6615.39990234375,7980.43994140625,1565.1500244140625,14262.2001953125,17159.900390625,4280.240234375,9137.7998046875
2007-10-10,6738.2998046875,6633.0,7986.56982421875,1562.469970703125,14276.2001953125,17177.890625,4279.7900390625,9182.2998046875
2007-10-11,6771.89990234375,6724.5,8033.68994140625,1554.4100341796875,14229.400390625,17458.98046875,4296.60986328125,9218.2998046875
2007-10-12,6748.89990234375,6730.7001953125,8041.259765625,1561.800048828125,14295.900390625,17331.169921875,4305.6201171875,9197.5
2007-10-15,6739.0,6644.5,7969.47021484375,1548.7099609375,14231.2998046875,17358.150390625,4325.08984375,9179.5
2007-10-16,6692.0,6614.2998046875,7962.64013671875,1538.530029296875,14153.0,17137.919921875,4312.169921875,9062.7001953125
2007-10-17,6680.10009765625,6677.7001953125,7985.41015625,1541.239990234375,14219.5,16955.310546875,4321.83984375,9071.7998046875
2007-10-18,6767.7001953125,6609.39990234375,7921.39990234375,1540.0799560546875,14332.0,17106.08984375,4313.14990234375,9027.5
2007-10-19,6706.2998046875,6527.89990234375,7884.1201171875,1500.6300048828125,14001.7001953125,16814.369140625,4316.31005859375,8937.2001953125
2007-10-22,6577.2998046875,6459.2998046875,7794.93994140625,1506.3299560546875,14043.599609375,16438.470703125,,8845.400390625
2007-10-23,6660.89990234375,6514.0,7842.7900390625,1519.5899658203125,14087.5,16450.580078125,4274.68994140625,8903.2001953125
2007-10-24,6634.39990234375,6482.0,7828.9599609375,1515.8800048828125,14088.5,16358.3896484375,4291.0498046875,8851.0
2007-10-25,6624.2998046875,6576.2998046875,7932.43994140625,1514.4000244140625,14124.900390625,16284.169921875,4267.14013671875,8917.5
2007-10-26,6700.60009765625,6661.2998046875,7949.169921875,1535.280029296875,14296.400390625,16505.630859375,4226.7099609375,8962.900390625
2007-10-29,6792.10009765625,6706.0,8009.669921875,1540.97998046875,14427.400390625,16698.080078125,4215.8798828125,9007.2998046875
2007-10-30,6750.2001953125,6659.0,7977.93994140625,1531.02001953125,14312.099609375,16651.009765625,4219.77001953125,8939.2001953125
2007-10-31,6754.10009765625,6721.60009765625,8019.22021484375,1549.3800048828125,14625.0,16737.630859375,4209.06982421875,9019.599609375
2007-11-01,6828.7001953125,6586.10009765625,7880.85009765625,1508.43994140625,14372.5,16870.400390625,4207.8798828125,8891.5
2007-11-02,6696.60009765625,6530.60009765625,7849.490234375,1509.6500244140625,14363.900390625,16517.48046875,4154.1298828125,8770.400390625
2007-11-05,6582.2998046875,6461.39990234375,7807.5498046875,1502.1700439453125,14273.400390625,16268.919921875,4141.2001953125,8707.7998046875
2007-11-06,6628.0,6474.89990234375,7827.18994140625,1520.27001953125,14370.599609375,16249.6298828125,4135.43017578125,8770.2998046875
2007-11-07,6692.39990234375,6385.10009765625,7799.6201171875,1475.6199951171875,14118.2001953125,16096.6796875,4205.580078125,8703.2001953125
2007-11-08,6521.60009765625,6381.89990234375,7819.47021484375,1474.77001953125,14128.599609375,15771.5703125,4185.419921875,8605.2001953125
2007-11-09,6545.7001953125,6304.89990234375,7812.39990234375,1453.699951171875,13869.7998046875,15583.419921875,4134.77001953125,8417.2001953125
2007-11-12,6455.2998046875,6337.89990234375,7806.83984375,1439.1800537109375,13605.0,15197.08984375,4089.1298828125,8442.0
2007-11-13,6515.2001953125,6362.39990234375,7777.56005859375,1481.050048828125,13705.099609375,15126.6298828125,4107.14990234375,8500.599609375
2007-11-14,6598.60009765625,6432.10009765625,7783.10986328125,1470.5799560546875,13774.5,15499.5595703125,4140.64990234375,8631.0
2007-11-15,6528.60009765625,6359.60009765625,7667.02978515625,1451.1500244140625,13524.400390625,15396.2998046875,4113.0498046875,8593.7001953125
2007-11-16,6461.89990234375,6291.2001953125,7612.259765625,1458.739990234375,13530.400390625,15154.6103515625,4114.18017578125,8478.7998046875
2007-11-19,6535.2001953125,6120.7998046875,7511.97021484375,1433.27001953125,13348.2001953125,15042.5595703125,4114.669921875,8270.900390625
2007-11-20,6425.39990234375,6226.5,7630.31005859375,1439.699951171875,13459.7998046875,15211.51953125,4067.300048828125,8339.0
2007-11-21,6384.2998046875,6070.89990234375,7518.419921875,1416.77001953125,13280.599609375,14837.66015625,4071.010009765625,8125.39990234375
2007-11-22,6334.2998046875,6155.2998046875,7562.10009765625,,13381.0,14888.76953125,4054.219970703125,8227.099609375
2007-11-23,6330.2001953125,6262.10009765625,7608.9599609375,1440.699951171875,13467.2001953125,,4071.0,8371.7998046875
2007-11-26,6471.39990234375,6180.5,7567.35986328125,1407.219970703125,13321.099609375,15135.2099609375,4077.110107421875,8361.2001953125
2007-11-27,6432.7001953125,6140.7001953125,7531.35009765625,1428.22998046875,13369.099609375,15222.849609375,4104.06005859375,8431.099609375
2007-11-28,6370.10009765625,6306.2001953125,7723.66015625,1469.02001953125,13632.2001953125,15153.7802734375,4071.030029296875,8650.7998046875
2007-11-29,6444.5,6349.10009765625,7765.18994140625,1469.719970703125,13663.900390625,15513.740234375,4066.5400390625,8734.5
2007-11-30,6533.10009765625,6432.5,7870.52001953125,1481.1400146484375,13689.099609375,15680.669921875,4062.889892578125,8828.400390625
2007-12-03,6533.5,6386.60009765625,7837.259765625,1472.4200439453125,13657.2001953125,15628.9697265625,4060.010009765625,8706.2001953125
2007-12-04,6530.7998046875,6315.2001953125,7808.93994140625,1462.7900390625,13579.599609375,15480.1904296875,4053.860107421875,8645.0
2007-12-05,6508.10009765625,6493.7998046875,7944.77001953125,1485.010009765625,13734.5,15608.8798828125,4034.550048828125,8758.2001953125
2007-12-06,6600.89990234375,6485.60009765625,7940.580078125,1507.3399658203125,13849.7998046875,15874.080078125,4043.5,8741.7001953125
2007-12-07,6654.7001953125,6554.89990234375,7994.06982421875,1504.6600341796875,13863.0,15956.3701171875,4092.929931640625,8799.7001953125
2007-12-10,6625.10009765625,6565.39990234375,8033.35986328125,1515.9599609375,13940.400390625,15924.3896484375,4057.489990234375,8885.2998046875
2007-12-11,6680.39990234375,6536.89990234375,8009.419921875,1477.6500244140625,13723.7001953125,16044.7197265625,4026.949951171875,8855.900390625
2007-12-12,6615.2001953125,6559.7998046875,8076.1201171875,1486.5899658203125,13809.400390625,15932.259765625,3999.550048828125,8852.2998046875
2007-12-13,6597.60009765625,6364.2001953125,7928.31005859375,1488.4100341796875,13747.2998046875,15536.51953125,4001.389892578125,8658.400390625
2007-12-14,6491.7001953125,6397.0,7948.35986328125,1467.949951171875,13674.2001953125,15514.509765625,4008.659912109375,8675.900390625
2007-12-17,6263.5,6277.7998046875,7825.43994140625,1445.9000244140625,13387.099609375,15249.7900390625,3962.6201171875,8544.599609375
2007-12-18,6236.89990234375,6279.2998046875,7850.740234375,1454.97998046875,13358.099609375,15207.8603515625,3926.1201171875,8467.099609375
2007-12-19,6216.39990234375,6284.5,7837.31982421875,1453.0,13389.7998046875,15030.509765625,3939.72998046875,8395.0
2007-12-20,6176.89990234375,6345.60009765625,7869.18994140625,1460.1199951171875,13407.0,15031.599609375,3947.56005859375,8402.7998046875
2007-12-21,6247.0,6434.10009765625,8002.669921875,1484.4599609375,13596.099609375,15257.0,3993.510009765625,8468.400390625
2007-12-24,6323.60009765625,6479.2998046875,,1496.449951171875,13694.7998046875,,4058.7099609375,
2007-12-25,,,,,,15552.58984375,,
2007-12-26,,,,1497.6600341796875,,15653.5400390625,,
2007-12-27,6350.89990234375,6497.7998046875,8038.60009765625,1476.27001953125,13675.599609375,15564.6904296875,4068.6298828125,8518.2001953125
2007-12-28,6339.89990234375,6476.89990234375,8067.31982421875,1478.489990234375,13821.2998046875,15307.7802734375,4036.0,8484.5
2007-12-31,6339.7998046875,6456.89990234375,,1468.3599853515625,13833.099609375,,4041.3798828125,
2008-01-02,6353.2001953125,6416.7001953125,7949.10986328125,1447.1600341796875,13926.7998046875,,,
2008-01-03,6290.7001953125,6479.39990234375,7908.41015625,1447.1600341796875,13978.2001953125,,4033.929931640625,8318.7998046875
2008-01-04,6306.7998046875,6348.5,7808.68994140625,1411.6300048828125,13778.599609375,14691.41015625,4010.820068359375,8130.0
2008-01-07,6161.60009765625,6335.7001953125,7817.169921875,1416.1800537109375,13618.900390625,14500.5498046875,3953.580078125,8110.60009765625
2008-01-08,6128.10009765625,6356.5,7849.990234375,1390.18994140625,13541.7998046875,14528.669921875,3928.39990234375,8316.400390625
2008-01-09,6087.7001953125,6272.7001953125,7782.7099609375,1409.1300048828125,13579.900390625,14599.16015625,3912.169921875,8339.7998046875
2008-01-10,6078.7001953125,6222.7001953125,7713.08984375,1420.3299560546875,13642.7001953125,14388.1103515625,3899.8798828125,8290.7998046875
2008-01-11,5981.60009765625,6202.0,7717.9501953125,1401.02001953125,13632.599609375,14110.7900390625,3872.179931640625,8159.7001953125
2008-01-14,5980.0,6215.7001953125,7732.02001953125,1416.25,13698.2998046875,,3824.2099609375,8193.400390625
2008-01-15,5960.0,6025.60009765625,7566.3798828125,1380.949951171875,13316.7998046875,13972.6298828125,3810.5,7973.89990234375
2008-01-16,5809.7001953125,5942.89990234375,7471.56982421875,1373.199951171875,13074.900390625,13504.509765625,3752.389892578125,7847.5
2008-01-17,5796.10009765625,5902.39990234375,7413.52978515625,1333.25,12795.599609375,13783.4501953125,3729.9599609375,7788.10009765625
2008-01-18,5747.2998046875,5901.7001953125,7314.169921875,1325.18994140625,12737.099609375,13861.2900390625,3664.35009765625,7692.0
2008-01-21,5580.39990234375,5578.2001953125,6790.18994140625,,12132.099609375,13325.9404296875,3646.909912109375,7287.10009765625
2008-01-22,5186.7998046875,5740.10009765625,6769.47021484375,1310.5,12640.900390625,12573.0498046875,3607.1298828125,7487.89990234375
2008-01-23,5412.2998046875,5609.39990234375,6439.2099609375,1338.5999755859375,12657.400390625,12829.0595703125,3615.300048828125,7356.10009765625
2008-01-24,5580.39990234375,5875.7998046875,6821.06982421875,1352.0699462890625,12907.2998046875,13092.7802734375,3658.610107421875,7691.0
2008-01-25,5860.2998046875,5869.0,6816.740234375,1330.6099853515625,12894.7998046875,13629.16015625,3729.14990234375,7686.89990234375
2008-01-28,,5788.89990234375,6818.85009765625,1353.9599609375,12986.900390625,13087.91015625,3710.320068359375,7581.7001953125
2008-01-29,5716.5,5885.2001953125,6892.9599609375,1362.300048828125,13046.400390625,13478.8603515625,3704.169921875,7704.39990234375
2008-01-30,5618.7001953125,5837.2998046875,6875.35009765625,1355.81005859375,12998.2001953125,13345.0302734375,3697.010009765625,7671.7998046875
2008-01-31,5650.2998046875,5879.7998046875,6851.75,1378.550048828125,13155.099609375,13592.4697265625,3670.639892578125,7670.39990234375
2008-02-01,5842.89990234375,6029.2001953125,6968.669921875,1395.4200439453125,13318.400390625,13497.16015625,3708.1298828125,7816.0
2008-02-04,5867.39990234375,6026.2001953125,7000.490234375,1380.8199462890625,13258.2001953125,13859.7001953125,3711.72998046875,7751.7001953125
2008-02-05,5792.89990234375,5868.0,6765.25,1336.6400146484375,12932.0,13745.5,3690.010009765625,7517.39990234375
2008-02-06,5609.39990234375,5875.39990234375,6847.509765625,1326.449951171875,12867.2001953125,13099.240234375,,7565.5
2008-02-07,5596.7001953125,5724.10009765625,6733.72021484375,1336.9100341796875,12925.400390625,13207.150390625,3636.199951171875,7420.0
2008-02-08,5658.0,5784.0,6767.27978515625,1331.2900390625,12989.2998046875,13017.240234375,3612.409912109375,7447.0
2008-02-11,5537.60009765625,5707.7001953125,6743.5400390625,1339.1300048828125,13130.900390625,,3572.93994140625,7347.5
2008-02-12,5608.10009765625,5910.0,6967.83984375,1348.8599853515625,13087.400390625,13021.9599609375,3574.840087890625,7546.89990234375
2008-02-13,5542.10009765625,5880.10009765625,6973.669921875,1367.2099609375,13282.2998046875,13068.2998046875,3545.77001953125,7536.5
2008-02-14,5684.7998046875,5879.2998046875,6962.27978515625,1348.8599853515625,13208.0,13626.4501953125,3550.409912109375,7502.0
2008-02-15,5606.60009765625,5787.60009765625,6832.43017578125,1349.989990234375,13226.7998046875,13622.5595703125,3510.81005859375,7353.0
2008-02-18,5558.39990234375,5946.60009765625,6967.5498046875,,,13635.400390625,3601.780029296875,7486.7001953125
2008-02-19,5619.10009765625,5966.89990234375,7002.2900390625,1348.780029296875,13447.7001953125,13757.91015625,3609.409912109375,7462.7001953125
2008-02-20,5496.5,5893.60009765625,6899.68017578125,1360.030029296875,13551.7001953125,13310.3701171875,3595.909912109375,7381.60009765625
2008-02-21,5583.39990234375,5932.2001953125,6904.85009765625,1342.530029296875,13509.599609375,13688.2802734375,,7486.10009765625
2008-02-22,5559.89990234375,5888.5,6806.2900390625,1353.1099853515625,13585.900390625,13500.4599609375,3569.6201171875,7454.7998046875
2008-02-25,5621.60009765625,5999.5,6882.56005859375,1371.800048828125,13697.5,13914.5703125,3570.75,7615.7998046875
2008-02-26,5666.10009765625,6087.39990234375,6985.97021484375,1381.2900390625,13797.0,13824.7197265625,3543.25,7743.2001953125
2008-02-27,5767.2001953125,6076.5,6997.85009765625,1380.02001953125,13778.400390625,14031.2998046875,3562.3701171875,7782.5
2008-02-28,5651.2001953125,5965.7001953125,6862.52001953125,1367.6800537109375,13873.900390625,13925.509765625,3579.570068359375,7663.0
2008-02-29,5572.10009765625,5884.2998046875,6748.1298828125,1330.6300048828125,13582.7001953125,13603.01953125,3582.719970703125,7533.89990234375
