Date,^AXJO,^FTSE,^GSPC,^GSPTSE,^N225,^NZ50,^SSMI,^STOXX50E
2007-06-01,6333.5,6676.7001953125,1536.3399658203125,14119.400390625,17958.880859375,4296.43017578125,9531.5,4556.97021484375
2007-06-04,6392.89990234375,6664.10009765625,1539.1800537109375,14146.7001953125,17973.419921875,,9487.5,4537.81005859375
2007-06-05,6370.7998046875,6632.7998046875,1530.949951171875,14141.7001953125,18053.810546875,4312.10986328125,9408.2001953125,4513.18017578125
2007-06-06,6337.10009765625,6522.7001953125,1517.3800048828125,13941.599609375,18040.9296875,4294.2099609375,9277.5,4437.2900390625
2007-06-07,6311.10009765625,6505.10009765625,1490.719970703125,13703.900390625,18053.380859375,4234.6298828125,9152.099609375,4381.4501953125
2007-06-08,6231.7001953125,6505.10009765625,1507.6700439453125,13798.5,17779.08984375,4183.4501953125,9150.7001953125,4376.419921875
2007-06-11,,6567.5,1509.1199951171875,13832.7998046875,17834.48046875,4205.52001953125,9223.0,4415.5
2007-06-12,6240.10009765625,6520.5,1493.0,13724.2998046875,17760.91015625,4227.56005859375,9181.0,4383.02001953125
2007-06-13,6180.7001953125,6559.60009765625,1515.6700439453125,13859.5,17732.76953125,4194.56982421875,9146.099609375,4401.68017578125
2007-06-14,6261.2001953125,6649.89990234375,1522.969970703125,14002.0,17842.2890625,4193.669921875,9292.2998046875,4485.0400390625
2007-06-15,6293.7998046875,6732.39990234375,1532.9100341796875,14137.400390625,17971.490234375,4212.4599609375,9395.7998046875,4551.0
2007-06-18,6343.39990234375,6703.5,1531.050048828125,14176.400390625,18149.51953125,4303.18017578125,9365.7001953125,4530.22021484375
2007-06-19,6372.0,6650.2001953125,1533.699951171875,14119.5,18163.609375,4310.1201171875,9333.400390625,4527.22021484375
2007-06-20,6396.89990234375,6649.2998046875,1512.8399658203125,13978.2001953125,18211.6796875,4323.169921875,9347.2998046875,4545.60986328125
2007-06-21,6387.0,6596.0,1522.18994140625,14095.7001953125,18240.30078125,4300.56982421875,9230.2998046875,4488.66015625
2007-06-22,6382.60009765625,6567.39990234375,1502.56005859375,13986.0,18188.630859375,4285.14013671875,9166.5,4479.35986328125
2007-06-25,6329.7998046875,6588.39990234375,1497.739990234375,13841.900390625,18087.48046875,4270.91015625,9141.2001953125,4471.1298828125
2007-06-26,6308.60009765625,6559.2998046875,1492.8900146484375,13663.900390625,18066.109375,4252.02978515625,9073.2998046875,4433.0400390625
2007-06-27,6184.2001953125,6527.60009765625,1506.3399658203125,13741.900390625,17849.279296875,4203.27001953125,9025.7998046875,4412.1201171875
2007-06-28,6265.60009765625,6571.2998046875,1505.7099609375,13715.7001953125,17932.26953125,4189.66015625,9138.900390625,4457.990234375
2007-06-29,6274.89990234375,6607.89990234375,1503.3499755859375,13906.599609375,18138.359375,4234.2900390625,9209.400390625,4489.77001953125
2007-07-02,6263.2998046875,6590.60009765625,1519.4300537109375,,18146.30078125,4228.009765625,9192.599609375,4470.259765625
2007-07-03,6299.0,6639.7998046875,1524.8699951171875,14064.7001953125,18149.900390625,4233.740234375,9240.2998046875,4513.009765625
2007-07-04,6298.60009765625,6673.10009765625,,14060.400390625,18168.720703125,4240.259765625,9294.5,4524.240234375
2007-07-05,6362.2998046875,6635.2001953125,1525.4000244140625,14079.400390625,18221.48046875,4236.7099609375,9219.400390625,4491.8701171875
2007-07-06,6351.10009765625,6690.10009765625,1530.43994140625,14118.7001953125,18140.939453125,4223.52978515625,9264.0,4524.4501953125
2007-07-09,6400.60009765625,6712.7001953125,1531.8499755859375,14177.5,18261.98046875,4238.64990234375,9296.400390625,4528.759765625
2007-07-10,6361.5,6630.89990234375,1510.1199951171875,14131.900390625,18252.669921875,4236.85009765625,9248.400390625,4474.14990234375
2007-07-11,6325.10009765625,6615.10009765625,1518.760009765625,14166.099609375,18049.509765625,4229.68994140625,9214.400390625,4447.52001953125
2007-07-12,6363.39990234375,6697.7001953125,1547.699951171875,14356.0,17984.140625,4238.5400390625,9248.5,4517.7001953125
2007-07-13,6389.39990234375,6716.7001953125,1552.5,14496.5,18238.94921875,4243.66015625,9261.7001953125,4542.56982421875
2007-07-16,6380.7998046875,6697.7001953125,1549.52001953125,14338.2998046875,,4240.35986328125,9299.7998046875,4557.56982421875
2007-07-17,6381.60009765625,6659.2001953125,1549.3699951171875,14382.0,18217.26953125,4258.83984375,9219.2998046875,4538.31005859375
2007-07-18,6329.10009765625,6567.10009765625,1546.1700439453125,14583.7001953125,18015.580078125,4255.64013671875,9074.099609375,4472.22021484375
2007-07-19,6384.2001953125,6640.2001953125,1553.0799560546875,14625.7998046875,18116.5703125,4294.259765625,9189.2998046875,4522.64013671875
2007-07-20,6421.7998046875,6585.2001953125,1534.0999755859375,14582.900390625,18157.9296875,4320.27001953125,9105.5,4445.22998046875
2007-07-23,6390.39990234375,6624.39990234375,1541.5699462890625,14468.2998046875,17963.640625,4306.5400390625,9117.5,4482.75
2007-07-24,6422.2998046875,6498.7001953125,1511.0400390625,14068.2001953125,18002.029296875,4321.2900390625,9047.7001953125,4412.06005859375
2007-07-25,6340.5,6454.2998046875,1518.0899658203125,14105.2998046875,17858.419921875,4324.97021484375,8922.7001953125,4360.89990234375
2007-07-26,6258.5,6251.2001953125,1482.6600341796875,13844.599609375,17702.08984375,4325.77978515625,8706.400390625,4252.919921875
2007-07-27,6082.89990234375,6215.2001953125,1458.949951171875,13748.5,17283.810546875,4246.009765625,8705.599609375,4244.580078125
2007-07-30,6108.7998046875,6206.10009765625,1473.9100341796875,13864.7001953125,17289.30078125,4228.830078125,8705.099609375,4239.18017578125
2007-07-31,6144.2001953125,6360.10009765625,1455.27001953125,13868.599609375,17248.890625,4213.2998046875,8885.0,4315.68994140625
2007-08-01,5941.2001953125,6250.60009765625,1465.81005859375,13654.7001953125,16870.98046875,4158.39013671875,,
2007-08-02,6011.7998046875,6300.2998046875,1472.199951171875,13813.599609375,16984.109375,4138.2001953125,8775.7001953125,4288.66015625
2007-08-03,6021.0,6224.2998046875,1433.06005859375,13565.2001953125,16979.859375,4122.41015625,8671.400390625,4229.18994140625
2007-08-06,5920.2001953125,6189.10009765625,1467.6700439453125,,16914.4609375,4075.18994140625,8639.900390625,4202.77978515625
2007-08-07,5985.0,6308.7998046875,1476.7099609375,13560.599609375,16921.76953125,4136.240234375,8747.0,4276.7998046875
2007-08-08,6100.7998046875,6393.89990234375,1497.489990234375,13758.2001953125,17029.279296875,4116.85009765625,8964.2001953125,4364.22021484375
2007-08-09,6165.60009765625,6271.2001953125,1453.0899658203125,13478.0,17170.599609375,4160.43017578125,8805.2998046875,4275.18017578125
2007-08-10,5936.0,6038.2998046875,1453.6400146484375,13466.2998046875,16764.08984375,4109.83984375,8565.5,4161.2900390625
2007-08-13,6011.60009765625,6219.0,1452.9200439453125,13427.5,16800.05078125,4070.159912109375,8687.5,4255.7900390625
2007-08-14,5964.7998046875,6143.5,1426.5400390625,13242.599609375,16844.609375,4065.679931640625,8549.2998046875,4195.60009765625
2007-08-15,5788.0,6109.2998046875,1406.699951171875,13048.7998046875,16475.609375,4004.4599609375,8661.599609375,4183.06005859375
2007-08-16,5711.5,5858.89990234375,1411.27001953125,12848.7001953125,16148.490234375,3957.93994140625,8422.2998046875,4062.330078125
2007-08-17,5671.0,6064.2001953125,1445.93994140625,13049.599609375,15273.6796875,3894.340087890625,8543.0,4157.2001953125
2007-08-20,5932.60009765625,6078.7001953125,1445.550048828125,13110.2998046875,15732.48046875,3982.3798828125,8594.2998046875,4173.2900390625
2007-08-21,5989.39990234375,6086.10009765625,1447.1199951171875,13238.7001953125,15901.33984375,4027.7900390625,8603.2001953125,4175.06982421875
2007-08-22,6005.0,6196.0,1464.0699462890625,13463.099609375,15900.6396484375,4033.27001953125,8714.599609375,4226.52001953125
2007-08-23,6159.7001953125,6196.89990234375,1462.5,13451.099609375,16316.3203125,4089.1201171875,8738.5,4225.89013671875
2007-08-24,6088.5,6220.10009765625,1479.3699951171875,13520.2998046875,16248.9697265625,4052.449951171875,8775.900390625,4238.6298828125
2007-08-27,6185.2001953125,,1466.7900390625,13487.400390625,16301.3896484375,4084.43994140625,8846.2001953125,4240.9501953125
2007-08-28,6176.2998046875,6102.2001953125,1432.3599853515625,13264.900390625,16287.490234375,4101.06982421875,8714.7001953125,4170.68017578125
2007-08-29,6100.2998046875,6132.2001953125,1463.760009765625,13490.099609375,16012.830078125,4084.169921875,8727.7998046875,4193.580078125
2007-08-30,6135.0,6212.0,1457.6400146484375,13444.599609375,16153.8203125,4107.60009765625,8776.7001953125,4246.1201171875
2007-08-31,6247.2001953125,6303.2998046875,1473.989990234375,13660.5,16569.08984375,4118.97021484375,8881.5,4294.56005859375
2007-09-03,6267.2998046875,6315.2001953125,,,16524.9296875,4125.759765625,8877.7998046875,4295.990234375
2007-09-04,6293.2998046875,6376.7998046875,1489.4200439453125,13755.2001953125,16420.470703125,4150.52978515625,8966.2998046875,4324.35009765625
2007-09-05,6262.7001953125,6270.7001953125,1472.2900390625,13683.2998046875,16158.4501953125,4155.0,8843.099609375,4235.41015625
2007-09-06,6251.0,6313.2998046875,1478.550048828125,13795.7001953125,16257.0,4140.08984375,8830.099609375,4256.1201171875
2007-09-07,6278.39990234375,6191.2001953125,1453.550048828125,13651.2001953125,16122.16015625,4151.97998046875,8676.099609375,4162.419921875
2007-09-10,6191.2001953125,6134.10009765625,1451.699951171875,13625.5,15764.9697265625,4142.89013671875,8612.5,4136.4501953125
2007-09-11,6235.5,6280.7001953125,1471.489990234375,13704.2998046875,15877.669921875,4160.16015625,8717.2001953125,4197.35009765625
2007-09-12,6220.2998046875,6306.2001953125,1471.56005859375,13756.7001953125,15797.599609375,4143.02001953125,8784.0,4210.68994140625
2007-09-13,6230.60009765625,6363.89990234375,1483.949951171875,13843.2001953125,15821.1904296875,4142.43017578125,8878.0,4249.009765625
2007-09-14,6306.7998046875,6289.2998046875,1484.25,13846.400390625,16127.419921875,4162.669921875,8772.599609375,4221.33984375
2007-09-17,6271.39990234375,6182.7998046875,1476.6500244140625,13809.900390625,,4168.72021484375,8685.7998046875,4184.60986328125
2007-09-18,6192.5,6283.2998046875,1519.780029296875,14005.400390625,15801.7998046875,4123.52001953125,8775.900390625,4264.419921875
2007-09-19,6356.10009765625,6460.0,1529.030029296875,13939.7998046875,16381.5400390625,4177.64990234375,9006.7998046875,4389.330078125
2007-09-20,6393.7001953125,6429.0,1518.75,13838.400390625,16413.7890625,4206.8798828125,8896.7001953125,4366.16015625
2007-09-21,6357.89990234375,6456.7001953125,1525.75,13940.099609375,16312.6103515625,4231.16015625,8897.2998046875,4370.35009765625
2007-09-24,6451.5,6465.89990234375,1517.72998046875,13958.2998046875,,4232.669921875,8906.099609375,4360.6298828125
2007-09-25,6483.0,6396.89990234375,1517.2099609375,13997.599609375,16401.73046875,4241.669921875,8829.2001953125,4328.89013671875
2007-09-26,6481.39990234375,6433.0,1525.4200439453125,14035.0,16435.740234375,4275.97021484375,8859.7001953125,4364.39990234375
2007-09-27,6538.10009765625,6486.39990234375,1531.3800048828125,14129.7001953125,16832.220703125,4275.81005859375,8886.0,4388.97998046875
2007-09-28,6567.7998046875,6466.7998046875,1526.75,14098.900390625,16785.689453125,4268.89990234375,8933.5,4381.7099609375
2007-10-01,6563.7001953125,6506.2998046875,1547.0400390625,14200.599609375,16845.9609375,4281.18994140625,9022.5,4409.64990234375
2007-10-02,6659.89990234375,6500.39990234375,1546.6300048828125,14152.7001953125,17046.779296875,4332.2900390625,9074.0,4427.009765625
2007-10-03,6660.0,6535.2001953125,1539.5899658203125,14020.900390625,17199.890625,4327.8701171875,9088.7001953125,4421.580078125
2007-10-04,6566.89990234375,6547.89990234375,1542.8399658203125,14125.099609375,17092.490234375,4299.97998046875,9053.400390625,4420.39013671875
2007-10-05,6605.39990234375,6595.7998046875,1557.5899658203125,14233.2998046875,17065.0390625,4284.0498046875,9075.2998046875,4455.31005859375
2007-10-08,6654.2998046875,6540.89990234375,1552.5799560546875,,,4295.240234375,9097.0,4435.8701171875
2007-10-09,6677.7998046875,6615.39990234375,1565.1500244140625,14262.2001953125,17159.900390625,4280.240234375,9137.7998046875,4447.580078125
2007-10-10,6738.2998046875,6633.0,1562.469970703125,14276.2001953125,17177.890625,4279.7900390625,9182.2998046875,4442.60986328125
2007-10-11,6771.89990234375,6724.5,1554.4100341796875,14229.400390625,17458.98046875,4296.60986328125,9218.2998046875,4473.56982421875
2007-10-12,6748.89990234375,6730.7001953125,1561.800048828125,14295.900390625,17331.169921875,4305.6201171875,9197.5,4476.02001953125
2007-10-15,6739.0,6644.5,1548.7099609375,14231.2998046875,17358.150390625,4325.08984375,9179.5,4434.97998046875
2007-10-16,6692.0,6614.2998046875,1538.530029296875,14153.0,17137.919921875,4312.169921875,9062.7001953125,4420.91015625
2007-10-17,6680.10009765625,6677.7001953125,1541.239990234375,14219.5,16955.310546875,4321.83984375,9071.7998046875,4441.7998046875
2007-10-18,6767.7001953125,6609.39990234375,1540.0799560546875,14332.0,17106.08984375,4313.14990234375,9027.5,4420.3798828125
2007-10-19,6706.2998046875,6527.89990234375,1500.6300048828125,14001.7001953125,16814.369140625,4316.31005859375,8937.2001953125,4411.259765625
2007-10-22,6577.2998046875,6459.2998046875,1506.3299560546875,14043.599609375,16438.470703125,,8845.400390625,4356.240234375
2007-10-23,6660.89990234375,6514.0,1519.5899658203125,14087.5,16450.580078125,4274.68994140625,8903.2001953125,4378.419921875
2007-10-24,6634.39990234375,6482.0,1515.8800048828125,14088.5,16358.3896484375,4291.0498046875,8851.0,4357.14013671875
2007-10-25,6624.2998046875,6576.2998046875,1514.4000244140625,14124.900390625,16284.169921875,4267.14013671875,8917.5,4412.1201171875
2007-10-26,6700.60009765625,6661.2998046875,1535.280029296875,14296.400390625,16505.630859375,4226.7099609375,8962.900390625,4440.22998046875
2007-10-29,6792.10009765625,6706.0,1540.97998046875,14427.400390625,16698.080078125,4215.8798828125,9007.2998046875,4471.4599609375
2007-10-30,6750.2001953125,6659.0,1531.02001953125,14312.099609375,16651.009765625,4219.77001953125,8939.2001953125,4462.9501953125
2007-10-31,6754.10009765625,6721.60009765625,1549.3800048828125,14625.0,16737.630859375,4209.06982421875,9019.599609375,4489.7900390625
2007-11-01,6828.7001953125,6586.10009765625,1508.43994140625,14372.5,16870.400390625,4207.8798828125,8891.5,4415.27001953125
2007-11-02,6696.60009765625,6530.60009765625,1509.6500244140625,14363.900390625,16517.48046875,4154.1298828125,8770.400390625,4410.080078125
2007-11-05,6582.2998046875,6461.39990234375,1502.1700439453125,14273.400390625,16268.919921875,4141.2001953125,8707.7998046875,4392.7998046875
2007-11-06,6628.0,6474.89990234375,1520.27001953125,14370.599609375,16249.6298828125,4135.43017578125,8770.2998046875,4407.33984375
2007-11-07,6692.39990234375,6385.10009765625,1475.6199951171875,14118.2001953125,16096.6796875,4205.580078125,8703.2001953125,4400.33984375
2007-11-08,6521.60009765625,6381.89990234375,1474.77001953125,14128.599609375,15771.5703125,4185.419921875,8605.2001953125,4363.60009765625
2007-11-09,6545.7001953125,6304.89990234375,1453.699951171875,13869.7998046875,15583.419921875,4134.77001953125,8417.2001953125,4297.830078125
2007-11-12,6455.2998046875,6337.89990234375,1439.1800537109375,13605.0,15197.08984375,4089.1298828125,8442.0,4302.8798828125
2007-11-13,6515.2001953125,6362.39990234375,1481.050048828125,13705.099609375,15126.6298828125,4107.14990234375,8500.599609375,4311.97998046875
2007-11-14,6598.60009765625,6432.10009765625,1470.5799560546875,13774.5,15499.5595703125,4140.64990234375,8631.0,4338.27978515625
2007-11-15,6528.60009765625,6359.60009765625,1451.1500244140625,13524.400390625,15396.2998046875,4113.0498046875,8593.7001953125,4301.43994140625
2007-11-16,6461.89990234375,6291.2001953125,1458.739990234375,13530.400390625,15154.6103515625,4114.18017578125,8478.7998046875,4282.39990234375
2007-11-19,6535.2001953125,6120.7998046875,1433.27001953125,13348.2001953125,15042.5595703125,4114.669921875,8270.900390625,4226.7001953125
2007-11-20,6425.39990234375,6226.5,1439.699951171875,13459.7998046875,15211.51953125,4067.300048828125,8339.0,4277.240234375
2007-11-21,6384.2998046875,6070.89990234375,1416.77001953125,13280.599609375,14837.66015625,4071.010009765625,8125.39990234375,4195.580078125
2007-11-22,6334.2998046875,6155.2998046875,,13381.0,14888.76953125,4054.219970703125,8227.099609375,4208.919921875
2007-11-23,6330.2001953125,6262.10009765625,1440.699951171875,13467.2001953125,,4071.0,8371.7998046875,4268.52978515625
2007-11-26,6471.39990234375,6180.5,1407.219970703125,13321.099609375,15135.2099609375,4077.110107421875,8361.2001953125,4238.0
2007-11-27,6432.7001953125,6140.7001953125,1428.22998046875,13369.099609375,15222.849609375,4104.06005859375,8431.099609375,4224.43994140625
2007-11-28,6370.10009765625,6306.2001953125,1469.02001953125,13632.2001953125,15153.7802734375,4071.030029296875,8650.7998046875,4321.740234375
2007-11-29,6444.5,6349.10009765625,1469.719970703125,13663.900390625,15513.740234375,4066.5400390625,8734.5,4347.0
2007-11-30,6533.10009765625,6432.5,1481.1400146484375,13689.099609375,15680.669921875,4062.889892578125,8828.400390625,4394.9501953125
2007-12-03,6533.5,6386.60009765625,1472.4200439453125,13657.2001953125,15628.9697265625,4060.010009765625,8706.2001953125,4371.669921875
2007-12-04,6530.7998046875,6315.2001953125,1462.7900390625,13579.599609375,15480.1904296875,4053.860107421875,8645.0,4339.10009765625
2007-12-05,6508.10009765625,6493.7998046875,1485.010009765625,13734.5,15608.8798828125,4034.550048828125,8758.2001953125,4410.0
2007-12-06,6600.89990234375,6485.60009765625,1507.3399658203125,13849.7998046875,15874.080078125,4043.5,8741.7001953125,4414.66015625
2007-12-07,6654.7001953125,6554.89990234375,1504.6600341796875,13863.0,15956.3701171875,4092.929931640625,8799.7001953125,4446.33984375
2007-12-10,6625.10009765625,6565.39990234375,1515.9599609375,13940.400390625,15924.3896484375,4057.489990234375,8885.2998046875,4465.52001953125
2007-12-11,6680.39990234375,6536.89990234375,1477.6500244140625,13723.7001953125,16044.7197265625,4026.949951171875,8855.900390625,4449.9501953125
2007-12-12,6615.2001953125,6559.7998046875,1486.5899658203125,13809.400390625,15932.259765625,3999.550048828125,8852.2998046875,4469.47021484375
2007-12-13,6597.60009765625,6364.2001953125,1488.4100341796875,13747.2998046875,15536.51953125,4001.389892578125,8658.400390625,4370.759765625
2007-12-14,6491.7001953125,6397.0,1467.949951171875,13674.2001953125,15514.509765625,4008.659912109375,8675.900390625,4384.64990234375
2007-12-17,6263.5,6277.7998046875,1445.9000244140625,13387.099609375,15249.7900390625,3962.6201171875,8544.599609375,4312.47021484375
2007-12-18,6236.89990234375,6279.2998046875,1454.97998046875,13358.099609375,15207.8603515625,3926.1201171875,8467.099609375,4309.14013671875
2007-12-19,6216.39990234375,6284.5,1453.0,13389.7998046875,15030.509765625,3939.72998046875,8395.0,4301.33984375
2007-12-20,6176.89990234375,6345.60009765625,1460.1199951171875,13407.0,15031.599609375,3947.56005859375,8402.7998046875,4314.7001953125
2007-12-21,6247.0,6434.10009765625,1484.4599609375,13596.099609375,15257.0,3993.510009765625,8468.400390625,4384.5498046875
2007-12-24,6323.60009765625,6479.2998046875,1496.449951171875,13694.7998046875,,4058.7099609375,,4384.5498046875
2007-12-25,,,,,15552.58984375,,,
2007-12-26,,,1497.6600341796875,,15653.5400390625,,,
2007-12-27,6350.89990234375,6497.7998046875,1476.27001953125,13675.599609375,15564.6904296875,4068.6298828125,8518.2001953125,4404.60986328125
2007-12-28,6339.89990234375,6476.89990234375,1478.489990234375,13821.2998046875,15307.7802734375,4036.0,8484.5,4404.64013671875
2007-12-31,6339.7998046875,6456.89990234375,1468.3599853515625,13833.099609375,,4041.3798828125,,4399.72021484375
2008-01-02,6353.2001953125,6416.7001953125,1447.1600341796875,13926.7998046875,,,,
2008-01-03,6290.7001953125,6479.39990234375,1447.1600341796875,13978.2001953125,,4033.929931640625,8318.7998046875,4333.419921875
2008-01-04,6306.7998046875,6348.5,1411.6300048828125,13778.599609375,14691.41015625,4010.820068359375,8130.0,4270.52978515625
2008-01-07,6161.60009765625,6335.7001953125,1416.1800537109375,13618.900390625,14500.5498046875,3953.580078125,8110.60009765625,4283.3701171875
2008-01-08,6128.10009765625,6356.5,1390.18994140625,13541.7998046875,14528.669921875,3928.39990234375,8316.400390625,4295.22998046875
2008-01-09,6087.7001953125,6272.7001953125,1409.1300048828125,13579.900390625,14599.16015625,3912.169921875,8339.7998046875,4258.31982421875
2008-01-10,6078.7001953125,6222.7001953125,1420.3299560546875,13642.7001953125,14388.1103515625,3899.8798828125,8290.7998046875,4237.6201171875
2008-01-11,5981.60009765625,6202.0,1401.02001953125,13632.599609375,14110.7900390625,3872.179931640625,8159.7001953125,4225.31005859375
2008-01-14,5980.0,6215.7001953125,1416.25,13698.2998046875,,3824.2099609375,8193.400390625,4236.68017578125
2008-01-15,5960.0,6025.60009765625,1380.949951171875,13316.7998046875,13972.6298828125,3810.5,7973.89990234375,4140.93994140625
2008-01-16,5809.7001953125,5942.89990234375,1373.199951171875,13074.900390625,13504.509765625,3752.389892578125,7847.5,4108.33984375
2008-01-17,5796.10009765625,5902.39990234375,1333.25,12795.599609375,13783.4501953125,3729.9599609375,7788.10009765625,4065.760009765625
2008-01-18,5747.2998046875,5901.7001953125,1325.18994140625,12737.099609375,13861.2900390625,3664.35009765625,7692.0,3995.169921875
2008-01-21,5580.39990234375,5578.2001953125,,12132.099609375,13325.9404296875,3646.909912109375,7287.10009765625,3703.050048828125
2008-01-22,5186.7998046875,5740.10009765625,1310.5,12640.900390625,12573.0498046875,3607.1298828125,7487.89990234375,3753.679931640625
2008-01-23,5412.2998046875,5609.39990234375,1338.5999755859375,12657.400390625,12829.0595703125,3615.300048828125,7356.10009765625,3577.989990234375
2008-01-24,5580.39990234375,5875.7998046875,1352.0699462890625,12907.2998046875,13092.7802734375,3658.610107421875,7691.0,3809.070068359375
2008-01-25,5860.2998046875,5869.0,1330.6099853515625,12894.7998046875,13629.16015625,3729.14990234375,7686.89990234375,3777.06005859375
2008-01-28,,5788.89990234375,1353.9599609375,12986.900390625,13087.91015625,3710.320068359375,7581.7001953125,3765.409912109375
2008-01-29,5716.5,5885.2001953125,1362.300048828125,13046.400390625,13478.8603515625,3704.169921875,7704.39990234375,3810.010009765625
2008-01-30,5618.7001953125,5837.2998046875,1355.81005859375,12998.2001953125,13345.0302734375,3697.010009765625,7671.7998046875,3789.31005859375
2008-01-31,5650.2998046875,5879.7998046875,1378.550048828125,13155.099609375,13592.4697265625,3670.639892578125,7670.39990234375,3792.800048828125
2008-02-01,5842.89990234375,6029.2001953125,1395.4200439453125,13318.400390625,13497.16015625,3708.1298828125,7816.0,3867.469970703125
2008-02-04,5867.39990234375,6026.2001953125,1380.8199462890625,13258.2001953125,13859.7001953125,3711.72998046875,7751.7001953125,3867.159912109375
2008-02-05,5792.89990234375,5868.0,1336.6400146484375,12932.0,13745.5,3690.010009765625,7517.39990234375,3717.080078125
2008-02-06,5609.39990234375,5875.39990234375,1326.449951171875,12867.2001953125,13099.240234375,,7565.5,3760.1201171875
2008-02-07,5596.7001953125,5724.10009765625,1336.9100341796875,12925.400390625,13207.150390625,3636.199951171875,7420.0,3699.2900390625
2008-02-08,5658.0,5784.0,1331.2900390625,12989.2998046875,13017.240234375,3612.409912109375,7447.0,3701.169921875
2008-02-11,5537.60009765625,5707.7001953125,1339.1300048828125,13130.900390625,,3572.93994140625,7347.5,3678.159912109375
2008-02-12,5608.10009765625,5910.0,1348.8599853515625,13087.400390625,13021.9599609375,3574.840087890625,7546.89990234375,3803.760009765625
2008-02-13,5542.10009765625,5880.10009765625,1367.2099609375,13282.2998046875,13068.2998046875,3545.77001953125,7536.5,3803.2099609375
2008-02-14,5684.7998046875,5879.2998046875,1348.8599853515625,13208.0,13626.4501953125,3550.409912109375,7502.0,3797.889892578125
2008-02-15,5606.60009765625,5787.60009765625,1349.989990234375,13226.7998046875,13622.5595703125,3510.81005859375,7353.0,3719.280029296875
2008-02-18,5558.39990234375,5946.60009765625,,,13635.400390625,3601.780029296875,7486.7001953125,3759.1201171875
2008-02-19,5619.10009765625,5966.89990234375,1348.780029296875,13447.7001953125,13757.91015625,3609.409912109375,7462.7001953125,3805.27001953125
2008-02-20,5496.5,5893.60009765625,1360.030029296875,13551.7001953125,13310.3701171875,3595.909912109375,7381.60009765625,3758.469970703125
2008-02-21,5583.39990234375,5932.2001953125,1342.530029296875,13509.599609375,13688.2802734375,,7486.10009765625,3778.2099609375
2008-02-22,5559.89990234375,5888.5,1353.1099853515625,13585.900390625,13500.4599609375,3569.6201171875,7454.7998046875,3737.110107421875
2008-02-25,5621.60009765625,5999.5,1371.800048828125,13697.5,13914.5703125,3570.75,7615.7998046875,3798.989990234375
2008-02-26,5666.10009765625,6087.39990234375,1381.2900390625,13797.0,13824.7197265625,3543.25,7743.2001953125,3855.030029296875
2008-02-27,5767.2001953125,6076.5,1380.02001953125,13778.400390625,14031.2998046875,3562.3701171875,7782.5,3856.68994140625
2008-02-28,5651.2001953125,5965.7001953125,1367.6800537109375,13873.900390625,13925.509765625,3579.570068359375,7663.0,3784.27001953125
2008-02-29,5572.10009765625,5884.2998046875,1330.6300048828125,13582.7001953125,13603.01953125,3582.719970703125,7533.89990234375,3724.5
2008-03-03,5405.7998046875,5818.60009765625,1331.3399658203125,13544.400390625,12992.1796875,3584.25,7403.89990234375,3675.510009765625
2008-03-04,5380.2998046875,5767.7001953125,1326.75,13476.7998046875,12992.2802734375,3584.469970703125,7276.0,3610.199951171875
2008-03-05,5376.60009765625,5853.5,1333.699951171875,13603.2998046875,12972.0595703125,3619.469970703125,7338.7998046875,3684.5400390625
2008-03-06,5435.5,5766.39990234375,1304.3399658203125,13360.400390625,13215.419921875,3603.830078125,7269.89990234375,3617.679931640625
2008-03-07,5264.0,5699.89990234375,1293.3699951171875,13281.7001953125,12782.7998046875,3558.260009765625,7174.10009765625,3576.679931640625
2008-03-10,5180.39990234375,5629.10009765625,1273.3699951171875,13005.099609375,12532.1298828125,3547.75,7055.0,3546.10009765625
2008-03-11,5134.2001953125,5690.39990234375,1320.6500244140625,13344.5,12658.2802734375,3520.4599609375,7143.0,3606.590087890625
2008-03-12,5257.89990234375,5776.39990234375,1308.77001953125,13297.400390625,12861.1298828125,3544.830078125,7245.0,3647.639892578125
2008-03-13,5135.89990234375,5692.39990234375,1315.47998046875,13443.5,12433.4404296875,3573.909912109375,7251.7001953125,3599.580078125
2008-03-14,5206.89990234375,5631.7001953125,1288.1400146484375,13252.7998046875,12241.599609375,3500.909912109375,7132.0,3566.590087890625
2008-03-17,5087.0,5414.39990234375,1276.5999755859375,12952.2001953125,11787.509765625,3429.43994140625,6774.2998046875,3431.820068359375
2008-03-18,5086.10009765625,5605.7998046875,1330.739990234375,13136.7001953125,11964.16015625,3418.6298828125,7013.89990234375,3558.659912109375
2008-03-19,5289.10009765625,5545.60009765625,1298.4200439453125,12709.400390625,12260.4404296875,3467.260009765625,7073.0,3529.5400390625
2008-03-20,5127.5,5495.2001953125,1329.510009765625,12775.599609375,,3425.7099609375,7009.89990234375,
2008-03-21,,,,,12482.5703125,,,
2008-03-24,,,1349.8800048828125,13019.7001953125,12480.08984375,,,
2008-03-25,5318.39990234375,5689.10009765625,1352.989990234375,13322.2001953125,12745.2197265625,3430.280029296875,7234.39990234375,3632.590087890625
2008-03-26,5381.39990234375,5660.39990234375,1341.1300048828125,13391.900390625,12706.6298828125,3425.449951171875,7184.5,3611.449951171875
2008-03-27,5371.60009765625,5717.5,1325.760009765625,13405.7998046875,12604.580078125,3404.5400390625,7265.0,3652.110107421875
2008-03-28,5351.10009765625,5692.89990234375,1315.219970703125,13233.7998046875,12820.4697265625,3447.5,7239.39990234375,3641.050048828125
2008-03-31,5355.7001953125,5702.10009765625,1322.699951171875,13350.099609375,12525.5400390625,3470.429931640625,7224.2998046875,3628.06005859375
2008-04-01,5361.2001953125,5852.60009765625,1370.1800537109375,13440.7001953125,12656.419921875,3533.56005859375,7494.2998046875,3753.550048828125
2008-04-02,5502.89990234375,5915.89990234375,1367.530029296875,13514.099609375,13189.3603515625,3592.7900390625,7596.60009765625,3797.89990234375
2008-04-03,5608.89990234375,5891.2998046875,1369.31005859375,13551.2998046875,13389.900390625,3629.97998046875,7516.2001953125,3774.93994140625
2008-04-04,5619.60009765625,5947.10009765625,1370.4000244140625,13668.2001953125,13293.2197265625,3631.22998046875,7573.5,3795.199951171875
2008-04-07,5625.0,6014.7998046875,1372.5400390625,13745.0,13450.23046875,3644.489990234375,7639.2998046875,3828.4599609375
2008-04-08,5571.5,5990.2001953125,1365.5400390625,13727.5,13250.4296875,3605.679931640625,7568.10009765625,3810.510009765625
2008-04-09,5520.2001953125,5983.89990234375,1354.489990234375,13750.599609375,13111.8896484375,3575.449951171875,7403.10009765625,3775.929931640625
2008-04-10,5446.39990234375,5965.10009765625,1360.550048828125,13909.599609375,12945.2998046875,3540.010009765625,7312.60009765625,3758.050048828125
2008-04-11,5439.2998046875,5895.5,1332.8299560546875,13683.0,13323.73046875,3488.840087890625,7259.0,3699.989990234375
2008-04-14,5342.39990234375,5831.60009765625,1328.3199462890625,13738.599609375,12917.509765625,3470.9599609375,7139.5,3671.280029296875
2008-04-15,5400.39990234375,5906.89990234375,1334.4300537109375,13851.0,12990.580078125,3502.8798828125,7187.39990234375,3690.75
2008-04-16,5470.2998046875,6046.2001953125,1364.7099609375,14099.5,13146.1298828125,,7250.7001953125,3748.56005859375
2008-04-17,5519.0,5980.39990234375,1365.56005859375,14115.5,13398.2998046875,3568.93994140625,7173.60009765625,3725.22998046875
2008-04-18,5429.7001953125,6056.60009765625,1390.3299560546875,14237.099609375,13476.4501953125,3557.469970703125,7418.0,3808.590087890625
2008-04-21,5600.2998046875,6053.0,1388.1700439453125,14321.2001953125,13696.5498046875,3592.5400390625,7394.89990234375,3769.889892578125
2008-04-22,5564.60009765625,6034.7001953125,1375.93994140625,14266.2998046875,13547.8203125,3583.260009765625,7328.89990234375,3736.1201171875
2008-04-23,5652.89990234375,6083.60009765625,1379.9300537109375,14069.7998046875,13579.16015625,3608.469970703125,7324.5,3763.550048828125
2008-04-24,5587.2998046875,6050.7001953125,1388.8199462890625,13966.2998046875,13540.8701171875,3616.81005859375,7460.5,3761.9599609375
2008-04-25,,6091.39990234375,1397.8399658203125,14103.900390625,13863.4697265625,,7509.5,3794.389892578125
2008-04-28,5602.7001953125,6090.39990234375,1396.3699951171875,14085.900390625,13894.3701171875,3642.6298828125,7550.10009765625,3814.760009765625
2008-04-29,5606.89990234375,6089.39990234375,1390.93994140625,13825.599609375,,3605.570068359375,7462.0,3793.6298828125
2008-04-30,5595.39990234375,6087.2998046875,1385.5899658203125,13937.0,13849.990234375,3624.800048828125,7529.0,3825.02001953125
2008-05-01,5585.7998046875,6087.2998046875,1409.3399658203125,14065.7998046875,13766.8603515625,3630.409912109375,,
2008-05-02,5700.39990234375,6215.5,1413.9000244140625,14280.2998046875,14049.259765625,3661.330078125,7665.7998046875,3877.5
2008-05-05,5730.2998046875,,1407.489990234375,14274.2998046875,,3680.52001953125,7658.2998046875,3872.14990234375
2008-05-06,5701.39990234375,6215.2998046875,1418.260009765625,14414.2998046875,,3651.090087890625,7543.7001953125,3845.080078125
2008-05-07,5668.39990234375,6261.0,1392.5699462890625,14371.5,14102.48046875,3596.820068359375,7639.2001953125,3871.780029296875
2008-05-08,5723.2001953125,6270.7998046875,1397.6800537109375,14608.0,13943.259765625,3625.590087890625,7586.10009765625,3855.860107421875
2008-05-09,5771.7998046875,6204.7001953125,1388.280029296875,14521.2001953125,13655.33984375,3601.169921875,7484.0,3801.590087890625
2008-05-12,5828.5,6220.7001953125,1403.5799560546875,14666.099609375,13743.3603515625,3637.830078125,,
2008-05-13,5812.7001953125,6211.89990234375,1403.0400390625,14616.7001953125,13953.73046875,3653.31005859375,7578.2998046875,3817.070068359375
2008-05-14,5872.7001953125,6216.0,1408.6600341796875,14626.2998046875,14118.5498046875,3628.56005859375,7594.60009765625,3857.4599609375
2008-05-15,5890.7001953125,6251.7998046875,1423.5699462890625,14828.099609375,14251.740234375,3614.22998046875,7683.39990234375,3854.860107421875
2008-05-16,5931.0,6304.2998046875,1425.3499755859375,14984.2001953125,14219.48046875,3657.199951171875,7653.7001953125,3862.909912109375
2008-05-19,5949.39990234375,6376.5,1426.6300048828125,,14269.6103515625,3658.949951171875,7778.89990234375,3882.280029296875
2008-05-20,5908.10009765625,6191.60009765625,1413.4000244140625,15047.2998046875,14160.08984375,3647.18994140625,7626.60009765625,3822.31005859375
2008-05-21,5823.39990234375,6198.10009765625,1390.7099609375,14790.400390625,13926.2998046875,3611.719970703125,7574.2998046875,3794.1298828125
2008-05-22,5826.89990234375,6181.60009765625,1394.3499755859375,14792.400390625,13978.4599609375,3591.340087890625,7578.0,3793.030029296875
2008-05-23,5768.0,6087.2998046875,1375.9300537109375,14723.400390625,14012.2001953125,3589.469970703125,7459.89990234375,3725.820068359375
2008-05-26,5707.0,,,14758.599609375,13690.1904296875,3573.75,7363.89990234375,3724.89990234375
2008-05-27,5714.39990234375,6058.5,1385.3499755859375,14522.099609375,13893.3095703125,3551.340087890625,7418.0,3711.030029296875
2008-05-28,5648.10009765625,6069.60009765625,1390.8399658203125,14688.599609375,13709.4404296875,3547.010009765625,7474.5,3743.179931640625
2008-05-29,5709.39990234375,6068.10009765625,1398.260009765625,14577.2001953125,14124.4697265625,3563.110107421875,7541.7998046875,3752.239990234375
2008-05-30,5654.7001953125,6053.5,1400.3800048828125,14714.7001953125,14338.5400390625,3624.22998046875,7511.2998046875,3777.85009765625
2008-06-02,5662.2998046875,6007.60009765625,1385.6700439453125,14814.2001953125,14440.1396484375,,7555.7001953125,3720.5
2008-06-03,5574.2001953125,6057.7001953125,1377.6500244140625,14728.599609375,14209.169921875,3540.050048828125,7590.39990234375,3737.340087890625
2008-06-04,5584.5,5970.10009765625,1377.199951171875,14690.5,14435.5703125,3557.68994140625,7514.47998046875,3699.050048828125
2008-06-05,5530.10009765625,5995.2998046875,1404.050048828125,14982.900390625,14341.1201171875,3555.969970703125,7567.22998046875,3682.830078125
2008-06-06,5592.10009765625,5906.7998046875,1360.6800537109375,14969.599609375,14489.4404296875,3548.080078125,7386.419921875,3596.699951171875
2008-06-09,,5877.60009765625,1361.760009765625,14960.7998046875,14181.3798828125,3496.5,7325.89990234375,3597.340087890625
2008-06-10,5437.5,5827.2998046875,1358.43994140625,14736.2001953125,14021.169921875,3505.89990234375,7284.2099609375,3574.699951171875
2008-06-11,5467.2998046875,5723.2998046875,1335.489990234375,14716.5,14183.48046875,3487.429931640625,7167.2998046875,3509.389892578125
2008-06-12,5329.2001953125,5790.5,1339.8699951171875,14602.599609375,13888.599609375,3439.219970703125,7222.7900390625,3542.590087890625
2008-06-13,5378.10009765625,5802.7998046875,1360.030029296875,14778.5,13973.73046875,3416.0,7261.3701171875,3562.669921875
2008-06-16,5371.7001953125,5794.60009765625,1360.1400146484375,14944.2998046875,14354.3701171875,3406.300048828125,7238.27001953125,3532.830078125
2008-06-17,5422.7001953125,5861.89990234375,1350.9300537109375,15068.7998046875,14348.3701171875,3404.570068359375,7251.419921875,3555.580078125
2008-06-18,5443.2001953125,5756.89990234375,1337.81005859375,15073.099609375,14452.8203125,3391.6298828125,7182.56005859375,3507.969970703125
2008-06-19,5366.60009765625,5708.39990234375,1342.8299560546875,14790.2001953125,14130.169921875,3340.10009765625,7158.93994140625,3486.7099609375
2008-06-20,5288.2998046875,5620.7998046875,1317.9300537109375,14580.7001953125,13942.080078125,3283.429931640625,7069.43994140625,3426.580078125
2008-06-23,5283.7001953125,5667.2001953125,1318.0,14691.7998046875,13857.4697265625,3287.56005859375,7026.919921875,3427.330078125
2008-06-24,5290.0,5634.7001953125,1314.2900390625,14409.599609375,13849.5595703125,3298.179931640625,7026.080078125,3404.52001953125
2008-06-25,5237.7998046875,5666.10009765625,1321.969970703125,14441.099609375,13829.919921875,3281.2900390625,7081.3701171875,3460.39990234375
2008-06-26,5307.0,5518.2001953125,1283.1500244140625,14292.099609375,13822.3203125,3291.969970703125,6949.72998046875,3366.35009765625
2008-06-27,5237.0,5530.0,1278.3800048828125,14355.2001953125,13544.3603515625,3226.909912109375,6861.5400390625,3340.27001953125
2008-06-30,5215.2998046875,5625.89990234375,1280.0,14467.0,13481.3798828125,3194.610107421875,6958.509765625,3352.81005859375
2008-07-01,5138.89990234375,5479.89990234375,1284.9100341796875,,13463.2001953125,3175.27001953125,6849.669921875,3292.860107421875
2008-07-02,5094.7998046875,5426.2998046875,1261.52001953125,14034.099609375,13286.3701171875,3163.389892578125,6843.75,3288.52001953125
2008-07-03,4998.2998046875,5476.60009765625,1262.9000244140625,14143.599609375,13265.400390625,3094.419921875,6844.06005859375,3330.89990234375
2008-07-04,5082.10009765625,5412.7998046875,,14010.400390625,13237.8896484375,3157.919921875,6772.740234375,
2008-07-07,5002.5,5512.7001953125,1252.31005859375,13712.7998046875,13360.0400390625,3121.449951171875,6815.72998046875,3332.659912109375
2008-07-08,4932.89990234375,5440.5,1273.699951171875,13809.7998046875,13033.099609375,3160.590087890625,6788.1298828125,3287.60009765625
2008-07-09,5011.89990234375,5529.60009765625,1244.68994140625,13610.7998046875,13052.1298828125,3177.4599609375,6921.43994140625,3342.47998046875
2008-07-10,4937.39990234375,5406.7998046875,1253.3900146484375,13743.900390625,13067.2099609375,3112.56005859375,6803.06982421875,3283.010009765625
2008-07-11,4979.89990234375,5261.60009765625,1239.489990234375,13709.099609375,13039.6904296875,3121.5400390625,6638.89013671875,3197.780029296875
2008-07-14,4921.0,5300.39990234375,1228.300048828125,13741.2998046875,13010.16015625,3080.10009765625,6675.259765625,3216.239990234375
2008-07-15,4815.7001953125,5171.89990234375,1214.9100341796875,13357.599609375,12754.5595703125,3040.449951171875,6561.97998046875,3142.72998046875
2008-07-16,4870.60009765625,5150.60009765625,1245.3599853515625,13503.7998046875,12760.7998046875,3059.360107421875,6583.490234375,3174.760009765625
2008-07-17,4901.0,5286.2998046875,1260.3199462890625,13460.2998046875,12887.9501953125,3091.3798828125,6739.16015625,3256.090087890625
2008-07-18,4840.39990234375,5376.39990234375,1260.6800537109375,13516.0,12803.7001953125,3120.909912109375,6827.31005859375,3321.530029296875
2008-07-21,5011.7998046875,5404.2998046875,1260.0,13689.2001953125,,3148.320068359375,6858.22021484375,3333.919921875
2008-07-22,5005.60009765625,5364.2001953125,1277.0,13643.2001953125,13184.9599609375,3143.909912109375,6922.25,3326.239990234375
2008-07-23,5105.2998046875,5449.89990234375,1282.18994140625,13512.7001953125,13312.9296875,3201.64990234375,7058.240234375,3387.5
2008-07-24,5144.10009765625,5362.2998046875,1252.5400390625,13206.099609375,13603.3095703125,3287.22998046875,7056.93017578125,3354.580078125
2008-07-25,4970.5,5352.60009765625,1257.760009765625,13378.7998046875,13334.759765625,3254.159912109375,7015.02978515625,3351.1298828125
2008-07-28,4922.10009765625,5312.60009765625,1234.3699951171875,13304.0,13353.7802734375,3256.570068359375,6968.93017578125,3313.409912109375
2008-07-29,4847.39990234375,5319.2001953125,1263.199951171875,13342.599609375,13159.4501953125,3235.5,6993.2998046875,3324.860107421875
2008-07-30,4936.7001953125,5420.7001953125,1284.260009765625,13683.2001953125,13367.7900390625,3287.760009765625,7108.91015625,3367.330078125
2008-07-31,4977.39990234375,5411.89990234375,1267.3800048828125,13592.900390625,13376.8095703125,3336.280029296875,7141.2099609375,3367.820068359375
2008-08-01,4904.0,5354.7001953125,1260.31005859375,13496.5,13094.58984375,3303.159912109375,,
2008-08-04,4887.7001953125,5320.2001953125,1249.010009765625,,12933.1796875,3319.219970703125,7078.22021484375,3289.260009765625
2008-08-05,4820.39990234375,5454.5,1284.8800048828125,13242.2001953125,12914.66015625,3295.679931640625,7190.77978515625,3380.090087890625
2008-08-06,4969.10009765625,5486.10009765625,1289.18994140625,13453.5,13254.8896484375,3352.340087890625,7209.33984375,3409.02001953125
2008-08-07,4983.2998046875,5477.5,1266.0699462890625,13385.2001953125,13124.990234375,3378.889892578125,7182.06982421875,3397.25
2008-08-08,4986.2001953125,5489.2001953125,1296.3199462890625,13341.7001953125,13168.41015625,3357.820068359375,7262.10009765625,3408.47998046875
2008-08-11,5026.10009765625,5541.7998046875,1305.3199462890625,13203.2001953125,13430.91015625,3370.18994140625,7337.72998046875,3445.659912109375
2008-08-12,5053.60009765625,5534.5,1289.5899658203125,13167.0,13303.599609375,3353.6298828125,7301.83984375,3436.85009765625
2008-08-13,4951.60009765625,5448.60009765625,1285.8299560546875,13377.2001953125,13023.0498046875,3345.239990234375,7193.5,3354.75
2008-08-14,4981.10009765625,5497.5,1292.9300537109375,13358.900390625,12956.7998046875,3333.89990234375,7206.4599609375,3356.840087890625
2008-08-15,4981.7001953125,5454.7998046875,1298.199951171875,13096.7001953125,13019.41015625,3351.1298828125,7235.93017578125,3367.6201171875
2008-08-18,4985.0,5450.2001953125,1278.5999755859375,13119.400390625,13165.4501953125,3334.14990234375,7231.39990234375,3366.090087890625
2008-08-19,4866.39990234375,5320.39990234375,1266.68994140625,13063.900390625,12865.0498046875,3319.1201171875,7115.18017578125,3279.75
2008-08-20,4929.5,5371.7998046875,1274.5400390625,13350.099609375,12851.6904296875,3332.02001953125,7100.009765625,3295.280029296875
2008-08-21,4875.2001953125,5370.2001953125,1277.719970703125,13539.2001953125,12752.2099609375,3332.050048828125,7000.52978515625,3248.919921875
2008-08-22,4931.39990234375,5505.60009765625,1292.199951171875,13447.2998046875,12666.0400390625,3311.610107421875,7094.1201171875,3312.409912109375
2008-08-25,5014.89990234375,,1266.8399658203125,13289.0,12878.66015625,3326.919921875,7062.580078125,3280.409912109375
2008-08-26,5007.5,5470.7001953125,1271.510009765625,13299.099609375,12778.7099609375,3321.0,7093.72021484375,3297.419921875
2008-08-27,5011.2001953125,5528.2001953125,1281.6600341796875,13530.7001953125,12752.9599609375,3318.52001953125,7086.64013671875,3299.14990234375
2008-08-28,5066.5,5601.2001953125,1300.6800537109375,13750.5,12768.25,3324.800048828125,7190.39990234375,3359.419921875
2008-08-29,5135.60009765625,5636.60009765625,1282.8299560546875,13771.2998046875,13072.8701171875,3353.239990234375,7238.740234375,3365.6298828125
2008-09-01,5118.2998046875,5602.7998046875,,,12834.1796875,3357.699951171875,7227.75,3364.39990234375
2008-09-02,5116.0,5620.7001953125,1277.5799560546875,13299.5,12609.4697265625,3367.25,7298.58984375,3416.4599609375
2008-09-03,5060.0,5499.7001953125,1274.97998046875,13137.7001953125,12689.58984375,3373.449951171875,7256.6298828125,3368.969970703125
2008-09-04,4979.5,5362.10009765625,1236.8299560546875,12814.099609375,12557.66015625,3348.139892578125,7084.64990234375,3274.820068359375
2008-09-05,4877.10009765625,5240.7001953125,1242.31005859375,12816.400390625,12212.23046875,3336.179931640625,6976.58984375,3185.830078125
2008-09-08,5067.5,5446.2998046875,1267.7900390625,12634.599609375,12624.4599609375,3374.39990234375,7177.419921875,3284.1201171875
2008-09-09,4980.10009765625,5415.60009765625,1224.510009765625,12146.7998046875,12400.650390625,3376.389892578125,7189.4501953125,3261.070068359375
2008-09-10,4905.5,5366.2001953125,1232.0400390625,12497.2001953125,12346.6298828125,3343.860107421875,7121.43017578125,3242.02001953125
2008-09-11,4814.2998046875,5318.39990234375,1249.050048828125,12612.7998046875,12102.5,3333.5400390625,7071.25,3222.10009765625
2008-09-12,4903.7998046875,5416.7001953125,1251.699951171875,12769.599609375,12214.759765625,3361.68994140625,7215.5,3278.02001953125
2008-09-15,4817.7001953125,5204.2001953125,1192.699951171875,12254.0,,3319.89990234375,6939.10986328125,3151.169921875
2008-09-16,4750.7998046875,5025.60009765625,1213.5999755859375,12227.0,11609.7197265625,3227.300048828125,6732.93017578125,3088.429931640625
2008-09-17,4722.2001953125,4912.39990234375,1156.3900146484375,11877.7001953125,11749.7900390625,3269.929931640625,6654.330078125,3018.77001953125
2008-09-18,4607.2998046875,4880.0,1206.510009765625,12064.599609375,11489.2998046875,3158.919921875,6623.25,3000.830078125
2008-09-19,4804.10009765625,5311.2998046875,1255.0799560546875,12913.0,11920.8603515625,3187.1298828125,7025.169921875,3253.52001953125
2008-09-22,5020.5,5236.2998046875,1207.0899658203125,12638.099609375,12090.58984375,3255.719970703125,6887.39013671875,3181.77001953125
2008-09-23,4923.5,5136.10009765625,1188.219970703125,12532.599609375,,3228.18994140625,6805.52978515625,3139.830078125
2008-09-24,4981.89990234375,5095.60009765625,1185.8699951171875,12513.400390625,12115.0302734375,3259.679931640625,6780.33984375,3119.830078125
2008-09-25,4927.39990234375,5197.0,1209.1800537109375,12546.5,12006.5302734375,3237.719970703125,6945.490234375,3207.110107421875
2008-09-26,4904.7998046875,5088.5,1213.27001953125,12126.0,11893.16015625,3187.580078125,6815.52001953125,3156.4599609375
2008-09-29,4807.39990234375,4818.7998046875,1106.4200439453125,11285.099609375,11743.6103515625,3188.5400390625,6500.1298828125,3008.18994140625
2008-09-30,4600.5,4902.5,1166.3599853515625,11752.900390625,11259.8603515625,3090.219970703125,6654.89013671875,3038.199951171875
2008-10-01,4794.60009765625,4959.60009765625,1161.06005859375,11714.5,11368.259765625,3187.9599609375,6727.6298828125,3067.35009765625
2008-10-02,4761.10009765625,4870.2998046875,1114.280029296875,10900.5,11154.759765625,3232.639892578125,6730.93994140625,3007.510009765625
2008-10-03,4695.39990234375,4980.2998046875,1099.22998046875,10803.400390625,10938.1396484375,3151.5400390625,6879.81982421875,3113.820068359375
2008-10-06,4540.39990234375,4589.2001953125,1056.8900146484375,10230.400390625,10473.08984375,3048.3798828125,6458.72021484375,2868.969970703125
2008-10-07,4618.7001953125,4605.2001953125,996.22998046875,9829.599609375,10155.900390625,3004.18994140625,6427.759765625,2879.449951171875
2008-10-08,4388.10009765625,4366.7001953125,984.9400024414062,10056.2998046875,9203.3203125,2948.31005859375,6073.4501953125,2694.550048828125
2008-10-09,4320.89990234375,4313.7998046875,909.9199829101562,9600.2001953125,9157.490234375,2944.39990234375,5798.83984375,2629.0400390625
2008-10-10,3960.699951171875,3932.10009765625,899.219970703125,9065.2001953125,8276.4296875,2805.31005859375,5347.22021484375,2421.8701171875
2008-10-13,4180.7001953125,4256.89990234375,1003.3499755859375,,,2782.389892578125,5956.31982421875,2688.320068359375
2008-10-14,4335.2001953125,4394.2001953125,998.010009765625,9955.7001953125,9447.5703125,2948.969970703125,6260.22021484375,2756.739990234375
2008-10-15,4300.0,4079.60009765625,907.8400268554688,9323.900390625,9547.4697265625,2904.639892578125,5911.169921875,2578.06005859375
2008-10-16,4013.39990234375,3861.39990234375,946.4299926757812,9270.0,8458.4501953125,2764.68994140625,5718.52978515625,2423.800048828125
2008-10-17,3970.800048828125,4063.0,940.5499877929688,9562.5,8693.8203125,2808.760009765625,6099.6201171875,2532.169921875
2008-10-20,4142.2998046875,4282.7001953125,985.4000244140625,10251.400390625,9005.58984375,2889.919921875,6216.4599609375,2613.679931640625
2008-10-21,4302.5,4229.7001953125,955.0499877929688,9795.7998046875,9306.25,2952.02001953125,6185.47998046875,2598.969970703125
2008-10-22,4156.10009765625,4040.89990234375,896.780029296875,9236.900390625,8674.6904296875,2899.39990234375,5925.4599609375,2457.969970703125
2008-10-23,3974.39990234375,4087.800048828125,908.1099853515625,9331.400390625,8460.98046875,2807.340087890625,5893.72998046875,2452.030029296875
2008-10-24,3869.39990234375,3883.39990234375,876.77001953125,9294.099609375,7649.080078125,2778.550048828125,5675.08984375,2333.280029296875
2008-10-27,3809.199951171875,3852.60009765625,848.9199829101562,8537.2998046875,7162.89990234375,,5500.93994140625,
2008-10-28,3794.60009765625,3926.39990234375,940.510009765625,9151.599609375,7621.919921875,2687.10009765625,5538.5400390625,2381.679931640625
2008-10-29,3845.60009765625,4242.5,930.0900268554688,9501.599609375,8211.900390625,2745.60009765625,5880.56982421875,2515.239990234375
2008-10-30,4001.10009765625,4291.7001953125,954.0900268554688,9856.2001953125,9029.759765625,2762.820068359375,5842.33984375,2528.0400390625
2008-10-31,4018.0,4377.2998046875,968.75,9762.7998046875,8576.98046875,2820.860107421875,6153.2099609375,2591.760009765625
2008-11-03,4221.5,4443.2998046875,966.2999877929688,9721.2998046875,,2856.659912109375,6233.8798828125,2610.0400390625
2008-11-04,4215.10009765625,4639.5,1005.75,10116.599609375,9114.599609375,2844.31005859375,6399.97998046875,2755.1201171875
2008-11-05,4336.60009765625,4530.7001953125,952.77001953125,9887.2001953125,9521.240234375,2886.110107421875,6177.14990234375,2710.64990234375
2008-11-06,4149.7001953125,4272.39990234375,904.8800048828125,9555.400390625,8899.1396484375,2840.1298828125,5924.89990234375,2542.0400390625
2008-11-07,4051.300048828125,4365.0,930.989990234375,9596.2001953125,8583.0,2791.64990234375,6008.16015625,2602.5400390625
2008-11-10,4107.7998046875,4403.89990234375,919.2100219726562,9688.7998046875,9081.4296875,2837.85009765625,6090.6201171875,2625.840087890625
2008-11-11,3960.89990234375,4246.7001953125,898.9500122070312,9424.0,8809.2998046875,2799.56005859375,5880.7900390625,2483.610107421875
2008-11-12,3927.300048828125,4182.0,852.2999877929688,8922.599609375,8695.509765625,2772.18994140625,5702.85986328125,2400.739990234375
2008-11-13,3697.300048828125,4169.2001953125,911.2899780273438,9352.7998046875,8238.6396484375,2729.6201171875,5740.0400390625,2429.93994140625
2008-11-14,3748.10009765625,4233.0,873.2899780273438,9056.0,8462.3896484375,2767.669921875,5834.75,2458.31005859375
2008-11-17,3653.0,4132.2001953125,850.75,8795.5,8522.580078125,2741.919921875,5646.43017578125,2364.830078125
2008-11-18,3523.199951171875,4208.60009765625,859.1199951171875,8835.7001953125,8328.41015625,2714.590087890625,5675.580078125,2390.10009765625
2008-11-19,3499.60009765625,4005.699951171875,806.5800170898438,8490.599609375,8273.2197265625,2706.27001953125,5524.06005859375,2295.360107421875
2008-11-20,3352.89990234375,3875.0,752.4400024414062,7724.7998046875,7703.0400390625,2644.669921875,5306.10009765625,2225.989990234375
2008-11-21,3416.5,3781.0,800.030029296875,8155.39990234375,7910.7900390625,2578.10009765625,5144.02001953125,2165.909912109375
2008-11-24,3425.10009765625,4153.0,851.8099975585938,8440.900390625,,2575.47998046875,5466.39990234375,2380.300048828125
2008-11-25,3623.39990234375,4171.2998046875,857.3900146484375,8442.900390625,8323.9296875,2634.8798828125,5478.39013671875,2385.89990234375
2008-11-26,3540.0,4152.7001953125,887.6799926757812,8643.5,8213.2197265625,2637.89990234375,5498.56005859375,2373.820068359375
2008-11-27,3588.0,4226.10009765625,,8753.7998046875,8373.3896484375,2668.739990234375,5640.7998046875,2427.969970703125
2008-11-28,3742.5,4288.0,896.239990234375,9270.599609375,8512.26953125,2710.9599609375,5816.60009765625,2430.31005859375
2008-12-01,3681.199951171875,4065.5,816.2100219726562,8406.2001953125,8397.2197265625,2682.929931640625,5527.580078125,2288.389892578125
2008-12-02,3528.199951171875,4122.89990234375,848.8099975585938,8327.7998046875,7863.68994140625,2651.14990234375,5537.58984375,2354.1298828125
2008-12-03,3533.800048828125,4170.0,870.739990234375,8297.0,8004.10009765625,2706.7900390625,5604.22998046875,2369.52001953125
2008-12-04,3532.39990234375,4163.60009765625,845.219970703125,8057.7998046875,7924.240234375,2730.679931640625,5649.14013671875,2368.719970703125
2008-12-05,3489.89990234375,4049.39990234375,876.0700073242188,8117.0,7917.509765625,2706.719970703125,5530.83984375,2252.090087890625
2008-12-08,3631.60009765625,4300.10009765625,909.7000122070312,8567.099609375,8329.0498046875,2699.81005859375,5818.81982421875,2449.280029296875
2008-12-09,3604.300048828125,4381.2998046875,888.6699829101562,8397.599609375,8395.8701171875,2724.7099609375,5845.56005859375,2480.7900390625
2008-12-10,3640.699951171875,4367.2998046875,899.239990234375,8634.0,8660.240234375,2711.550048828125,5751.91015625,2495.580078125
2008-12-11,3598.0,4388.7001953125,873.5900268554688,8391.900390625,8720.5498046875,2726.7099609375,5729.85009765625,2485.389892578125
2008-12-12,3510.39990234375,4280.39990234375,879.72998046875,8515.5,8235.8701171875,2676.949951171875,5636.169921875,2418.909912109375
2008-12-15,3591.39990234375,4277.60009765625,868.5700073242188,8461.7998046875,8664.66015625,2676.429931640625,5526.5400390625,2407.469970703125
2008-12-16,3556.199951171875,4309.10009765625,913.1799926757812,8724.099609375,8568.01953125,2695.080078125,5567.14013671875,2450.360107421875
2008-12-17,3570.60009765625,4324.2001953125,904.4199829101562,8724.099609375,8612.51953125,2695.929931640625,5548.2001953125,2444.4599609375
2008-12-18,3581.199951171875,4330.7001953125,885.280029296875,8425.400390625,8667.23046875,2707.590087890625,5515.0498046875,2452.419921875
2008-12-19,3615.699951171875,4286.89990234375,887.8800048828125,8552.0,8588.51953125,2655.31005859375,5459.85986328125,2444.139892578125
2008-12-22,3557.39990234375,4249.2001953125,871.6300048828125,8249.5,8723.7802734375,2679.75,5419.52001953125,2397.64990234375
2008-12-23,3531.39990234375,4256.0,863.1599731445312,8311.900390625,,2661.739990234375,5399.580078125,2382.139892578125
2008-12-24,3582.199951171875,4216.60009765625,868.1500244140625,8310.599609375,8517.099609375,2668.06005859375,5399.580078125,2382.139892578125
2008-12-25,,,,,8599.5,,,
2008-12-26,,,872.7999877929688,,8739.51953125,,,
2008-12-29,3621.10009765625,4319.39990234375,869.4199829101562,8637.2998046875,8747.169921875,2677.639892578125,5464.9599609375,2388.300048828125
2008-12-30,3654.199951171875,4392.7001953125,890.6400146484375,8830.7001953125,8859.5595703125,2678.219970703125,5534.52978515625,2451.47998046875
2008-12-31,3722.300048828125,4434.2001953125,903.25,8987.7001953125,,2715.7099609375,5534.52978515625,2451.47998046875
2009-01-02,3713.800048828125,4561.7998046875,931.7999877929688,9234.099609375,,,,
2009-01-05,3687.0,4579.60009765625,927.4500122070312,9285.5,9043.1201171875,2744.889892578125,5756.08984375,2553.409912109375
2009-01-06,3742.699951171875,4638.89990234375,934.7000122070312,9472.099609375,9080.83984375,2783.3798828125,5799.31005859375,2578.429931640625
2009-01-07,3779.699951171875,4507.5,906.6500244140625,9121.2998046875,9239.240234375,2764.239990234375,5761.68994140625,2538.550048828125
2009-01-08,3694.300048828125,4505.39990234375,909.72998046875,9221.599609375,8876.419921875,2756.64990234375,5751.06982421875,2516.56005859375
2009-01-09,3735.699951171875,4448.5,890.3499755859375,9085.2001953125,8836.7998046875,2757.409912109375,5697.240234375,2486.590087890625
2009-01-12,3683.300048828125,4426.2001953125,870.260009765625,8793.2998046875,,2768.27001953125,5591.7900390625,2451.8701171875
2009-01-13,3654.60009765625,4399.2001953125,871.7899780273438,8961.599609375,8413.91015625,2774.639892578125,5534.330078125,2411.280029296875
2009-01-14,3687.0,4180.60009765625,842.6199951171875,8688.400390625,8438.4501953125,2786.780029296875,5378.81005859375,2298.4599609375
2009-01-15,3529.5,4121.10009765625,843.739990234375,8879.599609375,8023.31005859375,2742.830078125,5382.43994140625,2257.669921875
2009-01-16,3550.89990234375,4147.10009765625,850.1199951171875,8920.400390625,8230.150390625,2752.159912109375,5435.5400390625,2281.449951171875
2009-01-19,3589.300048828125,4108.5,,8841.5,8256.849609375,2747.97998046875,5381.3701171875,2252.389892578125
2009-01-20,3476.60009765625,4091.39990234375,805.219970703125,8504.900390625,8065.7900390625,2709.47998046875,5321.0,2200.800048828125
2009-01-21,3442.800048828125,4059.89990234375,840.239990234375,8757.900390625,7901.64013671875,2705.0400390625,5304.169921875,2188.429931640625
2009-01-22,3486.800048828125,4052.199951171875,827.5,8486.599609375,8051.740234375,2734.409912109375,5329.43994140625,2160.070068359375
2009-01-23,3342.699951171875,4052.5,831.9500122070312,8628.0,7745.25,2705.090087890625,5306.91015625,2147.8701171875
2009-01-26,,4209.0,836.5700073242188,8656.5,7682.14013671875,2705.75,5417.06982421875,2226.77001953125
2009-01-27,3444.0,4194.39990234375,845.7100219726562,8759.599609375,8061.06982421875,2735.860107421875,5348.91015625,2224.6201171875
2009-01-28,3495.5,4295.2001953125,874.0900268554688,8906.2001953125,8106.2900390625,2747.89990234375,5417.93017578125,2322.780029296875
2009-01-29,3526.199951171875,4190.10009765625,845.1400146484375,8762.7998046875,8251.240234375,2770.1201171875,5272.89990234375,2269.39990234375
2009-01-30,3540.699951171875,4149.60009765625,825.8800048828125,8694.900390625,7994.0498046875,2774.139892578125,5290.0498046875,2236.97998046875
2009-02-02,3497.39990234375,4077.800048828125,825.4400024414062,8624.7998046875,7873.97998046875,2771.5,5166.9599609375,2198.739990234375
2009-02-03,3508.699951171875,4164.5,838.510009765625,8628.599609375,7825.509765625,2780.2900390625,5217.60986328125,2244.889892578125
2009-02-04,3437.89990234375,4228.60009765625,832.22998046875,8693.099609375,8038.93994140625,2768.6201171875,5225.4599609375,2297.72998046875
2009-02-05,3428.60009765625,4228.89990234375,845.8499755859375,8861.0,7949.64990234375,2773.5,5106.85009765625,2293.22998046875
2009-02-06,3469.89990234375,4291.89990234375,868.5999755859375,9008.0,8076.6201171875,,5123.08984375,2343.659912109375
2009-02-09,3508.60009765625,4307.60009765625,869.8900146484375,9047.2998046875,7969.02978515625,2766.56005859375,5158.5,2348.949951171875
2009-02-10,3488.699951171875,4213.10009765625,827.1599731445312,8817.900390625,7945.93994140625,2750.050048828125,5144.68994140625,2268.14990234375
2009-02-11,3474.39990234375,4234.2998046875,833.739990234375,8737.900390625,,2730.22998046875,5123.77001953125,2267.89990234375
2009-02-12,3514.300048828125,4202.2001953125,835.1900024414062,8778.7998046875,7705.35986328125,2750.14990234375,5106.669921875,2214.949951171875
2009-02-13,3559.10009765625,4189.60009765625,826.8400268554688,8678.099609375,7779.39990234375,2750.77001953125,5126.83984375,2228.2900390625
2009-02-16,3516.89990234375,4134.7998046875,,,7750.169921875,2680.18994140625,5077.6201171875,
2009-02-17,3464.300048828125,4034.10009765625,789.1699829101562,8378.7001953125,7645.509765625,2672.6201171875,4941.31005859375,2119.97998046875
2009-02-18,3413.199951171875,4006.800048828125,788.4199829101562,8176.0,7534.43994140625,2621.0,4955.47021484375,2118.469970703125
2009-02-19,3448.89990234375,4018.39990234375,778.9400024414062,8185.39990234375,7557.64990234375,2616.929931640625,4990.52001953125,2114.840087890625
2009-02-20,3402.39990234375,3889.10009765625,770.0499877929688,7950.0,7416.3798828125,2576.679931640625,4851.2099609375,2011.6800537109375
2009-02-23,3351.199951171875,3850.699951171875,743.3300170898438,7647.7001953125,7376.16015625,2538.2900390625,4797.1201171875,1991.6300048828125
2009-02-24,3331.60009765625,3816.39990234375,773.1400146484375,7859.2998046875,7268.56005859375,2487.530029296875,4723.02001953125,1977.5
2009-02-25,3327.5,3849.0,764.9000244140625,7932.2998046875,7461.22021484375,2499.820068359375,4702.5,1965.260009765625
2009-02-26,3345.5,3915.60009765625,752.8300170898438,8186.7998046875,7457.93017578125,2497.429931640625,4770.77978515625,2021.1400146484375
2009-02-27,3344.5,3830.10009765625,735.0900268554688,8123.0,7568.419921875,2522.320068359375,4690.669921875,1976.22998046875
2009-03-02,3250.10009765625,3625.800048828125,700.8200073242188,7687.5,7280.14990234375,2481.510009765625,4438.27001953125,1882.7900390625
2009-03-03,3219.199951171875,3512.10009765625,696.3300170898438,7631.60009765625,7229.72021484375,2417.949951171875,4358.0,1864.72998046875
2009-03-04,3166.39990234375,3645.89990234375,712.8699951171875,7814.7998046875,7290.9599609375,2469.340087890625,4463.669921875,1943.4599609375
2009-03-05,3188.5,3529.89990234375,682.5499877929688,7629.2001953125,7433.490234375,2491.39990234375,4390.18017578125,1852.25
2009-03-06,3145.5,3530.699951171875,683.3800048828125,7591.5,7173.10009765625,2471.0400390625,4311.60986328125,1817.239990234375
2009-03-09,3154.5,3542.39990234375,676.530029296875,7566.89990234375,7086.02978515625,2469.169921875,4307.669921875,1809.97998046875
2009-03-10,3184.5,3715.199951171875,719.5999755859375,7880.39990234375,7054.97998046875,2462.7099609375,4512.5498046875,1919.530029296875
2009-03-11,3244.39990234375,3693.800048828125,721.3599853515625,8011.0,7376.1201171875,2497.510009765625,4576.97021484375,1932.7900390625
2009-03-12,3235.5,3712.10009765625,750.739990234375,8282.2998046875,7198.25,2491.6201171875,4645.77978515625,1962.6400146484375
2009-03-13,3345.199951171875,3753.699951171875,756.5499877929688,8303.400390625,7569.27978515625,2523.389892578125,4726.740234375,1969.52001953125
2009-03-16,3348.39990234375,3864.0,753.8900146484375,8386.7001953125,7704.14990234375,2544.330078125,4816.43017578125,2033.719970703125
2009-03-17,3451.89990234375,3857.10009765625,778.1199951171875,8559.599609375,7949.1298828125,2564.719970703125,4813.77978515625,2012.25
2009-03-18,3446.300048828125,3805.0,794.3499755859375,8629.099609375,7972.169921875,2606.330078125,4783.31982421875,2019.18994140625
2009-03-19,3480.199951171875,3816.89990234375,784.0399780273438,8690.5,7945.9599609375,2633.2099609375,4794.6298828125,2039.5799560546875
2009-03-20,3465.800048828125,3842.89990234375,768.5399780273438,8506.400390625,,2599.030029296875,4787.169921875,2050.9599609375
2009-03-23,3550.300048828125,3952.800048828125,822.9199829101562,8958.5,8215.5302734375,2591.429931640625,4931.06982421875,2121.719970703125
2009-03-24,3580.0,3911.5,806.1199951171875,8849.400390625,8488.2998046875,2635.330078125,4923.66015625,2127.3701171875
2009-03-25,3609.300048828125,3900.300048828125,813.8800048828125,8797.400390625,8479.990234375,2630.330078125,4970.3798828125,2149.179931640625
2009-03-26,3646.60009765625,3925.199951171875,832.8599853515625,8995.5,8636.330078125,2616.25,4966.740234375,2156.969970703125
2009-03-27,3672.300048828125,3898.89990234375,815.9400024414062,8821.099609375,8626.9697265625,2653.47998046875,4872.330078125,2118.760009765625
2009-03-30,3604.39990234375,3762.89990234375,787.530029296875,8596.2001953125,8236.080078125,2641.989990234375,4745.759765625,2010.6099853515625
2009-03-31,3582.10009765625,3926.10009765625,797.8699951171875,8720.400390625,8109.52978515625,2590.389892578125,4927.43017578125,2071.1298828125
2009-04-01,3579.699951171875,3955.60009765625,811.0800170898438,8941.7998046875,8351.91015625,2569.239990234375,5014.89990234375,2097.570068359375
2009-04-02,3680.199951171875,4125.0,834.3800048828125,9073.099609375,8719.7802734375,2585.800048828125,5178.52978515625,2216.489990234375
2009-04-03,3735.60009765625,4029.699951171875,842.5,9065.7998046875,8749.83984375,2614.47998046875,5042.990234375,2198.75
2009-04-06,3756.60009765625,3993.5,835.47998046875,9016.2001953125,8857.9296875,2633.43994140625,5002.080078125,2179.72998046875
2009-04-07,3706.300048828125,3930.5,815.5499877929688,8824.7998046875,8832.849609375,2612.469970703125,4974.2001953125,2165.56005859375
2009-04-08,3619.5,3925.5,825.1599731445312,8969.2998046875,8595.009765625,2568.909912109375,4999.7998046875,2186.7900390625
2009-04-09,3671.60009765625,3983.699951171875,856.5599975585938,9187.099609375,8916.0595703125,2571.14990234375,5070.60009765625,2247.889892578125
2009-04-10,,,,,8964.1103515625,,,
2009-04-13,,,858.72998046875,9285.599609375,8924.4296875,,,
2009-04-14,3752.89990234375,3989.0,841.5,9231.599609375,8842.6796875,2599.820068359375,5099.31982421875,2278.64990234375
2009-04-15,3747.5,3968.39990234375,852.0599975585938,9246.099609375,8742.9599609375,2600.64990234375,5065.43017578125,2262.9599609375
2009-04-16,3775.699951171875,4053.0,865.2999877929688,9343.400390625,8755.259765625,2663.139892578125,5163.9501953125,2300.510009765625
2009-04-17,3776.699951171875,4092.800048828125,869.5999755859375,9437.7001953125,8907.580078125,2711.27001953125,5192.6298828125,2341.14990234375
2009-04-20,3769.0,3990.89990234375,832.3900146484375,9126.2001953125,8924.75,2698.800048828125,5065.18017578125,2249.43994140625
2009-04-21,3677.39990234375,3987.5,850.0800170898438,9247.2001953125,8711.330078125,2664.860107421875,5076.72021484375,2243.6298828125
2009-04-22,3668.199951171875,4030.699951171875,843.5499877929688,9279.2001953125,8727.2998046875,2662.93994140625,5063.7001953125,2285.68994140625
2009-04-23,3743.0,4018.199951171875,851.9199829101562,9409.5,8847.009765625,2658.85009765625,5023.89990234375,2259.5400390625
2009-04-24,3712.300048828125,4156.0,866.22998046875,9549.5,8707.990234375,2656.389892578125,5113.0498046875,2319.889892578125
2009-04-27,3731.60009765625,4167.0,857.510009765625,9394.7998046875,8726.33984375,2664.3701171875,5175.97021484375,2317.360107421875
2009-04-28,3708.39990234375,4096.39990234375,855.1599731445312,9348.0,8493.76953125,2686.43994140625,5109.08984375,2280.52001953125
2009-04-29,3695.300048828125,4189.60009765625,873.6400146484375,9416.2998046875,,2699.7099609375,5152.72021484375,2334.590087890625
2009-04-30,3780.5,4243.7001953125,872.8099975585938,9324.7998046875,8828.259765625,2740.580078125,5225.919921875,2375.340087890625
2009-05-01,3769.60009765625,4243.2001953125,877.52001953125,9497.0,8977.3701171875,2719.919921875,,
2009-05-04,3883.0,,907.239990234375,9870.400390625,,2766.27001953125,5318.33984375,2419.530029296875
2009-05-05,3890.39990234375,4336.89990234375,903.7999877929688,9880.7001953125,,2819.050048828125,5280.93017578125,2407.550048828125
2009-05-06,3867.10009765625,4396.5,919.530029296875,10143.400390625,,2831.360107421875,5319.259765625,2437.27001953125
2009-05-07,3938.699951171875,4398.7001953125,907.3900146484375,9967.099609375,9385.7001953125,2854.8701171875,5325.6298828125,2406.080078125
2009-05-08,3941.699951171875,4462.10009765625,929.22998046875,10238.0,9432.830078125,2873.139892578125,5391.009765625,2462.389892578125
2009-05-11,3926.0,4435.5,909.239990234375,10094.099609375,9451.98046875,2829.219970703125,5358.93994140625,2433.590087890625
2009-05-12,3877.199951171875,4425.5,908.3499755859375,10077.7001953125,9298.6103515625,2812.699951171875,5346.02978515625,2424.340087890625
2009-05-13,3856.10009765625,4331.39990234375,883.9199829101562,9709.5,9340.490234375,2811.56005859375,5277.3701171875,2357.300048828125
2009-05-14,3723.39990234375,4362.60009765625,893.0700073242188,9849.2001953125,9093.73046875,2776.1201171875,5360.0,2353.530029296875
2009-05-15,3773.199951171875,4348.10009765625,882.8800048828125,9762.900390625,9265.01953125,2790.89990234375,5350.669921875,2364.10009765625
2009-05-18,3735.60009765625,4446.5,909.7100219726562,,9038.6904296875,2777.860107421875,5435.1201171875,2422.739990234375
2009-05-19,3817.300048828125,4482.2998046875,908.1300048828125,10101.0,9290.2900390625,2790.800048828125,5498.7998046875,2459.590087890625
2009-05-20,3824.60009765625,4468.39990234375,903.469970703125,10232.400390625,9344.6396484375,2801.080078125,5509.27001953125,2487.169921875
2009-05-21,3813.89990234375,4345.5,888.3300170898438,9949.599609375,9264.150390625,2776.31005859375,,
2009-05-22,3761.60009765625,4365.2998046875,887.0,9993.400390625,9225.8095703125,2760.5400390625,5409.259765625,2433.52001953125
2009-05-25,3737.89990234375,,,10069.5,9347.0,2740.199951171875,5446.240234375,2440.22998046875
2009-05-26,3788.39990234375,4411.7001953125,910.3300170898438,10285.900390625,9310.8095703125,2734.070068359375,5431.27001953125,2468.449951171875
2009-05-27,3801.10009765625,4416.2001953125,893.0599975585938,10142.2001953125,9438.76953125,2769.780029296875,5419.419921875,2479.47998046875
2009-05-28,3755.699951171875,4387.5,906.8300170898438,10392.400390625,9451.3896484375,2721.97998046875,5350.58984375,2453.14990234375
2009-05-29,3818.0,4417.89990234375,919.1400146484375,10370.099609375,9522.5,2764.169921875,5349.740234375,2451.239990234375
2009-06-01,3894.39990234375,4506.2001953125,942.8699951171875,10604.099609375,9677.75,,,
2009-06-02,3955.300048828125,4477.0,944.739990234375,10588.7998046875,9704.3095703125,2807.199951171875,5432.22021484375,2534.169921875
2009-06-03,4017.199951171875,4383.39990234375,931.760009765625,10290.099609375,9741.669921875,2840.6298828125,5384.7099609375,2483.389892578125
2009-06-04,3934.60009765625,4386.89990234375,942.4600219726562,10477.2001953125,9668.9599609375,2815.7099609375,5422.2099609375,2487.080078125
2009-06-05,3971.199951171875,4438.60009765625,940.0900268554688,10569.2998046875,9768.009765625,2834.510009765625,5398.89990234375,2503.169921875
2009-06-08,,4405.2001953125,939.1400146484375,10549.099609375,9865.6298828125,2816.6201171875,5391.72021484375,2468.3701171875
2009-06-09,3934.89990234375,4404.7998046875,942.4299926757812,10547.900390625,9786.8203125,2822.39990234375,5388.669921875,2479.3798828125
2009-06-10,4024.39990234375,4436.7998046875,939.1500244140625,10598.0,9991.490234375,2827.969970703125,5436.39013671875,2500.93994140625
2009-06-11,4047.199951171875,4461.89990234375,944.8900146484375,10714.099609375,9981.330078125,2796.5400390625,5483.85009765625,2522.330078125
2009-06-12,4062.199951171875,4442.0,946.2100219726562,10645.0,10135.8203125,2809.820068359375,5521.83984375,2509.219970703125
2009-06-15,4031.699951171875,4326.0,923.719970703125,10394.7998046875,10039.669921875,2825.159912109375,5400.14990234375,2431.39990234375
2009-06-16,3962.5,4328.60009765625,911.969970703125,10307.400390625,9752.8798828125,2786.14990234375,5377.10009765625,2425.969970703125
2009-06-17,3904.10009765625,4278.5,910.7100219726562,10066.099609375,9840.849609375,2778.0400390625,5302.2900390625,2383.7099609375
2009-06-18,3892.10009765625,4280.89990234375,918.3699951171875,10121.5,9703.7197265625,2798.239990234375,5376.83984375,2414.43994140625
2009-06-19,3899.60009765625,4345.89990234375,921.22998046875,10288.0,9786.259765625,2784.27001953125,5421.58984375,2434.77001953125
2009-06-22,3918.199951171875,4234.10009765625,893.0399780273438,9834.2001953125,9826.26953125,2794.909912109375,5310.3701171875,2359.280029296875
2009-06-23,3796.89990234375,4230.0,895.0999755859375,9896.7001953125,9549.6103515625,2762.010009765625,5321.31005859375,2353.47998046875
2009-06-24,3807.0,4280.0,900.9400024414062,10100.900390625,9590.3203125,2739.81005859375,5443.419921875,2418.4599609375
2009-06-25,3856.0,4252.60009765625,920.260009765625,10355.900390625,9796.080078125,2770.659912109375,5361.2998046875,2402.320068359375
2009-06-26,3903.800048828125,4241.0,918.9000244140625,10389.7998046875,9877.3896484375,2770.6201171875,5375.990234375,2389.909912109375
2009-06-29,3886.89990234375,4294.0,927.22998046875,10476.7998046875,9783.4697265625,2775.1201171875,5443.4501953125,2437.719970703125
2009-06-30,3954.89990234375,4249.2001953125,919.3200073242188,10374.900390625,9958.4404296875,2796.110107421875,5403.97021484375,2401.68994140625
2009-07-01,3874.0,4340.7001953125,923.3300170898438,,9939.9296875,2780.3701171875,5472.93994140625,2449.72998046875
2009-07-02,3877.300048828125,4234.2998046875,896.4199829101562,10245.900390625,9876.150390625,2768.18994140625,5355.22998046875,2369.64990234375
2009-07-03,3828.199951171875,4236.2998046875,,10283.099609375,9816.0703125,2761.5,5338.509765625,2376.47998046875
2009-07-06,3783.699951171875,4194.89990234375,898.719970703125,10027.400390625,9680.8701171875,2742.969970703125,5354.14990234375,2343.8798828125
2009-07-07,3766.89990234375,4187.0,881.030029296875,9844.400390625,9647.7900390625,2746.239990234375,5329.2001953125,2320.89990234375
2009-07-08,3767.89990234375,4140.2001953125,879.5599975585938,9653.5,9420.75,2750.60009765625,5289.39013671875,2291.330078125
2009-07-09,3763.300048828125,4158.7001953125,882.6799926757812,9773.900390625,9291.0595703125,2741.679931640625,5305.39013671875,2313.8701171875
2009-07-10,3794.10009765625,4127.2001953125,879.1300048828125,9747.099609375,9287.2802734375,2738.280029296875,5237.81005859375,2281.469970703125
2009-07-13,3737.5,4202.10009765625,901.0499877929688,9891.900390625,9050.330078125,2736.889892578125,5315.2900390625,2345.219970703125
2009-07-14,3867.10009765625,4237.7001953125,905.8400268554688,9986.2001953125,9261.8095703125,2748.5,5365.0498046875,2370.7099609375
2009-07-15,3924.5,4346.5,932.6799926757812,10215.5,9269.25,2764.080078125,5473.330078125,2451.02001953125
2009-07-16,3995.60009765625,4361.7998046875,940.739990234375,10304.400390625,9344.16015625,2801.510009765625,5538.56982421875,2458.969970703125
2009-07-17,4000.800048828125,4388.7998046875,940.3800048828125,10369.400390625,9395.3203125,2808.219970703125,5594.14013671875,2469.199951171875
2009-07-20,4050.300048828125,4443.60009765625,951.1300048828125,10540.7001953125,,2820.909912109375,5627.93017578125,2500.68994140625
2009-07-21,4050.699951171875,4481.2001953125,954.5800170898438,10515.2998046875,9652.01953125,2873.18994140625,5636.18994140625,2519.989990234375
2009-07-22,4068.5,4493.7001953125,954.0700073242188,10432.400390625,9723.16015625,2900.43994140625,5637.02001953125,2528.85009765625
2009-07-23,4064.10009765625,4559.7998046875,976.2899780273438,10675.7001953125,9792.9404296875,2918.6298828125,5765.509765625,2585.7900390625
2009-07-24,4089.800048828125,4576.60009765625,979.260009765625,10687.900390625,9944.5498046875,2961.169921875,5760.89990234375,2582.760009765625
2009-07-27,4139.60009765625,4586.10009765625,982.1799926757812,10757.400390625,10088.66015625,2998.010009765625,5774.89013671875,2601.409912109375
2009-07-28,4169.5,4528.7998046875,979.6199951171875,10570.5,10087.259765625,3018.469970703125,5762.7998046875,2573.080078125
2009-07-29,4142.7998046875,4547.5,975.1500244140625,10455.2998046875,10113.240234375,2990.469970703125,5787.18994140625,2600.31005859375
2009-07-30,4190.5,4631.60009765625,986.75,10676.7001953125,10165.2099609375,2994.0,5932.6201171875,2654.739990234375
2009-07-31,4244.0,4608.39990234375,987.47998046875,10787.2001953125,10356.830078125,3016.199951171875,5950.68994140625,2638.1298828125
2009-08-03,4263.39990234375,4682.5,1002.6300048828125,,10352.4697265625,3047.85009765625,5967.43017578125,2674.070068359375
2009-08-04,4309.2998046875,4671.39990234375,1005.6500244140625,11018.099609375,10375.009765625,3092.800048828125,5939.77978515625,2670.9599609375
2009-08-05,4264.5,4647.10009765625,1002.719970703125,11046.900390625,10252.5302734375,3084.070068359375,5911.91015625,2643.1298828125
2009-08-06,4326.2998046875,4690.5,997.0800170898438,10793.400390625,10388.08984375,3056.14990234375,5968.080078125,2662.010009765625
2009-08-07,4299.39990234375,4731.60009765625,1010.47998046875,10885.2998046875,10412.08984375,3069.0,6026.39990234375,2706.219970703125
2009-08-10,4304.10009765625,4722.2001953125,1007.0999755859375,10793.7001953125,10524.259765625,3080.969970703125,6007.5498046875,2693.610107421875
2009-08-11,4332.0,4671.2998046875,994.3499755859375,10629.5,10585.4599609375,3055.469970703125,5949.97998046875,2650.93994140625
2009-08-12,4343.10009765625,4716.7998046875,1005.8099975585938,10659.900390625,10435.0,3079.68994140625,5962.490234375,2688.2099609375
2009-08-13,4435.89990234375,4755.5,1012.72998046875,10825.599609375,10517.1904296875,3128.85009765625,5986.72021484375,2705.739990234375
2009-08-14,4461.0,4714.0,1004.0900268554688,10848.0,10597.330078125,3151.260009765625,5985.2998046875,2669.409912109375
2009-08-17,4388.39990234375,4645.0,979.72998046875,10531.599609375,10268.6103515625,3086.080078125,5883.7001953125,2603.7900390625
2009-08-18,4381.60009765625,4685.7998046875,989.6699829101562,10673.7998046875,10284.9599609375,3071.580078125,5953.75,2630.60009765625
2009-08-19,4373.7998046875,4689.7001953125,996.4600219726562,10686.7998046875,10204.0,3081.050048828125,5980.7900390625,2622.8798828125
2009-08-20,4377.5,4756.60009765625,1007.3699951171875,10700.5,10383.41015625,3053.110107421875,6032.0498046875,2663.669921875
2009-08-21,4290.60009765625,4850.89990234375,1026.1300048828125,10831.2001953125,10238.2001953125,3034.949951171875,6139.7998046875,2745.6201171875
2009-08-24,4426.10009765625,4896.2001953125,1025.5699462890625,10790.0,10581.0498046875,3067.669921875,6194.39013671875,2778.340087890625
2009-08-25,4405.7998046875,4916.7998046875,1028.0,10920.5,10497.3603515625,3080.5,6200.85009765625,2801.139892578125
2009-08-26,4454.5,4890.60009765625,1028.1199951171875,10912.2001953125,10639.7099609375,3090.89990234375,6176.97021484375,2788.89990234375
2009-08-27,4450.7998046875,4869.39990234375,1030.97998046875,10934.0,10473.9697265625,3076.419921875,6169.18994140625,2777.6201171875
2009-08-28,4489.60009765625,4908.89990234375,1028.9300537109375,10978.0,10534.1396484375,3109.340087890625,6211.580078125,2803.64990234375
2009-08-31,4479.10009765625,,1020.6199951171875,10868.2001953125,10492.5302734375,3098.0,6217.1201171875,2770.110107421875
2009-09-01,4514.60009765625,4819.7001953125,998.0399780273438,10689.7998046875,,3084.679931640625,6128.169921875,2715.739990234375
2009-09-02,4438.2001953125,4817.60009765625,994.75,10701.2998046875,10280.4599609375,3074.64990234375,6089.240234375,2703.760009765625
2009-09-03,4429.60009765625,4796.7998046875,1003.239990234375,10921.5,10214.6396484375,3091.570068359375,6073.72021484375,2699.219970703125
2009-09-04,4435.5,4851.7001953125,1016.4000244140625,11017.5,10187.1103515625,3098.320068359375,6119.06982421875,2743.340087890625
2009-09-07,4454.39990234375,4933.2001953125,,,10320.9404296875,3122.68994140625,6181.97021484375,
2009-09-08,4523.7998046875,4947.2998046875,1025.3900146484375,11105.2998046875,10393.23046875,3121.550048828125,6194.72021484375,2786.25
2009-09-09,4522.2001953125,5004.2998046875,1033.3699951171875,11000.2001953125,10312.1396484375,3116.409912109375,6202.0400390625,2820.580078125
2009-09-10,4570.7998046875,4987.7001953125,1044.1400146484375,11155.0,10513.669921875,3126.679931640625,6208.43017578125,2817.5
2009-09-11,4596.10009765625,5011.5,1042.72998046875,11253.2001953125,10444.330078125,3137.179931640625,6232.990234375,2831.3701171875
2009-09-14,4531.10009765625,5018.89990234375,1049.3399658203125,11332.0,10202.0595703125,3128.669921875,6225.64013671875,2829.25
2009-09-15,4540.2998046875,5042.10009765625,1052.6300048828125,11495.7998046875,10217.6201171875,3099.6298828125,6213.18994140625,2843.0
2009-09-16,4650.39990234375,5124.10009765625,1068.760009765625,11555.599609375,10270.76953125,3117.580078125,6299.91015625,2882.280029296875
2009-09-17,4714.89990234375,5164.0,1065.489990234375,11528.2001953125,10443.7998046875,3152.800048828125,6317.72021484375,2895.449951171875
2009-09-18,4693.2001953125,5172.89990234375,1068.300048828125,11446.0,10370.5400390625,3156.4599609375,6325.14990234375,2887.239990234375
2009-09-21,4677.39990234375,5134.39990234375,1064.6600341796875,11424.599609375,,3155.64990234375,6306.22998046875,2872.510009765625
2009-09-22,4663.7001953125,5142.60009765625,1071.6600341796875,11585.7001953125,,3142.860107421875,6340.72021484375,2881.60009765625
2009-09-23,4734.10009765625,5139.39990234375,1060.8699951171875,11517.5,,3147.909912109375,6349.830078125,2887.239990234375
2009-09-24,4701.2001953125,5079.2998046875,1050.780029296875,11285.7998046875,10544.2197265625,3130.419921875,6275.43994140625,2838.219970703125
2009-09-25,4713.2998046875,5082.2001953125,1044.3800048828125,11212.400390625,10265.98046875,3111.25,6236.91015625,2831.949951171875
2009-09-28,4677.39990234375,5165.7001953125,1062.97998046875,11338.7001953125,10009.51953125,3131.179931640625,6289.27001953125,2899.1201171875
2009-09-29,4753.10009765625,5159.7001953125,1060.6099853515625,11395.0,10100.2001953125,3155.389892578125,6316.72021484375,2892.43994140625
2009-09-30,4743.60009765625,5133.89990234375,1057.0799560546875,11395.0,10133.23046875,3161.06005859375,6323.18017578125,2872.6298828125
2009-10-01,4701.10009765625,5047.7998046875,1029.8499755859375,11071.7998046875,9978.6396484375,3183.860107421875,6255.169921875,2810.4599609375
2009-10-02,4601.7001953125,4988.7001953125,1025.2099609375,10958.2998046875,9731.8701171875,3148.860107421875,6150.169921875,2760.60009765625
2009-10-05,4573.2998046875,5024.2998046875,1040.4599609375,11102.599609375,9674.490234375,3138.719970703125,6162.89990234375,2790.780029296875
2009-10-06,4591.60009765625,5138.0,1054.719970703125,11248.0,9691.7998046875,3151.550048828125,6277.16015625,2865.699951171875
2009-10-07,4695.7001953125,5108.89990234375,1057.5799560546875,11349.900390625,9799.599609375,3141.18994140625,6260.14990234375,2852.169921875
2009-10-08,4768.60009765625,5154.60009765625,1065.47998046875,11484.5,9832.4697265625,3168.93994140625,6305.7998046875,2887.610107421875
2009-10-09,4752.89990234375,5161.89990234375,1071.489990234375,11436.900390625,10016.3896484375,3163.25,6291.64013671875,2882.179931640625
2009-10-12,4739.7998046875,5210.2001953125,1076.18994140625,,,3178.8798828125,6377.77978515625,2914.35009765625
2009-10-13,4785.7001953125,5154.2001953125,1073.18994140625,11413.5,10076.5595703125,3169.4599609375,6321.259765625,2879.06005859375
2009-10-14,4831.10009765625,5256.10009765625,1092.02001953125,11532.7998046875,10060.2099609375,3186.47998046875,6405.919921875,2950.820068359375
2009-10-15,4859.89990234375,5223.0,1096.56005859375,11504.5,10238.650390625,3191.2900390625,6383.18994140625,2939.090087890625
2009-10-16,4836.39990234375,5190.2001953125,1087.6800537109375,11504.7998046875,10257.5595703125,3207.199951171875,6345.259765625,2893.530029296875
2009-10-19,4792.7998046875,5281.5,1097.9100341796875,11538.400390625,10236.509765625,3220.919921875,6436.3701171875,2947.409912109375
2009-10-20,4846.2001953125,5243.39990234375,1091.06005859375,11538.099609375,10336.83984375,3252.56005859375,6427.2900390625,2925.080078125
2009-10-21,4838.60009765625,5257.89990234375,1081.4000244140625,11442.0,10333.3896484375,3218.219970703125,6434.66015625,2936.830078125
2009-10-22,4812.7998046875,5207.39990234375,1092.9100341796875,11533.400390625,10267.169921875,3201.699951171875,6405.91015625,2902.18994140625
2009-10-23,4859.39990234375,5242.60009765625,1079.5999755859375,11382.099609375,10282.990234375,3214.929931640625,6378.06005859375,2886.080078125
2009-10-26,4830.2998046875,5191.7001953125,1066.949951171875,11234.900390625,10362.6201171875,,6303.35009765625,2834.820068359375
2009-10-27,4753.5,5201.0,1063.4100341796875,11053.5,10212.4599609375,3192.469970703125,6367.97021484375,2835.169921875
2009-10-28,4685.10009765625,5080.39990234375,1042.6300048828125,10805.2998046875,10075.0498046875,3202.780029296875,6279.93994140625,2778.4599609375
2009-10-29,4574.7001953125,5137.7001953125,1066.1099853515625,11075.2001953125,9891.099609375,3195.6201171875,6351.27001953125,2824.780029296875
2009-10-30,4643.2001953125,5044.60009765625,1036.18994140625,10910.7998046875,10034.740234375,3215.6201171875,6285.759765625,2743.5
2009-11-02,4540.39990234375,5104.5,1042.8800048828125,10878.400390625,9802.9501953125,3183.739990234375,6291.22021484375,2762.949951171875
2009-11-03,4531.5,5037.2001953125,1045.4100341796875,11025.900390625,,3158.989990234375,6213.35009765625,2712.300048828125
2009-11-04,4540.10009765625,5107.89990234375,1046.5,11071.2001953125,9844.3095703125,3166.7099609375,6267.10986328125,2763.2900390625
2009-11-05,4508.0,5125.60009765625,1066.6300048828125,11180.7001953125,9717.4404296875,3144.510009765625,6285.2001953125,2793.43994140625
2009-11-06,4594.0,5142.7001953125,1069.300048828125,11250.400390625,9789.349609375,3160.159912109375,6293.60986328125,2794.25
2009-11-09,4674.89990234375,5235.2001953125,1093.0799560546875,11486.900390625,9808.990234375,3165.06005859375,6385.14013671875,2860.110107421875
2009-11-10,4733.60009765625,5230.60009765625,1093.010009765625,11426.7001953125,9870.73046875,3167.409912109375,6369.10009765625,2856.43994140625
2009-11-11,4757.0,5266.7998046875,1098.510009765625,11439.7998046875,9871.6796875,3161.5400390625,6374.7001953125,2881.010009765625
2009-11-12,4747.89990234375,5276.5,1087.239990234375,11360.7998046875,9804.490234375,3172.080078125,6355.759765625,2876.919921875
2009-11-13,4706.39990234375,5296.39990234375,1093.47998046875,11407.7001953125,9770.3095703125,3158.139892578125,6351.080078125,2883.0400390625
2009-11-16,4755.2001953125,5382.7001953125,1109.300048828125,11512.2998046875,9791.1796875,3173.969970703125,6422.81005859375,2926.14990234375
2009-11-17,4729.39990234375,5345.89990234375,1110.3199462890625,11630.0,9729.9296875,3131.510009765625,6376.39990234375,2906.919921875
2009-11-18,4739.0,5342.10009765625,1109.800048828125,11652.7001953125,9676.7998046875,3141.179931640625,6368.97021484375,2908.530029296875
2009-11-19,4749.2001953125,5267.7001953125,1094.9000244140625,11600.2998046875,9549.4697265625,3141.179931640625,6286.81005859375,2860.2900390625
2009-11-20,4685.7998046875,5251.39990234375,1091.3800048828125,11579.2998046875,9497.6796875,3113.6298828125,6277.4599609375,2833.06005859375
2009-11-23,4717.0,5355.5,1106.239990234375,11624.0,,3112.97998046875,6410.240234375,2898.18994140625
2009-11-24,4685.0,5324.0,1105.6500244140625,11539.599609375,9401.580078125,3107.610107421875,6397.52978515625,2877.580078125
2009-11-25,4722.2001953125,5364.7998046875,1110.6300048828125,11636.900390625,9441.6396484375,3115.389892578125,6422.2001953125,2896.89990234375
2009-11-26,4708.60009765625,5194.10009765625,,11436.7998046875,9383.240234375,3127.31005859375,6283.3798828125,2799.43994140625
2009-11-27,4572.10009765625,5245.7001953125,1091.489990234375,11464.400390625,9081.51953125,3094.43994140625,6336.66015625,2831.139892578125
2009-11-30,4701.39990234375,5190.7001953125,1095.6300048828125,11447.2001953125,9345.5498046875,3125.52001953125,6260.9501953125,2797.25
2009-12-01,4719.0,5312.2001953125,1108.8599853515625,11707.2998046875,9572.2001953125,3146.60009765625,6372.080078125,2871.75
2009-12-02,4762.39990234375,5327.39990234375,1109.239990234375,11779.7001953125,9608.9404296875,3149.449951171875,6386.5400390625,2877.93994140625
2009-12-03,4774.60009765625,5313.0,1099.9200439453125,11636.599609375,9977.669921875,3153.929931640625,6444.080078125,2876.139892578125
2009-12-04,4702.2001953125,5322.39990234375,1105.97998046875,11510.7998046875,10022.58984375,3146.4599609375,6501.16015625,2910.330078125
2009-12-07,4676.5,5310.7001953125,1103.25,11489.599609375,10167.599609375,3138.580078125,6470.60986328125,2896.22998046875
2009-12-08,4670.60009765625,5223.10009765625,1091.93994140625,11368.900390625,10140.4697265625,3137.300048828125,6399.740234375,2849.169921875
2009-12-09,4637.89990234375,5203.89990234375,1095.949951171875,11379.2001953125,10004.7197265625,3127.639892578125,6351.7099609375,2818.10009765625
2009-12-10,4606.7001953125,5244.39990234375,1102.3499755859375,11464.599609375,9862.8203125,3132.280029296875,6410.64013671875,2851.2900390625
2009-12-11,4635.2001953125,5261.60009765625,1106.4100341796875,11423.900390625,10107.8701171875,3127.97998046875,6411.580078125,2862.320068359375
2009-12-14,4654.0,5315.2998046875,1114.1099853515625,11545.7001953125,10105.6796875,3098.800048828125,6433.08984375,2885.0
2009-12-15,4673.5,5285.7998046875,1107.9300537109375,11541.0,10083.48046875,3117.110107421875,6439.39990234375,2888.580078125
2009-12-16,4661.89990234375,5320.2998046875,1109.1800537109375,11637.0,10177.41015625,3132.300048828125,6532.31982421875,2926.52001953125
2009-12-17,4670.2998046875,5217.60009765625,1096.0799560546875,11473.099609375,10163.7998046875,3122.919921875,6489.22998046875,2891.659912109375
2009-12-18,4650.5,5196.7998046875,1102.469970703125,11463.400390625,10142.0498046875,3154.22998046875,6464.31982421875,2871.219970703125
2009-12-21,4635.10009765625,5294.0,1114.050048828125,11554.7001953125,10183.4697265625,3149.800048828125,6504.43994140625,2926.050048828125
2009-12-22,4704.2001953125,5328.7001953125,1118.02001953125,11628.0,10378.0302734375,3179.179931640625,6582.89990234375,2945.7099609375
2009-12-23,4739.2998046875,5372.39990234375,1120.5899658203125,11658.7001953125,,3209.56005859375,6579.97998046875,2957.47998046875
2009-12-24,4790.89990234375,5402.39990234375,1126.47998046875,11754.599609375,10536.919921875,3205.199951171875,6579.97998046875,2957.47998046875
2009-12-25,,,,,10494.7099609375,,,
2009-12-28,,,1127.780029296875,,10634.23046875,,6591.009765625,2982.419921875
2009-12-29,4845.10009765625,5437.60009765625,1126.199951171875,11701.7998046875,10638.0595703125,3225.1298828125,6608.52001953125,2992.080078125
2009-12-30,4833.2998046875,5397.89990234375,1126.4200439453125,11717.5,10546.4404296875,3220.909912109375,6545.91015625,2966.239990234375
2009-12-31,4870.60009765625,5412.89990234375,1115.0999755859375,11746.099609375,,3230.14990234375,6545.91015625,2966.239990234375
2010-01-04,4876.2998046875,5500.2998046875,1132.989990234375,11866.900390625,10654.7900390625,,6631.43994140625,3017.800048828125
2010-01-05,4924.2998046875,5522.5,1136.52001953125,11888.099609375,10681.830078125,3268.18994140625,6579.259765625,3012.360107421875
2010-01-06,4921.39990234375,5530.0,1137.1400146484375,11944.5,10731.4501953125,3271.570068359375,6559.41015625,3009.659912109375
2010-01-07,4899.39990234375,5526.7001953125,1141.68994140625,11887.5,10681.66015625,3284.81005859375,6555.35986328125,3007.340087890625
2010-01-08,4912.10009765625,5534.2001953125,1144.97998046875,11953.7998046875,10798.3203125,3310.22998046875,6617.8798828125,3017.85009765625
2010-01-11,4950.7001953125,5538.10009765625,1146.97998046875,11947.099609375,,3303.75,6592.259765625,3010.239990234375
2010-01-12,4899.5,5498.7001953125,1136.219970703125,11820.2001953125,10879.1396484375,3290.2900390625,6541.89990234375,2976.889892578125
2010-01-13,4868.10009765625,5473.5,1145.6800537109375,11853.599609375,10735.0302734375,3276.199951171875,6554.5498046875,2978.409912109375
2010-01-14,4898.0,5498.2001953125,1148.4599609375,11804.400390625,10907.6796875,3278.330078125,6627.419921875,2989.7099609375
2010-01-15,4899.60009765625,5455.39990234375,1136.030029296875,11685.400390625,10982.099609375,3257.949951171875,6576.02001953125,2940.25
2010-01-18,4911.10009765625,5494.39990234375,,11750.5,10855.080078125,3247.10009765625,6603.77978515625,2957.8701171875
2010-01-19,4861.2001953125,5513.10009765625,1150.22998046875,11763.400390625,10764.900390625,3227.590087890625,6633.85986328125,2984.820068359375
2010-01-20,4868.2001953125,5420.7998046875,1138.0400390625,11679.2998046875,10737.51953125,3227.25,6586.52978515625,2914.60009765625
2010-01-21,4827.2001953125,5335.10009765625,1116.47998046875,11469.099609375,10868.41015625,3225.2900390625,6578.9501953125,2863.25
2010-01-22,4750.60009765625,5303.0,1091.760009765625,11343.400390625,10590.5498046875,3190.429931640625,6493.9599609375,2836.800048828125
2010-01-25,4717.89990234375,5260.2998046875,1096.780029296875,11354.5,10512.6904296875,3188.659912109375,6451.2998046875,2807.300048828125
2010-01-26,,5276.89990234375,1092.1700439453125,11361.2001953125,10325.2802734375,3209.06005859375,6484.22998046875,2827.739990234375
2010-01-27,4644.60009765625,5217.5,1097.5,11344.099609375,10252.080078125,3193.570068359375,6473.02978515625,2787.39990234375
2010-01-28,4673.2998046875,5145.7001953125,1084.530029296875,11274.2001953125,10414.2900390625,3183.60009765625,6442.41015625,2737.330078125
2010-01-29,4569.60009765625,5188.5,1073.8699951171875,11094.2998046875,10198.0400390625,3164.64990234375,6440.72021484375,2776.830078125
2010-02-01,4524.10009765625,5247.39990234375,1089.18994140625,11317.599609375,10205.01953125,3150.969970703125,6496.330078125,2793.2900390625
2010-02-02,4605.2998046875,5283.2998046875,1103.3199462890625,11408.2998046875,10371.08984375,3147.3701171875,6550.1201171875,2830.010009765625
2010-02-03,4647.89990234375,5253.2001953125,1097.280029296875,11390.5,10404.330078125,3135.110107421875,6553.7998046875,2804.610107421875
2010-02-04,4621.60009765625,5139.2998046875,1063.1099853515625,11128.7998046875,10355.98046875,3148.93994140625,6396.509765625,2707.449951171875
2010-02-05,4514.10009765625,5060.89990234375,1066.18994140625,11223.099609375,10057.08984375,3104.989990234375,6264.330078125,2631.639892578125
2010-02-08,4521.39990234375,5092.2998046875,1056.739990234375,11115.2998046875,9951.8203125,3093.449951171875,6347.14013671875,2664.2900390625
2010-02-09,4505.10009765625,5111.7998046875,1070.52001953125,11274.2001953125,9932.900390625,3076.449951171875,6314.75,2668.429931640625
2010-02-10,4513.39990234375,5132.0,1068.1300048828125,11286.2998046875,9963.990234375,3085.510009765625,6333.990234375,2700.169921875
2010-02-11,4554.2998046875,5161.5,1078.469970703125,11435.5,,3065.280029296875,6403.419921875,2680.25
2010-02-12,4562.10009765625,5142.5,1075.510009765625,11469.7998046875,10092.1904296875,3080.469970703125,6416.2001953125,2674.4599609375
2010-02-15,4545.5,5167.5,,,10013.2998046875,3059.530029296875,6440.759765625,2683.830078125
2010-02-16,4567.7998046875,5244.10009765625,1094.8699951171875,11586.400390625,10034.25,3087.610107421875,6497.66015625,2720.77001953125
2010-02-17,4667.89990234375,5276.60009765625,1099.510009765625,11635.5,10306.830078125,3111.06005859375,6567.60009765625,2762.25
2010-02-18,4654.89990234375,5325.10009765625,1106.75,11694.7998046875,10335.6904296875,3101.77001953125,6637.2900390625,2778.300048828125
2010-02-19,4635.10009765625,5358.2001953125,1109.1700439453125,11709.2998046875,10123.580078125,3107.090087890625,6709.68017578125,2793.3701171875
2010-02-22,4717.5,5352.10009765625,1108.010009765625,11634.7998046875,10400.4697265625,3129.75,6687.41015625,2778.1201171875
2010-02-23,4718.2998046875,5315.10009765625,1094.5999755859375,11526.7001953125,10352.099609375,3126.3701171875,6649.08984375,2730.570068359375
2010-02-24,4648.5,5342.89990234375,1105.239990234375,11521.7998046875,10198.830078125,3130.8798828125,6687.9501953125,2734.949951171875
2010-02-25,4594.10009765625,5278.2001953125,1102.93994140625,11631.400390625,10101.9599609375,3151.68994140625,6643.9599609375,2684.419921875
2010-02-26,4637.7001953125,5354.5,1104.489990234375,11629.599609375,10126.0302734375,3156.10009765625,6710.990234375,2728.469970703125
2010-03-01,4686.5,5405.89990234375,1115.7099609375,11728.099609375,10172.0595703125,3164.14990234375,6791.47998046875,2772.699951171875
2010-03-02,4701.89990234375,5484.10009765625,1118.31005859375,11828.2998046875,10221.83984375,3183.239990234375,6820.0400390625,2796.330078125
2010-03-03,4735.7001953125,5533.2001953125,1118.7900390625,11852.900390625,10253.1396484375,3198.52001953125,6813.16015625,2822.590087890625
2010-03-04,4750.5,5527.2001953125,1122.969970703125,11825.0,10145.7197265625,3213.56005859375,6804.8701171875,2816.10009765625
2010-03-05,4767.2001953125,5599.7998046875,1138.699951171875,11975.099609375,10368.9599609375,3214.639892578125,6847.77978515625,2877.43994140625
2010-03-08,4807.89990234375,5606.7001953125,1138.5,11963.7998046875,10585.919921875,3222.81005859375,6851.2001953125,2879.2900390625
2010-03-09,4820.10009765625,5602.2998046875,1140.449951171875,11918.7001953125,10567.650390625,3213.2099609375,6868.31982421875,2880.7099609375
2010-03-10,4820.0,5640.60009765625,1145.6099853515625,11961.099609375,10563.919921875,3226.18994140625,6873.58984375,2909.39990234375
2010-03-11,4814.2001953125,5617.2998046875,1150.239990234375,11979.7001953125,10664.9501953125,3223.449951171875,6851.72998046875,2895.739990234375
2010-03-12,4818.10009765625,5625.7001953125,1149.989990234375,12013.7998046875,10751.259765625,3225.139892578125,6836.60009765625,2898.360107421875
2010-03-15,4784.10009765625,5593.89990234375,1150.510009765625,12008.7998046875,10751.98046875,3231.14990234375,6825.10009765625,2870.550048828125
2010-03-16,4797.2001953125,5620.39990234375,1159.4599609375,12089.400390625,10721.7099609375,3207.800048828125,6874.43017578125,2905.929931640625
2010-03-17,4853.2001953125,5644.60009765625,1166.2099609375,12100.7001953125,10846.98046875,3200.9599609375,6892.009765625,2931.31005859375
2010-03-18,4863.10009765625,5642.60009765625,1165.8299560546875,12040.0,10744.0302734375,3220.68994140625,6897.740234375,2913.739990234375
2010-03-19,4872.2001953125,5650.10009765625,1159.9000244140625,11948.0,10824.7197265625,3230.39990234375,6880.759765625,2897.949951171875
2010-03-22,4830.2001953125,5644.5,1165.81005859375,11967.2001953125,,3233.300048828125,6866.43017578125,2890.75
2010-03-23,4874.7998046875,5673.60009765625,1174.1700439453125,12044.5,10774.150390625,3228.3701171875,6877.16015625,2910.52001953125
2010-03-24,4891.5,5677.89990234375,1167.719970703125,11963.0,10815.0302734375,3232.719970703125,6879.9501953125,2903.93994140625
2010-03-25,4885.39990234375,5727.7001953125,1165.72998046875,11958.099609375,10828.849609375,3237.550048828125,6894.169921875,2948.090087890625
2010-03-26,4896.89990234375,5703.0,1166.5899658203125,11957.400390625,10996.3701171875,3240.47998046875,6838.9501953125,2940.93994140625
2010-03-29,4897.2998046875,5710.7001953125,1173.219970703125,12029.7001953125,10986.4697265625,3251.10009765625,6850.580078125,2947.489990234375
2010-03-30,4916.7998046875,5672.2998046875,1173.27001953125,12044.2001953125,11097.1396484375,3249.64990234375,6871.419921875,2939.679931640625
2010-03-31,4875.5,5679.60009765625,1169.4300537109375,12037.7001953125,11089.9404296875,3267.989990234375,6873.3701171875,2931.159912109375
2010-04-01,4907.7001953125,5744.89990234375,1178.0999755859375,12151.099609375,11244.400390625,3276.22998046875,6888.919921875,2978.5
2010-04-02,,,,,11286.08984375,,,
2010-04-05,,,1187.43994140625,12186.400390625,11339.2998046875,,,
2010-04-06,4953.7001953125,5780.39990234375,1189.43994140625,12156.7001953125,11282.3203125,3308.909912109375,6886.2099609375,2989.489990234375
2010-04-07,4960.89990234375,5762.10009765625,1182.449951171875,12110.900390625,11292.830078125,3325.080078125,6843.490234375,2974.6201171875
2010-04-08,4937.89990234375,5712.7001953125,1186.43994140625,12113.5,11168.2001953125,3307.760009765625,6791.009765625,2942.31005859375
2010-04-09,4948.10009765625,5771.0,1194.3699951171875,12176.7998046875,11204.33984375,3310.25,6888.97021484375,2993.5400390625
2010-04-12,4984.2998046875,5777.7001953125,1196.47998046875,12148.7001953125,11251.900390625,3314.139892578125,6910.9599609375,3002.22998046875
2010-04-13,4951.60009765625,5761.7001953125,1197.300048828125,12101.5,11161.23046875,3309.929931640625,6885.85986328125,2988.239990234375
2010-04-14,4994.7001953125,5796.2998046875,1210.6500244140625,12204.400390625,11204.900390625,3335.510009765625,6916.58984375,3008.030029296875
2010-04-15,5001.89990234375,5825.0,1211.6700439453125,12211.5,11273.7900390625,3321.1201171875,6967.56005859375,3012.64990234375
2010-04-16,4984.7001953125,5744.0,1192.1300048828125,12070.7001953125,11102.1796875,3311.31005859375,6893.68994140625,2949.64990234375
2010-04-19,4915.10009765625,5727.89990234375,1197.52001953125,12103.0,10908.76953125,3282.199951171875,6803.68017578125,2940.18994140625
2010-04-20,4925.7998046875,5783.7001953125,1207.1700439453125,12113.5,10900.6796875,3293.110107421875,6841.91015625,2983.909912109375
2010-04-21,4954.2998046875,5723.39990234375,1205.93994140625,12134.599609375,11090.0498046875,3304.969970703125,6814.7099609375,2947.639892578125
2010-04-22,4907.39990234375,5665.2998046875,1208.6700439453125,12160.900390625,10949.08984375,3287.4599609375,6720.08984375,2897.590087890625
2010-04-23,4881.5,5723.7001953125,1217.280029296875,12239.599609375,10914.4599609375,3301.659912109375,6767.97021484375,2918.110107421875
2010-04-26,,5753.89990234375,1212.050048828125,12281.0,11165.7900390625,3306.25,6803.740234375,2947.0400390625
2010-04-27,4880.0,5603.5,1183.7099609375,12146.7001953125,11212.66015625,3291.909912109375,6667.47021484375,2838.780029296875
2010-04-28,4822.7998046875,5586.60009765625,1191.3599853515625,12076.900390625,10924.7900390625,3280.56005859375,6576.39013671875,2788.5400390625
2010-04-29,4785.60009765625,5617.7998046875,1206.780029296875,12200.2998046875,,3282.27001953125,6665.83984375,2828.1201171875
2010-04-30,4807.39990234375,5553.2998046875,1186.68994140625,12210.7001953125,11057.400390625,3286.1298828125,6616.81982421875,2816.860107421875
2010-05-03,4785.5,,1202.260009765625,12196.5,,3280.35009765625,6607.7099609375,2816.5
2010-05-04,4737.10009765625,5411.10009765625,1173.5999755859375,12030.900390625,,3298.02001953125,6488.419921875,2708.1201171875
2010-05-05,4674.0,5341.89990234375,1165.8699951171875,11875.099609375,,3248.820068359375,6448.490234375,2679.300048828125
2010-05-06,4573.2001953125,5261.0,1128.1500244140625,11842.400390625,10695.6904296875,3217.919921875,6387.52001953125,2611.409912109375
2010-05-07,4480.7001953125,5123.0,1110.8800048828125,11692.400390625,10364.58984375,3158.85009765625,6205.6298828125,2500.179931640625
2010-05-10,4599.7998046875,5387.39990234375,1159.72998046875,11947.900390625,10530.7001953125,3170.6201171875,6481.9501953125,2758.889892578125
2010-05-11,4548.0,5334.2001953125,1155.7900390625,12000.599609375,10411.099609375,3167.02001953125,6509.0,2730.47998046875
2010-05-12,4573.0,5383.5,1171.6700439453125,12196.0,10394.0302734375,3156.080078125,6575.0498046875,2764.31005859375
2010-05-13,4652.7998046875,5433.7001953125,1157.43994140625,12116.599609375,10620.5498046875,3195.800048828125,,
2010-05-14,4611.10009765625,5262.89990234375,1135.6800537109375,12015.0,10462.509765625,3191.010009765625,6428.68017578125,2633.919921875
2010-05-17,4467.2001953125,5262.5,1136.93994140625,11813.0,10235.759765625,3170.739990234375,6428.85986328125,2635.340087890625
2010-05-18,4470.7001953125,5307.2998046875,1120.800048828125,11764.5,10242.6396484375,3151.679931640625,6470.83984375,2698.2099609375
2010-05-19,4387.10009765625,5158.10009765625,1115.050048828125,11665.7998046875,10186.83984375,3121.8798828125,6374.43017578125,2619.47998046875
2010-05-20,4316.5,5073.10009765625,1071.5899658203125,11406.0,10030.3095703125,3111.419921875,6262.419921875,2569.580078125
2010-05-21,4305.39990234375,5062.89990234375,1087.68994140625,11521.400390625,9784.5400390625,3050.080078125,6206.58984375,2574.179931640625
2010-05-24,4395.39990234375,5069.60009765625,1073.6500244140625,,9758.400390625,3061.219970703125,,
2010-05-25,4265.2998046875,4940.7001953125,1074.030029296875,11518.099609375,9459.8896484375,,6091.5498046875,2488.5
2010-05-26,4307.2001953125,5038.10009765625,1067.949951171875,11543.900390625,9522.66015625,3011.18994140625,6167.52978515625,2530.340087890625
2010-05-27,4379.2001953125,5195.2001953125,1103.06005859375,11749.099609375,9639.7197265625,3034.830078125,6305.18017578125,2619.360107421875
2010-05-28,4457.5,5188.39990234375,1089.4100341796875,11671.400390625,9762.98046875,3047.75,6321.919921875,2614.06005859375
2010-05-31,4429.7001953125,,,11763.0,9768.7001953125,3061.22998046875,6312.60009765625,2610.260009765625
2010-06-01,4413.10009765625,5163.2998046875,1070.7099609375,11572.0,9711.830078125,3054.760009765625,6316.60009765625,2606.580078125
2010-06-02,4381.0,5151.2998046875,1098.3800048828125,11780.7001953125,9603.240234375,3018.889892578125,6368.81005859375,2601.97998046875
2010-06-03,4486.0,5211.2001953125,1102.8299560546875,11811.900390625,9914.1904296875,3024.10009765625,6418.81982421875,2634.159912109375
2010-06-04,4449.39990234375,5126.0,1064.8800048828125,11569.599609375,9901.1904296875,3030.139892578125,6298.97021484375,2553.590087890625
2010-06-07,4325.89990234375,5069.10009765625,1050.469970703125,11504.7001953125,9520.7998046875,,6291.0400390625,2529.969970703125
2010-06-08,4381.2001953125,5028.2001953125,1062.0,11517.2001953125,9537.9404296875,2988.97998046875,6246.22021484375,2510.840087890625
2010-06-09,4385.2998046875,5085.89990234375,1055.68994140625,11450.599609375,9439.1298828125,3000.110107421875,6319.18017578125,2556.679931640625
2010-06-10,4435.2998046875,5132.5,1086.8399658203125,11635.900390625,9542.650390625,3002.330078125,6376.66015625,2608.739990234375
2010-06-11,4505.5,5163.7001953125,1091.5999755859375,11666.900390625,9705.25,3041.260009765625,6426.740234375,2638.31005859375
2010-06-14,,5202.10009765625,1089.6300048828125,11667.2998046875,9879.849609375,3042.669921875,6472.1201171875,2683.4599609375
2010-06-15,4505.0,5217.7998046875,1115.22998046875,11907.5,9887.8896484375,3043.89990234375,6484.72998046875,2716.300048828125
2010-06-16,,5237.89990234375,1114.6099853515625,11921.099609375,10067.150390625,3066.580078125,6490.06982421875,2718.72998046875
2010-06-17,4527.2998046875,5253.89990234375,1116.0400390625,11946.0,9999.400390625,3045.719970703125,6475.25,2728.1201171875
2010-06-18,4551.89990234375,5250.7998046875,1117.510009765625,11927.599609375,9995.01953125,3047.5,6447.06005859375,2737.02001953125
2010-06-21,4612.60009765625,5299.10009765625,1113.199951171875,11936.099609375,10238.009765625,3068.25,6519.56982421875,2768.27001953125
2010-06-22,4558.2998046875,5247.0,1095.31005859375,11797.900390625,10112.8896484375,3054.18994140625,6463.4599609375,2745.969970703125
2010-06-23,4486.10009765625,5178.5,1092.0400390625,11807.5,9923.7001953125,3054.2900390625,6381.85009765625,2704.800048828125
2010-06-24,4479.7001953125,5100.2001953125,1073.68994140625,11670.2001953125,9928.33984375,3049.469970703125,6320.6201171875,2645.320068359375
2010-06-25,4413.0,5046.5,1076.760009765625,11707.900390625,9737.48046875,3034.110107421875,6275.35009765625,2629.25
2010-06-28,4384.5,5071.7001953125,1074.5699462890625,11607.0,9693.9404296875,3008.409912109375,6311.14990234375,2668.669921875
2010-06-29,4345.7001953125,4914.2001953125,1041.239990234375,11263.7998046875,9570.669921875,2991.070068359375,6144.4501953125,2556.340087890625
2010-06-30,4301.5,4916.89990234375,1030.7099609375,11294.400390625,9382.6396484375,2972.090087890625,6128.06005859375,2573.320068359375
2010-07-01,4237.5,4805.7998046875,1027.3699951171875,,9191.599609375,2933.820068359375,5981.66015625,2518.64990234375
2010-07-02,4238.7001953125,4838.10009765625,1022.5800170898438,11196.099609375,9203.7099609375,2938.110107421875,5974.2998046875,2522.360107421875
2010-07-05,4222.10009765625,4823.5,,11092.5,9266.7802734375,2947.340087890625,5942.25,2507.830078125
2010-07-06,4276.10009765625,4965.0,1028.06005859375,11200.2001953125,9338.0400390625,2952.39990234375,6063.1201171875,2578.68994140625
2010-07-07,4254.60009765625,5014.7998046875,1060.27001953125,11397.2998046875,9279.650390625,,6099.2001953125,2634.389892578125
2010-07-08,4356.89990234375,5105.5,1070.25,11433.400390625,9535.740234375,2983.929931640625,6155.72021484375,2666.419921875
2010-07-09,4396.2998046875,5132.89990234375,1077.9599609375,11570.5,9585.3203125,3005.25,6210.490234375,2681.199951171875
2010-07-12,4409.89990234375,5167.0,1078.75,11565.7998046875,9548.1103515625,3012.030029296875,6228.31005859375,2686.090087890625
2010-07-13,4380.2998046875,5271.0,1095.3399658203125,11672.7998046875,9537.23046875,3008.89990234375,6298.58984375,2737.590087890625
2010-07-14,4462.39990234375,5253.5,1095.1700439453125,11620.2001953125,9795.240234375,3027.43994140625,6332.27978515625,2738.9599609375
2010-07-15,4442.60009765625,5211.2998046875,1096.47998046875,11741.7998046875,9685.5302734375,3002.320068359375,6291.06982421875,2702.81005859375
2010-07-16,4422.7001953125,5158.89990234375,1064.8800048828125,11569.7001953125,9408.3603515625,2985.760009765625,6184.3701171875,2645.610107421875
2010-07-19,4358.2998046875,5148.2998046875,1071.25,11543.5,,2964.60009765625,6156.64013671875,2634.60009765625
2010-07-20,4403.60009765625,5139.5,1083.47998046875,11629.900390625,,2995.3701171875,6123.419921875,2627.280029296875
2010-07-21,4412.7001953125,5214.60009765625,1069.5899658203125,11513.2998046875,9278.830078125,3003.409912109375,6132.66015625,2639.52001953125
2010-07-22,4374.7001953125,5313.7998046875,1093.6700439453125,11667.7998046875,9220.8798828125,2981.360107421875,6194.18017578125,2714.2099609375
2010-07-23,4458.39990234375,5312.60009765625,1102.6600341796875,11714.2001953125,9430.9599609375,2994.89990234375,6201.25,2719.1298828125
2010-07-26,4486.10009765625,5351.10009765625,1115.010009765625,11746.099609375,9503.66015625,3021.18994140625,6199.4599609375,2743.1201171875
2010-07-27,4497.39990234375,5365.7001953125,1113.8399658203125,11716.7001953125,9496.849609375,3008.429931640625,6275.18994140625,2769.31005859375
2010-07-28,4529.89990234375,5319.7001953125,1106.1300048828125,11696.599609375,9753.26953125,3022.179931640625,6277.490234375,2766.110107421875
2010-07-29,4524.10009765625,5314.0,1101.530029296875,11728.599609375,9696.01953125,3033.02001953125,6220.64990234375,2752.929931640625
2010-07-30,4493.5,5258.0,1101.5999755859375,11713.400390625,9537.2998046875,3034.6201171875,6200.77978515625,2742.139892578125
2010-08-02,4541.60009765625,5397.10009765625,1125.8599853515625,,9570.3095703125,3044.169921875,6321.64013671875,2822.169921875
2010-08-03,4571.60009765625,5396.5,1120.4599609375,11782.599609375,9694.009765625,3050.389892578125,6337.72021484375,2818.969970703125
2010-08-04,4542.10009765625,5386.2001953125,1127.239990234375,11845.099609375,9489.33984375,3038.1298828125,6380.2998046875,2825.080078125
2010-08-05,4566.5,5365.7998046875,1125.81005859375,11774.7998046875,9653.919921875,3044.669921875,6374.89013671875,2819.340087890625
2010-08-06,4566.10009765625,5332.39990234375,1121.6400146484375,11800.0,9642.1201171875,3044.6298828125,6321.35986328125,2779.340087890625
2010-08-09,4594.89990234375,5410.5,1127.7900390625,11863.599609375,9572.490234375,3054.5,6391.740234375,2827.27001953125
2010-08-10,4540.7001953125,5376.39990234375,1121.06005859375,11838.2998046875,9551.0498046875,3045.110107421875,6395.02001953125,2800.02001953125
2010-08-11,4455.5,5245.2001953125,1089.469970703125,11582.2001953125,9292.849609375,3036.010009765625,6265.83984375,2724.159912109375
2010-08-12,4400.89990234375,5266.10009765625,1083.6099853515625,11523.599609375,9212.58984375,3006.909912109375,6279.35009765625,2720.85009765625
2010-08-13,4459.60009765625,5275.39990234375,1079.25,11528.2998046875,9253.4599609375,3015.1298828125,6294.33984375,2708.72998046875
2010-08-16,4438.5,5276.10009765625,1079.3800048828125,11552.7998046875,9196.669921875,3023.530029296875,6285.66015625,2698.2900390625
2010-08-17,4477.0,5350.60009765625,1092.5400390625,11728.599609375,9161.6796875,3006.550048828125,6359.740234375,2737.68994140625
2010-08-18,4474.89990234375,5302.89990234375,1094.1600341796875,11781.099609375,9240.5400390625,3018.179931640625,6362.8798828125,2728.659912109375
2010-08-19,4479.0,5211.2998046875,1075.6300048828125,11710.2001953125,9362.6796875,3029.7900390625,6281.35009765625,2675.02001953125
2010-08-20,4430.89990234375,5195.2998046875,1071.68994140625,11722.099609375,9179.3798828125,3000.39990234375,6185.81982421875,2643.97998046875
2010-08-23,4429.0,5234.7998046875,1067.3599853515625,11718.599609375,9116.6904296875,3016.780029296875,6209.4501953125,2660.840087890625
2010-08-24,4381.2998046875,5156.0,1051.8699951171875,11557.400390625,8995.1396484375,3024.639892578125,6144.14013671875,2614.5400390625
2010-08-25,4320.10009765625,5109.39990234375,1055.3299560546875,11648.099609375,8845.3896484375,3006.050048828125,6098.58984375,2587.39990234375
2010-08-26,4356.0,5155.7998046875,1047.219970703125,11653.2001953125,8906.48046875,3018.25,6131.759765625,2606.889892578125
2010-08-27,4370.10009765625,5201.60009765625,1064.5899658203125,11879.7001953125,8991.0595703125,3007.43994140625,6183.14013671875,2630.35009765625
2010-08-30,4452.7001953125,,1048.9200439453125,11895.599609375,9149.259765625,3036.81005859375,6205.240234375,2616.570068359375
2010-08-31,4404.2001953125,5225.2001953125,1049.3299560546875,11913.900390625,8824.0595703125,3036.10009765625,6180.89013671875,2622.949951171875
2010-09-01,4495.7001953125,5366.39990234375,1080.2900390625,12003.7998046875,8927.01953125,3077.10009765625,6332.43017578125,2715.27001953125
2010-09-02,4532.7001953125,5371.0,1090.0999755859375,12111.099609375,9062.83984375,3082.47998046875,6333.64990234375,2715.18994140625
2010-09-03,4541.2001953125,5428.2001953125,1104.510009765625,12144.900390625,9114.1298828125,3107.429931640625,6400.7099609375,2746.22998046875
2010-09-06,4575.5,5439.2001953125,,,9301.3203125,3143.139892578125,6418.25,2753.60009765625
2010-09-07,4573.2001953125,5407.7998046875,1091.8399658203125,12102.0,9226.0,3174.139892578125,6360.2001953125,2727.159912109375
2010-09-08,4537.2001953125,5429.7001953125,1098.8699951171875,12042.2998046875,9024.599609375,3161.179931640625,6386.9501953125,2752.889892578125
2010-09-09,4582.2001953125,5494.2001953125,1104.1800537109375,12033.5,9098.3896484375,3151.77001953125,6425.259765625,2782.429931640625
2010-09-10,4560.2998046875,5501.60009765625,1109.550048828125,12097.099609375,9239.169921875,3161.0,6467.68994140625,2780.39990234375
2010-09-13,4614.89990234375,5565.5,1121.9000244140625,12149.900390625,9321.8203125,3178.469970703125,6471.77001953125,2805.06005859375
2010-09-14,4626.5,5567.39990234375,1121.0999755859375,12193.0,9299.3095703125,3197.52001953125,6466.31982421875,2806.469970703125
2010-09-15,4661.5,5555.60009765625,1125.0699462890625,12144.7998046875,,3195.280029296875,6434.009765625,2794.360107421875
2010-09-16,4605.2998046875,5540.10009765625,1124.6600341796875,12173.400390625,9509.5,3195.6298828125,6424.16015625,2784.610107421875
2010-09-17,4638.89990234375,5508.5,1125.5899658203125,12164.599609375,9626.08984375,3212.260009765625,6389.02001953125,2757.3701171875
2010-09-20,4631.2998046875,5602.5,1142.7099609375,12234.5,,3216.93994140625,6461.97998046875,2802.669921875
2010-09-21,4617.5,5576.2001953125,1139.780029296875,12170.599609375,9602.1103515625,3236.760009765625,6420.39990234375,2794.550048828125
2010-09-22,4625.2001953125,5551.89990234375,1134.280029296875,12147.2998046875,9566.3203125,3236.360107421875,6344.8798828125,2752.77001953125
2010-09-23,4633.60009765625,5547.10009765625,1124.8299560546875,12101.7998046875,,3228.030029296875,6303.2001953125,2738.610107421875
2010-09-24,4601.89990234375,5598.5,1148.6700439453125,12204.900390625,9471.669921875,3211.159912109375,6360.77001953125,2792.75
2010-09-27,4675.39990234375,5573.39990234375,1142.1600341796875,12190.599609375,9603.1396484375,3239.139892578125,6338.89013671875,2776.330078125
2010-09-28,4669.7998046875,5578.39990234375,1147.699951171875,12278.900390625,9495.759765625,3230.22998046875,6334.3798828125,2774.6201171875
2010-09-29,4645.0,5569.2998046875,1144.72998046875,12382.7998046875,9559.3798828125,3226.8798828125,6311.56982421875,2752.7099609375
2010-09-30,4582.89990234375,5548.60009765625,1141.199951171875,12368.7001953125,9369.349609375,3178.090087890625,6296.330078125,2747.89990234375
2010-10-01,4579.2001953125,5592.89990234375,1146.239990234375,12363.099609375,9404.23046875,3212.93994140625,6284.169921875,2732.909912109375
2010-10-04,4625.2998046875,5556.0,1137.030029296875,12322.900390625,9381.0595703125,3228.919921875,6248.7998046875,2701.02001953125
2010-10-05,4606.89990234375,5635.7998046875,1160.75,12498.0,9518.759765625,3218.320068359375,6313.89990234375,2758.56005859375
2010-10-06,4686.7998046875,5681.39990234375,1159.969970703125,12501.7001953125,9691.4296875,3235.0400390625,6351.009765625,2780.0
2010-10-07,4691.2998046875,5662.10009765625,1158.06005859375,12445.900390625,9684.8095703125,3236.080078125,6375.580078125,2786.8798828125
2010-10-08,4681.39990234375,5657.60009765625,1165.1500244140625,12535.599609375,9588.8798828125,3232.659912109375,6363.16015625,2785.429931640625
2010-10-11,4697.5,5672.39990234375,1165.3199462890625,,,3234.889892578125,6386.18017578125,2789.719970703125
2010-10-12,4618.2001953125,5661.60009765625,1169.77001953125,12575.599609375,9388.6396484375,3230.830078125,6375.259765625,2775.75
2010-10-13,4619.89990234375,5747.39990234375,1178.0999755859375,12673.2998046875,9403.509765625,3231.820068359375,6455.1298828125,2840.550048828125
2010-10-14,4699.10009765625,5727.2001953125,1173.81005859375,12619.7001953125,9583.509765625,3262.60009765625,6440.97021484375,2836.110107421875
2010-10-15,4689.0,5703.39990234375,1176.18994140625,12609.099609375,9500.25,3255.85009765625,6443.009765625,2841.64990234375
2010-10-18,4651.89990234375,5742.5,1184.7099609375,12668.0,9498.490234375,3262.35009765625,6470.259765625,2850.719970703125
2010-10-19,4655.7001953125,5703.89990234375,1165.9000244140625,12570.599609375,9539.4501953125,3257.93994140625,6471.9599609375,2837.330078125
2010-10-20,4624.89990234375,5728.89990234375,1178.1700439453125,12649.900390625,9381.599609375,3243.010009765625,6477.2001953125,2851.52001953125
2010-10-21,4622.89990234375,5757.89990234375,1180.260009765625,12599.2001953125,9376.48046875,3264.919921875,6512.18994140625,2882.2900390625
2010-10-22,4648.2001953125,5741.39990234375,1183.0799560546875,12601.2001953125,9426.7099609375,3289.75,6477.1298828125,2873.739990234375
2010-10-25,4710.0,5752.0,1185.6199951171875,12663.599609375,9401.16015625,,6513.6298828125,2871.47998046875
2010-10-26,4687.7998046875,5707.2998046875,1185.6400146484375,12684.7001953125,9377.3798828125,3285.43994140625,6476.60986328125,2856.31005859375
2010-10-27,4648.10009765625,5646.0,1182.449951171875,12567.2998046875,9387.0302734375,3280.340087890625,6479.2099609375,2829.419921875
2010-10-28,4684.89990234375,5677.89990234375,1183.780029296875,12564.099609375,9366.0302734375,3290.0,6484.7099609375,2845.530029296875
2010-10-29,4661.60009765625,5675.2001953125,1183.260009765625,12676.2001953125,9202.4501953125,3304.889892578125,6472.22998046875,2844.989990234375
2010-11-01,4698.5,5694.60009765625,1184.3800048828125,12664.7998046875,9154.7197265625,3299.72998046875,6504.72021484375,2836.72998046875
2010-11-02,4701.39990234375,5757.39990234375,1193.5699462890625,12681.400390625,9159.98046875,3324.760009765625,6541.5,2861.010009765625
2010-11-03,4722.60009765625,5749.0,1197.9599609375,12671.099609375,,3333.070068359375,6512.990234375,2830.429931640625
2010-11-04,4745.2998046875,5862.7998046875,1221.06005859375,12878.7998046875,9358.7802734375,3326.25,6595.64013671875,2884.2099609375
2010-11-05,4800.60009765625,5875.39990234375,1225.8499755859375,12925.099609375,9625.990234375,3319.159912109375,6587.72021484375,2875.93994140625
2010-11-08,4778.39990234375,5850.0,1223.25,13052.5,9732.919921875,3316.39990234375,6600.35986328125,2867.9599609375
2010-11-09,4740.7001953125,5875.2001953125,1213.4000244140625,12916.599609375,9694.490234375,3321.77001953125,6581.8798828125,2890.639892578125
2010-11-10,4699.7998046875,5816.89990234375,1218.7099609375,12942.599609375,9830.51953125,3333.489990234375,6539.81982421875,2845.929931640625
2010-11-11,4728.60009765625,5815.2001953125,1213.5400390625,12934.7001953125,9861.4599609375,3331.5,6516.990234375,2831.219970703125
2010-11-12,4692.7001953125,5796.89990234375,1199.2099609375,12749.2001953125,9724.8095703125,3310.580078125,6505.2900390625,2822.429931640625
2010-11-15,4688.0,5820.39990234375,1197.75,12735.400390625,9827.509765625,3328.22998046875,6526.22998046875,2848.449951171875
2010-11-16,4700.2998046875,5681.89990234375,1178.3399658203125,12602.2001953125,9797.099609375,3315.06005859375,6476.52978515625,2781.77001953125
2010-11-17,4624.2998046875,5692.60009765625,1178.5899658203125,12657.7998046875,9811.66015625,3289.31005859375,6494.990234375,2802.699951171875
2010-11-18,4640.2001953125,5768.7001953125,1196.68994140625,12870.0,10013.6298828125,3280.4599609375,6613.3701171875,2855.22998046875
2010-11-19,4629.2001953125,5732.7998046875,1199.72998046875,12956.2998046875,10022.3896484375,3268.14990234375,6590.83984375,2845.75
2010-11-22,4643.5,5680.7998046875,1197.8399658203125,12929.0,10115.1904296875,3296.6298828125,6532.64013671875,2811.429931640625
2010-11-23,4589.10009765625,5581.2998046875,1180.72998046875,12793.7998046875,,3258.77001953125,6393.7900390625,2739.3701171875
2010-11-24,4584.60009765625,5657.10009765625,1198.3499755859375,12902.0,10030.1103515625,3269.219970703125,6449.7998046875,2758.02001953125
2010-11-25,4593.39990234375,5698.89990234375,,12945.7998046875,10079.759765625,3264.669921875,6502.14013671875,2765.050048828125
2010-11-26,4598.2998046875,5668.7001953125,1189.4000244140625,12892.7001953125,10039.5595703125,3264.25,6483.56005859375,2736.9599609375
2010-11-29,4618.5,5551.0,1187.760009765625,12895.7001953125,10125.990234375,3270.3798828125,6397.5,2669.9599609375
2010-11-30,4584.39990234375,5528.2998046875,1180.550048828125,12952.900390625,9937.0400390625,3264.5,6312.43017578125,2650.989990234375
2010-12-01,4586.60009765625,5642.5,1206.0699462890625,13148.400390625,9988.0498046875,3265.10009765625,6409.7001953125,2721.8701171875
2010-12-02,4676.2001953125,5767.60009765625,1221.530029296875,13163.5,10168.51953125,3285.489990234375,6483.43994140625,2781.389892578125
2010-12-03,4694.2001953125,5745.2998046875,1224.7099609375,13179.0,10178.3203125,3283.300048828125,6440.89990234375,2782.389892578125
2010-12-06,4688.60009765625,5770.2998046875,1223.1199951171875,13276.0,10167.23046875,3293.179931640625,6412.22021484375,2769.9599609375
2010-12-07,4726.7998046875,5808.5,1223.75,13250.7001953125,10141.099609375,3281.860107421875,6462.52978515625,2802.739990234375
2010-12-08,4699.89990234375,5794.5,1228.280029296875,13152.0,10232.330078125,3294.340087890625,6508.1298828125,2818.949951171875
2010-12-09,4741.2998046875,5808.0,1233.0,13166.900390625,10285.8798828125,3280.56005859375,6537.6298828125,2840.7099609375
2010-12-10,4745.89990234375,5813.0,1240.4000244140625,13239.5,10211.9501953125,3272.919921875,6519.14013671875,2839.530029296875
2010-12-13,4757.10009765625,5860.7998046875,1240.4599609375,13295.900390625,10293.8896484375,3291.2900390625,6519.080078125,2855.3701171875
2010-12-14,4766.89990234375,5891.2001953125,1241.5899658203125,13280.099609375,10316.76953125,3288.9599609375,6545.83984375,2861.669921875
2010-12-15,4767.7998046875,5882.2001953125,1235.22998046875,13229.099609375,10309.7802734375,3297.919921875,6560.43017578125,2841.989990234375
2010-12-16,4784.0,5881.10009765625,1242.8699951171875,13181.2001953125,10311.2900390625,3293.780029296875,6566.169921875,2845.780029296875
2010-12-17,4763.10009765625,5871.7998046875,1243.9100341796875,13201.5,10303.830078125,3325.110107421875,6538.16015625,2821.77001953125
2010-12-20,4736.60009765625,5891.60009765625,1247.0799560546875,13193.2998046875,10216.41015625,3299.9599609375,6521.25,2839.219970703125
2010-12-21,4771.89990234375,5951.7998046875,1254.5999755859375,13365.2001953125,10370.5302734375,3319.10009765625,6558.169921875,2876.989990234375
2010-12-22,4778.39990234375,5983.5,1258.8399658203125,13380.7001953125,10346.48046875,3322.3798828125,6553.7001953125,2869.6298828125
2010-12-23,4799.0,5996.10009765625,1256.77001953125,13371.2001953125,,3333.760009765625,6599.43017578125,2864.52001953125
2010-12-24,4777.2998046875,6008.89990234375,,13383.2001953125,10279.1904296875,3329.2099609375,,
2010-12-27,,,1257.5400390625,,10355.990234375,,6568.2099609375,2826.510009765625
2010-12-28,,,1258.510009765625,,10292.6298828125,,6569.06005859375,2824.300048828125
2010-12-29,4775.2001953125,5996.39990234375,1259.780029296875,13449.2001953125,10344.5400390625,3325.6201171875,6566.64990234375,2841.22998046875
2010-12-30,4790.39990234375,5971.0,1257.8800048828125,13434.400390625,10228.919921875,3334.27001953125,6436.0400390625,2807.0400390625
2010-12-31,4745.2001953125,5899.89990234375,1257.6400146484375,13443.2001953125,,3309.030029296875,,
2011-01-03,,,1271.8699951171875,,,,6493.8798828125,2839.429931640625
2011-01-04,4742.5,6013.89990234375,1270.199951171875,13402.2998046875,10398.099609375,3309.030029296875,6494.31005859375,2844.169921875
2011-01-05,4714.89990234375,6043.89990234375,1276.56005859375,13396.0,10380.76953125,3324.989990234375,6519.25,2833.739990234375
2011-01-06,4725.0,6019.5,1273.8499755859375,13311.7001953125,10529.759765625,3326.7099609375,6532.83984375,2836.22998046875
2011-01-07,4705.0,5984.2998046875,1271.5,13272.2998046875,10541.0400390625,3317.93994140625,6497.64013671875,2808.25
2011-01-10,4712.2998046875,5956.2998046875,1269.75,13245.099609375,,3324.070068359375,6446.31982421875,2760.8798828125
2011-01-11,4710.7001953125,6014.0,1274.47998046875,13401.099609375,10510.6796875,3329.760009765625,6534.83984375,2796.60009765625
2011-01-12,4724.2001953125,6050.7001953125,1285.9599609375,13460.2001953125,10512.7998046875,3334.580078125,6613.75,2879.110107421875
2011-01-13,4795.2001953125,6023.89990234375,1283.760009765625,13401.5,10589.759765625,3373.7099609375,6562.47021484375,2915.6201171875
2011-01-14,4801.5,6002.10009765625,1293.239990234375,13464.099609375,10499.0400390625,3369.889892578125,6556.08984375,2920.39990234375
2011-01-17,4763.10009765625,5985.7001953125,,13440.099609375,10502.8603515625,3354.300048828125,6578.169921875,2910.6298828125
2011-01-18,4801.7998046875,6056.39990234375,1295.02001953125,13559.2001953125,10518.98046875,3343.739990234375,6634.93017578125,2945.6201171875
2011-01-19,4834.60009765625,5976.7001953125,1281.9200439453125,13439.0,10557.099609375,3346.02001953125,6559.66015625,2923.760009765625
2011-01-20,4783.7001953125,5867.89990234375,1280.260009765625,13331.2998046875,10437.3095703125,3339.2900390625,6513.5,2927.419921875
2011-01-21,4755.7001953125,5896.2998046875,1283.3499755859375,13258.599609375,10274.51953125,3352.719970703125,6567.31005859375,2970.56005859375
2011-01-24,4786.0,5943.89990234375,1290.8399658203125,13347.599609375,10345.1103515625,3352.659912109375,6603.7998046875,2979.06005859375
2011-01-25,4807.7998046875,5917.7001953125,1291.1800537109375,13259.599609375,10464.419921875,3359.070068359375,6580.330078125,2957.780029296875
2011-01-26,,5969.2001953125,1296.6300048828125,13465.7998046875,10401.900390625,3354.719970703125,6592.990234375,2967.780029296875
2011-01-27,4806.10009765625,5965.10009765625,1299.5400390625,13410.2001953125,10478.66015625,3350.929931640625,6562.35986328125,2989.75
2011-01-28,4774.89990234375,5881.39990234375,1276.3399658203125,13437.599609375,10360.33984375,3352.639892578125,6528.1298828125,2954.1298828125
2011-01-31,4753.89990234375,5862.89990234375,1286.1199951171875,13552.0,10237.919921875,3338.739990234375,6479.14990234375,2953.6298828125
2011-02-01,4752.10009765625,5957.7998046875,1307.5899658203125,13712.599609375,10274.5,3348.4599609375,6555.259765625,3006.81005859375
2011-02-02,4796.5,6000.10009765625,1304.030029296875,13680.2998046875,10457.3603515625,3352.300048828125,6553.669921875,3012.699951171875
2011-02-03,4820.60009765625,5983.2998046875,1307.0999755859375,13841.400390625,10431.3603515625,3349.889892578125,6544.91015625,2995.489990234375
2011-02-04,4862.7001953125,5997.39990234375,1310.8699951171875,13791.900390625,10543.51953125,3367.820068359375,6584.39990234375,3003.18994140625
2011-02-07,4868.5,6051.0,1319.050048828125,13811.900390625,10592.0400390625,3387.409912109375,6611.14013671875,3031.179931640625
2011-02-08,4890.39990234375,6091.2998046875,1324.5699462890625,13892.5,10635.98046875,3383.169921875,6638.66015625,3042.5
2011-02-09,4904.7998046875,6052.2998046875,1320.8800048828125,13784.2998046875,10617.830078125,3386.47998046875,6631.64013671875,3031.6201171875
2011-02-10,4914.39990234375,6020.0,1321.8699951171875,13840.599609375,10605.650390625,3365.8701171875,6612.06005859375,3025.679931640625
2011-02-11,4880.89990234375,6062.89990234375,1329.1500244140625,13766.7998046875,,3367.43994140625,6665.22021484375,3024.3701171875
2011-02-14,4935.7998046875,6060.10009765625,1332.3199462890625,13910.7998046875,10725.5400390625,3383.469970703125,6666.06005859375,3018.3798828125
2011-02-15,4931.0,6037.10009765625,1328.010009765625,13929.400390625,10746.669921875,3390.090087890625,6690.89990234375,3030.4599609375
2011-02-16,4930.2001953125,6085.2998046875,1336.3199462890625,14059.2001953125,10808.2900390625,3384.47998046875,6711.64990234375,3061.919921875
2011-02-17,4938.39990234375,6087.39990234375,1340.4300537109375,14136.2001953125,10836.6396484375,3395.699951171875,6706.47021484375,3064.5400390625
2011-02-18,4936.7001953125,6083.0,1343.010009765625,14123.099609375,10842.7998046875,3412.739990234375,6717.25,3068.0
2011-02-21,4900.0,6014.7998046875,,,10857.5302734375,3381.929931640625,6683.8701171875,3012.340087890625
2011-02-22,4856.7001953125,5996.7998046875,1315.43994140625,13963.7001953125,10664.7001953125,3358.7099609375,6622.490234375,2983.330078125
2011-02-23,4845.89990234375,5923.5,1307.4000244140625,13956.2001953125,10579.099609375,3372.070068359375,6622.77001953125,2954.919921875
2011-02-24,4809.2998046875,5920.0,1306.0999755859375,13867.2998046875,10452.7099609375,3368.35009765625,6515.97021484375,2949.1298828125
2011-02-25,4836.5,6001.2001953125,1319.8800048828125,14052.099609375,10526.759765625,3363.909912109375,6537.2001953125,2985.02001953125
2011-02-28,4831.7001953125,5994.0,1327.219970703125,14136.5,10624.08984375,3370.52001953125,6610.43994140625,3013.090087890625
2011-03-01,4826.39990234375,5935.7998046875,1306.3299560546875,14122.900390625,10754.0302734375,3384.389892578125,6619.35986328125,2983.27001953125
2011-03-02,4803.2001953125,5914.89990234375,1308.43994140625,14144.0,10492.3798828125,3381.989990234375,6592.06982421875,2958.800048828125
2011-03-03,4806.39990234375,6005.10009765625,1330.969970703125,14214.7001953125,10586.01953125,3397.31005859375,6599.2099609375,2969.239990234375
2011-03-04,4864.2998046875,5990.39990234375,1321.1500244140625,14252.7998046875,10693.66015625,3418.110107421875,6530.5400390625,2949.179931640625
2011-03-07,4797.89990234375,5973.7998046875,1310.1300048828125,14092.400390625,10505.01953125,3430.050048828125,6495.52001953125,2931.419921875
2011-03-08,4808.2001953125,5974.7998046875,1321.8199462890625,14013.0,10525.1904296875,3421.169921875,6511.2099609375,2945.419921875
2011-03-09,4767.7998046875,5937.2998046875,1320.02001953125,13884.7001953125,10589.5,3414.419921875,6446.60009765625,2935.110107421875
2011-03-10,4699.7001953125,5845.2998046875,1295.1099853515625,13638.599609375,10434.3798828125,3406.239990234375,6404.6201171875,2909.72998046875
2011-03-11,4644.7998046875,5828.7001953125,1304.280029296875,13674.2998046875,10254.4296875,3382.840087890625,6353.759765625,2883.840087890625
2011-03-14,,5775.2001953125,1296.3900146484375,13619.2001953125,9620.490234375,3361.199951171875,6274.47021484375,2852.110107421875
2011-03-15,4528.7001953125,5695.2998046875,1281.8699951171875,13547.0,8605.150390625,3314.139892578125,6101.009765625,2784.199951171875
2011-03-16,4558.2001953125,5598.2001953125,1256.8800048828125,13524.7998046875,9093.7197265625,3326.800048828125,6021.5498046875,2721.239990234375
2011-03-17,4555.2998046875,5696.10009765625,1273.719970703125,13746.2001953125,8962.669921875,3329.590087890625,6073.419921875,2786.159912109375
2011-03-18,4626.39990234375,5718.10009765625,1279.2099609375,13789.599609375,9206.75,3339.510009765625,6098.0498046875,2792.610107421875
2011-03-21,4642.7998046875,5786.10009765625,1298.3800048828125,14013.7001953125,,3348.360107421875,6223.91015625,2860.81005859375
2011-03-22,4643.39990234375,5762.7001953125,1293.77001953125,14000.0,9608.3203125,3365.22998046875,6227.02978515625,2854.7900390625
2011-03-23,4652.39990234375,5795.89990234375,1297.5400390625,14087.2001953125,9449.4697265625,3375.7900390625,6256.06005859375,2866.22998046875
2011-03-24,4699.60009765625,5880.89990234375,1309.6600341796875,14029.400390625,9435.009765625,3387.25,6319.22998046875,2909.780029296875
2011-03-25,4742.60009765625,5900.7998046875,1313.800048828125,14039.400390625,9536.1298828125,3388.610107421875,6352.27978515625,2911.330078125
2011-03-28,4733.60009765625,5904.5,1310.18994140625,13892.7001953125,9478.5302734375,3408.050048828125,6359.02001953125,2914.760009765625
2011-03-29,4755.7998046875,5932.2001953125,1319.43994140625,13930.400390625,9459.080078125,3421.18994140625,6355.06005859375,2910.929931640625
2011-03-30,4822.2001953125,5948.2998046875,1328.260009765625,14083.599609375,9708.7900390625,3433.159912109375,6398.419921875,2936.43994140625
2011-03-31,4837.89990234375,5908.7998046875,1325.8299560546875,14116.099609375,9755.099609375,3439.85009765625,6357.5498046875,2910.909912109375
2011-04-01,4861.7998046875,6009.89990234375,1332.4100341796875,14130.2001953125,9708.3896484375,3452.139892578125,6439.91015625,2962.919921875
2011-04-04,4886.7998046875,6017.0,1332.8699951171875,14218.400390625,9718.8896484375,3459.510009765625,6414.60009765625,2955.840087890625
2011-04-05,4900.10009765625,6007.10009765625,1332.6300048828125,14270.5,9615.5498046875,3469.3798828125,6430.2998046875,2950.9599609375
2011-04-06,4912.89990234375,6041.10009765625,1335.5400390625,14202.7001953125,9584.3701171875,3449.8798828125,6443.06005859375,2971.47998046875
2011-04-07,4908.10009765625,6007.39990234375,1333.510009765625,14107.7998046875,9590.9296875,3450.360107421875,6465.56982421875,2963.68994140625
2011-04-08,4940.60009765625,6055.7998046875,1328.1700439453125,14208.400390625,9768.080078125,3445.27001953125,6457.93017578125,2984.659912109375
2011-04-11,4971.2001953125,6053.39990234375,1324.4599609375,13996.900390625,9719.7001953125,3461.320068359375,6440.10986328125,2974.580078125
2011-04-12,4898.7001953125,5964.5,1314.1600341796875,13801.400390625,9555.259765625,3451.340087890625,6351.60009765625,2932.330078125
2011-04-13,4911.0,6010.39990234375,1314.4100341796875,13833.599609375,9641.1796875,3457.6298828125,6364.2998046875,2949.97998046875
2011-04-14,4884.2001953125,5963.7998046875,1314.52001953125,13821.7998046875,9653.919921875,3454.47998046875,6357.02978515625,2917.719970703125
2011-04-15,4852.10009765625,5996.0,1319.6800537109375,13799.099609375,9591.51953125,3452.68994140625,6400.259765625,2919.050048828125
2011-04-18,4861.89990234375,5870.10009765625,1305.1400146484375,13702.2998046875,9556.650390625,3465.169921875,6244.9501953125,2847.9599609375
2011-04-19,4793.2998046875,5896.89990234375,1312.6199951171875,13736.7998046875,9441.0302734375,3439.97998046875,6326.64990234375,2857.610107421875
2011-04-20,4859.0,6022.2998046875,1330.3599853515625,13897.5,9606.8203125,3472.800048828125,6444.81005859375,2921.429931640625
2011-04-21,4913.7998046875,6018.2998046875,1337.3800048828125,13972.0,9685.76953125,3492.39990234375,6457.16015625,2936.300048828125
2011-04-22,,,,,9682.2099609375,,,
2011-04-25,,,1335.25,13907.2998046875,9671.9599609375,,,
2011-04-26,,6069.39990234375,1347.239990234375,13909.099609375,9558.6904296875,3486.47998046875,6476.58984375,2955.360107421875
2011-04-27,4872.89990234375,6068.2001953125,1355.6600341796875,13892.599609375,9691.83984375,3492.0400390625,6472.419921875,2977.590087890625
2011-04-28,4873.0,6069.89990234375,1360.47998046875,13894.400390625,9849.740234375,3503.760009765625,6516.2099609375,3005.330078125
2011-04-29,4823.2001953125,,1363.6099853515625,13944.7998046875,,3519.330078125,6539.7001953125,3011.25
2011-05-02,4825.2998046875,,1361.219970703125,13934.5,10004.2001953125,3497.860107421875,6544.669921875,3008.889892578125
2011-05-03,4784.60009765625,6082.89990234375,1356.6199951171875,13692.400390625,,3495.110107421875,6510.60986328125,3000.389892578125
2011-05-04,4740.10009765625,5984.10009765625,1347.3199462890625,13611.2998046875,,3495.18994140625,6470.35009765625,2952.02001953125
2011-05-05,4753.7001953125,5920.0,1335.0999755859375,13455.400390625,,3498.989990234375,6450.02978515625,2926.5400390625
2011-05-06,4743.0,5976.7998046875,1340.199951171875,13566.599609375,9859.2001953125,3506.35009765625,6526.509765625,2952.89990234375
2011-05-09,4756.7998046875,5942.7001953125,1346.2900390625,13677.099609375,9794.3798828125,3518.97998046875,6476.89013671875,2902.39990234375
2011-05-10,4725.7998046875,6018.89990234375,1357.1600341796875,13642.099609375,9818.759765625,3528.75,6526.16015625,2939.02001953125
2011-05-11,4780.2001953125,5976.0,1342.0799560546875,13419.7001953125,9864.259765625,3558.8701171875,6562.81982421875,2942.429931640625
2011-05-12,4696.10009765625,5945.0,1348.6500244140625,13389.400390625,9716.650390625,3540.31005859375,6562.58984375,2917.050048828125
2011-05-13,4711.39990234375,5925.89990234375,1337.77001953125,13377.2001953125,9648.76953125,3535.7900390625,6563.259765625,2894.60009765625
2011-05-16,4650.0,5923.7001953125,1329.469970703125,13391.400390625,9558.2998046875,3543.8701171875,6564.14990234375,2881.31005859375
2011-05-17,4683.89990234375,5861.0,1328.97998046875,13441.099609375,9567.01953125,3558.050048828125,6496.56005859375,2849.60009765625
2011-05-18,4693.7001953125,5923.5,1340.6800537109375,13607.2998046875,9662.080078125,3559.550048828125,6535.240234375,2867.300048828125
2011-05-19,4756.39990234375,5956.0,1343.5999755859375,13625.099609375,9620.8203125,3569.0,6557.9501953125,2890.60009765625
2011-05-20,4732.2001953125,5948.5,1333.27001953125,13652.2998046875,9607.080078125,3577.43994140625,6530.60986328125,2853.97998046875
2011-05-23,4643.0,5835.89990234375,1317.3699951171875,,9460.6298828125,3554.139892578125,6437.81982421875,2794.260009765625
2011-05-24,4628.7998046875,5858.39990234375,1316.280029296875,13595.099609375,9477.169921875,3559.550048828125,6454.2900390625,2801.27001953125
2011-05-25,4584.7001953125,5870.10009765625,1320.469970703125,13751.5,9422.8798828125,3554.360107421875,6464.5498046875,2816.840087890625
2011-05-26,4660.2001953125,5881.0,1325.68994140625,13775.900390625,9562.0498046875,3527.590087890625,6469.16015625,2799.820068359375
2011-05-27,4684.0,5938.89990234375,1331.0999755859375,13797.599609375,9521.9404296875,3527.9599609375,6489.31982421875,2819.39990234375
2011-05-30,4667.5,,,13829.7001953125,9504.9697265625,3542.989990234375,6470.7998046875,
2011-05-31,4708.2998046875,5990.0,1345.199951171875,13802.900390625,9693.73046875,3547.639892578125,6554.7099609375,
2011-06-01,4707.2998046875,5928.60009765625,1314.550048828125,13527.900390625,9719.6103515625,3551.5400390625,6496.47021484375,2827.659912109375
2011-06-02,4600.39990234375,5847.89990234375,1312.93994140625,13519.5,9555.0400390625,3525.820068359375,,
2011-06-03,4583.10009765625,5855.0,1300.1600341796875,13517.900390625,9492.2099609375,3514.760009765625,6407.39013671875,2789.110107421875
2011-06-06,4569.10009765625,5863.2001953125,1286.1700439453125,13318.7001953125,9380.349609375,,6370.06005859375,2765.330078125
2011-06-07,4566.2998046875,5864.7001953125,1284.93994140625,13282.900390625,9442.9501953125,3505.610107421875,6330.64990234375,2774.5
2011-06-08,4536.7998046875,5808.89990234375,1279.56005859375,13183.7998046875,9449.4599609375,3525.389892578125,6256.85986328125,2752.06005859375
2011-06-09,4549.60009765625,5856.2998046875,1289.0,13255.7001953125,9467.150390625,3488.75,6271.009765625,2778.1201171875
2011-06-10,4562.10009765625,5765.7998046875,1270.97998046875,13084.0,9514.4404296875,3490.6298828125,6197.25,2732.5400390625
2011-06-13,,5773.5,1271.8299560546875,12939.7001953125,9448.2099609375,3476.679931640625,,
2011-06-14,4585.0,5803.10009765625,1287.8699951171875,13097.7998046875,9547.7900390625,3488.85009765625,6255.68017578125,2779.93994140625
2011-06-15,4566.7998046875,5742.60009765625,1265.4200439453125,12972.0,9574.3203125,3506.3701171875,6198.169921875,2731.5
2011-06-16,4479.2001953125,5698.7998046875,1267.6400146484375,12853.099609375,9411.2802734375,3481.610107421875,6157.669921875,2730.6201171875
2011-06-17,4484.89990234375,5714.89990234375,1271.5,12790.0,9351.400390625,3469.590087890625,6145.16015625,2770.1201171875
2011-06-20,4451.7001953125,5693.39990234375,1278.3599853515625,12857.7001953125,9354.3203125,3467.489990234375,6113.7001953125,2748.010009765625
2011-06-21,4508.2001953125,5775.2998046875,1295.52001953125,13063.2998046875,9459.66015625,3459.56005859375,6171.009765625,2801.989990234375
2011-06-22,4532.60009765625,5773.0,1287.1400146484375,13060.599609375,9629.4296875,3457.4599609375,6113.43994140625,2795.070068359375
2011-06-23,4500.5,5674.39990234375,1283.5,12979.599609375,9596.740234375,3461.81005859375,5991.08984375,2730.860107421875
2011-06-24,4508.10009765625,5697.7001953125,1268.449951171875,12908.900390625,9678.7099609375,3455.60009765625,5998.02001953125,2715.8798828125
2011-06-27,4461.7998046875,5722.2998046875,1280.0999755859375,12966.5,9578.3095703125,3438.080078125,5990.81982421875,2723.929931640625
2011-06-28,4474.2998046875,5766.89990234375,1296.6700439453125,13105.0,9648.98046875,3441.010009765625,6002.39990234375,2750.489990234375
2011-06-29,4529.5,5856.0,1307.4100341796875,13188.900390625,9797.259765625,3414.919921875,6101.5498046875,2802.550048828125
2011-06-30,4608.0,5945.7001953125,1320.6400146484375,13300.900390625,9816.08984375,3448.35009765625,6187.06982421875,2848.530029296875
2011-07-01,4591.2001953125,5989.7998046875,1339.6700439453125,,9868.0703125,3475.0,6237.81005859375,2875.669921875
2011-07-04,4610.7001953125,6017.5,,13386.5,9965.08984375,3478.489990234375,6245.77978515625,2870.18994140625
2011-07-05,4598.10009765625,6024.0,1337.8800048828125,13425.2998046875,9972.4599609375,3473.590087890625,6243.009765625,2850.510009765625
2011-07-06,4605.0,6002.89990234375,1339.219970703125,13403.099609375,10082.48046875,3460.830078125,6179.35009765625,2832.6298828125
2011-07-07,4605.5,6054.60009765625,1353.219970703125,13406.0,10071.1396484375,3460.56005859375,6211.10986328125,2844.510009765625
2011-07-08,4654.7001953125,5990.60009765625,1343.800048828125,13371.7001953125,10137.73046875,3456.139892578125,6152.68994140625,2790.090087890625
2011-07-11,4582.2998046875,5929.2001953125,1319.489990234375,13179.7998046875,10069.5302734375,3434.139892578125,6053.0,2709.139892578125
2011-07-12,4495.39990234375,5869.0,1313.6400146484375,13234.099609375,9925.919921875,3430.3798828125,6014.83984375,2693.530029296875
2011-07-13,4514.7998046875,5906.39990234375,1317.719970703125,13324.900390625,9963.1396484375,3424.35009765625,6025.22998046875,2715.050048828125
2011-07-14,4490.7001953125,5847.0,1308.8699951171875,13252.900390625,9936.1201171875,3409.550048828125,5980.97021484375,2631.97998046875
2011-07-15,4473.5,5843.7001953125,1316.1400146484375,13299.5,9974.4697265625,3406.3798828125,5938.06005859375,2675.3798828125
2011-07-18,4472.0,5752.7998046875,1305.43994140625,13254.099609375,,3385.889892578125,5826.259765625,2622.360107421875
2011-07-19,4468.10009765625,5790.0,1326.72998046875,13332.900390625,9889.7197265625,3392.02001953125,5896.5498046875,2631.97998046875
2011-07-20,4549.7001953125,5853.7998046875,1325.8399658203125,13340.7998046875,10005.900390625,3408.3701171875,5966.5400390625,2705.75
2011-07-21,4556.0,5899.89990234375,1343.800048828125,13434.2998046875,10010.3896484375,3421.340087890625,6042.06005859375,2631.97998046875
2011-07-22,4602.89990234375,5935.0,1345.02001953125,13494.599609375,10132.1103515625,3449.219970703125,6031.93017578125,2772.60009765625
2011-07-25,4530.39990234375,5925.2998046875,1337.4300537109375,13436.0,10050.009765625,3428.14990234375,6017.490234375,2742.699951171875
2011-07-26,4573.2998046875,5929.7001953125,1331.93994140625,13300.599609375,10097.7197265625,3416.6201171875,5990.18017578125,2739.64990234375
2011-07-27,4537.39990234375,5856.60009765625,1304.8900146484375,13032.7001953125,10047.1904296875,3412.35009765625,5904.47021484375,2693.7099609375
2011-07-28,4463.7998046875,5873.2001953125,1300.6700439453125,13047.7998046875,9901.349609375,3396.7900390625,5871.41015625,2692.760009765625
2011-07-29,4424.60009765625,5815.2001953125,1292.280029296875,12945.599609375,9833.0302734375,3395.6298828125,5783.35009765625,2670.3701171875
2011-08-01,,5774.39990234375,1286.93994140625,,9965.009765625,3413.830078125,,
2011-08-02,4433.60009765625,5718.39990234375,1254.050048828125,12752.2998046875,9844.58984375,3397.0,5546.93994140625,2544.889892578125
2011-08-03,4332.7998046875,5584.5,1260.3399658203125,12816.0,9637.1396484375,3369.820068359375,5483.14990234375,2497.830078125
2011-08-04,4276.5,5393.10009765625,1200.0699462890625,12380.099609375,9659.1796875,3377.780029296875,5285.25,2412.2900390625
2011-08-05,4105.39990234375,5247.0,1199.3800048828125,12162.2001953125,9299.8798828125,3276.510009765625,5172.06005859375,2375.14990234375
2011-08-08,3986.10009765625,5069.0,1119.4599609375,11671.0,9097.5595703125,3185.449951171875,4967.990234375,2286.909912109375
2011-08-09,4034.800048828125,5164.89990234375,1172.530029296875,12109.2998046875,8944.48046875,3097.780029296875,4997.919921875,2294.239990234375
2011-08-10,4141.2998046875,5007.2001953125,1120.760009765625,12198.900390625,9038.740234375,3183.739990234375,4791.9599609375,2153.77001953125
2011-08-11,4140.7998046875,5162.7998046875,1172.6400146484375,12539.7998046875,8981.9404296875,3208.6201171875,5032.75,2215.449951171875
2011-08-12,4172.60009765625,5320.0,1178.81005859375,12542.2001953125,8963.7197265625,3216.5,5252.81005859375,2307.330078125
2011-08-15,4282.89990234375,5350.60009765625,1204.489990234375,12683.599609375,9086.41015625,3252.6298828125,5324.72998046875,2324.47998046875
2011-08-16,4247.2998046875,5357.60009765625,1192.760009765625,12530.7001953125,9107.4296875,3273.75,5373.2998046875,2323.669921875
2011-08-17,4303.89990234375,5331.60009765625,1193.8900146484375,12579.599609375,9057.259765625,3290.10009765625,5421.2099609375,2331.1201171875
2011-08-18,4251.2001953125,5092.2001953125,1140.6500244140625,12186.7001953125,8943.759765625,3286.219970703125,5196.0,2206.610107421875
2011-08-19,4101.89990234375,5040.7998046875,1123.530029296875,12007.5,8719.240234375,3267.840087890625,5093.75,2159.070068359375
2011-08-22,4082.300048828125,5095.2998046875,1123.8199462890625,12068.400390625,8628.1298828125,3274.43994140625,5144.02001953125,2183.389892578125
2011-08-23,4173.39990234375,5129.39990234375,1162.3499755859375,12338.2998046875,8733.009765625,3269.590087890625,5230.580078125,2199.97998046875
2011-08-24,4167.60009765625,5205.89990234375,1177.5999755859375,12343.7998046875,8639.6103515625,3287.52001953125,5328.490234375,2238.699951171875
2011-08-25,4212.7998046875,5131.10009765625,1159.27001953125,12284.2998046875,8772.3603515625,3301.580078125,5298.18017578125,2216.699951171875
2011-08-26,4200.0,5129.89990234375,1176.800048828125,12327.5,8797.7802734375,3295.6298828125,5323.1201171875,2190.43994140625
2011-08-29,4263.2998046875,,1210.0799560546875,12504.900390625,8851.349609375,3306.0,5446.47021484375,2239.300048828125
2011-08-30,4269.2001953125,5268.7001953125,1212.9200439453125,12634.7001953125,8953.900390625,3317.72998046875,5449.16015625,2239.139892578125
2011-08-31,4296.5,5394.5,1218.8900146484375,12768.7001953125,8955.2001953125,3323.070068359375,5528.52001953125,2302.080078125
2011-09-01,4307.5,5418.7001953125,1204.4200439453125,12700.7001953125,9060.7998046875,3332.27001953125,5531.5400390625,2305.75
2011-09-02,4242.89990234375,5292.0,1173.969970703125,12602.400390625,8950.740234375,3303.219970703125,5359.669921875,2220.719970703125
2011-09-05,4141.89990234375,5102.60009765625,,,8784.4599609375,3293.1298828125,5142.990234375,2107.27001953125
2011-09-06,4075.5,5156.7998046875,1165.239990234375,12518.5,8590.5703125,3270.56005859375,5367.240234375,2080.10009765625
2011-09-07,4183.39990234375,5318.60009765625,1198.6199951171875,12720.599609375,8763.41015625,3300.949951171875,5501.259765625,2151.159912109375
2011-09-08,4188.0,5340.39990234375,1185.9000244140625,12684.0,8793.1201171875,3308.050048828125,5528.91015625,2163.39990234375
2011-09-09,4194.7001953125,5214.7001953125,1154.22998046875,12387.5,8737.66015625,3323.929931640625,5430.77001953125,2073.669921875
2011-09-12,4038.5,5129.60009765625,1162.27001953125,12148.7998046875,8535.669921875,3263.81005859375,5303.14013671875,1995.010009765625
2011-09-13,4072.699951171875,5174.2998046875,1172.8699951171875,12205.5,8616.5498046875,3285.409912109375,5359.14013671875,2036.6400146484375
2011-09-14,4005.800048828125,5227.0,1188.6800537109375,12293.400390625,8518.5703125,3264.110107421875,5417.89013671875,2083.3798828125
2011-09-15,4071.699951171875,5337.5,1209.1099853515625,12424.7998046875,8668.8603515625,3272.5,5433.47998046875,2155.6201171875
2011-09-16,4149.39990234375,5368.39990234375,1216.010009765625,12263.7001953125,8864.16015625,3292.679931640625,5452.8798828125,2159.280029296875
2011-09-19,4081.5,5259.60009765625,1204.0899658203125,12172.0,,3288.31005859375,5360.56005859375,2096.10009765625
2011-09-20,4040.199951171875,5363.7001953125,1202.0899658203125,12209.900390625,8721.240234375,3290.6201171875,5471.39990234375,2140.409912109375
2011-09-21,4071.800048828125,5288.39990234375,1166.760009765625,11955.0,8741.16015625,3308.830078125,5475.33984375,2098.489990234375
2011-09-22,3964.89990234375,5041.60009765625,1129.56005859375,11562.5,8560.259765625,3312.280029296875,5288.47998046875,1995.75
2011-09-23,3903.199951171875,5066.7998046875,1136.4300537109375,11462.900390625,,3282.7099609375,5298.830078125,2026.030029296875
2011-09-26,3863.89990234375,5089.39990234375,1162.949951171875,11707.2001953125,8374.1298828125,3255.3701171875,5401.009765625,2083.35009765625
2011-09-27,4004.60009765625,5294.10009765625,1175.3800048828125,11821.099609375,8609.9501953125,3292.830078125,5564.6201171875,2194.030029296875
2011-09-28,4039.5,5217.60009765625,1151.06005859375,11585.900390625,8615.650390625,3298.719970703125,5551.64990234375,2176.639892578125
2011-09-29,4008.300048828125,5196.7998046875,1160.4000244140625,11686.2998046875,8701.23046875,3300.169921875,5608.60009765625,2212.43994140625
2011-09-30,4008.60009765625,5128.5,1131.4200439453125,11623.7998046875,8700.2900390625,3343.35009765625,5531.740234375,2179.659912109375
2011-10-03,,5075.5,1099.22998046875,11251.7998046875,8545.48046875,3315.739990234375,5495.68994140625,2138.239990234375
2011-10-04,3872.10009765625,4944.39990234375,1123.949951171875,11177.900390625,8456.1201171875,3320.389892578125,5444.5498046875,2091.090087890625
2011-10-05,3926.5,5102.2001953125,1144.030029296875,11457.2001953125,8382.98046875,3328.1201171875,5504.990234375,2179.419921875
2011-10-06,4069.89990234375,5291.2998046875,1164.969970703125,11780.099609375,8522.01953125,3346.2099609375,5640.06982421875,2248.780029296875
2011-10-07,4162.89990234375,5303.39990234375,1155.4599609375,11588.400390625,8605.6201171875,3383.639892578125,5652.22998046875,2269.18994140625
2011-10-10,,5399.0,1194.8900146484375,,,,5718.56005859375,2320.800048828125
2011-10-11,4227.60009765625,5395.7001953125,1195.5400390625,11875.599609375,8773.6796875,3396.14990234375,5732.18994140625,2315.969970703125
2011-10-12,4204.2998046875,5441.7998046875,1207.25,12030.0,8738.900390625,3325.1201171875,5781.1298828125,2372.14990234375
2011-10-13,4244.5,5403.39990234375,1203.6600341796875,11911.900390625,8823.25,3306.679931640625,5713.169921875,2332.52001953125
2011-10-14,4205.60009765625,5466.39990234375,1224.5799560546875,12081.7001953125,8747.9599609375,3302.469970703125,5761.1201171875,2355.47998046875
2011-10-17,4275.39990234375,5436.7001953125,1200.8599853515625,11923.0,8879.599609375,3316.9599609375,5723.41015625,2315.889892578125
2011-10-18,4186.89990234375,5410.39990234375,1225.3800048828125,12053.099609375,8741.91015625,3279.110107421875,5682.509765625,2306.81005859375
2011-10-19,4213.7001953125,5450.5,1209.8800048828125,11849.5,8772.5400390625,3300.030029296875,5699.97998046875,2330.080078125
2011-10-20,4144.89990234375,5384.7001953125,1215.3900146484375,11830.2998046875,8682.150390625,3289.77001953125,5657.66015625,2271.77001953125
2011-10-21,4141.89990234375,5488.7001953125,1238.25,11949.5,8678.8896484375,3281.159912109375,5753.52001953125,2337.510009765625
2011-10-24,4255.0,5548.10009765625,1254.18994140625,12162.2998046875,8843.98046875,,5788.6298828125,2369.070068359375
2011-10-25,4227.89990234375,5525.5,1229.050048828125,12109.7998046875,8762.3095703125,3296.360107421875,5708.7900390625,2343.9599609375
2011-10-26,4242.5,5553.2001953125,1242.0,12186.099609375,8748.4697265625,3296.97998046875,5700.5,2335.06005859375
2011-10-27,4348.2001953125,5713.7998046875,1284.5899658203125,12465.400390625,8926.5400390625,3303.469970703125,5823.0,2476.919921875
2011-10-28,4353.2998046875,5702.2001953125,1285.0899658203125,12519.5,9050.4697265625,3325.60009765625,5852.66015625,2462.360107421875
2011-10-31,4298.10009765625,5544.2001953125,1253.300048828125,12252.099609375,8988.3896484375,3332.56005859375,5731.27001953125,2385.219970703125
2011-11-01,,5421.60009765625,1218.280029296875,12115.099609375,8835.51953125,3332.77001953125,5588.56982421875,2259.72998046875
2011-11-02,4184.60009765625,5484.10009765625,1237.9000244140625,12241.7998046875,8640.419921875,3308.889892578125,5611.0498046875,2291.889892578125
2011-11-03,4171.7998046875,5545.60009765625,1261.1500244140625,12468.400390625,,3311.510009765625,5668.0498046875,2347.93994140625
2011-11-04,4281.10009765625,5527.2001953125,1253.22998046875,12408.2998046875,8801.400390625,3331.7900390625,5659.830078125,2291.469970703125
2011-11-07,4273.39990234375,5510.7998046875,1261.1199951171875,12462.0,8767.08984375,3342.18994140625,5645.9599609375,2275.919921875
2011-11-08,4293.7998046875,5567.2998046875,1275.9200439453125,12488.900390625,8655.509765625,3351.239990234375,5682.64990234375,2303.199951171875
2011-11-09,4346.10009765625,5460.39990234375,1229.0999755859375,12156.2001953125,8755.4404296875,3353.56005859375,5607.85009765625,2249.389892578125
2011-11-10,4244.10009765625,5444.7998046875,1239.699951171875,12108.900390625,8500.7998046875,3318.8701171875,5565.77978515625,2254.919921875
2011-11-11,4296.5,5545.39990234375,1263.8499755859375,12276.900390625,8514.4697265625,3322.010009765625,5649.02978515625,2324.81005859375
2011-11-14,4304.60009765625,5519.0,1251.780029296875,12224.2001953125,8603.7001953125,3309.860107421875,5661.7099609375,2288.320068359375
2011-11-15,4285.60009765625,5517.39990234375,1257.81005859375,12229.2998046875,8541.9296875,3317.330078125,5664.91015625,2254.0
2011-11-16,4247.39990234375,5509.0,1236.9100341796875,12174.400390625,8463.16015625,3281.419921875,5685.7998046875,2267.9599609375
2011-11-17,4258.2001953125,5423.10009765625,1216.1300048828125,11915.400390625,8479.6298828125,3280.739990234375,5644.6201171875,2242.780029296875
2011-11-18,4177.0,5362.89990234375,1215.6500244140625,11892.400390625,8374.91015625,3250.889892578125,5614.60986328125,2236.679931640625
2011-11-21,4163.0,5222.60009765625,1192.97998046875,11784.7001953125,8348.26953125,3256.56005859375,5477.259765625,2160.280029296875
2011-11-22,4133.0,5206.7998046875,1188.0400390625,11795.2001953125,8314.740234375,3252.27001953125,5447.66015625,2136.81005859375
2011-11-23,4051.0,5139.7998046875,1161.7900390625,11571.7001953125,,3268.669921875,5386.14013671875,2096.7900390625
2011-11-24,4044.199951171875,5127.60009765625,,11485.2998046875,8165.18017578125,3241.10009765625,5356.9599609375,
2011-11-25,3984.300048828125,5164.7001953125,1158.6700439453125,11462.099609375,8160.009765625,3212.27001953125,5395.60986328125,2111.260009765625
2011-11-28,4058.199951171875,5312.7998046875,1192.550048828125,11640.2001953125,8287.490234375,3218.43994140625,5522.66015625,2221.760009765625
2011-11-29,4102.10009765625,5337.0,1195.18994140625,11732.5,8477.8203125,3239.469970703125,5531.240234375,2234.169921875
2011-11-30,4119.7998046875,5505.39990234375,1246.9599609375,12204.099609375,8434.6103515625,3270.2099609375,5652.31005859375,2330.429931640625
2011-12-01,4228.60009765625,5489.2998046875,1244.5799560546875,12113.2998046875,8597.3798828125,3277.31005859375,5681.56982421875,2313.840087890625
2011-12-02,4288.0,5552.2998046875,1244.280029296875,12075.099609375,8643.75,3282.389892578125,5718.85009765625,2342.5
2011-12-05,4321.2998046875,5568.0,1257.0799560546875,12119.2998046875,8695.98046875,3301.219970703125,5739.85986328125,2369.389892578125
2011-12-06,4262.0,5568.7001953125,1258.469970703125,12081.2998046875,8575.16015625,3291.489990234375,5767.93017578125,2356.7099609375
2011-12-07,4292.5,5546.89990234375,1261.010009765625,12148.7001953125,8722.169921875,3283.0400390625,5766.240234375,2344.919921875
2011-12-08,4280.7001953125,5483.7998046875,1234.3499755859375,11951.7998046875,8664.580078125,3269.949951171875,5737.81982421875,2288.050048828125
2011-12-09,4203.0,5529.2001953125,1255.18994140625,12034.7998046875,8536.4599609375,3271.4599609375,5793.56982421875,2342.590087890625
2011-12-12,4252.7998046875,5427.89990234375,1236.469970703125,11907.900390625,8653.8203125,3299.510009765625,5747.08984375,2269.4599609375
2011-12-13,4193.39990234375,5490.2001953125,1225.72998046875,11759.900390625,8552.8095703125,3292.7900390625,5759.72021484375,2260.97998046875
2011-12-14,4190.5,5366.7998046875,1211.8199462890625,11543.099609375,8519.1298828125,3284.139892578125,5719.08984375,2205.909912109375
2011-12-15,4139.7998046875,5400.89990234375,1215.75,11504.400390625,8377.3701171875,3263.18994140625,5784.14013671875,2224.889892578125
2011-12-16,4159.2001953125,5387.2998046875,1219.6600341796875,11635.400390625,8401.7197265625,3245.340087890625,5733.5,2202.719970703125
2011-12-19,4060.39990234375,5365.0,1205.3499755859375,11539.7001953125,8296.1201171875,3223.030029296875,5767.97998046875,2202.949951171875
2011-12-20,4053.10009765625,5419.60009765625,1241.300048828125,11716.900390625,8336.48046875,3202.02001953125,5804.31005859375,2262.389892578125
2011-12-21,4139.5,5389.7001953125,1243.719970703125,11753.5,8459.98046875,3223.080078125,5804.77001953125,2244.35009765625
2011-12-22,4090.800048828125,5457.0,1254.0,11876.5,8395.16015625,3207.239990234375,5837.06005859375,2273.02001953125
2011-12-23,4140.39990234375,5512.7001953125,1265.3299560546875,11926.7001953125,,3215.5,5893.89013671875,2290.3701171875
2011-12-26,,,,,8479.33984375,,,
2011-12-27,,,1265.4300537109375,,8440.5595703125,,5886.91015625,2290.31005859375
2011-12-28,4088.800048828125,5507.39990234375,1249.6400146484375,11728.400390625,8423.6201171875,3236.89990234375,5895.25,2255.030029296875
2011-12-29,4071.10009765625,5566.7998046875,1263.02001953125,11841.7001953125,8398.8896484375,3246.25,5896.60009765625,2292.280029296875
2011-12-30,4056.60009765625,5572.2998046875,1257.5999755859375,11955.099609375,8455.349609375,3274.7099609375,5936.22998046875,2316.550048828125
2012-01-03,4101.2001953125,5699.89990234375,1277.06005859375,12208.400390625,,,6050.93017578125,2389.909912109375
2012-01-04,4187.7998046875,5668.5,1277.300048828125,12226.5,8560.1103515625,3288.110107421875,6058.080078125,2349.889892578125
2012-01-05,4142.7001953125,5624.2998046875,1281.06005859375,12237.400390625,8488.7099609375,3284.1201171875,6026.56982421875,2315.75
2012-01-06,4108.5,5649.7001953125,1277.81005859375,12188.599609375,8390.349609375,3253.429931640625,6013.830078125,2298.64990234375
2012-01-09,4105.39990234375,5612.2998046875,1280.699951171875,12196.7001953125,,3247.280029296875,5987.5400390625,2286.449951171875
2012-01-10,4152.2001953125,5696.7001953125,1292.0799560546875,12270.7001953125,8422.259765625,3228.010009765625,6050.77978515625,2347.469970703125
2012-01-11,4187.5,5670.7998046875,1292.47998046875,12260.900390625,8447.8798828125,3236.530029296875,6008.0400390625,2339.510009765625
2012-01-12,4181.0,5662.39990234375,1295.5,12274.2998046875,8385.58984375,3219.830078125,6018.06982421875,2345.85009765625
2012-01-13,4195.89990234375,5636.60009765625,1289.0899658203125,12231.099609375,8500.01953125,3227.4599609375,5996.33984375,2338.010009765625
2012-01-16,,5657.39990234375,,12258.599609375,8378.3603515625,,6031.240234375,2361.56005859375
2012-01-17,4215.60009765625,5694.0,1293.6700439453125,12232.7998046875,8466.400390625,3234.800048828125,6056.169921875,2396.6298828125
2012-01-18,4217.89990234375,5702.39990234375,1308.0400390625,12327.5,8550.580078125,3247.5,6116.22998046875,2390.639892578125
2012-01-19,4214.7998046875,5741.2001953125,1314.5,12380.7001953125,8639.6796875,3264.739990234375,6194.4501953125,2435.0400390625
2012-01-20,4239.60009765625,5728.60009765625,1315.3800048828125,12397.099609375,8766.3603515625,3276.4599609375,6122.669921875,2426.9599609375
2012-01-23,4225.10009765625,5782.60009765625,1316.0,12521.7001953125,8765.900390625,3295.02001953125,6127.669921875,2441.43994140625
2012-01-24,4224.2001953125,5751.89990234375,1314.6500244140625,12395.2001953125,8785.330078125,3268.169921875,6135.10009765625,2432.070068359375
2012-01-25,4271.2998046875,5723.0,1326.06005859375,12539.2001953125,8883.6904296875,3280.10009765625,6073.35986328125,2421.1201171875
2012-01-26,,5795.2001953125,1318.4300537109375,12464.2998046875,8849.4697265625,3281.679931640625,6100.43017578125,2460.39990234375
2012-01-27,4288.39990234375,5733.5,1316.3299560546875,12466.5,8841.2197265625,3294.639892578125,6033.52001953125,2436.6201171875
2012-01-30,4272.7001953125,5671.10009765625,1313.010009765625,12436.400390625,8793.0498046875,3307.219970703125,5970.740234375,2404.6201171875
2012-01-31,4262.7001953125,5681.60009765625,1312.4100341796875,12452.2001953125,8802.509765625,3296.199951171875,5970.490234375,2416.659912109375
2012-02-01,4225.7001953125,5790.7001953125,1324.0899658203125,12517.7001953125,8809.7900390625,3301.7900390625,6069.91015625,2470.7900390625
2012-02-02,4267.7998046875,5796.10009765625,1325.5400390625,12553.5,8876.8203125,3314.639892578125,6064.41015625,2478.14990234375
2012-02-03,4251.2001953125,5901.10009765625,1344.9000244140625,12577.2998046875,8831.9296875,3312.22998046875,6153.31005859375,2515.14990234375
2012-02-06,4296.0,5892.2001953125,1344.3299560546875,12559.900390625,8929.2001953125,,6147.02978515625,2507.889892578125
2012-02-07,4274.2001953125,5890.2998046875,1347.050048828125,12512.400390625,8917.51953125,3315.139892578125,6157.58984375,2514.1201171875
2012-02-08,4290.7001953125,5875.89990234375,1349.9599609375,12521.0,9015.58984375,3324.669921875,6155.85986328125,2512.919921875
2012-02-09,4282.89990234375,5895.5,1351.949951171875,12497.900390625,9002.240234375,3326.739990234375,6169.6298828125,2522.340087890625
2012-02-10,4245.2998046875,5852.39990234375,1342.6400146484375,12389.400390625,8947.169921875,3348.1298828125,6130.66015625,2480.760009765625
2012-02-13,4285.10009765625,5905.7001953125,1351.77001953125,12398.7001953125,8999.1796875,3340.02001953125,6177.43994140625,2491.5400390625
2012-02-14,4242.7998046875,5899.89990234375,1350.5,12354.5,9052.0703125,3330.330078125,6163.81982421875,2488.2900390625
2012-02-15,4253.39990234375,5892.2001953125,1343.22998046875,12362.0,9260.33984375,3293.8701171875,6198.33984375,2493.9599609375
2012-02-16,4181.89990234375,5885.39990234375,1358.0400390625,12485.599609375,9238.099609375,3286.449951171875,6217.27978515625,2489.35009765625
2012-02-17,4195.89990234375,5905.10009765625,1361.22998046875,12458.2998046875,9384.169921875,3289.0,6237.68994140625,2520.31005859375
2012-02-20,4256.10009765625,5945.2998046875,,,9485.08984375,3315.570068359375,6242.990234375,
2012-02-21,4291.2001953125,5928.2001953125,1362.2099609375,12623.400390625,9463.01953125,3337.320068359375,6237.81982421875,2541.60009765625
2012-02-22,4293.10009765625,5916.60009765625,1357.6600341796875,12701.2998046875,9554.0,3328.22998046875,6192.419921875,2519.0
2012-02-23,4286.2001953125,5937.89990234375,1363.4599609375,12731.2998046875,9595.5703125,3323.159912109375,6200.97021484375,2508.080078125
2012-02-24,4306.7998046875,5935.10009765625,1365.739990234375,12725.7998046875,9647.3798828125,3319.760009765625,6184.1298828125,2523.68994140625
2012-02-27,4267.39990234375,5915.60009765625,1367.5899658203125,12700.400390625,9633.9296875,3303.449951171875,6143.919921875,2513.06005859375
2012-02-28,4262.7001953125,5927.89990234375,1372.1800537109375,12740.5,9722.51953125,3309.800048828125,6125.08984375,2519.719970703125
2012-02-29,4298.5,5871.5,1365.6800537109375,12644.0,9723.240234375,3322.530029296875,6109.93017578125,2512.110107421875
2012-03-01,4255.5,5931.2998046875,1374.0899658203125,12723.5,9707.3701171875,3330.85009765625,6128.27978515625,2548.659912109375
2012-03-02,4273.10009765625,5911.10009765625,1369.6300048828125,12643.7998046875,9777.0302734375,3375.81005859375,6149.3701171875,2546.159912109375
2012-03-05,4263.0,5874.7998046875,1364.3299560546875,12524.0,9698.58984375,3387.840087890625,6153.91015625,2529.860107421875
2012-03-06,4204.7001953125,5765.7998046875,1343.3599853515625,12298.599609375,9637.6298828125,3401.830078125,6047.52978515625,2443.52001953125
2012-03-07,4143.7001953125,5791.39990234375,1352.6300048828125,12350.2001953125,9576.0595703125,3403.050048828125,6102.5400390625,2460.77001953125
2012-03-08,4171.0,5859.7001953125,1365.9100341796875,12461.900390625,9768.9599609375,3413.7900390625,6153.93017578125,2514.219970703125
2012-03-09,4212.0,5887.5,1370.8699951171875,12503.599609375,9929.740234375,3433.820068359375,6188.509765625,2515.949951171875
2012-03-12,4196.7001953125,5892.7998046875,1371.0899658203125,12428.0,9889.8603515625,3452.3701171875,6189.85986328125,2514.969970703125
2012-03-13,4247.60009765625,5955.89990234375,1395.949951171875,12537.7001953125,9899.080078125,3470.81005859375,6260.02001953125,2556.820068359375
2012-03-14,4287.2001953125,5945.39990234375,1394.280029296875,12377.900390625,10050.51953125,3498.989990234375,6300.43017578125,2574.7900390625
2012-03-15,4277.7998046875,5940.7001953125,1402.5999755859375,12455.7998046875,10123.2802734375,3533.72998046875,6332.22021484375,2593.969970703125
2012-03-16,4276.2001953125,5965.60009765625,1404.1700439453125,12497.0,10129.830078125,3505.02001953125,6341.330078125,2608.300048828125
2012-03-19,4290.7998046875,5961.10009765625,1409.75,12479.7001953125,10141.990234375,3485.969970703125,6326.56005859375,2608.419921875
2012-03-20,4275.0,5891.39990234375,1405.52001953125,12430.7001953125,,3487.010009765625,6296.16015625,2576.610107421875
2012-03-21,4254.2998046875,5892.0,1402.8900146484375,12436.5,10086.490234375,3481.9599609375,6290.0,2567.580078125
2012-03-22,4273.7001953125,5845.7001953125,1392.780029296875,12361.7998046875,10127.080078125,3474.64990234375,6249.56005859375,2530.219970703125
2012-03-23,4270.39990234375,5854.89990234375,1397.1099853515625,12465.7001953125,10011.4697265625,3449.300048828125,6240.330078125,2525.429931640625
2012-03-26,4262.7998046875,5902.7001953125,1416.510009765625,12574.7998046875,10018.240234375,3471.919921875,6283.259765625,2539.8701171875
2012-03-27,4301.2998046875,5869.60009765625,1412.52001953125,12512.0,10255.150390625,3483.9599609375,6269.3798828125,2525.2099609375
2012-03-28,4343.5,5809.0,1405.5400390625,12413.900390625,10182.5703125,3486.510009765625,6250.43017578125,2496.679931640625
2012-03-29,4337.89990234375,5742.0,1403.280029296875,12339.400390625,10114.7900390625,3495.43994140625,6176.259765625,2452.739990234375
2012-03-30,4335.2001953125,5768.5,1408.469970703125,12392.2001953125,10083.5595703125,3509.550048828125,6235.509765625,2477.280029296875
2012-04-02,4329.2998046875,5874.89990234375,1419.0400390625,12507.099609375,10109.8701171875,3493.610107421875,6299.3798828125,2501.179931640625
2012-04-03,4337.0,5838.2998046875,1413.3800048828125,12323.599609375,10050.3896484375,3473.090087890625,6258.66015625,2458.97998046875
2012-04-04,4333.89990234375,5703.7998046875,1398.9599609375,12178.7001953125,9819.990234375,3480.419921875,6166.7900390625,2398.4599609375
2012-04-05,4319.7998046875,5723.7001953125,1398.0799560546875,12103.099609375,9767.6103515625,3467.97998046875,6163.490234375,2392.5400390625
2012-04-06,,,,,9688.4501953125,,,
2012-04-09,,,1382.199951171875,12018.5,9546.259765625,,,
2012-04-10,4292.2998046875,5595.60009765625,1358.5899658203125,11935.2998046875,9538.01953125,3475.10009765625,6061.43017578125,2321.530029296875
2012-04-11,,5634.7001953125,1368.7099609375,12026.7998046875,9458.740234375,3465.389892578125,6059.81982421875,2341.360107421875
2012-04-12,4280.60009765625,5710.5,1387.5699462890625,12214.7001953125,9524.7900390625,3487.090087890625,6125.39013671875,2352.239990234375
2012-04-13,4323.2998046875,5651.7998046875,1370.260009765625,12040.400390625,9637.990234375,3487.169921875,6072.1201171875,2291.510009765625
2012-04-16,4302.2998046875,5666.2998046875,1369.5699462890625,12037.599609375,9470.6396484375,3473.5,6124.91015625,2301.18994140625
2012-04-17,4288.7998046875,5767.0,1390.780029296875,12136.900390625,9464.7099609375,3480.5400390625,6200.27001953125,2367.050048828125
2012-04-18,4348.7001953125,5745.2998046875,1385.1400146484375,12128.900390625,9667.259765625,,6173.35009765625,2327.840087890625
2012-04-19,4362.7001953125,5744.60009765625,1376.9200439453125,12153.7001953125,9588.3798828125,3525.18994140625,6203.77978515625,2284.669921875
2012-04-20,4366.5,5772.2001953125,1378.530029296875,12147.2998046875,9561.3603515625,3516.22998046875,6237.7900390625,2311.27001953125
2012-04-23,4352.39990234375,5665.60009765625,1366.93994140625,11989.0,9542.169921875,3513.449951171875,6114.830078125,2244.830078125
2012-04-24,4360.39990234375,5709.5,1371.969970703125,11980.099609375,9468.0400390625,3519.860107421875,6124.83984375,2284.080078125
2012-04-25,,5718.89990234375,1390.68994140625,12111.099609375,9561.009765625,,6150.56982421875,2322.909912109375
2012-04-26,4375.2001953125,5748.7001953125,1399.97998046875,12145.900390625,9561.830078125,3520.820068359375,6122.41015625,2322.68994140625
2012-04-27,4362.10009765625,5777.10009765625,1403.3599853515625,12237.7998046875,9520.8896484375,3531.659912109375,6116.35986328125,2344.02001953125
2012-04-30,4396.60009765625,5737.7998046875,1397.9100341796875,12292.7001953125,,3555.8701171875,6096.33984375,2306.429931640625
2012-05-01,4429.5,5812.2001953125,1405.8199462890625,12332.7998046875,9350.9501953125,3577.320068359375,,
2012-05-02,4435.89990234375,5758.10009765625,1402.31005859375,12230.099609375,9380.25,3614.969970703125,6108.77001953125,2290.31005859375
2012-05-03,4429.0,5766.60009765625,1391.5699462890625,12014.900390625,,3576.699951171875,6097.68017578125,2287.10009765625
2012-05-04,4396.0,5655.10009765625,1369.0999755859375,11871.2001953125,,3549.780029296875,6056.7900390625,2248.340087890625
2012-05-07,4301.2998046875,,1369.5799560546875,11860.7001953125,9119.1396484375,3540.1298828125,6040.18017578125,2283.090087890625
2012-05-08,4314.39990234375,5554.60009765625,1363.719970703125,11704.7001953125,9181.650390625,3552.06005859375,5977.7998046875,2236.110107421875
2012-05-09,4275.10009765625,5530.10009765625,1354.5799560546875,11675.0,9045.0595703125,3559.469970703125,5936.1298828125,2225.6298828125
2012-05-10,4295.60009765625,5544.0,1357.989990234375,11736.2001953125,9009.650390625,3569.050048828125,5926.60009765625,2247.3798828125
2012-05-11,4285.10009765625,5575.5,1353.3900146484375,11694.7001953125,8953.3095703125,3548.06005859375,5954.8798828125,2254.5400390625
2012-05-14,4297.0,5465.5,1338.3499755859375,11488.5,8973.83984375,3555.360107421875,5875.66015625,2201.949951171875
2012-05-15,4266.2998046875,5437.60009765625,1330.6600341796875,11343.099609375,8900.740234375,3534.919921875,5865.16015625,2178.669921875
2012-05-16,4165.5,5405.2998046875,1324.800048828125,11326.099609375,8801.169921875,3514.510009765625,5872.72998046875,2175.340087890625
2012-05-17,4157.39990234375,5338.39990234375,1304.8599853515625,11330.7001953125,8876.58984375,3521.510009765625,,
2012-05-18,4046.5,5267.60009765625,1295.219970703125,11280.599609375,8611.3095703125,3501.43994140625,5797.759765625,2144.68994140625
2012-05-21,4073.60009765625,5304.5,1315.989990234375,,8633.8896484375,3493.389892578125,5814.58984375,2150.159912109375
2012-05-22,4121.0,5403.2998046875,1316.6300048828125,11451.7998046875,8729.2900390625,3529.860107421875,5910.2001953125,2192.85009765625
2012-05-23,4067.0,5266.39990234375,1318.8599853515625,11564.7998046875,8556.599609375,3510.199951171875,5817.91015625,2134.050048828125
2012-05-24,4055.800048828125,5350.10009765625,1320.6800537109375,11566.099609375,8563.3798828125,3496.18994140625,5852.43994140625,2156.52001953125
2012-05-25,4029.199951171875,5351.5,1317.8199462890625,11576.5,8580.3896484375,3486.22998046875,5865.18994140625,2161.8701171875
2012-05-28,4068.0,,,11566.2001953125,8593.150390625,3462.25,,
2012-05-29,4114.39990234375,5391.10009765625,1332.4200439453125,11609.2998046875,8657.080078125,3478.2900390625,5914.72998046875,2160.31005859375
2012-05-30,4094.199951171875,5297.2998046875,1313.3199462890625,11433.2001953125,8633.1904296875,3481.340087890625,5902.81982421875,2116.179931640625
2012-05-31,4076.300048828125,5320.89990234375,1310.3299560546875,11513.2001953125,8542.73046875,3488.2900390625,5849.89990234375,2118.93994140625
2012-06-01,4063.89990234375,5260.2001953125,1278.0400390625,11361.2001953125,8440.25,3452.0,5777.47021484375,2068.659912109375
2012-06-04,3985.0,,1278.1800537109375,11335.7998046875,8295.6298828125,,5713.33984375,2078.9599609375
2012-06-05,4043.699951171875,,1285.5,11507.7001953125,8382.0,3420.7900390625,5714.56982421875,2087.31005859375
2012-06-06,4055.300048828125,5384.10009765625,1315.1300048828125,11633.400390625,8533.5302734375,3464.510009765625,5822.6298828125,2137.72998046875
2012-06-07,4108.60009765625,5447.7998046875,1314.989990234375,11592.099609375,8639.7197265625,3473.9599609375,5869.2099609375,2143.080078125
2012-06-08,4063.699951171875,5435.10009765625,1325.6600341796875,11500.599609375,8459.259765625,3449.469970703125,5869.31982421875,2143.89990234375
2012-06-11,,5432.39990234375,1308.9300537109375,11401.7998046875,8624.900390625,3454.239990234375,5871.35009765625,2137.699951171875
2012-06-12,4072.89990234375,5473.7001953125,1324.1800537109375,11497.2998046875,8536.7197265625,3425.60009765625,5919.8798828125,2143.3798828125
2012-06-13,4063.800048828125,5483.7998046875,1314.8800048828125,11497.900390625,8587.83984375,3381.72998046875,5944.68994140625,2143.5
2012-06-14,4042.199951171875,5467.10009765625,1329.0999755859375,11466.400390625,8568.8896484375,3416.090087890625,5908.509765625,2148.2099609375
2012-06-15,4057.300048828125,5478.7998046875,1342.8399658203125,11524.900390625,8569.3203125,3447.070068359375,5911.81982421875,2181.22998046875
2012-06-18,4136.89990234375,5491.10009765625,1344.780029296875,11601.099609375,8721.01953125,3455.679931640625,5938.759765625,2155.639892578125
2012-06-19,4123.2998046875,5586.2998046875,1357.97998046875,11788.400390625,8655.8701171875,3480.3798828125,6034.1298828125,2198.010009765625
2012-06-20,4132.39990234375,5622.2998046875,1355.68994140625,11759.2998046875,8752.3095703125,3444.7900390625,6017.91015625,2207.489990234375
2012-06-21,4087.60009765625,5566.39990234375,1325.510009765625,11408.2998046875,8824.0703125,3409.389892578125,6012.18994140625,2199.419921875
2012-06-22,4048.199951171875,5513.7001953125,1335.02001953125,11435.5,8798.349609375,3399.199951171875,5989.330078125,2186.81005859375
2012-06-25,4027.800048828125,5450.7001953125,1313.719970703125,11330.400390625,8734.6201171875,3401.1298828125,5944.47998046875,2130.7099609375
2012-06-26,4013.300048828125,5447.0,1319.989990234375,11334.400390625,8663.990234375,3381.320068359375,5957.72021484375,2127.949951171875
2012-06-27,4043.199951171875,5523.89990234375,1331.8499755859375,11410.900390625,8730.490234375,3387.780029296875,5996.52978515625,2165.610107421875
2012-06-28,4044.800048828125,5493.10009765625,1329.0400390625,11424.7001953125,8874.1103515625,3401.340087890625,5986.85009765625,2157.6201171875
2012-06-29,4094.60009765625,5571.2001953125,1362.1600341796875,11596.599609375,9006.7802734375,3399.830078125,6066.85986328125,2264.719970703125
2012-07-02,4133.0,5640.60009765625,1365.510009765625,,9003.48046875,3440.159912109375,6109.41015625,2292.080078125
2012-07-03,4127.2001953125,5687.7001953125,1374.02001953125,11848.7998046875,9066.58984375,3444.6298828125,6194.080078125,2320.429931640625
2012-07-04,4172.2001953125,5684.5,,11913.900390625,9104.169921875,3483.1201171875,6201.31005859375,2312.409912109375
2012-07-05,4169.2001953125,5692.60009765625,1367.5799560546875,11817.0,9079.7998046875,3484.199951171875,6202.31982421875,2284.919921875
2012-07-06,4157.7998046875,5662.60009765625,1354.6800537109375,11660.0,9020.75,3478.699951171875,6183.669921875,2235.510009765625
2012-07-09,4118.2998046875,5627.2998046875,1352.4599609375,11634.7001953125,8896.8798828125,3480.18994140625,6160.77978515625,2227.909912109375
2012-07-10,4098.0,5664.10009765625,1341.469970703125,11512.2001953125,8857.73046875,3464.719970703125,6191.2001953125,2241.85009765625
2012-07-11,4096.5,5664.5,1341.449951171875,11544.599609375,8851.0,3478.840087890625,6174.75,2246.22998046875
2012-07-12,4068.0,5608.2998046875,1334.760009765625,11425.5,8720.009765625,3501.39990234375,6147.56982421875,2228.010009765625
2012-07-13,4082.199951171875,5666.10009765625,1356.780029296875,11514.5,8724.1201171875,3495.409912109375,6181.81005859375,2259.090087890625
2012-07-16,4105.10009765625,5662.39990234375,1353.6400146484375,11521.2001953125,,3467.340087890625,6195.60986328125,2251.9599609375
2012-07-17,4140.7998046875,5629.10009765625,1363.6700439453125,11571.2001953125,8755.0,3468.860107421875,6202.33984375,2250.75
2012-07-18,4123.60009765625,5685.7998046875,1372.780029296875,11579.2001953125,8726.740234375,3474.050048828125,6265.5,2284.699951171875
2012-07-19,4206.7001953125,5714.2001953125,1376.510009765625,11665.7001953125,8795.5498046875,3485.780029296875,6323.64013671875,2302.449951171875
2012-07-20,4199.10009765625,5651.7998046875,1362.6600341796875,11622.900390625,8669.8701171875,3463.699951171875,6284.81005859375,2237.330078125
2012-07-23,4128.89990234375,5533.89990234375,1350.52001953125,11545.5,8508.3203125,3465.360107421875,6180.43994140625,2179.31005859375
2012-07-24,4133.2001953125,5499.2001953125,1338.31005859375,11467.0,8488.08984375,3460.699951171875,6174.89013671875,2151.5400390625
2012-07-25,4123.89990234375,5498.2998046875,1337.8900146484375,11492.5,8365.900390625,3458.97998046875,6180.77001953125,2159.090087890625
2012-07-26,4147.7001953125,5573.2001953125,1360.02001953125,11639.7998046875,8443.099609375,3485.739990234375,6277.740234375,2251.050048828125
2012-07-27,4209.7998046875,5627.2001953125,1385.969970703125,11766.400390625,8566.6396484375,3501.2900390625,6362.81982421875,2301.22998046875
2012-07-30,4245.7001953125,5693.60009765625,1385.300048828125,11757.900390625,8635.4404296875,3518.889892578125,6402.3798828125,2340.31005859375
2012-07-31,4269.2001953125,5635.2998046875,1379.3199462890625,11664.7001953125,8695.0595703125,3545.010009765625,6399.27001953125,2325.719970703125
2012-08-01,4262.7998046875,5712.7998046875,1375.3199462890625,11618.5,8641.849609375,3530.64990234375,,
2012-08-02,4269.5,5662.2998046875,1365.0,11506.5,8653.1796875,3564.110107421875,6407.2998046875,2263.360107421875
2012-08-03,4221.5,5787.2998046875,1390.989990234375,11662.599609375,8555.1103515625,3548.0,6461.5400390625,2372.580078125
2012-08-06,4272.60009765625,5808.7998046875,1394.22998046875,,8726.2900390625,3563.199951171875,6463.009765625,2399.320068359375
2012-08-07,4291.60009765625,5841.2001953125,1401.3499755859375,11863.5,8803.3095703125,3584.81005859375,6457.85009765625,2440.239990234375
2012-08-08,4312.60009765625,5845.89990234375,1402.219970703125,11781.0,8881.16015625,3581.7900390625,6458.0,2432.280029296875
2012-08-09,4308.2998046875,5851.5,1402.800048828125,11858.099609375,8978.599609375,3583.610107421875,6505.2900390625,2437.0400390625
2012-08-10,4277.2998046875,5847.10009765625,1405.8699951171875,11890.900390625,8891.4404296875,3577.800048828125,6483.43994140625,2423.219970703125
2012-08-13,4283.2998046875,5831.89990234375,1404.1099853515625,11838.2998046875,8885.150390625,3594.9599609375,6466.18017578125,2415.9599609375
2012-08-14,4292.2001953125,5864.7998046875,1403.9300537109375,11853.599609375,8929.8798828125,3608.8798828125,6505.97998046875,2432.2900390625
2012-08-15,4281.2001953125,5833.0,1405.530029296875,11905.400390625,8925.0400390625,3631.18994140625,6511.8701171875,2430.389892578125
2012-08-16,4330.2001953125,5834.5,1415.510009765625,12032.599609375,9092.759765625,3616.199951171875,6518.43017578125,2456.530029296875
2012-08-17,4370.10009765625,5852.39990234375,1418.1600341796875,12089.900390625,9162.5,3639.659912109375,6529.33984375,2471.530029296875
2012-08-20,4364.2998046875,5824.39990234375,1418.1300048828125,12076.0,9171.16015625,3661.090087890625,6506.25,2466.320068359375
2012-08-21,4383.39990234375,5857.5,1413.1700439453125,12116.900390625,9156.919921875,3687.739990234375,6518.31982421875,2490.27001953125
2012-08-22,4376.0,5774.2001953125,1413.489990234375,12119.0,9131.740234375,3658.3798828125,6475.47021484375,2452.72998046875
2012-08-23,4383.7001953125,5776.60009765625,1402.0799560546875,12062.5,9178.1201171875,3663.340087890625,6453.91015625,2429.169921875
2012-08-24,4349.0,5776.60009765625,1411.1300048828125,12082.2001953125,9070.759765625,3622.590087890625,6475.93994140625,2434.22998046875
2012-08-27,4343.7001953125,,1410.43994140625,12048.7998046875,9085.3896484375,3623.22998046875,6491.27978515625,2461.820068359375
2012-08-28,4359.39990234375,5775.7001953125,1409.300048828125,12009.900390625,9033.2900390625,3629.050048828125,6421.419921875,2442.1201171875
2012-08-29,4356.39990234375,5743.5,1410.489990234375,12009.7998046875,9069.8095703125,3628.389892578125,6421.9599609375,2434.22998046875
2012-08-30,4315.7001953125,5719.5,1399.47998046875,11886.7001953125,8983.7802734375,3629.56005859375,6378.2900390625,2403.800048828125
2012-08-31,4316.10009765625,5711.5,1406.5799560546875,11949.2998046875,8839.91015625,3666.679931640625,6388.009765625,2440.7099609375
2012-09-03,4329.7001953125,5758.39990234375,,,8783.8896484375,3669.030029296875,6437.66015625,2463.169921875
2012-09-04,4303.5,5672.0,1404.93994140625,11941.7001953125,8775.509765625,3676.02001953125,6362.81982421875,2436.5400390625
2012-09-05,4278.7998046875,5657.89990234375,1403.43994140625,11990.099609375,8679.8203125,3669.64990234375,6425.2001953125,2441.81005859375
2012-09-06,4312.89990234375,5777.2998046875,1432.1199951171875,12139.7001953125,8680.5703125,3693.5400390625,6527.8701171875,2524.949951171875
2012-09-07,4325.7998046875,5794.7998046875,1437.9200439453125,12268.0,8871.650390625,3722.179931640625,6537.31982421875,2538.60009765625
2012-09-10,4333.7998046875,5793.2001953125,1429.0799560546875,12215.400390625,8869.3701171875,3726.89990234375,6507.8701171875,2528.530029296875
2012-09-11,4325.7998046875,5792.2001953125,1433.56005859375,12220.5,8807.3798828125,3744.9599609375,6503.2998046875,2557.64990234375
2012-09-12,4361.2998046875,5782.10009765625,1436.56005859375,12232.599609375,8959.9599609375,3789.719970703125,6489.7998046875,2564.800048828125
2012-09-13,4339.39990234375,5819.89990234375,1459.989990234375,12360.2001953125,8995.150390625,,6513.22021484375,2543.219970703125
2012-09-14,4390.0,5915.60009765625,1465.77001953125,12499.5,9159.3896484375,3792.340087890625,6559.16015625,2594.56005859375
2012-09-17,4402.5,5893.5,1461.18994140625,12446.900390625,,3817.22998046875,6552.31982421875,2583.570068359375
2012-09-18,4394.7001953125,5868.2001953125,1459.3199462890625,12422.7001953125,9123.76953125,3804.47998046875,6537.10009765625,2553.39990234375
2012-09-19,4418.39990234375,5888.5,1461.050048828125,12436.2001953125,9232.2099609375,3797.89990234375,6570.72021484375,2567.669921875
2012-09-20,4397.2001953125,5854.60009765625,1460.260009765625,12409.2998046875,9086.98046875,3819.280029296875,6556.490234375,2553.030029296875
2012-09-21,4408.2998046875,5852.60009765625,1460.1500244140625,12383.599609375,9110.0,3809.570068359375,6605.81982421875,2577.080078125
2012-09-24,4385.5,5838.7998046875,1456.8900146484375,12313.5,9069.2900390625,3809.14990234375,6597.22021484375,2557.889892578125
2012-09-25,4372.89990234375,5859.7001953125,1441.5899658203125,12257.2001953125,9091.5400390625,3825.31005859375,6613.4501953125,2568.47998046875
2012-09-26,4361.60009765625,5768.10009765625,1433.3199462890625,12232.900390625,8906.7001953125,3809.320068359375,6540.41015625,2498.52001953125
2012-09-27,4384.2001953125,5779.39990234375,1447.1500244140625,12338.900390625,8949.8701171875,3809.030029296875,6545.91015625,2506.06005859375
2012-09-28,4387.0,5742.10009765625,1440.6700439453125,12317.5,8870.16015625,3834.14990234375,6495.8798828125,2454.260009765625
2012-10-01,4388.60009765625,5820.5,1444.489990234375,12370.2001953125,8796.509765625,,6610.91015625,2498.81005859375
2012-10-02,4433.0,5809.5,1445.75,12391.2001953125,8786.0498046875,3871.25,6613.5400390625,2493.590087890625
2012-10-03,4438.60009765625,5825.7998046875,1450.989990234375,12359.5,8746.8701171875,3889.60009765625,6604.43994140625,2492.47998046875
2012-10-04,4452.39990234375,5827.7998046875,1461.4000244140625,12447.7001953125,8824.58984375,3881.989990234375,6631.35009765625,2485.75
2012-10-05,4494.39990234375,5871.0,1460.9300537109375,12419.0,8863.2998046875,3904.85009765625,6674.81982421875,2531.2099609375
2012-10-08,4481.89990234375,5841.7001953125,1455.8800048828125,,,3923.909912109375,6655.77001953125,2496.090087890625
2012-10-09,4505.2998046875,5810.2998046875,1441.47998046875,12273.599609375,8769.58984375,,6649.10009765625,2472.22998046875
2012-10-10,4490.7001953125,5776.7001953125,1432.56005859375,12212.400390625,8596.23046875,3888.139892578125,6629.0400390625,2456.5400390625
2012-10-11,4483.5,5829.7998046875,1432.8399658203125,12234.0,8546.7802734375,3883.300048828125,6654.02001953125,2487.080078125
2012-10-12,4486.60009765625,5793.2998046875,1428.5899658203125,12202.0,8534.1201171875,3896.659912109375,6655.2001953125,2469.090087890625
2012-10-15,4483.39990234375,5805.60009765625,1440.1300048828125,12230.0,8577.9296875,3916.360107421875,6704.2099609375,2485.1201171875
2012-10-16,4491.5,5870.5,1454.9200439453125,12407.7001953125,8701.3095703125,,6774.02001953125,2547.89990234375
2012-10-17,4528.2001953125,5910.89990234375,1460.9100341796875,12461.2998046875,8806.5498046875,3965.179931640625,6786.39990234375,2569.830078125
2012-10-18,4559.39990234375,5917.10009765625,1457.3399658203125,12466.099609375,8982.8603515625,,6781.72021484375,2574.18994140625
2012-10-19,4571.10009765625,5896.2001953125,1433.18994140625,12416.0,9002.6796875,3988.159912109375,6756.14013671875,2542.239990234375
2012-10-22,4541.0,5882.89990234375,1433.8199462890625,12403.5,9010.7099609375,,6746.7099609375,2531.10009765625
2012-10-23,4543.10009765625,5797.89990234375,1413.1099853515625,12225.7998046875,9014.25,,6626.7900390625,2477.919921875
2012-10-24,4505.7998046875,5804.7998046875,1408.75,12195.0,8954.2998046875,4001.449951171875,6627.41015625,2490.580078125
2012-10-25,4510.5,5805.10009765625,1412.969970703125,12300.2001953125,9055.2001953125,3990.489990234375,6606.56982421875,2483.429931640625
2012-10-26,4472.39990234375,5806.7001953125,1411.93994140625,12300.2998046875,8933.0595703125,3983.780029296875,6600.83984375,2496.10009765625
2012-10-29,4476.89990234375,5795.10009765625,,12312.7998046875,8929.33984375,3951.300048828125,6601.419921875,2478.840087890625
2012-10-30,4485.7001953125,5849.89990234375,,12377.0,8841.98046875,,6633.10009765625,2515.989990234375
2012-10-31,4517.0,5782.7001953125,1412.1600341796875,12422.900390625,8928.2900390625,3957.8798828125,6595.1298828125,2503.639892578125
2012-11-01,4457.60009765625,5861.89990234375,1427.5899658203125,12499.7998046875,8946.8701171875,3931.8798828125,6660.25,2533.8701171875
2012-11-02,4460.10009765625,5868.60009765625,1414.199951171875,12380.400390625,9051.2197265625,3914.080078125,6701.3701171875,2547.14990234375
2012-11-05,4474.10009765625,5839.10009765625,1417.260009765625,12352.7998046875,9007.4404296875,3908.27001953125,6706.27001953125,2517.669921875
2012-11-06,4484.7998046875,5884.89990234375,1428.3900146484375,12361.2001953125,8975.150390625,,6745.740234375,2535.93994140625
2012-11-07,4516.5,5791.60009765625,1394.530029296875,12230.599609375,8972.8896484375,,6697.6298828125,2479.10009765625
2012-11-08,4483.7998046875,5776.10009765625,1377.510009765625,12191.099609375,8837.150390625,,6713.6201171875,2479.1298828125
2012-11-09,4462.0,5769.7001953125,1379.8499755859375,12196.7998046875,8757.599609375,3957.919921875,6715.2001953125,2479.820068359375
2012-11-12,4448.0,5767.2998046875,1380.030029296875,12191.5,8676.4404296875,,6696.669921875,2473.52001953125
2012-11-13,4379.7998046875,5786.2998046875,1374.530029296875,12134.7001953125,8661.0498046875,,6722.759765625,2493.139892578125
2012-11-14,4388.39990234375,5722.0,1355.489990234375,11929.7998046875,8664.73046875,,6676.9599609375,2472.840087890625
2012-11-15,4349.2998046875,5677.7998046875,1353.3299560546875,11811.400390625,8829.7197265625,,6574.56005859375,2461.77001953125
2012-11-16,4336.7998046875,5605.60009765625,1359.8800048828125,11877.7001953125,9024.16015625,3947.840087890625,6508.66015625,2427.320068359375
2012-11-19,4361.39990234375,5737.7001953125,1386.8900146484375,12040.400390625,9153.2001953125,,6638.89013671875,2495.2099609375
2012-11-20,4385.7001953125,5748.10009765625,1387.81005859375,12046.2998046875,9142.6396484375,,6618.990234375,2509.6201171875
2012-11-21,4369.5,5752.0,1391.030029296875,12100.099609375,9222.51953125,,6643.7001953125,2519.679931640625
2012-11-22,4413.10009765625,5791.0,,12153.099609375,9366.7998046875,,6679.10986328125,2535.090087890625
2012-11-23,4413.0,5819.10009765625,1409.1500244140625,12213.2001953125,,4008.340087890625,6715.08984375,2557.030029296875
2012-11-26,4424.2001953125,5786.7001953125,1406.2900390625,12185.099609375,9388.9404296875,,6681.8798828125,2542.52001953125
2012-11-27,4456.7998046875,5799.7001953125,1398.93994140625,12111.599609375,9423.2998046875,,6711.7099609375,2543.449951171875
2012-11-28,4447.2998046875,5803.2998046875,1409.9300537109375,12140.2998046875,9308.349609375,,6756.47998046875,2546.840087890625
2012-11-29,4477.7001953125,5870.2998046875,1415.949951171875,12202.900390625,9400.8798828125,,6828.52001953125,2581.68994140625
2012-11-30,4506.0,5866.7998046875,1416.1800537109375,12239.400390625,9446.009765625,4050.090087890625,6820.60009765625,2575.25
2012-12-03,4531.5,5871.2001953125,1409.4599609375,12169.7001953125,9458.1796875,,6838.7001953125,2582.360107421875
2012-12-04,4503.60009765625,5869.0,1407.050048828125,12137.2001953125,9432.4599609375,,6853.14990234375,2590.830078125
2012-12-05,4520.39990234375,5892.10009765625,1409.280029296875,12157.2998046875,9468.83984375,,6852.0400390625,2592.090087890625
2012-12-06,4509.2998046875,5901.39990234375,1413.93994140625,12151.099609375,9545.16015625,,6912.02001953125,2603.409912109375
2012-12-07,4551.7998046875,5914.39990234375,1418.0699462890625,12159.599609375,9527.3896484375,4041.530029296875,6925.25,2601.3701171875
2012-12-10,4557.89990234375,5921.60009765625,1418.550048828125,12230.5,9533.75,,6943.89990234375,2596.02001953125
2012-12-11,4576.0,5925.0,1427.8399658203125,12282.400390625,9525.3203125,,6973.68994140625,2624.030029296875
2012-12-12,4583.7998046875,5945.89990234375,1428.47998046875,12353.099609375,9581.4599609375,,6959.39013671875,2630.340087890625
2012-12-13,4582.7998046875,5929.60009765625,1419.449951171875,12289.2001953125,9742.73046875,,6919.5400390625,2627.659912109375
2012-12-14,4583.10009765625,5921.7998046875,1413.5799560546875,12296.7001953125,9737.5595703125,3979.169921875,6902.509765625,2630.5400390625
2012-12-17,4573.39990234375,5912.2001953125,1430.3599853515625,12281.400390625,9828.8798828125,,6897.10009765625,2628.010009765625
2012-12-18,4595.2001953125,5935.89990234375,1446.7900390625,12334.2998046875,9923.009765625,,6912.08984375,2643.5
2012-12-19,4617.7998046875,5961.60009765625,1435.81005859375,12403.599609375,10160.400390625,,6946.06982421875,2654.68994140625
2012-12-20,4634.10009765625,5958.2998046875,1443.68994140625,12388.7001953125,10039.330078125,,6912.7900390625,2658.300048828125
2012-12-21,4623.60009765625,5940.0,1430.1500244140625,12385.7001953125,9940.0595703125,4054.739990234375,6889.5400390625,2651.090087890625
2012-12-24,4635.2001953125,5954.2001953125,1426.6600341796875,12370.7998046875,,4057.820068359375,,
2012-12-25,,,,,10080.1201171875,,,
2012-12-26,,,1419.8299560546875,,10230.3603515625,,,
2012-12-27,4648.0,5954.2998046875,1418.0999755859375,12373.7998046875,10322.98046875,,6862.5498046875,2659.949951171875
2012-12-28,4671.2998046875,5925.39990234375,1402.4300537109375,12316.099609375,10395.1796875,4080.89990234375,6822.43994140625,2626.85009765625
2012-12-31,4649.0,5897.7998046875,1426.18994140625,12433.5,,4066.510009765625,,
2013-01-02,4705.89990234375,6027.39990234375,1462.4200439453125,12540.7998046875,,,,
2013-01-03,4740.7001953125,6047.2998046875,1459.3699951171875,12470.400390625,,,7020.4599609375,2701.219970703125
2013-01-04,4723.7998046875,6089.7998046875,1466.469970703125,12540.7998046875,10688.1103515625,4075.0400390625,7058.919921875,2709.35009765625
2013-01-07,4717.2998046875,6064.60009765625,1461.8900146484375,12499.599609375,10599.009765625,,7049.2998046875,2695.56005859375
2013-01-08,4690.2998046875,6053.60009765625,1457.1500244140625,12504.7998046875,10508.0595703125,,7074.52001953125,2691.449951171875
2013-01-09,4708.10009765625,6098.7001953125,1461.02001953125,12522.2001953125,10578.5703125,,7151.60009765625,2706.389892578125
2013-01-10,4723.0,6101.5,1472.1199951171875,12599.7001953125,10652.6396484375,,7143.72998046875,2708.27001953125
2013-01-11,4709.5,6121.60009765625,1472.050048828125,12602.2001953125,10801.5703125,4131.75,7188.22021484375,2717.7900390625
2013-01-14,4719.7001953125,6107.89990234375,1470.6800537109375,12603.099609375,,,7202.52001953125,2715.159912109375
2013-01-15,4716.60009765625,6117.2998046875,1472.3399658203125,12642.0,10879.080078125,,7272.31005859375,2701.590087890625
2013-01-16,4738.39990234375,6104.0,1472.6300048828125,12608.7998046875,10600.4404296875,,7304.85009765625,2702.5400390625
2013-01-17,4756.60009765625,6132.39990234375,1480.93994140625,12674.7001953125,10609.6396484375,,7429.89013671875,2718.929931640625
2013-01-18,4771.2001953125,6154.39990234375,1485.97998046875,12725.7001953125,10913.2998046875,4164.18017578125,7368.7998046875,2709.590087890625
2013-01-21,4777.5,6181.0,,12794.2998046875,10747.740234375,,7336.0498046875,2726.6298828125
2013-01-22,4779.10009765625,6179.2001953125,1492.56005859375,12824.599609375,10709.9296875,,7291.85009765625,2716.699951171875
2013-01-23,4787.7998046875,6197.60009765625,1494.81005859375,12794.099609375,10486.990234375,,7391.9501953125,2708.280029296875
2013-01-24,4810.2001953125,6264.89990234375,1494.8199462890625,12823.599609375,10620.8701171875,,7457.740234375,2722.9599609375
2013-01-25,4835.2001953125,6284.5,1502.9599609375,12816.599609375,10926.650390625,4199.81982421875,7458.66015625,2744.179931640625
2013-01-28,,6294.39990234375,1500.1800537109375,12815.900390625,10824.3095703125,,7483.9501953125,2744.5
2013-01-29,4889.0,6339.2001953125,1507.8399658203125,12830.599609375,10866.7197265625,,7458.02978515625,2749.27001953125
2013-01-30,4896.7001953125,6323.10009765625,1501.9599609375,12794.400390625,11113.9501953125,,7387.89990234375,2732.1201171875
2013-01-31,4878.7998046875,6276.89990234375,1498.1099853515625,12685.2001953125,11138.66015625,,7390.85986328125,2702.97998046875
2013-02-01,4921.10009765625,6347.2001953125,1513.1700439453125,12768.7998046875,11191.33984375,4245.93017578125,7420.35009765625,2710.080078125
2013-02-04,4907.5,6246.7998046875,1495.7099609375,12717.599609375,11260.349609375,,7362.72021484375,2625.169921875
2013-02-05,4882.7001953125,6282.7998046875,1511.2900390625,12745.7001953125,11046.919921875,,7404.6298828125,2651.2099609375
2013-02-06,4921.0,6295.2998046875,1512.1199951171875,12761.599609375,11463.75,,7433.47021484375,2617.35009765625
2013-02-07,4935.7001953125,6228.39990234375,1509.3900146484375,12755.900390625,11357.0703125,,7337.0498046875,2597.919921875
2013-02-08,4971.2998046875,6263.89990234375,1517.9300537109375,12801.2001953125,11153.16015625,4225.72021484375,7395.97021484375,2630.300048828125
2013-02-11,4959.5,6277.10009765625,1517.010009765625,12748.2001953125,,,7407.60009765625,2622.610107421875
2013-02-12,4959.0,6338.39990234375,1519.4300537109375,12789.0,11369.1201171875,,7427.06005859375,2648.830078125
2013-02-13,5003.7001953125,6359.10009765625,1520.3299560546875,12775.2998046875,11251.41015625,,7482.22021484375,2656.860107421875
2013-02-14,5036.89990234375,6327.39990234375,1521.3800048828125,12721.7998046875,11307.2802734375,,7482.2001953125,2635.35009765625
2013-02-15,5033.89990234375,6328.2998046875,1519.7900390625,12686.599609375,11173.830078125,4196.72998046875,7500.56982421875,2615.260009765625
2013-02-18,5063.39990234375,6318.2001953125,,,11407.8701171875,,7497.22998046875,2616.64990234375
2013-02-19,5081.89990234375,6379.10009765625,1530.93994140625,12810.2001953125,11372.33984375,,7579.5,2662.3701171875
2013-02-20,5098.7001953125,6395.39990234375,1511.949951171875,12714.099609375,11468.2802734375,,7626.009765625,2640.35009765625
2013-02-21,4980.10009765625,6291.5,1502.4200439453125,12640.0,11309.1298828125,,7505.7099609375,2579.760009765625
2013-02-22,5018.10009765625,6335.7001953125,1515.5999755859375,12701.599609375,11385.9404296875,4214.60009765625,7554.3798828125,2630.050048828125
2013-02-25,5055.7998046875,6355.39990234375,1487.8499755859375,12650.900390625,11662.51953125,,7594.35009765625,2651.860107421875
2013-02-26,5003.60009765625,6270.39990234375,1496.93994140625,12660.400390625,11398.8095703125,,7449.97998046875,2570.52001953125
2013-02-27,5036.60009765625,6325.89990234375,1515.989990234375,12732.400390625,11253.9697265625,,7484.990234375,2611.889892578125
2013-02-28,5104.10009765625,6360.7998046875,1514.6800537109375,12821.7998046875,11559.3603515625,,7593.669921875,2633.550048828125
2013-03-01,5086.10009765625,6378.60009765625,1518.199951171875,12773.099609375,11606.3798828125,4317.990234375,7601.990234375,2616.75
2013-03-04,5010.5,6345.60009765625,1525.199951171875,12707.400390625,11652.2900390625,4253.60009765625,7590.52001953125,2619.780029296875
2013-03-05,5075.39990234375,6432.0,1539.7900390625,12736.0,11683.4501953125,4269.16015625,7718.4599609375,2683.02001953125
2013-03-06,5116.7998046875,6427.60009765625,1541.4599609375,12832.0,11932.26953125,4297.97021484375,7698.72021484375,2679.889892578125
2013-03-07,5109.2001953125,6439.2001953125,1544.260009765625,12826.5,11968.080078125,4333.47998046875,7708.9599609375,2690.85009765625
2013-03-08,5123.39990234375,6483.60009765625,1551.1800537109375,12835.599609375,12283.6201171875,4354.02978515625,7744.83984375,2728.780029296875
2013-03-11,5146.89990234375,6503.60009765625,1556.219970703125,12858.5,12349.0498046875,4366.580078125,7758.64990234375,2718.7099609375
2013-03-12,5117.89990234375,6510.60009765625,1552.47998046875,12878.599609375,12314.8095703125,4378.759765625,7802.93017578125,2711.85009765625
2013-03-13,5092.39990234375,6481.5,1554.52001953125,12744.099609375,12239.66015625,4341.14990234375,7780.8798828125,2704.72998046875
2013-03-14,5032.2001953125,6529.39990234375,1563.22998046875,12799.900390625,12381.1904296875,,7842.85009765625,2744.699951171875
2013-03-15,5120.2001953125,6489.7001953125,1560.699951171875,12830.0,12560.9501953125,4387.06005859375,7864.39013671875,2725.719970703125
2013-03-18,5015.39990234375,6457.89990234375,1552.0999755859375,12781.7998046875,12220.6298828125,4341.02001953125,7830.3701171875,2705.469970703125
2013-03-19,4987.39990234375,6441.2998046875,1548.3399658203125,12773.900390625,12468.23046875,4345.0400390625,7789.60009765625,2671.9599609375
2013-03-20,4967.39990234375,6432.7001953125,1558.7099609375,12826.599609375,,,7847.7001953125,2708.89990234375
2013-03-21,4959.39990234375,6388.60009765625,1545.800048828125,12747.900390625,12635.6904296875,4342.5,7762.2998046875,2683.919921875
2013-03-22,4967.2998046875,6392.7998046875,1556.8900146484375,12757.400390625,12338.5302734375,4342.89013671875,7744.330078125,2681.669921875
2013-03-25,4990.2001953125,6378.39990234375,1551.68994140625,12680.7001953125,12546.4599609375,4340.72998046875,7758.22021484375,2649.280029296875
2013-03-26,4950.2001953125,6399.39990234375,1563.77001953125,12706.400390625,12471.6201171875,4346.02978515625,7800.0498046875,2641.1201171875
2013-03-27,4995.0,6387.60009765625,1562.8499755859375,12699.7001953125,12493.7900390625,4412.06005859375,7780.169921875,2612.4599609375
2013-03-28,4966.5,6411.7001953125,1569.18994140625,12749.900390625,12335.9599609375,4422.75,7813.669921875,2624.02001953125
2013-03-29,,,,,12397.91015625,,,
2013-04-01,,,1562.1700439453125,12695.099609375,12135.01953125,,,
2013-04-02,4985.5,6490.7001953125,1570.25,12682.099609375,12003.4296875,,7899.2998046875,2679.800048828125
2013-04-03,4957.7001953125,6420.2998046875,1553.68994140625,12422.099609375,12362.2001953125,,7875.10009765625,2639.010009765625
2013-04-04,4913.5,6344.10009765625,1559.97998046875,12363.099609375,12634.5400390625,,7762.64990234375,2621.429931640625
2013-04-05,4891.39990234375,6249.7998046875,1553.280029296875,12331.900390625,12833.6396484375,4432.97021484375,7641.10986328125,2585.280029296875
2013-04-08,4905.5,6276.89990234375,1563.0699462890625,12344.599609375,13192.58984375,4397.2001953125,7691.83984375,2589.25
2013-04-09,4976.7998046875,6313.2001953125,1568.6099853515625,12484.099609375,13192.349609375,,7653.9501953125,2595.1298828125
2013-04-10,4968.0,6387.39990234375,1587.72998046875,12534.900390625,13288.1298828125,4420.06005859375,7771.3701171875,2661.6201171875
2013-04-11,5007.10009765625,6416.10009765625,1593.3699951171875,12481.400390625,13549.16015625,4409.5400390625,7815.27978515625,2674.330078125
2013-04-12,5013.5,6384.39990234375,1588.8499755859375,12337.599609375,13485.1396484375,4435.77001953125,7760.60009765625,2633.469970703125
2013-04-15,4967.89990234375,6343.60009765625,1552.3599853515625,12004.900390625,13275.66015625,4454.7099609375,7754.72998046875,2624.7099609375
2013-04-16,4950.7998046875,6304.60009765625,1574.5699462890625,12119.900390625,13221.4404296875,4427.83984375,7717.60009765625,2609.300048828125
2013-04-17,5004.60009765625,6244.2001953125,1552.010009765625,11947.2998046875,13382.8896484375,4478.27001953125,7533.81005859375,2553.489990234375
2013-04-18,4924.39990234375,6243.7001953125,1541.6099853515625,11996.2998046875,13220.0703125,4442.10009765625,7578.97021484375,2555.5
2013-04-19,4931.89990234375,6286.60009765625,1555.25,12065.599609375,13316.48046875,4444.5,7618.759765625,2575.159912109375
2013-04-22,4966.60009765625,6280.60009765625,1562.5,12090.7001953125,13568.3701171875,4483.66015625,7609.10009765625,2583.6201171875
2013-04-23,5016.2001953125,6406.10009765625,1578.780029296875,12090.900390625,13529.650390625,4516.5,7802.47998046875,2662.8798828125
2013-04-24,5102.39990234375,6431.7998046875,1578.7900390625,12270.400390625,13843.4599609375,4538.97998046875,7859.6298828125,2702.050048828125
2013-04-25,,6442.60009765625,1585.1600341796875,12329.5,13926.080078125,,7901.240234375,2704.409912109375
2013-04-26,5097.5,6426.39990234375,1582.239990234375,12220.2001953125,13884.1298828125,4548.7099609375,7856.31982421875,2683.429931640625
2013-04-29,5125.7998046875,6458.0,1593.6099853515625,12312.7001953125,,4580.9599609375,7901.72998046875,2717.3798828125
2013-04-30,5191.2001953125,6430.10009765625,1597.5699462890625,12456.5,13860.8603515625,4614.3701171875,7906.2099609375,2712.0
2013-05-01,5166.2001953125,6451.2998046875,1582.699951171875,12321.2998046875,13799.349609375,4603.02001953125,,
2013-05-02,5130.0,6460.7001953125,1597.5899658203125,12379.599609375,13694.0400390625,4574.4599609375,7902.2099609375,2718.89990234375
2013-05-03,5129.5,6521.5,1614.4200439453125,12438.0,,4544.31982421875,7937.60986328125,2763.679931640625
2013-05-06,5156.2001953125,,1617.5,12453.900390625,,4596.22998046875,7927.33984375,2750.52001953125
2013-05-07,5143.7001953125,6557.2998046875,1625.9599609375,12464.099609375,14180.240234375,4621.72998046875,7977.5400390625,2769.080078125
2013-05-08,5199.7998046875,6583.5,1632.68994140625,12585.0,14285.6904296875,4640.27978515625,8093.02001953125,2784.6201171875
2013-05-09,5198.39990234375,6592.7001953125,1626.6700439453125,12543.900390625,14191.48046875,4639.330078125,,
2013-05-10,5206.10009765625,6625.0,1633.699951171875,12589.099609375,14607.5400390625,4652.77978515625,8177.85009765625,2785.239990234375
2013-05-13,5210.2998046875,6631.7998046875,1633.77001953125,12529.5,14782.2099609375,4671.64013671875,8147.68017578125,2777.389892578125
2013-05-14,5221.0,6686.10009765625,1650.3399658203125,12577.0,14758.419921875,4645.85009765625,8187.75,2795.6298828125
2013-05-15,5191.7001953125,6693.60009765625,1658.780029296875,12473.7001953125,15096.0302734375,4646.330078125,8313.080078125,2809.580078125
2013-05-16,5165.7001953125,6687.7998046875,1650.469970703125,12507.599609375,15037.240234375,4636.02978515625,8256.150390625,2806.699951171875
2013-05-17,5180.7998046875,6723.10009765625,1667.469970703125,12613.0,15138.1201171875,4597.83984375,8280.25,2817.989990234375
2013-05-20,5209.0,6755.60009765625,1666.2900390625,,15360.8095703125,4598.64990234375,,
2013-05-21,5180.10009765625,6803.89990234375,1669.1600341796875,12742.400390625,15381.01953125,4590.83984375,8318.419921875,2821.64990234375
2013-05-22,5165.39990234375,6840.2998046875,1655.3499755859375,12752.5,15627.259765625,4610.18017578125,8407.6103515625,2835.010009765625
2013-05-23,5062.39990234375,6696.7998046875,1650.510009765625,12658.099609375,14483.98046875,4588.58984375,8168.52001953125,2776.780029296875
2013-05-24,4983.5,6654.2998046875,1649.5999755859375,12667.2001953125,14612.4501953125,4526.240234375,8168.77978515625,2764.2900390625
2013-05-27,4959.89990234375,,,12696.400390625,14142.650390625,4478.2001953125,8163.0498046875,2795.0
2013-05-28,4970.7001953125,6762.0,1660.06005859375,12750.5,14311.98046875,4478.25,8221.2197265625,2835.8701171875
2013-05-29,4974.7001953125,6627.2001953125,1648.3599853515625,12732.599609375,14326.4599609375,4488.259765625,8028.64013671875,2786.5400390625
2013-05-30,4930.7001953125,6657.0,1654.4100341796875,12746.5,13589.0302734375,4470.509765625,8021.56982421875,2799.199951171875
2013-05-31,4926.60009765625,6583.10009765625,1630.739990234375,12650.400390625,13774.5400390625,4511.35009765625,7947.009765625,2769.639892578125
2013-06-03,4888.2998046875,6525.10009765625,1640.4200439453125,12609.7998046875,13261.8203125,,7780.97998046875,2747.739990234375
2013-06-04,4900.7998046875,6558.60009765625,1631.3800048828125,12594.0,13533.759765625,,7875.68017578125,2755.699951171875
2013-06-05,4835.2001953125,6419.2998046875,1608.9000244140625,12443.7001953125,13014.8701171875,4453.58984375,7747.83984375,2709.330078125
2013-06-06,4781.2001953125,6336.10009765625,1622.56005859375,12409.2998046875,12904.01953125,4455.330078125,7622.740234375,2676.2099609375
2013-06-07,4737.7001953125,6412.0,1643.3800048828125,12373.2998046875,12877.5302734375,4439.85986328125,7784.83984375,2724.080078125
2013-06-10,,6400.5,1642.81005859375,12382.7001953125,13514.2001953125,4473.3798828125,7790.5498046875,2719.39990234375
2013-06-11,4757.10009765625,6340.10009765625,1626.1300048828125,12223.599609375,13317.6201171875,4463.580078125,7673.009765625,2683.199951171875
2013-06-12,4724.5,6299.5,1612.52001953125,12109.900390625,13289.3203125,4442.1201171875,7656.830078125,2666.52001953125
2013-06-13,4695.7998046875,6304.60009765625,1636.3599853515625,12277.099609375,12445.3798828125,4401.91015625,7627.52978515625,2661.7099609375
2013-06-14,4791.7998046875,6308.2998046875,1626.72998046875,12187.400390625,12686.51953125,4420.97998046875,7635.9599609375,2667.320068359375
2013-06-17,4825.89990234375,6330.5,1639.0400390625,12288.900390625,13033.1201171875,4447.64013671875,7729.7099609375,2702.68994140625
2013-06-18,4814.39990234375,6374.2001953125,1651.81005859375,12367.5,13007.2802734375,4462.10009765625,7699.740234375,2700.929931640625
2013-06-19,4861.39990234375,6348.7998046875,1628.9300537109375,12268.2998046875,13245.2197265625,4445.5498046875,7731.81982421875,2683.97998046875
2013-06-20,4758.39990234375,6159.5,1588.18994140625,11968.599609375,13014.580078125,4398.52001953125,7496.0498046875,2586.449951171875
2013-06-21,4738.7998046875,6116.2001953125,1592.4300537109375,11995.7001953125,13230.1298828125,4363.06982421875,7421.06005859375,2549.47998046875
2013-06-24,4669.10009765625,6029.10009765625,1573.0899658203125,11836.900390625,13062.7802734375,4364.0400390625,7249.47021484375,2511.830078125
2013-06-25,4656.0,6101.89990234375,1588.030029296875,12005.400390625,12969.33984375,4316.990234375,7397.39013671875,2543.3701171875
2013-06-26,4731.7001953125,6165.5,1603.260009765625,11951.900390625,12834.009765625,4393.60986328125,7553.89013671875,2602.81005859375
2013-06-27,4811.2998046875,6243.39990234375,1613.199951171875,12005.7998046875,13213.5498046875,4416.9599609375,7671.7001953125,2619.860107421875
2013-06-28,4802.60009765625,6215.5,1606.280029296875,12129.099609375,13677.3203125,4440.169921875,7683.0400390625,2602.590087890625
2013-07-01,4710.2998046875,6307.7998046875,1614.9599609375,,13852.5,4418.0498046875,7741.06982421875,2622.6201171875
2013-07-02,4834.0,6303.89990234375,1614.0799560546875,12178.400390625,14098.740234375,4458.25,7732.6201171875,2603.199951171875
2013-07-03,4744.10009765625,6229.89990234375,1615.4100341796875,12145.7001953125,14055.5595703125,4450.759765625,7675.2900390625,2570.760009765625
2013-07-04,4794.7001953125,6421.7001953125,,12166.7001953125,14018.9296875,4458.9501953125,7831.58984375,2646.5400390625
2013-07-05,4841.7001953125,6375.5,1631.8900146484375,12134.900390625,14309.9697265625,4489.85986328125,7781.97998046875,2596.010009765625
2013-07-08,4809.5,6450.10009765625,1640.4599609375,12208.900390625,14109.33984375,4493.2998046875,7863.47998046875,2650.85009765625
2013-07-09,4881.7001953125,6513.10009765625,1652.3199462890625,12297.099609375,14472.900390625,4523.68994140625,7944.18994140625,2664.139892578125
2013-07-10,4901.39990234375,6505.0,1652.6199951171875,12306.900390625,14416.599609375,4556.77001953125,7971.6201171875,2659.7099609375
2013-07-11,4965.7001953125,6543.39990234375,1675.02001953125,12493.2998046875,14472.580078125,4560.0498046875,7986.39990234375,2681.320068359375
2013-07-12,4973.89990234375,6544.89990234375,1680.18994140625,12462.2001953125,14506.25,4568.330078125,7983.18017578125,2674.8701171875
2013-07-15,4981.10009765625,6586.10009765625,1682.5,12528.2998046875,,4606.240234375,7999.14990234375,2686.68994140625
2013-07-16,4986.0,6556.39990234375,1676.260009765625,12516.900390625,14599.1201171875,4576.5400390625,7932.7900390625,2665.610107421875
2013-07-17,4981.7001953125,6571.89990234375,1680.9100341796875,12568.7998046875,14615.0400390625,4578.97021484375,7928.14990234375,2681.8798828125
2013-07-18,4993.39990234375,6634.39990234375,1689.3699951171875,12628.7998046875,14808.5,4563.3798828125,7929.009765625,2717.989990234375
2013-07-19,4972.10009765625,6630.7001953125,1692.0899658203125,12685.099609375,14589.91015625,4538.31005859375,7928.1201171875,2716.169921875
2013-07-22,5001.89990234375,6623.2001953125,1695.530029296875,12758.400390625,14658.0400390625,4554.0400390625,7927.4501953125,2725.39990234375
2013-07-23,5017.10009765625,6597.39990234375,1692.3900146484375,12745.400390625,14778.509765625,4580.58984375,7896.259765625,2722.89990234375
2013-07-24,5035.10009765625,6620.39990234375,1685.93994140625,12672.2998046875,14731.2802734375,4599.2001953125,7923.06982421875,2752.25
2013-07-25,5035.60009765625,6588.0,1690.25,12669.099609375,14562.9296875,4576.7998046875,7865.3798828125,2740.2900390625
2013-07-26,5042.0,6554.7998046875,1691.6500244140625,12647.900390625,14129.98046875,4581.990234375,7796.83984375,2741.9599609375
2013-07-29,5046.2998046875,6560.2998046875,1685.3299560546875,12669.0,13661.1298828125,4578.47998046875,7814.10986328125,2741.72998046875
2013-07-30,5047.2001953125,6571.0,1685.9599609375,12581.7998046875,13869.8203125,4550.580078125,7810.169921875,2759.2099609375
2013-07-31,5052.0,6621.10009765625,1685.72998046875,12486.599609375,13668.3203125,4537.97998046875,7820.43017578125,2768.14990234375
2013-08-01,5061.5,6682.0,1706.8699951171875,12594.0,14005.76953125,4545.77001953125,,
2013-08-02,5116.7998046875,6647.89990234375,1709.6700439453125,12603.2998046875,14466.16015625,4582.89013671875,7963.93017578125,2811.0
2013-08-05,5111.2998046875,6619.60009765625,1707.1400146484375,,14258.0400390625,4589.47998046875,7979.39990234375,2809.080078125
2013-08-06,5105.60009765625,6604.2001953125,1697.3699951171875,12469.2998046875,14401.0595703125,4575.5,7996.7900390625,2790.780029296875
2013-08-07,5011.2998046875,6511.2001953125,1690.9100341796875,12412.7001953125,13824.9404296875,4548.2998046875,7976.27978515625,2794.43994140625
2013-08-08,5064.7998046875,6529.7001953125,1697.47998046875,12552.900390625,13605.5595703125,4541.3798828125,7955.2900390625,2816.8798828125
2013-08-09,5055.2001953125,6583.39990234375,1691.4200439453125,12542.099609375,13615.1904296875,4533.64013671875,7977.33984375,2825.6201171875
2013-08-12,5108.7001953125,6574.2998046875,1689.469970703125,12594.2998046875,13519.4296875,4522.2998046875,8000.60009765625,2827.14990234375
2013-08-13,5157.7001953125,6611.89990234375,1694.1600341796875,12642.2001953125,13867.0,4525.81982421875,8036.43994140625,2841.610107421875
2013-08-14,5157.39990234375,6587.39990234375,1685.3900146484375,12639.2998046875,14050.16015625,4524.58984375,8078.259765625,2852.080078125
2013-08-15,5152.39990234375,6483.2998046875,1661.3199462890625,12704.5,13752.9404296875,4530.259765625,7982.43017578125,2835.860107421875
2013-08-16,5113.89990234375,6500.0,1655.8299560546875,12736.900390625,13650.1103515625,4513.8798828125,7961.31005859375,2854.27001953125
2013-08-19,5112.5,6465.7001953125,1646.06005859375,12588.0,13758.1298828125,4503.22021484375,7939.419921875,2823.35009765625
2013-08-20,5078.2001953125,6453.5,1652.3499755859375,12670.099609375,13396.3798828125,4508.35986328125,7935.89013671875,2787.97998046875
2013-08-21,5100.0,6390.7998046875,1642.800048828125,12573.099609375,13424.330078125,4551.509765625,7887.14013671875,2774.580078125
2013-08-22,5075.7001953125,6446.89990234375,1656.9599609375,12674.400390625,13365.169921875,4529.85986328125,7988.60009765625,2812.320068359375
2013-08-23,5123.39990234375,6492.10009765625,1663.5,12762.2998046875,13660.5498046875,4524.2099609375,8006.89990234375,2826.050048828125
2013-08-26,5135.39990234375,,1656.780029296875,12760.2998046875,13636.2802734375,4545.669921875,8022.2001953125,2821.449951171875
2013-08-27,5141.2001953125,6441.0,1630.47998046875,12591.2001953125,13542.3701171875,4542.02001953125,7886.06982421875,2749.27001953125
2013-08-28,5087.2001953125,6430.10009765625,1634.9599609375,12607.2001953125,13338.4599609375,4509.72021484375,7776.009765625,2742.610107421875
2013-08-29,5092.39990234375,6483.10009765625,1638.1700439453125,12704.7001953125,13459.7099609375,4520.5,7763.5498046875,2758.31005859375
2013-08-30,5135.0,6412.89990234375,1632.969970703125,12653.900390625,13388.8603515625,4540.97021484375,7745.97021484375,2721.3701171875
2013-09-02,5188.2998046875,6506.2001953125,,,13572.919921875,4596.35986328125,7891.6201171875,
2013-09-03,5196.60009765625,6468.39990234375,1639.77001953125,12740.5,13978.4404296875,4606.7099609375,7866.22998046875,2753.35009765625
2013-09-04,5161.60009765625,6474.7001953125,1653.0799560546875,12757.7998046875,14053.8701171875,4610.31005859375,7880.64990234375,2758.2900390625
2013-09-05,5142.5,6532.39990234375,1655.0799560546875,12845.099609375,14064.8203125,4604.35009765625,7932.2900390625,2774.199951171875
2013-09-06,5145.0,6547.2998046875,1655.1700439453125,12820.900390625,13860.8095703125,4597.18017578125,7950.77978515625,2803.419921875
2013-09-09,5181.5,6530.7001953125,1671.7099609375,12854.599609375,14205.23046875,4614.02001953125,7935.759765625,2798.31005859375
2013-09-10,5201.2001953125,6584.0,1683.989990234375,12824.5,14423.3603515625,4627.759765625,8039.18017578125,2851.39990234375
2013-09-11,5234.39990234375,6588.39990234375,1689.1300048828125,12825.400390625,14425.0703125,4634.89990234375,8051.31005859375,2863.43994140625
2013-09-12,5242.5,6589.0,1683.4200439453125,12701.0,14387.26953125,4641.5,8033.4501953125,2862.070068359375
2013-09-13,5219.60009765625,6583.7998046875,1687.989990234375,12723.400390625,14404.669921875,4650.93994140625,8038.31005859375,2867.110107421875
2013-09-16,5248.0,6622.89990234375,1697.5999755859375,12816.900390625,,4693.6201171875,8029.3798828125,2894.639892578125
2013-09-17,5251.2001953125,6570.2001953125,1704.760009765625,12834.099609375,14311.669921875,4698.02978515625,8014.47021484375,2890.949951171875
2013-09-18,5238.10009765625,6558.7998046875,1725.52001953125,12931.400390625,14505.3603515625,4703.830078125,8052.56982421875,2908.919921875
2013-09-19,5295.60009765625,6625.39990234375,1722.3399658203125,12926.7998046875,14766.1796875,4753.02978515625,8092.2900390625,2936.199951171875
2013-09-20,5276.7001953125,6596.39990234375,1709.9100341796875,12806.5,14742.419921875,4730.3798828125,8105.39013671875,2927.18994140625
2013-09-23,5252.5,6557.39990234375,1701.8399658203125,12811.2001953125,,4701.3701171875,8057.0400390625,2906.35009765625
2013-09-24,5234.2001953125,6571.5,1697.4200439453125,12848.900390625,14732.6103515625,4710.58984375,8047.02001953125,2922.929931640625
2013-09-25,5275.89990234375,6551.5,1692.77001953125,12836.7001953125,14620.5302734375,4764.72021484375,8055.22998046875,2927.35009765625
2013-09-26,5294.5,6565.60009765625,1698.6700439453125,12841.599609375,14799.1201171875,4765.47021484375,8061.35986328125,2922.989990234375
2013-09-27,5307.10009765625,6512.7001953125,1691.75,12844.099609375,14760.0703125,4782.68017578125,8055.0,2919.340087890625
2013-09-30,5218.89990234375,6462.2001953125,1681.550048828125,12787.2001953125,14455.7998046875,,8022.60009765625,2893.14990234375
2013-10-01,5206.7998046875,6460.0,1695.0,12847.400390625,14484.7197265625,4743.8701171875,8059.009765625,2933.02001953125
2013-10-02,5215.60009765625,6437.5,1693.8699951171875,12839.0,14170.490234375,4768.8701171875,7964.43994140625,2918.31005859375
2013-10-03,5234.89990234375,6449.0,1678.6600341796875,12735.099609375,14157.25,4770.22021484375,7942.5,2902.1201171875
2013-10-04,5208.0,6453.89990234375,1690.5,12758.7001953125,14024.3095703125,4759.3798828125,7943.7099609375,2928.31005859375
2013-10-07,5161.10009765625,6437.2998046875,1676.1199951171875,12788.2998046875,13853.3203125,4756.0400390625,7887.85986328125,2923.0400390625
2013-10-08,5149.39990234375,6365.7998046875,1655.449951171875,12692.400390625,13894.6103515625,4738.68017578125,7828.240234375,2903.35009765625
2013-10-09,5153.0,6337.89990234375,1656.4000244140625,12730.2998046875,14037.83984375,4710.6298828125,7755.259765625,2904.72998046875
2013-10-10,5147.10009765625,6430.5,1692.56005859375,12894.400390625,14194.7099609375,4717.3798828125,7851.080078125,2969.409912109375
2013-10-11,5230.89990234375,6487.2001953125,1703.199951171875,12892.099609375,14404.740234375,4740.77001953125,7936.080078125,2974.280029296875
2013-10-14,5207.89990234375,6507.7001953125,1710.1400146484375,,,4734.169921875,7928.490234375,2977.68994140625
2013-10-15,5259.10009765625,6549.10009765625,1698.06005859375,12931.5,14441.5400390625,4747.93017578125,7984.35009765625,3004.56005859375
2013-10-16,5262.89990234375,6571.60009765625,1721.5400390625,12957.2001953125,14467.1396484375,4758.77001953125,7981.8701171875,3015.39990234375
2013-10-17,5283.10009765625,6576.2001953125,1733.1500244140625,13036.400390625,14586.509765625,4776.0,8032.39990234375,3010.389892578125
2013-10-18,5321.5,6622.60009765625,1744.5,13136.099609375,14561.5400390625,4758.58984375,8084.64990234375,3033.31005859375
2013-10-21,5351.7998046875,6654.2001953125,1744.6600341796875,13186.5,14693.5703125,4802.56005859375,8124.080078125,3028.64990234375
2013-10-22,5373.10009765625,6695.7001953125,1754.6700439453125,13248.099609375,14713.25,,8214.759765625,3045.77001953125
2013-10-23,5356.10009765625,6674.5,1746.3800048828125,13243.2998046875,14426.0498046875,4876.39990234375,8214.5595703125,3017.159912109375
2013-10-24,5372.89990234375,6713.2001953125,1752.0699462890625,13324.7998046875,14486.41015625,4834.93994140625,8233.150390625,3038.9599609375
2013-10-25,5386.2998046875,6721.2998046875,1759.77001953125,13399.400390625,14088.1904296875,4863.35009765625,8249.3095703125,3034.5
2013-10-28,5441.39990234375,6725.7998046875,1762.1099853515625,13371.7998046875,14396.0400390625,,8291.099609375,3022.0400390625
2013-10-29,5415.5,6774.7001953125,1771.949951171875,13440.599609375,14325.98046875,4852.58984375,8237.0302734375,3050.639892578125
2013-10-30,5430.89990234375,6777.7001953125,1763.31005859375,13455.2998046875,14502.349609375,4868.080078125,8228.3701171875,3040.68994140625
2013-10-31,5425.5,6731.39990234375,1756.5400390625,13361.2998046875,14327.9404296875,4909.72998046875,8234.2900390625,3067.949951171875
2013-11-01,5411.10009765625,6734.7001953125,1761.6400146484375,13337.5,14201.5703125,4913.830078125,8221.7998046875,3052.139892578125
2013-11-04,5390.5,6763.60009765625,1767.9300537109375,13361.7998046875,,4910.68017578125,8185.68994140625,3061.179931640625
2013-11-05,5432.0,6746.7998046875,1762.969970703125,13361.7001953125,14225.3701171875,4938.7001953125,8149.31005859375,3035.919921875
2013-11-06,5433.7998046875,6741.7001953125,1770.489990234375,13380.400390625,14337.3095703125,4944.56982421875,8224.580078125,3056.39990234375
2013-11-07,5422.0,6697.2001953125,1747.1500244140625,13294.2001953125,14228.4404296875,4922.68994140625,8229.66015625,3042.97998046875
2013-11-08,5400.7001953125,6708.39990234375,1770.6099853515625,13378.2998046875,14086.7998046875,4951.35986328125,8240.919921875,3034.909912109375
2013-11-11,5387.10009765625,6728.39990234375,1771.8900146484375,13358.400390625,14269.83984375,4922.169921875,8280.2001953125,3052.830078125
2013-11-12,5393.10009765625,6726.7998046875,1767.68994140625,13326.0,14588.6796875,4915.669921875,8261.3095703125,3034.679931640625
2013-11-13,5319.2001953125,6630.0,1782.0,13370.7001953125,14567.16015625,4918.66015625,8234.7197265625,3021.169921875
2013-11-14,5355.39990234375,6666.10009765625,1790.6199951171875,13431.400390625,14876.41015625,4927.18017578125,8304.9697265625,3053.68994140625
2013-11-15,5401.7001953125,6693.39990234375,1798.1800537109375,13482.599609375,15165.919921875,4914.080078125,8327.3095703125,3054.530029296875
2013-11-18,5384.7001953125,6723.5,1791.530029296875,13458.099609375,15164.2998046875,4892.0400390625,8351.3798828125,3081.300048828125
2013-11-19,5352.89990234375,6698.0,1787.8699951171875,13442.7998046875,15126.5595703125,4862.509765625,8300.1201171875,3049.169921875
2013-11-20,5307.7001953125,6681.10009765625,1781.3699951171875,13430.0,15076.080078125,4840.35986328125,8281.2099609375,3047.320068359375
2013-11-21,5288.2998046875,6681.2998046875,1795.8499755859375,13475.2998046875,15365.599609375,4818.3701171875,8268.6904296875,3044.340087890625
2013-11-22,5335.89990234375,6674.2998046875,1804.760009765625,13478.2998046875,15381.7197265625,4818.0,8250.4296875,3055.97998046875
2013-11-25,5352.7998046875,6694.60009765625,1802.47998046875,13472.2001953125,15619.1298828125,4813.8798828125,8304.0498046875,3072.75
2013-11-26,5357.0,6636.2001953125,1802.75,13349.7998046875,15515.240234375,4790.75,8238.919921875,3062.6201171875
2013-11-27,5332.89990234375,6649.5,1807.22998046875,13362.099609375,15449.6298828125,4799.35009765625,8245.6796875,3082.64990234375
2013-11-28,5334.2998046875,6654.5,,13370.7998046875,15727.1201171875,4809.4599609375,8257.6103515625,3092.419921875
2013-11-29,5320.10009765625,6650.60009765625,1805.81005859375,13395.400390625,15661.8701171875,4794.9501953125,8264.2001953125,3086.639892578125
2013-12-02,5279.5,6595.2998046875,1800.9000244140625,13419.599609375,15655.0703125,4792.330078125,8257.3203125,3077.22998046875
2013-12-03,5256.10009765625,6532.39990234375,1795.1500244140625,13319.900390625,15749.66015625,4783.85009765625,8109.89013671875,3013.8798828125
2013-12-04,5273.7998046875,6510.0,1792.81005859375,13304.900390625,15407.9404296875,4734.16015625,8045.5400390625,2991.760009765625
2013-12-05,5198.0,6498.2998046875,1785.030029296875,13200.400390625,15177.490234375,4719.9501953125,8025.58984375,2953.169921875
2013-12-06,5186.0,6552.0,1805.0899658203125,13280.7001953125,15299.8603515625,4713.52001953125,8066.06982421875,2979.93994140625
2013-12-09,5144.39990234375,6559.5,1808.3699951171875,13312.7998046875,15650.2099609375,4718.31005859375,8056.330078125,2988.669921875
2013-12-10,5143.60009765625,6523.2998046875,1802.6199951171875,13324.0,15611.3095703125,4706.509765625,7971.83984375,2960.860107421875
2013-12-11,5104.2998046875,6507.7001953125,1782.219970703125,13133.400390625,15515.0595703125,4704.2998046875,7956.31982421875,2947.31005859375
2013-12-12,5062.5,6445.2998046875,1775.5,13114.400390625,15341.8203125,4708.2001953125,7849.6201171875,2928.1201171875
2013-12-13,5098.39990234375,6440.0,1775.3199462890625,13125.7001953125,15403.1103515625,4717.06005859375,7828.91015625,2921.919921875
2013-12-16,5089.60009765625,6522.2001953125,1786.5400390625,13184.400390625,15152.91015625,4735.60986328125,7856.27001953125,2978.77001953125
2013-12-17,5103.2001953125,6486.2001953125,1781.0,13180.2001953125,15278.6298828125,4728.02001953125,7830.97998046875,2941.760009765625
2013-12-18,5096.10009765625,6492.10009765625,1810.6500244140625,13334.7001953125,15587.7998046875,4675.8798828125,7881.259765625,2975.090087890625
2013-12-19,5202.2001953125,6584.7001953125,1809.5999755859375,13392.2001953125,15859.2197265625,4707.06005859375,8001.18994140625,3014.699951171875
2013-12-20,5265.2001953125,6606.60009765625,1818.3199462890625,13399.599609375,15870.419921875,4681.18994140625,8081.35009765625,3049.35009765625
2013-12-23,5291.89990234375,6678.60009765625,1827.989990234375,13447.7001953125,,4722.64013671875,8107.10009765625,3070.909912109375
2013-12-24,5327.2001953125,6694.2001953125,1833.3199462890625,13518.0,15889.330078125,4767.93994140625,,
2013-12-25,,,,,16009.990234375,,,
2013-12-26,,,1842.02001953125,,16174.4404296875,,,
2013-12-27,5324.10009765625,6750.89990234375,1841.4000244140625,13588.0,16178.9404296875,4767.35986328125,8221.900390625,3111.3701171875
2013-12-30,5356.7998046875,6731.2998046875,1841.0699462890625,13581.400390625,16291.3095703125,4768.97998046875,8202.98046875,3100.929931640625
2013-12-31,5352.2001953125,6749.10009765625,1848.3599853515625,13621.599609375,,4737.009765625,,
2014-01-02,5367.89990234375,6717.89990234375,1831.97998046875,13594.2001953125,,,,
2014-01-03,5350.10009765625,6730.7001953125,1831.3699951171875,13548.900390625,,4769.0400390625,8270.4599609375,3074.429931640625
2014-01-06,5324.89990234375,6730.7001953125,1826.77001953125,13495.5,15908.8798828125,4765.31982421875,8272.23046875,3069.159912109375
2014-01-07,5317.0,6755.5,1837.8800048828125,13596.900390625,15814.3701171875,4759.6298828125,8319.400390625,3110.9599609375
2014-01-08,5316.0,6721.7998046875,1837.489990234375,13614.599609375,16121.4501953125,4779.7998046875,8352.8203125,3110.659912109375
2014-01-09,5324.39990234375,6691.2998046875,1838.1300048828125,13629.400390625,15880.330078125,4814.8701171875,8295.900390625,3090.260009765625
2014-01-10,5312.39990234375,6739.89990234375,1842.3699951171875,13747.5,15912.0595703125,4864.39013671875,8365.1201171875,3104.14990234375
2014-01-13,5292.10009765625,6757.2001953125,1819.199951171875,13681.5,,4899.39990234375,8412.8896484375,3111.93994140625
2014-01-14,5212.0,6766.89990234375,1838.8800048828125,13692.400390625,15422.400390625,4865.16015625,8384.650390625,3119.530029296875
2014-01-15,5245.39990234375,6819.89990234375,1848.3800048828125,13772.599609375,15808.73046875,4913.02978515625,8423.419921875,3168.760009765625
2014-01-16,5309.10009765625,6815.39990234375,1845.8900146484375,13831.599609375,15747.2001953125,4921.2900390625,8450.669921875,3150.199951171875
2014-01-17,5305.89990234375,6829.2998046875,1838.699951171875,13888.2001953125,15734.4599609375,4893.9501953125,8478.8896484375,3154.10009765625
2014-01-20,5295.0,6836.7001953125,,13990.2998046875,15641.6796875,4890.5,8480.9501953125,3153.169921875
2014-01-21,5331.5,6834.2998046875,1843.800048828125,13951.7998046875,15795.9599609375,4921.669921875,8486.3701171875,3153.080078125
2014-01-22,5319.7998046875,6826.2998046875,1844.8599853515625,13988.2001953125,15820.9599609375,4950.33984375,8466.7001953125,3151.27001953125
2014-01-23,5263.0,6773.2998046875,1828.4599609375,13933.0,15695.8896484375,4911.080078125,8404.98046875,3117.080078125
2014-01-24,5240.89990234375,6663.7001953125,1790.2900390625,13717.7998046875,15391.5595703125,4873.7001953125,8201.5,3028.199951171875
2014-01-27,,6550.7001953125,1781.56005859375,13582.2998046875,15005.73046875,4853.7998046875,8132.16015625,3014.6201171875
2014-01-28,5175.10009765625,6572.2998046875,1792.5,13687.7001953125,14980.16015625,4848.43994140625,8186.6201171875,3038.60009765625
2014-01-29,5229.0,6544.2998046875,1774.199951171875,13643.2001953125,15383.91015625,4882.72021484375,8135.81005859375,3011.449951171875
2014-01-30,5188.10009765625,6538.5,1794.18994140625,13735.2998046875,15007.0595703125,4849.83984375,8204.9599609375,3027.300048828125
2014-01-31,5190.0,6510.39990234375,1782.5899658203125,13694.900390625,14914.5302734375,4874.580078125,8191.330078125,3013.9599609375
2014-02-03,5187.89990234375,6465.7001953125,1741.8900146484375,13486.2001953125,14619.1298828125,4849.5,8107.02001953125,2963.9599609375
2014-02-04,5097.10009765625,6449.2998046875,1755.199951171875,13504.5,14008.4697265625,4802.6201171875,8092.52978515625,2962.489990234375
2014-02-05,5070.2998046875,6457.89990234375,1751.6400146484375,13559.7001953125,14180.3798828125,4807.93994140625,8112.9599609375,2962.510009765625
2014-02-06,5131.39990234375,6558.2998046875,1773.4300537109375,13713.400390625,14155.1201171875,,8218.4404296875,3010.7900390625
2014-02-07,5166.5,6571.7001953125,1797.02001953125,13786.5,14462.41015625,4840.7900390625,8318.599609375,3038.489990234375
2014-02-10,5222.10009765625,6591.60009765625,1799.8399658203125,13794.2001953125,14718.33984375,4833.06005859375,8324.849609375,3032.530029296875
2014-02-11,5254.5,6672.7001953125,1819.75,13881.0,,4848.8798828125,8361.51953125,3077.080078125
2014-02-12,5310.10009765625,6675.0,1819.260009765625,13900.5,14800.0595703125,4869.97021484375,8402.41015625,3094.889892578125
2014-02-13,5308.10009765625,6659.39990234375,1829.8299560546875,14001.7001953125,14534.740234375,4873.52978515625,8383.900390625,3097.949951171875
2014-02-14,5356.2998046875,6663.60009765625,1838.6300048828125,14054.7998046875,14313.0302734375,4888.39990234375,8417.580078125,3119.06005859375
2014-02-17,,6736.0,,,14393.1103515625,4894.990234375,8415.669921875,
2014-02-18,5392.7998046875,6796.39990234375,1840.760009765625,14077.5,14843.240234375,4895.10009765625,8419.919921875,3117.43994140625
2014-02-19,5408.2001953125,6796.7001953125,1828.75,14119.7001953125,14766.5302734375,4914.14013671875,8410.6298828125,3120.800048828125
2014-02-20,5412.2998046875,6813.0,1839.780029296875,14210.400390625,14449.1796875,4909.830078125,8383.25,3121.590087890625
2014-02-21,5438.7001953125,6838.10009765625,1836.25,14205.7001953125,14865.669921875,4927.64013671875,8431.7802734375,3131.669921875
2014-02-24,5440.2001953125,6865.89990234375,1847.6099853515625,14227.099609375,14837.6796875,4969.64990234375,8485.48046875,3157.31005859375
2014-02-25,5433.7998046875,6830.5,1845.1199951171875,14189.0,15051.599609375,4967.509765625,8506.2900390625,3157.47998046875
2014-02-26,5437.0,6799.2001953125,1845.1600341796875,14188.599609375,14970.9697265625,4973.2001953125,8532.990234375,3148.18994140625
2014-02-27,5411.39990234375,6810.2998046875,1854.2900390625,14214.7001953125,14923.1103515625,4964.33984375,8470.900390625,3134.93994140625
2014-02-28,5404.7998046875,6809.7001953125,1859.449951171875,14209.599609375,14841.0703125,4990.0400390625,8475.330078125,3149.22998046875
2014-03-03,5384.2998046875,6708.39990234375,1845.72998046875,14212.7001953125,14652.23046875,5007.39990234375,8281.009765625,3053.989990234375
2014-03-04,5400.2001953125,6823.7998046875,1873.9100341796875,14289.900390625,14721.48046875,5033.259765625,8445.2197265625,3136.330078125
2014-03-05,5446.2001953125,6775.39990234375,1873.81005859375,14304.2001953125,14897.6298828125,5073.08984375,8459.6103515625,3135.969970703125
2014-03-06,5445.89990234375,6788.5,1877.030029296875,14271.900390625,15134.75,5114.7900390625,8484.2099609375,3144.530029296875
2014-03-07,5462.2998046875,6712.7001953125,1878.0400390625,14299.099609375,15274.0703125,5125.64990234375,8378.580078125,3095.31005859375
2014-03-10,5411.5,6689.5,1877.1700439453125,14302.099609375,15120.1396484375,5117.83984375,8367.5498046875,3092.7900390625
2014-03-11,5413.7998046875,6685.5,1867.6300048828125,14267.2001953125,15224.1103515625,5101.93994140625,8359.509765625,3092.550048828125
2014-03-12,5384.2001953125,6620.89990234375,1868.199951171875,14319.0,14830.3896484375,5096.52978515625,8310.3603515625,3065.4599609375
2014-03-13,5412.60009765625,6553.7998046875,1846.3399658203125,14245.099609375,14815.98046875,5111.97998046875,8205.900390625,3019.5400390625
2014-03-14,5329.39990234375,6527.89990234375,1841.1300048828125,14227.7001953125,14327.66015625,5079.31982421875,8114.02001953125,3004.639892578125
2014-03-17,5317.60009765625,6568.39990234375,1858.8299560546875,14231.900390625,14277.669921875,5088.02978515625,8161.77978515625,3049.18994140625
2014-03-18,5344.60009765625,6605.2998046875,1872.25,14369.0,14411.26953125,5135.66015625,8240.0703125,3073.75
2014-03-19,5355.60009765625,6573.10009765625,1860.77001953125,14334.0,14462.51953125,5154.72021484375,8226.5498046875,3076.360107421875
2014-03-20,5294.0,6542.39990234375,1872.010009765625,14361.7998046875,14224.23046875,5160.39013671875,8261.6904296875,3088.89990234375
2014-03-21,5338.10009765625,6557.2001953125,1866.52001953125,14335.7998046875,,5124.990234375,8289.759765625,3096.489990234375
2014-03-24,5346.89990234375,6520.39990234375,1857.43994140625,14278.599609375,14475.2998046875,5118.6201171875,8198.01953125,3052.909912109375
2014-03-25,5336.60009765625,6604.89990234375,1865.6199951171875,14299.5,14423.1904296875,5130.7001953125,8299.1904296875,3096.639892578125
2014-03-26,5376.7998046875,6605.2998046875,1852.56005859375,14184.099609375,14477.16015625,5124.89013671875,8334.33984375,3130.169921875
2014-03-27,5350.10009765625,6588.2998046875,1849.0400390625,14178.7998046875,14622.8896484375,5126.52978515625,8327.9296875,3133.75
2014-03-28,5366.89990234375,6615.60009765625,1857.6199951171875,14260.7001953125,14696.0302734375,5142.89990234375,8373.23046875,3172.429931640625
2014-03-31,5394.7998046875,6598.39990234375,1872.3399658203125,14335.2998046875,14827.830078125,5139.97998046875,8453.8203125,3161.60009765625
2014-04-01,5389.2001953125,6652.60009765625,1885.52001953125,14380.599609375,14791.990234375,5122.52001953125,8457.26953125,3186.340087890625
2014-04-02,5403.2998046875,6659.0,1890.9000244140625,14459.099609375,14946.3203125,5116.31005859375,8508.259765625,3187.449951171875
2014-04-03,5409.89990234375,6649.10009765625,1888.77001953125,14402.2001953125,15071.8798828125,5122.3701171875,8521.6298828125,3206.760009765625
2014-04-04,5422.7998046875,6695.60009765625,1865.0899658203125,14393.099609375,15063.76953125,5123.89990234375,8503.0,3230.330078125
2014-04-07,5413.7001953125,6622.7998046875,1845.0400390625,14270.2998046875,14808.849609375,5075.83984375,8405.099609375,3185.969970703125
2014-04-08,5410.60009765625,6590.7001953125,1851.9599609375,14372.5,14606.8798828125,5031.56005859375,8423.3603515625,3177.659912109375
2014-04-09,5463.7998046875,6635.60009765625,1872.1800537109375,14435.599609375,14299.6904296875,5067.41015625,8411.4296875,3182.7900390625
2014-04-10,5480.7998046875,6642.0,1833.0799560546875,14308.0,14300.1201171875,5115.490234375,8420.580078125,3152.860107421875
2014-04-11,5428.60009765625,6561.7001953125,1815.68994140625,14257.7001953125,13960.0498046875,5091.43017578125,8298.8203125,3116.5400390625
2014-04-14,5358.89990234375,6583.7998046875,1830.6099853515625,14284.400390625,13910.16015625,5063.5400390625,8312.900390625,3131.570068359375
2014-04-15,5388.2001953125,6541.60009765625,1842.97998046875,14303.900390625,13996.8095703125,5076.2900390625,8280.5302734375,3091.52001953125
2014-04-16,5420.2998046875,6584.2001953125,1862.31005859375,14446.5,14417.6796875,5090.5498046875,8322.7001953125,3139.260009765625
2014-04-17,5454.2001953125,6625.2998046875,1864.8499755859375,14500.400390625,14417.5302734375,5103.35009765625,8375.080078125,3155.81005859375
2014-04-18,,,,,14516.26953125,,,
2014-04-21,,,1871.8900146484375,14493.7001953125,14512.3798828125,,,
2014-04-22,5479.2998046875,6681.7998046875,1879.550048828125,14556.0,14388.76953125,5104.93994140625,8461.2998046875,3199.68994140625
2014-04-23,5517.7998046875,6674.7001953125,1875.3900146484375,14533.400390625,14546.26953125,5142.919921875,8443.259765625,3175.969970703125
2014-04-24,5531.0,6703.0,1878.6099853515625,14554.2998046875,14404.990234375,5153.9599609375,8409.1298828125,3189.81005859375
2014-04-25,,6685.7001953125,1863.4000244140625,14533.599609375,14429.259765625,,8374.4697265625,3147.39990234375
2014-04-28,5536.10009765625,6700.2001953125,1869.4300537109375,14530.900390625,14288.23046875,5115.7998046875,8384.8603515625,3165.840087890625
2014-04-29,5486.60009765625,6769.89990234375,1878.3299560546875,14583.099609375,,5148.2900390625,8434.66015625,3208.679931640625
2014-04-30,5489.10009765625,6780.0,1883.949951171875,14651.900390625,14304.1103515625,5232.68017578125,8476.66015625,3198.389892578125
2014-05-01,5448.7998046875,6808.89990234375,1883.6800537109375,14664.099609375,14485.1298828125,5209.2099609375,,
2014-05-02,5458.10009765625,6822.39990234375,1881.1400146484375,14765.2001953125,14457.509765625,5232.91015625,8442.7099609375,3177.889892578125
2014-05-05,5462.2001953125,,1884.6600341796875,14697.0,,5200.25,8409.0703125,3171.2900390625
2014-05-06,5481.39990234375,6798.60009765625,1867.719970703125,14612.2998046875,,5174.89990234375,8395.76953125,3149.7900390625
2014-05-07,5435.7998046875,6796.39990234375,1878.2099609375,14656.400390625,14033.4501953125,5189.1298828125,8421.650390625,3159.669921875
2014-05-08,5476.7998046875,6839.2998046875,1875.6300048828125,14546.0,14163.7802734375,5161.41015625,8465.66015625,3204.300048828125
2014-05-09,5460.7998046875,6814.60009765625,1878.47998046875,14534.099609375,14199.58984375,5152.669921875,8510.3896484375,3184.090087890625
2014-05-12,5448.39990234375,6851.7998046875,1896.6500244140625,14654.900390625,14149.51953125,5162.419921875,8545.1201171875,3206.969970703125
2014-05-13,5498.2001953125,6873.10009765625,1897.449951171875,14679.7998046875,14425.4404296875,5199.33984375,8543.580078125,3211.780029296875
2014-05-14,5496.5,6878.5,1888.530029296875,14673.7001953125,14405.759765625,5213.35986328125,8611.7001953125,3210.419921875
2014-05-15,5510.7998046875,6840.89990234375,1870.8499755859375,14588.900390625,14298.2099609375,5194.9599609375,8644.740234375,3163.219970703125
2014-05-16,5479.0,6855.7998046875,1877.8599853515625,14514.7001953125,14096.58984375,5186.18994140625,8683.6201171875,3172.719970703125
2014-05-19,5409.0,6844.60009765625,1885.0799560546875,,14006.4404296875,5167.77978515625,8646.01953125,3169.89990234375
2014-05-20,5420.39990234375,6802.0,1872.8299560546875,14525.2001953125,14075.25,5134.89013671875,8635.6103515625,3163.929931640625
2014-05-21,5424.60009765625,6821.0,1888.030029296875,14649.900390625,14042.169921875,5108.56982421875,8655.900390625,3187.080078125
2014-05-22,5479.89990234375,6820.60009765625,1892.489990234375,14702.2998046875,14337.7900390625,5128.83984375,8693.98046875,3187.6298828125
2014-05-23,5492.7998046875,6815.7998046875,1900.530029296875,14708.099609375,14462.169921875,5151.3701171875,8703.83984375,3203.280029296875
2014-05-26,5512.7998046875,,,14715.7001953125,14602.51953125,5153.68017578125,8712.349609375,3240.389892578125
2014-05-27,5511.7001953125,6844.89990234375,1911.9100341796875,14658.0,14636.51953125,5145.85009765625,8710.3798828125,3244.280029296875
2014-05-28,5527.2001953125,6851.2001953125,1909.780029296875,14611.0,14670.9501953125,5181.4599609375,8706.5,3246.239990234375
2014-05-29,5519.5,6871.2998046875,1920.030029296875,14589.0,14681.7197265625,5183.16015625,,
2014-05-30,5492.5,6844.5,1923.5699462890625,14604.2001953125,14632.3798828125,5178.43994140625,8674.51953125,3244.60009765625
2014-06-02,5518.5,6864.10009765625,1924.969970703125,14680.7998046875,14935.919921875,,8688.9599609375,3247.800048828125
2014-06-03,5479.7001953125,6836.2998046875,1924.239990234375,14734.7001953125,15034.25,5164.1201171875,8661.2001953125,3241.0400390625
2014-06-04,5444.7998046875,6818.60009765625,1927.8800048828125,14796.7998046875,15067.9599609375,5159.35009765625,8661.080078125,3237.929931640625
2014-06-05,5436.89990234375,6813.5,1940.4599609375,14800.2001953125,15079.3701171875,5159.490234375,8643.2802734375,3267.050048828125
2014-06-06,5464.0,6858.2001953125,1949.43994140625,14838.900390625,15077.240234375,5182.43994140625,8659.6904296875,3294.280029296875
2014-06-09,,6875.0,1951.27001953125,14871.2001953125,15124.0,5186.43017578125,,
2014-06-10,5469.7001953125,6873.60009765625,1950.7900390625,14904.400390625,14994.7998046875,5179.39990234375,8752.8603515625,3313.800048828125
2014-06-11,5454.0,6838.89990234375,1943.8900146484375,14892.099609375,15069.48046875,5179.14990234375,8712.08984375,3289.090087890625
2014-06-12,5428.7998046875,6843.10009765625,1930.1099853515625,14909.599609375,14973.5302734375,5195.10986328125,8670.98046875,3284.280029296875
2014-06-13,5405.10009765625,6777.89990234375,1936.1600341796875,15001.599609375,15097.83984375,5170.509765625,8653.759765625,3282.840087890625
2014-06-16,5412.2998046875,6754.60009765625,1937.780029296875,15040.400390625,14933.2900390625,5178.7998046875,8663.58984375,3261.419921875
2014-06-17,5400.7001953125,6766.7998046875,1941.989990234375,15055.900390625,14975.9697265625,5193.5,8667.7900390625,3275.330078125
2014-06-18,5382.7001953125,6778.60009765625,1956.97998046875,15109.2998046875,15115.7998046875,5184.4599609375,8657.26953125,3279.199951171875
2014-06-19,5468.2001953125,6808.10009765625,1959.47998046875,15112.2001953125,15361.16015625,5192.14990234375,8674.3701171875,3314.800048828125
2014-06-20,5419.5,6825.2001953125,1962.8699951171875,15109.0,15349.419921875,5145.02978515625,8701.6103515625,3302.360107421875
2014-06-23,5453.2998046875,6800.60009765625,1962.6099853515625,15105.599609375,15369.2802734375,5126.16015625,8644.5703125,3282.580078125
2014-06-24,5432.7998046875,6787.10009765625,1949.97998046875,14962.400390625,15376.240234375,5121.2099609375,8673.26953125,3284.81005859375
2014-06-25,5402.0,6733.60009765625,1959.530029296875,14974.7001953125,15266.6103515625,5104.5400390625,8581.9599609375,3252.31005859375
2014-06-26,5464.2998046875,6735.10009765625,1957.219970703125,15030.7001953125,15308.490234375,5130.14990234375,8541.2802734375,3233.18994140625
2014-06-27,5445.10009765625,6757.7998046875,1960.9599609375,15094.2998046875,15095.0,5144.25,8562.1103515625,3227.85009765625
2014-06-30,5395.7001953125,6743.89990234375,1960.22998046875,15146.0,15162.099609375,5141.47998046875,8554.51953125,3228.239990234375
2014-07-01,5375.89990234375,6802.89990234375,1973.3199462890625,,15326.2001953125,5146.259765625,8607.9697265625,3258.7099609375
2014-07-02,5455.39990234375,6816.39990234375,1974.6199951171875,15209.7998046875,15369.9697265625,5149.39013671875,8607.2001953125,3252.25
2014-07-03,5491.2001953125,6865.2001953125,1985.43994140625,15207.099609375,15348.2900390625,5167.39013671875,8694.3203125,3289.75
2014-07-04,5525.0,6866.10009765625,,15215.0,15437.1298828125,5188.91015625,8678.2197265625,3270.469970703125
2014-07-07,5518.89990234375,6823.5,1977.6500244140625,15172.900390625,15379.4404296875,5186.35986328125,8612.76953125,3230.919921875
2014-07-08,5510.89990234375,6738.5,1963.7099609375,15137.2001953125,15314.41015625,5166.080078125,8554.509765625,3184.3798828125
2014-07-09,5452.5,6718.0,1972.8299560546875,15215.2001953125,15302.650390625,5122.740234375,8539.7099609375,3203.10009765625
2014-07-10,5464.39990234375,6672.39990234375,1964.6800537109375,15114.5,15216.4697265625,5128.009765625,8474.23046875,3150.590087890625
2014-07-11,5486.7998046875,6690.2001953125,1967.5699462890625,15125.5,15164.0400390625,5100.58984375,8468.51953125,3157.050048828125
2014-07-14,5511.39990234375,6746.10009765625,1977.0999755859375,15171.2001953125,15296.8203125,5127.8701171875,8565.669921875,3185.860107421875
2014-07-15,5511.2998046875,6710.5,1973.280029296875,15081.2998046875,15395.16015625,5115.39990234375,8574.3203125,3153.75
2014-07-16,5518.89990234375,6784.7001953125,1981.5699462890625,15226.2998046875,15379.2998046875,5114.240234375,8617.0703125,3202.93994140625
2014-07-17,5522.39990234375,6738.2998046875,1958.1199951171875,15204.5,15370.259765625,5112.39013671875,8548.080078125,3157.820068359375
2014-07-18,5531.7001953125,6749.5,1978.219970703125,15266.599609375,15215.7099609375,5108.93017578125,8511.4296875,3164.2099609375
2014-07-21,5539.89990234375,6728.39990234375,1973.6300048828125,15250.0,,5126.89990234375,8513.9599609375,3137.06005859375
2014-07-22,5543.2998046875,6795.2998046875,1983.530029296875,15315.099609375,15343.2802734375,5133.8701171875,8594.2099609375,3189.219970703125
2014-07-23,5576.7001953125,6798.2001953125,1987.010009765625,15394.400390625,15328.5595703125,5146.52978515625,8605.099609375,3193.1298828125
2014-07-24,5587.7998046875,6821.5,1987.97998046875,15394.5,15284.419921875,5174.7099609375,8637.009765625,3220.070068359375
2014-07-25,5583.5,6791.60009765625,1978.3399658203125,15455.0,15457.8701171875,5194.27001953125,8571.48046875,3174.989990234375
2014-07-28,5577.39990234375,6788.10009765625,1978.9100341796875,15445.2001953125,15529.400390625,5187.14013671875,8530.08984375,3171.550048828125
2014-07-29,5588.39990234375,6807.7998046875,1969.949951171875,15446.599609375,15618.0703125,5165.56005859375,8532.1103515625,3190.5400390625
2014-07-30,5622.89990234375,6773.39990234375,1970.0699462890625,15524.7998046875,15646.23046875,5158.5498046875,8497.3798828125,3169.22998046875
2014-07-31,5632.89990234375,6730.10009765625,1930.6700439453125,15330.7001953125,15620.76953125,5167.990234375,8410.26953125,3115.510009765625
2014-08-01,5556.39990234375,6679.2001953125,1925.1500244140625,15215.2998046875,15523.1103515625,5109.93017578125,,
2014-08-04,5540.89990234375,6677.5,1938.989990234375,,15474.5,5090.68994140625,8304.0400390625,3070.4599609375
2014-08-05,5518.60009765625,6682.5,1920.2099609375,15187.7001953125,15320.3095703125,5104.16015625,8342.0400390625,3072.199951171875
2014-08-06,5512.0,6636.2001953125,1920.239990234375,15202.099609375,15159.7900390625,5092.22998046875,8290.16015625,3050.3701171875
2014-08-07,5509.0,6597.39990234375,1909.5699462890625,15118.400390625,15232.3701171875,5097.509765625,8306.75,3012.8798828125
2014-08-08,5435.2998046875,6567.39990234375,1931.5899658203125,15196.2998046875,14778.3701171875,5055.2001953125,8274.650390625,3006.830078125
2014-08-11,5457.0,6632.7998046875,1936.9200439453125,15261.599609375,15130.51953125,5049.6298828125,8329.8603515625,3047.56005859375
2014-08-12,5530.2998046875,6632.39990234375,1933.75,15274.2001953125,15161.3095703125,5055.81005859375,8329.7998046875,3023.77001953125
2014-08-13,5514.7001953125,6656.7001953125,1946.719970703125,15262.7001953125,15213.6298828125,5054.7001953125,8388.7099609375,3056.169921875
2014-08-14,5548.5,6685.2998046875,1955.1800537109375,15291.2001953125,15314.5703125,5062.41015625,8430.099609375,3058.159912109375
2014-08-15,5566.5,6689.10009765625,1955.06005859375,15304.2001953125,15318.33984375,5078.080078125,8366.73046875,3033.52001953125
2014-08-18,5587.10009765625,6741.2998046875,1971.739990234375,15338.5,15322.599609375,5071.1201171875,8453.58984375,3073.449951171875
2014-08-19,5623.7998046875,6779.2998046875,1981.5999755859375,15477.2001953125,15449.7900390625,5114.2099609375,8525.3798828125,3091.110107421875
2014-08-20,5634.60009765625,6755.5,1986.510009765625,15562.0,15454.4501953125,5140.33984375,8527.91015625,3083.5
2014-08-21,5638.89990234375,6777.7001953125,1992.3699951171875,15556.099609375,15586.2001953125,5152.919921875,8570.0,3124.56005859375
2014-08-22,5645.60009765625,6775.2998046875,1988.4000244140625,15535.599609375,15539.1904296875,5167.0,8554.16015625,3098.5
2014-08-25,5634.89990234375,,1997.9200439453125,15598.7001953125,15613.25,5182.740234375,8611.580078125,3165.469970703125
2014-08-26,5637.60009765625,6822.7998046875,2000.02001953125,15619.2001953125,15521.2197265625,5195.6298828125,8673.2900390625,3197.5400390625
2014-08-27,5651.2001953125,6830.7001953125,2000.1199951171875,15602.7001953125,15534.8203125,5243.7001953125,8669.7998046875,3194.449951171875
2014-08-28,5624.39990234375,6805.7998046875,1996.739990234375,15558.2001953125,15459.8603515625,5237.509765625,8622.23046875,3164.43994140625
2014-08-29,5625.89990234375,6819.7998046875,2003.3699951171875,15625.7001953125,15424.58984375,5223.2998046875,8658.9697265625,3172.6298828125
2014-09-01,5629.7998046875,6825.2998046875,,,15476.599609375,5215.39990234375,8746.9697265625,3175.050048828125
2014-09-02,5658.5,6829.2001953125,2002.280029296875,15619.099609375,15668.599609375,5221.77001953125,8757.3203125,3180.2900390625
2014-09-03,5656.10009765625,6873.60009765625,2000.719970703125,15657.599609375,15728.349609375,5224.39990234375,8803.5703125,3218.840087890625
2014-09-04,5631.2998046875,6878.0,1997.6500244140625,15576.7998046875,15676.1796875,5228.5498046875,8834.75,3277.25
2014-09-05,5598.7001953125,6855.10009765625,2007.7099609375,15569.900390625,15668.6796875,5253.8701171875,8788.76953125,3275.25
2014-09-08,5577.0,6834.7998046875,2001.5400390625,15509.400390625,15705.1103515625,5261.75,8817.1904296875,3267.5400390625
2014-09-09,5607.89990234375,6829.0,1988.43994140625,15536.7998046875,15749.150390625,5243.7001953125,8825.599609375,3245.429931640625
2014-09-10,5574.2998046875,6830.10009765625,1995.68994140625,15471.900390625,15788.7802734375,5236.66015625,8816.0703125,3244.159912109375
2014-09-11,5546.10009765625,6799.60009765625,1997.449951171875,15534.2998046875,15909.2001953125,5262.31982421875,8829.009765625,3237.760009765625
2014-09-12,5531.10009765625,6807.0,1985.5400390625,15531.599609375,15948.2900390625,5223.97021484375,8795.9296875,3235.070068359375
2014-09-15,5473.5,6804.2001953125,1984.1300048828125,15482.599609375,,5210.85986328125,8796.41015625,3231.699951171875
2014-09-16,5445.39990234375,6792.2001953125,1998.97998046875,15510.5,15911.5302734375,5189.7900390625,8804.4404296875,3221.72998046875
2014-09-17,5407.2998046875,6780.89990234375,2001.5699462890625,15458.900390625,15888.669921875,5142.33984375,8825.6103515625,3237.43994140625
2014-09-18,5415.7998046875,6819.2998046875,2011.3599853515625,15465.5,16067.5703125,5154.18017578125,8830.490234375,3271.3701171875
2014-09-19,5433.10009765625,6837.89990234375,2010.4000244140625,15265.400390625,16321.169921875,5181.35009765625,8840.169921875,3273.25
2014-09-22,5363.0,6773.60009765625,1994.2900390625,15129.0,16205.900390625,5236.2900390625,8817.51953125,3257.47998046875
2014-09-23,5415.7001953125,6676.10009765625,1982.77001953125,15125.7001953125,,5241.43994140625,8763.7998046875,3205.929931640625
2014-09-24,5375.7998046875,6706.2998046875,1998.300048828125,15120.5,16167.4501953125,5258.169921875,8797.169921875,3244.010009765625
2014-09-25,5382.2001953125,6639.7001953125,1965.989990234375,14893.599609375,16374.1396484375,5277.85986328125,8772.759765625,3202.31005859375
2014-09-26,5313.39990234375,6649.39990234375,1982.8499755859375,15026.7998046875,16229.8603515625,5253.490234375,8774.3603515625,3219.580078125
2014-09-29,5264.2001953125,6646.60009765625,1977.800048828125,14976.900390625,16310.6396484375,5259.509765625,8776.73046875,3186.949951171875
2014-09-30,5292.7998046875,6622.7001953125,1972.2900390625,14960.5,16173.51953125,5255.0400390625,8835.1396484375,3225.929931640625
2014-10-01,5334.10009765625,6557.5,1946.1600341796875,14805.400390625,16082.25,5274.580078125,8789.5302734375,3195.080078125
2014-10-02,5297.7001953125,6446.39990234375,1946.1700439453125,14760.599609375,15661.990234375,5245.240234375,8654.7099609375,3106.419921875
2014-10-03,5318.2001953125,6527.89990234375,1967.9000244140625,14789.7998046875,15708.650390625,5236.990234375,8683.5302734375,3133.3701171875
2014-10-06,5292.89990234375,6563.7001953125,1964.8199462890625,14743.099609375,15890.9501953125,5241.31005859375,8723.0400390625,3138.669921875
2014-10-07,5284.2001953125,6495.60009765625,1935.0999755859375,14576.5,15783.830078125,5235.7099609375,8561.990234375,3082.10009765625
2014-10-08,5241.2998046875,6482.2001953125,1968.8900146484375,14666.5,15595.98046875,5245.89990234375,8517.2900390625,3053.31005859375
2014-10-09,5296.7001953125,6431.89990234375,1928.2099609375,14460.599609375,15478.9296875,5266.0400390625,8482.900390625,3042.449951171875
2014-10-10,5188.2998046875,6340.0,1906.1300048828125,14227.400390625,15300.5498046875,5225.14013671875,8374.58984375,2991.5
2014-10-13,5155.5,6366.2001953125,1874.739990234375,,,5170.0498046875,8342.0703125,2998.320068359375
2014-10-14,5207.39990234375,6392.7001953125,1877.699951171875,14036.7001953125,14936.509765625,5145.89013671875,8338.009765625,3000.989990234375
2014-10-15,5245.60009765625,6211.60009765625,1862.489990234375,13869.900390625,15073.51953125,5162.8701171875,8144.8798828125,2892.550048828125
2014-10-16,5254.89990234375,6195.89990234375,1862.760009765625,14053.0,14738.3798828125,5132.02001953125,8057.5400390625,2874.64990234375
2014-10-17,5271.7001953125,6310.2998046875,1886.760009765625,14227.7001953125,14532.509765625,5146.93994140625,8250.099609375,2962.239990234375
2014-10-20,5319.39990234375,6267.10009765625,1904.010009765625,14337.7998046875,15111.23046875,5197.89013671875,8283.3095703125,2927.300048828125
2014-10-21,5325.0,6372.2998046875,1941.280029296875,14547.7001953125,14804.2802734375,5233.1201171875,8404.8095703125,2991.4599609375
2014-10-22,5385.89990234375,6399.7001953125,1927.1099853515625,14312.099609375,15195.76953125,5279.7001953125,8506.1396484375,3008.530029296875
2014-10-23,5383.10009765625,6419.2001953125,1950.8199462890625,14486.7998046875,15138.9599609375,5292.830078125,8546.080078125,3044.300048828125
2014-10-24,5412.2001953125,6388.7001953125,1964.5799560546875,14543.7998046875,15291.6396484375,5333.830078125,8532.08984375,3030.3701171875
2014-10-27,5459.0,6363.5,1961.6300048828125,14469.0,15388.7197265625,,8520.48046875,2998.840087890625
2014-10-28,5452.60009765625,6402.2001953125,1985.050048828125,14624.2998046875,15329.91015625,5338.330078125,8630.41015625,3036.14990234375
2014-10-29,5447.7001953125,6453.89990234375,1982.300048828125,14527.599609375,15553.91015625,5355.8798828125,8654.4697265625,3022.419921875
2014-10-30,5476.2001953125,6463.60009765625,1994.6500244140625,14458.7001953125,15658.2001953125,5370.18017578125,8719.0302734375,3035.89990234375
2014-10-31,5526.60009765625,6546.5,2018.050048828125,14613.2998046875,16413.759765625,5387.830078125,8837.7802734375,3113.320068359375
2014-11-03,5506.89990234375,6488.0,2017.81005859375,14537.599609375,,5418.22021484375,8751.669921875,3082.320068359375
2014-11-04,5519.89990234375,6454.0,2012.0999755859375,14390.400390625,16862.470703125,5423.259765625,8718.01953125,3034.239990234375
2014-11-05,5517.89990234375,6539.10009765625,2023.5699462890625,14548.2998046875,16937.3203125,5402.14990234375,8843.169921875,3091.5400390625
2014-11-06,5506.10009765625,6551.2001953125,2031.2099609375,14563.400390625,16792.48046875,5403.60986328125,8863.8798828125,3102.070068359375
2014-11-07,5549.10009765625,6567.2001953125,2031.9200439453125,14690.7998046875,16880.380859375,5418.990234375,8816.919921875,3064.919921875
2014-11-10,5524.0,6611.2998046875,2038.260009765625,14709.7998046875,16780.529296875,5470.33984375,8867.5302734375,3094.60009765625
2014-11-11,5517.10009765625,6627.39990234375,2039.6800537109375,14760.2998046875,17124.109375,5490.7900390625,8896.150390625,3104.590087890625
2014-11-12,5463.10009765625,6611.0,2038.25,14856.2001953125,17197.05078125,5487.89013671875,8867.7802734375,3047.300048828125
2014-11-13,5442.7001953125,6635.5,2039.3299560546875,14778.7998046875,17392.7890625,5462.740234375,8954.400390625,3056.800048828125
2014-11-14,5454.2998046875,6654.39990234375,2039.8199462890625,14843.099609375,17490.830078125,5484.0,8915.3095703125,3059.989990234375
2014-11-17,5412.5,6672.0,2041.3199462890625,14882.5,16973.80078125,5490.22998046875,8927.0498046875,3084.7900390625
2014-11-18,5399.7001953125,6709.10009765625,2051.800048828125,14973.0,17344.060546875,5505.02978515625,8972.5400390625,3120.419921875
2014-11-19,5368.7998046875,6696.60009765625,2048.719970703125,14980.2001953125,17288.75,5522.06005859375,8983.51953125,3123.1201171875
2014-11-20,5316.2001953125,6678.89990234375,2052.75,15075.2001953125,17300.859375,5526.9501953125,8989.9404296875,3102.2099609375
2014-11-21,5304.2998046875,6750.7998046875,2063.5,15111.099609375,17357.509765625,5495.81005859375,9080.5498046875,3194.219970703125
2014-11-24,5361.7998046875,6729.7998046875,2069.409912109375,15015.400390625,,5471.68017578125,9058.509765625,3211.699951171875
2014-11-25,5334.7998046875,6731.10009765625,2067.030029296875,15073.7001953125,17407.619140625,5442.68017578125,9042.740234375,3226.14990234375
2014-11-26,5396.2001953125,6729.2001953125,2072.830078125,15038.400390625,17383.580078125,5457.39013671875,9058.9404296875,3226.080078125
2014-11-27,5332.39990234375,6723.39990234375,,14922.400390625,17248.5,5455.3798828125,9129.150390625,3244.919921875
2014-11-28,5313.0,6722.60009765625,2067.56005859375,14744.7001953125,17459.849609375,5424.4501953125,9150.4599609375,3250.929931640625
2014-12-01,5207.7001953125,6656.39990234375,2053.43994140625,14625.2998046875,17590.099609375,5429.6201171875,9146.1796875,3232.909912109375
2014-12-02,5281.2998046875,6742.10009765625,2066.550048828125,14620.099609375,17663.220703125,5430.0400390625,9138.5595703125,3238.35009765625
2014-12-03,5321.7998046875,6716.60009765625,2074.330078125,14754.099609375,17720.4296875,5503.06982421875,9168.3701171875,3247.719970703125
2014-12-04,5368.7998046875,6679.39990234375,2071.919921875,14583.400390625,17887.2109375,5522.68017578125,9118.169921875,3191.25
2014-12-05,5335.2998046875,6742.7998046875,2075.3701171875,14473.7001953125,17920.44921875,5521.91015625,9212.849609375,3277.3798828125
2014-12-08,5338.60009765625,6672.2001953125,2060.31005859375,14144.2001953125,17935.640625,5529.31982421875,9181.240234375,3247.989990234375
2014-12-09,5282.7001953125,6529.5,2059.820068359375,14195.7001953125,17813.380859375,5542.93017578125,9051.3896484375,3162.77001953125
2014-12-10,5259.0,6500.0,2026.1400146484375,13853.0,17412.580078125,5523.580078125,9020.830078125,3150.949951171875
2014-12-11,5231.0,6461.7001953125,2035.3299560546875,13905.099609375,17257.400390625,5502.06982421875,9058.8203125,3159.110107421875
2014-12-12,5219.60009765625,6300.60009765625,2002.3299560546875,13731.099609375,17371.580078125,5514.9501953125,8895.349609375,3067.320068359375
2014-12-15,5186.10009765625,6182.7001953125,1989.6300048828125,13705.099609375,17099.400390625,5499.06982421875,8712.8203125,2982.89990234375
2014-12-16,5152.2998046875,6331.7998046875,1972.739990234375,13861.5,16755.3203125,5495.75,8795.1298828125,3049.989990234375
2014-12-17,5161.89990234375,6336.5,2012.8900146484375,14213.900390625,16819.73046875,5496.58984375,8775.8798828125,3051.989990234375
2014-12-18,5210.7998046875,6466.0,2061.22998046875,14346.7998046875,17210.05078125,5518.47998046875,9013.1103515625,3153.77001953125
2014-12-19,5338.60009765625,6545.2998046875,2070.64990234375,14468.2998046875,17621.400390625,5527.75,8976.240234375,3141.280029296875
2014-12-22,5442.0,6576.7001953125,2078.5400390625,14432.400390625,17635.140625,5541.740234375,9033.4501953125,3154.909912109375
2014-12-23,5380.89990234375,6598.2001953125,2082.169921875,14594.0,,5552.10009765625,9021.669921875,3192.469970703125
2014-12-24,5394.5,6609.89990234375,2081.8798828125,14609.2998046875,17854.23046875,5557.419921875,,
2014-12-25,,,,,17808.75,,,
2014-12-26,,,2088.77001953125,,17818.9609375,,,
2014-12-29,5473.7998046875,6633.5,2090.570068359375,14663.900390625,17729.83984375,5592.330078125,9034.5498046875,
2014-12-30,5416.60009765625,6547.0,2080.35009765625,14640.0,17450.76953125,5577.2001953125,8983.3701171875,3135.949951171875
2014-12-31,5411.0,6566.10009765625,2058.89990234375,14632.400390625,,5568.27978515625,,
2015-01-02,5435.89990234375,6547.7998046875,2058.199951171875,14753.7001953125,,,,
2015-01-05,5450.2998046875,6417.2001953125,2020.5799560546875,14392.7001953125,17408.7109375,5602.60009765625,8938.849609375,3023.139892578125
2015-01-06,5364.7998046875,6366.5,2002.6099853515625,14246.7998046875,16883.189453125,5561.3798828125,8874.4697265625,
2015-01-07,5353.60009765625,6419.7998046875,2025.9000244140625,14285.0,16885.330078125,5558.06005859375,8900.830078125,3026.7900390625
2015-01-08,5381.5,6570.0,2062.139892578125,14457.7001953125,17167.099609375,5574.0498046875,9139.6904296875,3135.080078125
2015-01-09,5465.60009765625,6501.10009765625,2044.81005859375,14384.900390625,17197.73046875,5584.83984375,9105.7001953125,3042.89990234375
2015-01-12,5422.7001953125,6501.39990234375,2028.260009765625,14265.0,,5609.7998046875,9152.9697265625,3084.179931640625
2015-01-13,5404.7001953125,6542.2001953125,2023.030029296875,14187.2001953125,17087.7109375,5636.60986328125,9285.6298828125,3133.860107421875
2015-01-14,5353.60009765625,6388.5,2011.27001953125,14084.400390625,16795.9609375,5648.6298828125,9198.2001953125,3089.669921875
2015-01-15,5331.39990234375,6498.7998046875,1992.6700439453125,14041.7998046875,17108.69921875,5642.0498046875,8400.6103515625,3157.360107421875
2015-01-16,5299.2001953125,6550.2998046875,2019.4200439453125,14309.400390625,16864.16015625,5616.72998046875,7899.58984375,3202.239990234375
2015-01-19,5309.10009765625,6585.5,,14312.5,17014.2890625,5638.14013671875,8152.77978515625,3220.89990234375
2015-01-20,5307.7001953125,6620.10009765625,2022.550048828125,14308.400390625,17366.30078125,5633.22021484375,8178.89990234375,3244.919921875
2015-01-21,5393.39990234375,6728.0,2032.1199951171875,14560.400390625,17280.48046875,5672.85009765625,8008.5498046875,3269.72998046875
2015-01-22,5419.89990234375,6796.60009765625,2063.14990234375,14764.0,17329.01953125,5647.14990234375,7999.47998046875,3322.64990234375
2015-01-23,5501.7998046875,6832.7998046875,2051.820068359375,14779.400390625,17511.75,5675.240234375,8161.16015625,3382.550048828125
2015-01-26,,6852.39990234375,2057.090087890625,14797.7998046875,17468.51953125,5698.66015625,8296.4501953125,3414.280029296875
2015-01-27,5547.2001953125,6811.60009765625,2029.550048828125,14833.900390625,17768.30078125,5737.740234375,8402.8203125,3372.580078125
2015-01-28,5552.7998046875,6825.89990234375,2002.1600341796875,14602.900390625,17795.73046875,5794.81982421875,8311.5498046875,3358.9599609375
2015-01-29,5569.5,6810.60009765625,2021.25,14637.2998046875,17606.220703125,5759.81005859375,8435.33984375,3371.830078125
2015-01-30,5588.2998046875,6749.39990234375,1994.989990234375,14673.5,17674.390625,5744.0,8385.1298828125,3351.43994140625
2015-02-02,5625.2998046875,6782.60009765625,2020.8499755859375,14900.5,17558.0390625,5756.68994140625,8429.2001953125,3370.110107421875
2015-02-03,5707.39990234375,6871.7998046875,2050.030029296875,15062.900390625,17335.849609375,5781.9501953125,8452.1298828125,3414.179931640625
2015-02-04,5777.2998046875,6860.0,2041.510009765625,14995.7001953125,17678.740234375,5785.31982421875,8608.240234375,3415.530029296875
2015-02-05,5811.0,6865.89990234375,2062.52001953125,15124.900390625,17504.619140625,5797.58984375,8544.3203125,3408.9599609375
2015-02-06,5820.2001953125,6853.39990234375,2055.469970703125,15083.900390625,17648.5,,8587.990234375,3398.159912109375
2015-02-09,5814.89990234375,6837.2001953125,2046.739990234375,15100.7001953125,17711.9296875,5769.56982421875,8632.1396484375,3347.75
2015-02-10,5800.60009765625,6829.10009765625,2068.590087890625,15112.5,17652.6796875,5784.08984375,8620.419921875,3383.1298828125
2015-02-11,5769.10009765625,6818.2001953125,2068.530029296875,15151.5,,5789.18017578125,8577.759765625,3374.139892578125
2015-02-12,5743.60009765625,6828.10009765625,2088.47998046875,15228.5,17979.720703125,5749.31982421875,8611.0302734375,3417.610107421875
2015-02-13,5877.5,6873.5,2096.989990234375,15264.7998046875,17913.359375,5786.5400390625,8651.98046875,3447.590087890625
2015-02-16,5888.7001953125,6857.10009765625,,,18004.76953125,5758.25,8712.6904296875,3433.300048828125
2015-02-17,5858.2001953125,6898.10009765625,2100.340087890625,15284.599609375,17987.08984375,5750.2099609375,8747.830078125,3438.43994140625
2015-02-18,5915.7001953125,6898.10009765625,2099.679931640625,15212.7998046875,18199.169921875,5741.35986328125,8800.7099609375,3465.800048828125
2015-02-19,5904.2001953125,6888.89990234375,2097.449951171875,15180.2998046875,18264.7890625,5726.22998046875,8900.1796875,3488.080078125
2015-02-20,5881.5,6915.2001953125,2110.300048828125,15172.2001953125,18332.30078125,5748.9501953125,8892.169921875,3490.530029296875
2015-02-23,5908.0,6912.2001953125,2109.659912109375,15200.2998046875,18466.919921875,5754.35986328125,8977.6904296875,3519.580078125
2015-02-24,5927.0,6949.60009765625,2115.47998046875,15165.0,18603.48046875,5722.97021484375,8984.6103515625,3547.10009765625
2015-02-25,5944.89990234375,6935.39990234375,2113.860107421875,15228.599609375,18585.19921875,5842.2900390625,8977.6201171875,3541.780029296875
2015-02-26,5908.5,6949.7001953125,2110.739990234375,15241.2001953125,18785.7890625,5861.68017578125,9049.490234375,3574.93994140625
2015-02-27,5928.7998046875,6946.7001953125,2104.5,15234.2998046875,18797.939453125,5878.47021484375,9014.5302734375,3599.0
2015-03-02,5958.89990234375,6940.60009765625,2117.389892578125,15264.099609375,18826.880859375,5892.669921875,9055.6904296875,3591.090087890625
2015-03-03,5933.89990234375,6889.10009765625,2107.780029296875,15133.900390625,18815.16015625,5893.66015625,8954.6796875,3549.110107421875
2015-03-04,5901.60009765625,6919.2001953125,2098.530029296875,15082.7998046875,18703.599609375,5874.080078125,8992.5,3583.43994140625
2015-03-05,5904.2001953125,6961.10009765625,2101.0400390625,15103.099609375,18751.83984375,5856.77001953125,9034.599609375,3618.2099609375
2015-03-06,5898.89990234375,6911.7998046875,2071.260009765625,14952.5,18971.0,5903.06982421875,9080.0302734375,3617.6201171875
2015-03-09,5821.2998046875,6876.5,2079.429931640625,14854.5,18790.55078125,5896.9599609375,9046.8798828125,3610.280029296875
2015-03-10,5824.2001953125,6702.7998046875,2044.1600341796875,14641.7998046875,18665.109375,5887.75,9023.7099609375,3567.25
2015-03-11,5793.2001953125,6721.5,2040.239990234375,14739.2001953125,18723.51953125,5861.97998046875,9106.23046875,3649.5400390625
2015-03-12,5850.2001953125,6761.10009765625,2065.949951171875,14770.7001953125,18991.109375,5886.77978515625,9119.8095703125,3641.320068359375
2015-03-13,5814.5,6740.60009765625,2053.39990234375,14731.5,19254.25,5908.58984375,9156.01953125,3656.2099609375
2015-03-16,5797.7001953125,6804.10009765625,2081.18994140625,14862.7998046875,19246.060546875,5911.39990234375,9237.080078125,3706.75
2015-03-17,5842.10009765625,6837.60009765625,2074.280029296875,14898.5,19437.0,5905.41015625,9198.509765625,3672.159912109375
2015-03-18,5842.2998046875,6945.2001953125,2099.5,14962.2001953125,19544.48046875,5846.66015625,9256.240234375,3668.52001953125
2015-03-19,5950.7998046875,6962.2998046875,2089.27001953125,14873.900390625,19476.560546875,5859.39990234375,9328.48046875,3670.72998046875
2015-03-20,5975.5,7022.5,2108.10009765625,14942.400390625,19560.220703125,5871.3798828125,9396.2900390625,3726.070068359375
2015-03-23,5956.10009765625,7037.7001953125,2104.419921875,14957.2001953125,19754.359375,5875.22998046875,9366.2001953125,3699.0400390625
2015-03-24,5969.10009765625,7019.7001953125,2091.5,15081.2998046875,19713.44921875,5870.5400390625,9292.6796875,3731.35009765625
2015-03-25,5973.2998046875,6991.0,2061.050048828125,14929.400390625,19746.19921875,5857.77978515625,9188.25,3684.0400390625
2015-03-26,5879.10009765625,6895.2998046875,2056.14990234375,14869.7998046875,19471.119140625,5833.169921875,9082.509765625,3669.7900390625
2015-03-27,5919.89990234375,6855.0,2061.02001953125,14812.400390625,19285.630859375,5854.25,9083.51953125,3679.030029296875
2015-03-30,5846.10009765625,6891.39990234375,2086.239990234375,14908.400390625,19411.400390625,5821.2900390625,9202.1796875,3727.800048828125
2015-03-31,5891.5,6773.0,2067.889892578125,14902.400390625,19206.990234375,5833.990234375,9128.98046875,3697.3798828125
2015-04-01,5860.7998046875,6809.5,2059.68994140625,14942.599609375,19034.83984375,5835.580078125,9137.259765625,3714.889892578125
2015-04-02,5898.60009765625,6833.5,2066.9599609375,15026.599609375,19312.7890625,5831.39990234375,9130.599609375,3715.27001953125
2015-04-03,,,,,19435.080078125,,,
2015-04-06,,,2080.6201171875,15100.7001953125,19397.98046875,,,
2015-04-07,5926.0,6961.7998046875,2076.330078125,15188.7998046875,19640.5390625,5855.43994140625,9260.75,3768.719970703125
2015-04-08,5960.7001953125,6937.39990234375,2081.89990234375,15213.599609375,19789.810546875,5859.72021484375,9247.8203125,3742.6298828125
2015-04-09,5932.2001953125,7015.39990234375,2091.179931640625,15326.2998046875,19937.720703125,5847.169921875,9393.3798828125,3781.7900390625
2015-04-10,5968.39990234375,7089.7998046875,2102.06005859375,15388.400390625,19907.630859375,5847.35986328125,9471.4599609375,3816.760009765625
2015-04-13,5960.2998046875,7064.2998046875,2092.429931640625,15383.599609375,19905.4609375,5854.31982421875,9430.25,3828.780029296875
2015-04-14,5946.60009765625,7075.2998046875,2095.840087890625,15389.2998046875,19908.6796875,5882.10986328125,9415.6201171875,3784.530029296875
2015-04-15,5908.39990234375,7096.7998046875,2106.6298828125,15450.900390625,19869.759765625,5856.080078125,9428.5498046875,3803.550048828125
2015-04-16,5947.5,7060.5,2104.989990234375,15386.7998046875,19885.76953125,5881.759765625,9398.599609375,3751.719970703125
2015-04-17,5877.89990234375,6994.60009765625,2081.179931640625,15360.599609375,19652.880859375,5861.47998046875,9245.919921875,3674.050048828125
2015-04-20,5833.10009765625,7052.10009765625,2100.39990234375,15412.599609375,19634.490234375,5824.27978515625,9243.7099609375,3718.0400390625
2015-04-21,5872.2998046875,7062.89990234375,2097.2900390625,15346.400390625,19909.08984375,5817.52001953125,9299.4296875,3719.3798828125
2015-04-22,5837.5,7028.2001953125,2107.9599609375,15304.7998046875,20133.900390625,5793.60986328125,9358.08984375,3724.489990234375
2015-04-23,5844.7998046875,7053.7001953125,2112.929931640625,15392.400390625,20187.650390625,5757.91015625,9338.25,3697.8798828125
2015-04-24,5933.2998046875,7070.7001953125,2117.68994140625,15408.2998046875,20020.0390625,5765.35986328125,9302.1201171875,3713.9599609375
2015-04-27,5982.7001953125,7104.0,2108.919921875,15344.099609375,19983.3203125,,9349.1796875,3771.449951171875
2015-04-28,5948.5,7030.5,2114.760009765625,15346.099609375,20058.94921875,5769.64990234375,9259.8095703125,3715.419921875
2015-04-29,5838.60009765625,6946.2998046875,2106.85009765625,15347.2998046875,,5740.81982421875,9105.0498046875,3617.110107421875
2015-04-30,5790.0,6960.60009765625,2085.510009765625,15224.5,19520.009765625,5791.33984375,9077.1201171875,3615.590087890625
2015-05-01,5814.39990234375,6986.0,2108.2900390625,15339.7998046875,19531.630859375,5797.39990234375,,
2015-05-04,5827.5,,2114.489990234375,15367.5,,5767.080078125,9095.8203125,3632.93994140625
2015-05-05,5826.5,6927.60009765625,2089.4599609375,15173.900390625,,5787.7900390625,9024.3798828125,3546.56005859375
2015-05-06,5692.2001953125,6933.7001953125,2080.14990234375,15023.900390625,,5765.27001953125,8888.919921875,3558.030029296875
2015-05-07,5645.7001953125,6887.0,2088.0,15088.7998046875,19291.990234375,5729.35009765625,8873.5498046875,3556.2099609375
2015-05-08,5634.60009765625,7046.7998046875,2116.10009765625,15170.0,19379.189453125,5735.35986328125,9093.330078125,3649.47998046875
2015-05-11,5625.2001953125,7029.89990234375,2105.330078125,15152.599609375,19620.91015625,5747.9501953125,9117.330078125,3624.409912109375
2015-05-12,5674.7001953125,6933.7998046875,2099.1201171875,15043.2001953125,19624.83984375,5746.22998046875,9044.98046875,3573.10009765625
2015-05-13,5715.10009765625,6949.60009765625,2098.47998046875,14980.7001953125,19764.720703125,5751.759765625,9050.66015625,3553.419921875
2015-05-14,5696.60009765625,6973.0,2121.10009765625,15028.099609375,19570.240234375,5738.39990234375,,
2015-05-15,5735.5,6960.5,2122.72998046875,15108.099609375,19732.919921875,5760.3798828125,9109.919921875,3573.070068359375
2015-05-18,5659.2001953125,6968.89990234375,2129.199951171875,,19890.26953125,5772.7099609375,9196.5498046875,3589.219970703125
2015-05-19,5615.5,6995.10009765625,2127.830078125,15121.0,20026.380859375,5757.16015625,9295.6201171875,3670.52001953125
2015-05-20,5610.2998046875,7007.2998046875,2125.85009765625,15072.7998046875,20196.560546875,5755.7900390625,9319.900390625,3683.47998046875
2015-05-21,5662.2998046875,7013.5,2130.820068359375,15203.599609375,20202.869140625,5769.27001953125,9365.349609375,3688.719970703125
2015-05-22,5664.7001953125,7031.7001953125,2126.06005859375,15200.7998046875,20264.41015625,5776.02001953125,9353.2998046875,3679.139892578125
2015-05-25,5721.5,,,15187.400390625,20413.76953125,5794.97998046875,,
2015-05-26,5773.39990234375,6949.0,2104.199951171875,15050.7998046875,20437.48046875,5795.85986328125,9272.6796875,3619.300048828125
2015-05-27,5725.2998046875,7033.2998046875,2123.47998046875,15110.5,20472.580078125,5757.93994140625,9396.240234375,3682.8701171875
2015-05-28,5713.10009765625,7040.89990234375,2120.7900390625,15107.0,20551.4609375,5777.64013671875,9394.25,3650.7099609375
2015-05-29,5777.2001953125,6984.39990234375,2107.389892578125,15014.099609375,20563.150390625,5844.9501953125,9237.7900390625,3570.780029296875
2015-06-01,5735.39990234375,6953.60009765625,2111.72998046875,15074.099609375,20569.869140625,,9267.4404296875,3575.0400390625
2015-06-02,5636.0,6928.2998046875,2109.60009765625,15104.7001953125,20543.189453125,5863.740234375,9204.08984375,3561.889892578125
2015-06-03,5583.60009765625,6950.5,2114.070068359375,15154.7001953125,20473.509765625,5858.7099609375,9253.2998046875,3583.820068359375
2015-06-04,5504.2998046875,6859.2001953125,2095.840087890625,15019.400390625,20488.189453125,5865.43994140625,9233.650390625,3556.3798828125
2015-06-05,5498.5,6804.60009765625,2092.830078125,14957.2001953125,20460.900390625,5867.89990234375,9105.01953125,3510.010009765625
2015-06-08,,6790.0,2079.280029296875,14743.2998046875,20457.189453125,5885.81005859375,9060.490234375,3468.31005859375
2015-06-09,5471.2998046875,6753.7998046875,2080.14990234375,14817.7001953125,20096.30078125,5862.10986328125,8980.2197265625,3456.7900390625
2015-06-10,5478.60009765625,6830.2998046875,2105.199951171875,14889.0,20046.359375,5803.8701171875,9102.7001953125,3526.47998046875
2015-06-11,5556.7001953125,6846.7001953125,2108.860107421875,14830.900390625,20382.970703125,5858.41015625,9146.2998046875,3551.909912109375
2015-06-12,5545.2998046875,6784.89990234375,2094.110107421875,14741.2001953125,20407.080078125,5846.97021484375,9026.4296875,3502.77001953125
2015-06-15,5538.7998046875,6710.5,2084.429931640625,14756.099609375,20387.7890625,5819.97021484375,8924.669921875,3438.070068359375
2015-06-16,5535.7998046875,6710.10009765625,2096.2900390625,14753.099609375,20257.939453125,5813.93017578125,8965.400390625,3454.090087890625
2015-06-17,5595.39990234375,6680.60009765625,2100.43994140625,14733.0,20219.26953125,5779.259765625,8906.6904296875,3428.760009765625
2015-06-18,5524.89990234375,6707.89990234375,2121.239990234375,14770.599609375,19990.8203125,5749.7099609375,8880.2900390625,3450.449951171875
2015-06-19,5597.0,6710.5,2109.989990234375,14653.099609375,20174.240234375,5781.759765625,8867.3203125,3455.800048828125
2015-06-22,5610.2001953125,6825.7001953125,2122.85009765625,14790.5,20428.189453125,5772.0498046875,9021.3701171875,3596.070068359375
2015-06-23,5684.2998046875,6834.89990234375,2124.199951171875,14904.900390625,20809.419921875,5772.14013671875,9137.330078125,3625.969970703125
2015-06-24,5686.7998046875,6844.7998046875,2108.580078125,14947.5,20868.029296875,5775.490234375,9081.8095703125,3610.949951171875
2015-06-25,5632.7001953125,6807.7998046875,2102.31005859375,14897.5,20771.400390625,5733.2900390625,9045.3203125,3610.909912109375
2015-06-26,5545.89990234375,6753.7001953125,2101.489990234375,14808.099609375,20706.150390625,5755.43994140625,9007.5,3621.3701171875
2015-06-29,5422.5,6620.5,2057.639892578125,14490.2001953125,20109.94921875,5705.81005859375,8868.3896484375,3468.89990234375
2015-06-30,5459.0,6521.0,2063.110107421875,14553.2998046875,20235.73046875,5726.9599609375,8780.91015625,3424.300048828125
2015-07-01,5515.7001953125,6608.60009765625,2077.419921875,,20329.3203125,5794.35986328125,8908.990234375,3496.280029296875
2015-07-02,5599.7998046875,6630.5,2076.780029296875,14638.0,20522.5,5841.47021484375,8961.48046875,3463.25
2015-07-03,5538.2998046875,6585.7998046875,,14682.400390625,20539.7890625,5840.89990234375,8912.83984375,3441.760009765625
2015-07-06,5475.0,6535.7001953125,2068.760009765625,14593.599609375,20112.119140625,5776.6201171875,8862.7802734375,3365.199951171875
2015-07-07,5581.39990234375,6432.2001953125,2081.340087890625,14624.5,20376.58984375,5803.18017578125,8764.1103515625,3294.18994140625
2015-07-08,5469.5,6490.7001953125,2046.6800537109375,14412.099609375,19737.640625,5767.7001953125,8852.4296875,3327.5
2015-07-09,5471.0,6581.60009765625,2051.31005859375,14278.5,19855.5,5737.43994140625,8985.080078125,3420.030029296875
2015-07-10,5492.0,6673.39990234375,2076.6201171875,14411.099609375,19779.830078125,5725.33984375,9134.1796875,3528.81005859375
2015-07-13,5473.2001953125,6738.0,2099.60009765625,14533.2001953125,20089.76953125,5706.7001953125,9250.099609375,3590.429931640625
2015-07-14,5577.39990234375,6753.7998046875,2108.949951171875,14599.400390625,20385.330078125,5750.8798828125,9311.0703125,3607.18994140625
2015-07-15,5636.2001953125,6753.7998046875,2107.39990234375,14662.2998046875,20463.330078125,5805.9599609375,9319.25,3623.8701171875
2015-07-16,5669.60009765625,6796.5,2124.2900390625,14731.099609375,20600.119140625,5824.14990234375,9458.9599609375,3676.409912109375
2015-07-17,5670.10009765625,6775.10009765625,2126.639892578125,14642.7998046875,20650.919921875,5853.759765625,9446.169921875,3670.340087890625
2015-07-20,5686.89990234375,6788.7001953125,2128.280029296875,14425.599609375,,5861.93017578125,9482.6201171875,3686.580078125
2015-07-21,5706.7001953125,6769.10009765625,2119.2099609375,14376.2001953125,20841.970703125,5876.91015625,9385.4501953125,3647.9599609375
2015-07-22,5614.60009765625,6667.2998046875,2114.14990234375,14307.099609375,20593.669921875,5927.75,9289.259765625,3635.580078125
2015-07-23,5590.2998046875,6655.0,2102.14990234375,14265.400390625,20683.94921875,5901.2998046875,9381.5703125,3634.639892578125
2015-07-24,5566.10009765625,6579.7998046875,2079.64990234375,14186.2001953125,20544.529296875,5894.18017578125,9322.9697265625,3600.0
2015-07-27,5589.89990234375,6505.10009765625,2067.639892578125,14001.400390625,20350.099609375,5872.06005859375,9194.48046875,3513.10009765625
2015-07-28,5584.7001953125,6555.2998046875,2093.25,14077.400390625,20328.890625,5848.39013671875,9275.7197265625,3554.110107421875
2015-07-29,5624.2001953125,6631.0,2108.570068359375,14301.7998046875,20302.91015625,5870.77001953125,9387.9697265625,3575.530029296875
2015-07-30,5669.5,6668.89990234375,2108.6298828125,14382.7998046875,20522.830078125,5891.85009765625,9397.6904296875,3583.7900390625
2015-07-31,5699.2001953125,6696.2998046875,2103.840087890625,14468.400390625,20585.240234375,5920.9599609375,9428.169921875,3600.68994140625
2015-08-03,5679.2998046875,6688.60009765625,2098.0400390625,,20548.109375,5957.85009765625,9468.9697265625,3635.39990234375
2015-08-04,5697.89990234375,6686.60009765625,2093.320068359375,14491.099609375,20520.359375,5933.75,9480.2001953125,3619.31005859375
2015-08-05,5674.0,6752.39990234375,2099.840087890625,14503.0,20614.060546875,5938.509765625,9526.7900390625,3676.75
2015-08-06,5610.10009765625,6747.10009765625,2083.56005859375,14405.900390625,20664.439453125,5928.68994140625,9457.990234375,3668.469970703125
2015-08-07,5474.7998046875,6718.5,2077.570068359375,14302.7001953125,20724.560546875,5868.66015625,9408.26953125,3637.800048828125
2015-08-10,5509.2001953125,6736.2001953125,2104.179931640625,14466.400390625,20808.689453125,5865.02001953125,9510.7802734375,3674.93994140625
2015-08-11,5473.2001953125,6664.5,2084.070068359375,14414.7001953125,20720.75,5822.35009765625,9424.41015625,3605.280029296875
2015-08-12,5382.10009765625,6571.2001953125,2086.050048828125,14339.5,20392.76953125,5757.22021484375,9183.8798828125,3484.409912109375
2015-08-13,5387.89990234375,6568.2998046875,2083.389892578125,14238.400390625,20595.55078125,5737.68994140625,9325.2099609375,3516.14990234375
2015-08-14,5356.5,6550.7001953125,2091.5400390625,14277.900390625,20519.44921875,5696.4501953125,9346.5595703125,3491.030029296875
2015-08-17,5367.7001953125,6550.2998046875,2102.43994140625,14251.5,20620.259765625,5727.419921875,9390.4599609375,3497.89990234375
2015-08-18,5303.10009765625,6526.2998046875,2096.919921875,14193.900390625,20554.470703125,5710.759765625,9383.599609375,3495.3798828125
2015-08-19,5380.2001953125,6403.5,2079.610107421875,14036.599609375,20222.630859375,5750.02978515625,9251.599609375,3429.840087890625
2015-08-20,5288.60009765625,6367.89990234375,2035.72998046875,13737.0,20033.51953125,5742.4599609375,9104.7099609375,3353.47998046875
2015-08-21,5214.60009765625,6187.7001953125,1970.8900146484375,13473.7001953125,19435.830078125,5751.18994140625,8798.5703125,3247.260009765625
2015-08-24,5001.2998046875,5898.89990234375,1893.2099609375,13052.7001953125,18540.6796875,5607.31005859375,8468.8896484375,3073.389892578125
2015-08-25,5137.2998046875,6081.2998046875,1867.6099853515625,13150.900390625,17806.69921875,5613.2900390625,8758.7900390625,3218.010009765625
2015-08-26,5172.7998046875,5979.2001953125,1940.510009765625,13381.599609375,18376.830078125,5577.77978515625,8548.75,3170.72998046875
2015-08-27,5233.2998046875,6192.0,1987.6600341796875,13766.7001953125,18574.439453125,5634.93994140625,8812.580078125,3280.780029296875
2015-08-28,5263.60009765625,6247.89990234375,1988.8699951171875,13865.099609375,19136.3203125,5670.47998046875,8785.099609375,3286.590087890625
2015-08-31,5207.0,,1972.1800537109375,13859.099609375,18890.48046875,5656.240234375,8824.5595703125,3269.6298828125
2015-09-01,5096.39990234375,6058.5,1913.8499755859375,13481.900390625,18165.689453125,5654.990234375,8621.26953125,3188.72998046875
2015-09-02,5101.5,6083.2998046875,1948.8599853515625,13545.2998046875,18095.400390625,5590.2001953125,8626.33984375,3198.860107421875
2015-09-03,5027.7998046875,6194.10009765625,1951.1300048828125,13596.400390625,18182.390625,5569.68017578125,8775.6396484375,3270.090087890625
2015-09-04,5040.60009765625,6042.89990234375,1921.219970703125,13478.2998046875,17792.16015625,5546.8798828125,8652.349609375,3180.25
2015-09-07,5030.39990234375,6074.5,,,17860.470703125,5572.72998046875,8705.5302734375,3197.969970703125
2015-09-08,5115.2001953125,6146.10009765625,1969.4100341796875,13630.7001953125,17427.080078125,5610.31005859375,8760.9501953125,3233.840087890625
2015-09-09,5221.10009765625,6229.0,1942.0400390625,13531.900390625,18770.509765625,5671.419921875,8871.919921875,3269.97998046875
2015-09-10,5095.0,6155.7998046875,1952.2900390625,13569.900390625,18299.619140625,5670.990234375,8778.759765625,3221.139892578125
2015-09-11,5071.10009765625,6117.7998046875,1961.050048828125,13461.5,18264.220703125,5648.22998046875,8772.4404296875,3187.93994140625
2015-09-14,5096.5,6084.60009765625,1953.030029296875,13353.2998046875,17965.69921875,5665.8701171875,8686.169921875,3175.6201171875
2015-09-15,5018.39990234375,6137.60009765625,1978.0899658203125,13462.7001953125,18026.48046875,5652.39013671875,8790.4404296875,3207.60009765625
2015-09-16,5098.89990234375,6229.2001953125,1995.31005859375,13763.7998046875,18171.599609375,5667.97021484375,8871.169921875,3251.7900390625
2015-09-17,5146.7998046875,6187.0,1990.199951171875,13787.2001953125,18432.26953125,5694.22998046875,8849.4296875,3255.7900390625
2015-09-18,5170.5,6104.10009765625,1958.030029296875,13646.900390625,18070.2109375,5712.0400390625,8739.2197265625,3157.300048828125
2015-09-21,5066.2001953125,6108.7001953125,1966.969970703125,13779.400390625,,5683.52001953125,8782.26953125,3184.719970703125
2015-09-22,5103.60009765625,5935.7998046875,1942.739990234375,13491.099609375,,5696.7900390625,8475.4697265625,3076.050048828125
2015-09-23,4998.10009765625,6032.2001953125,1938.760009765625,13383.7001953125,,5654.33984375,8447.6796875,3079.989990234375
2015-09-24,5071.7001953125,5961.5,1932.239990234375,13338.7001953125,17571.830078125,5676.81005859375,8278.0703125,3019.340087890625
2015-09-25,5042.10009765625,6109.0,1931.3399658203125,13378.599609375,17880.509765625,5687.35009765625,8505.9404296875,3113.159912109375
2015-09-28,5113.5,5958.89990234375,1881.77001953125,13004.599609375,17645.109375,5699.1298828125,8381.2197265625,3039.43994140625
2015-09-29,4918.39990234375,5909.2001953125,1884.0899658203125,13037.0,16930.83984375,5612.419921875,8323.48046875,3029.860107421875
2015-09-30,5021.60009765625,6061.60009765625,1920.030029296875,13307.0,17388.150390625,5593.35986328125,8513.41015625,3100.669921875
2015-10-01,5112.10009765625,6072.5,1923.8199462890625,13241.900390625,17722.419921875,5585.419921875,8510.5595703125,3069.050048828125
2015-10-02,5052.0,6130.0,1951.3599853515625,13339.7001953125,17725.130859375,5593.509765625,8515.51953125,3088.179931640625
2015-10-05,5150.5,6298.89990234375,1987.050048828125,13552.2001953125,18005.490234375,5630.5400390625,8740.830078125,3190.389892578125
2015-10-06,5167.39990234375,6326.2001953125,1979.9200439453125,13647.2998046875,18186.099609375,5668.10986328125,8761.6796875,3220.090087890625
2015-10-07,5197.89990234375,6336.39990234375,1995.8299560546875,13868.400390625,18322.98046875,5650.02978515625,8639.0302734375,3226.39990234375
2015-10-08,5210.39990234375,6374.7998046875,2013.4300537109375,13978.7001953125,18141.169921875,5625.77978515625,8674.169921875,3224.9599609375
2015-10-09,5279.7001953125,6416.2001953125,2014.8900146484375,13964.400390625,18438.669921875,5638.7900390625,8680.2099609375,3250.31005859375
2015-10-12,5232.89990234375,6371.2001953125,2017.4599609375,,,5689.830078125,8706.1103515625,3247.330078125
2015-10-13,5202.89990234375,6342.2998046875,2003.68994140625,13844.7001953125,18234.740234375,5702.81005859375,8654.6396484375,3221.280029296875
2015-10-14,5197.2998046875,6269.60009765625,1994.239990234375,13875.2998046875,17891.0,5727.1298828125,8573.3095703125,3191.570068359375
2015-10-15,5230.0,6338.7001953125,2023.8599853515625,13829.0,18096.900390625,5775.7001953125,8653.349609375,3238.81005859375
2015-10-16,5268.2001953125,6378.0,2033.1099853515625,13838.099609375,18291.80078125,5820.009765625,8715.73046875,3264.929931640625
2015-10-19,5269.7001953125,6352.2998046875,2033.6600341796875,13758.400390625,18131.23046875,5834.830078125,8705.66015625,3272.0400390625
2015-10-20,5235.60009765625,6345.10009765625,2030.77001953125,13841.900390625,18207.150390625,5895.490234375,8650.01953125,3255.719970703125
2015-10-21,5248.2998046875,6348.39990234375,2018.93994140625,13704.2001953125,18554.279296875,5918.259765625,8602.1201171875,3272.22998046875
2015-10-22,5263.7998046875,6376.2998046875,2052.510009765625,13878.099609375,18435.869140625,5923.60009765625,8788.919921875,3353.110107421875
2015-10-23,5351.60009765625,6444.10009765625,2075.14990234375,13953.7001953125,18825.30078125,5970.669921875,8910.51953125,3425.81005859375
2015-10-26,5348.0,6417.0,2071.179931640625,13790.900390625,18947.119140625,,8907.8603515625,3414.60009765625
2015-10-27,5346.2001953125,6365.2998046875,2065.889892578125,13699.599609375,18777.0390625,6001.02001953125,8849.919921875,3381.010009765625
2015-10-28,5335.2001953125,6437.7998046875,2090.35009765625,13863.2001953125,18903.01953125,5998.990234375,8932.6396484375,3421.090087890625
2015-10-29,5266.89990234375,6395.7998046875,2089.409912109375,13791.900390625,18935.7109375,6002.97021484375,8957.26953125,3413.389892578125
2015-10-30,5239.39990234375,6361.10009765625,2079.360107421875,13529.2001953125,19083.099609375,5986.3701171875,8938.650390625,3418.22998046875
2015-11-02,5165.7998046875,6361.7998046875,2104.050048828125,13623.0,18683.240234375,5983.83984375,8936.080078125,3434.5
2015-11-03,5239.2001953125,6383.60009765625,2109.7900390625,13710.2998046875,,6021.97021484375,8935.5,3442.679931640625
2015-11-04,5242.2998046875,6412.89990234375,2102.31005859375,13661.7998046875,18926.91015625,6071.2099609375,8951.759765625,3439.159912109375
2015-11-05,5193.0,6364.89990234375,2099.929931640625,13558.7998046875,19116.41015625,6073.6298828125,8990.16015625,3447.489990234375
2015-11-06,5215.0,6353.7998046875,2099.199951171875,13553.2998046875,19265.599609375,6069.740234375,8970.26953125,3468.2099609375
2015-11-09,5119.5,6295.2001953125,2078.580078125,13482.599609375,19642.740234375,6047.89013671875,8876.669921875,3418.360107421875
2015-11-10,5099.2001953125,6275.2998046875,2081.719970703125,13411.599609375,19671.259765625,6002.81005859375,8849.76953125,3425.39990234375
2015-11-11,5122.60009765625,6297.2001953125,2075.0,13341.900390625,19691.390625,6013.52978515625,8884.5498046875,3448.419921875
2015-11-12,5125.7001953125,6178.7001953125,2045.969970703125,13127.2001953125,19697.76953125,6023.9599609375,8816.9404296875,3387.699951171875
2015-11-13,5051.2998046875,6118.2998046875,2023.0400390625,13075.400390625,19596.91015625,5989.02978515625,8749.83984375,3360.64990234375
2015-11-16,5003.7998046875,6146.39990234375,2053.18994140625,13317.5,19393.689453125,5961.669921875,8727.08984375,3362.22998046875
2015-11-17,5118.2001953125,6268.7998046875,2050.43994140625,13280.400390625,19630.630859375,5967.60986328125,8952.580078125,3451.93994140625
2015-11-18,5133.10009765625,6279.0,2083.580078125,13400.0,19649.1796875,5979.81005859375,8990.9599609375,3431.919921875
2015-11-19,5242.60009765625,6329.89990234375,2081.239990234375,13473.7998046875,19859.810546875,5995.25,9008.650390625,3448.929931640625
2015-11-20,5256.10009765625,6334.60009765625,2089.169921875,13433.5,19879.810546875,6008.52001953125,9015.830078125,3452.449951171875
2015-11-23,5276.39990234375,6305.5,2086.590087890625,13382.400390625,,6077.6201171875,8924.41015625,3445.260009765625
2015-11-24,5226.39990234375,6277.2001953125,2089.139892578125,13407.7998046875,19924.890625,6101.27001953125,8808.5302734375,3409.60009765625
2015-11-25,5193.7001953125,6337.60009765625,2088.8701171875,13403.400390625,19847.580078125,6069.14013671875,8934.48046875,3462.06005859375
2015-11-26,5210.7001953125,6393.10009765625,,13425.2001953125,19944.41015625,6087.89990234375,8968.25,3498.6201171875
2015-11-27,5202.60009765625,6375.2001953125,2090.110107421875,13368.2001953125,19883.939453125,6101.02001953125,9002.9599609375,3488.989990234375
2015-11-30,5166.5,6356.10009765625,2080.409912109375,13469.7998046875,19747.470703125,6100.14990234375,8993.099609375,3506.449951171875
2015-12-01,5266.10009765625,6395.7001953125,2102.6298828125,13636.099609375,20012.400390625,6150.68017578125,8993.240234375,3479.639892578125
2015-12-02,5258.2998046875,6420.89990234375,2079.510009765625,13463.7998046875,19938.130859375,6143.31982421875,9016.5595703125,3468.659912109375
2015-12-03,5227.7001953125,6275.0,2049.6201171875,13324.7001953125,19939.900390625,6125.669921875,8852.1396484375,3343.340087890625
2015-12-04,5151.60009765625,6238.2998046875,2091.68994140625,13358.7998046875,19504.48046875,6094.81982421875,8802.8896484375,3330.75
2015-12-07,5155.7001953125,6223.5,2077.070068359375,13042.7998046875,19698.150390625,6064.43017578125,8825.2802734375,3360.2099609375
2015-12-08,5108.60009765625,6135.2001953125,2063.590087890625,12922.5,19492.599609375,6035.0,8701.2001953125,3297.4599609375
2015-12-09,5080.5,6126.7001953125,2047.6199951171875,12937.599609375,19301.0703125,6053.5498046875,8624.9501953125,3277.2099609375
2015-12-10,5037.7001953125,6088.10009765625,2052.22998046875,13016.599609375,19046.55078125,6040.56005859375,8632.6298828125,3269.969970703125
2015-12-11,5029.5,5952.7998046875,2012.3699951171875,12790.0,19230.48046875,6069.9501953125,8502.0595703125,3203.2099609375
2015-12-14,4928.60009765625,5874.10009765625,2021.93994140625,12695.5,18883.419921875,6035.25,8375.3095703125,3139.239990234375
2015-12-15,4909.60009765625,6017.7998046875,2043.4100341796875,12919.599609375,18565.900390625,6040.5498046875,8581.5595703125,3241.510009765625
2015-12-16,5028.39990234375,6061.2001953125,2073.070068359375,13166.099609375,19049.91015625,6070.93994140625,8604.080078125,3246.780029296875
2015-12-17,5102.0,6102.5,2041.8900146484375,13009.900390625,19353.560546875,6088.330078125,8656.2998046875,3306.469970703125
2015-12-18,5106.7001953125,6052.39990234375,2005.550048828125,13024.2998046875,18986.80078125,6107.83984375,8608.91015625,3260.719970703125
2015-12-21,5109.0,6034.7998046875,2021.1500244140625,13034.400390625,18916.01953125,6120.81982421875,8544.349609375,3213.010009765625
2015-12-22,5116.7001953125,6083.10009765625,2038.969970703125,13082.900390625,18886.69921875,6147.97021484375,8515.8203125,3214.320068359375
2015-12-23,5141.7998046875,6241.0,2064.2900390625,13284.900390625,,6195.33984375,8705.740234375,3286.679931640625
2015-12-24,5207.60009765625,6254.60009765625,2060.989990234375,13309.7998046875,18789.689453125,6225.52978515625,,
2015-12-25,,,,,18769.060546875,,,
2015-12-28,,,2056.5,,18873.349609375,,8739.3603515625,3256.489990234375
2015-12-29,5267.2998046875,6314.60009765625,2078.360107421875,13245.7998046875,18982.23046875,6292.43994140625,8883.009765625,3314.280029296875
2015-12-30,5319.89990234375,6274.10009765625,2063.360107421875,13142.2998046875,19033.7109375,6319.39013671875,8818.08984375,3287.97998046875
2015-12-31,5295.89990234375,6242.2998046875,2043.93994140625,13010.0,,6324.259765625,,
2016-01-04,5270.5,6093.39990234375,2012.6600341796875,12927.2001953125,18450.98046875,,8656.3095703125,3164.760009765625
2016-01-05,5184.39990234375,6137.2001953125,2016.7099609375,12920.099609375,18374.0,6278.10009765625,8701.4599609375,3178.010009765625
2016-01-06,5123.10009765625,6073.39990234375,1990.260009765625,12726.7998046875,18191.3203125,6262.52001953125,8613.419921875,3139.320068359375
2016-01-07,5010.2998046875,5954.10009765625,1943.0899658203125,12448.2001953125,17767.33984375,6213.39013671875,8449.8603515625,3084.679931640625
2016-01-08,4990.7998046875,5912.39990234375,1922.030029296875,12445.5,17697.9609375,6158.10009765625,8257.2802734375,3033.469970703125
2016-01-11,4932.2001953125,5871.7998046875,1923.6700439453125,12319.2998046875,,6102.830078125,8213.51953125,3027.489990234375
2016-01-12,4925.10009765625,5929.2001953125,1938.6800537109375,12373.900390625,17218.9609375,6112.35009765625,8332.0400390625,3064.659912109375
2016-01-13,4987.39990234375,5961.0,1890.280029296875,12170.400390625,17715.630859375,6151.8701171875,8414.830078125,3073.02001953125
2016-01-14,4909.39990234375,5918.2001953125,1921.8399658203125,12336.0,17240.94921875,6109.2900390625,8305.4697265625,3024.0
2016-01-15,4892.7998046875,5804.10009765625,1880.3299560546875,12073.5,17147.109375,6169.08984375,8107.1298828125,2952.47998046875
2016-01-18,4858.7001953125,5779.89990234375,,11942.2001953125,16955.5703125,6101.43994140625,8099.080078125,2935.389892578125
2016-01-19,4903.10009765625,5876.7998046875,1881.3299560546875,12002.2001953125,17048.369140625,6124.2001953125,8223.759765625,2980.489990234375
2016-01-20,4841.5,5673.60009765625,1859.3299560546875,11843.099609375,16416.189453125,6113.72021484375,7966.33984375,2882.590087890625
2016-01-21,4864.0,5773.7998046875,1868.989990234375,12035.900390625,16017.259765625,6080.89990234375,8035.06005859375,2943.919921875
2016-01-22,4916.0,5900.0,1906.9000244140625,12389.599609375,16958.529296875,6121.60986328125,8271.1103515625,3023.2099609375
2016-01-25,5006.60009765625,5877.0,1877.0799560546875,12143.2001953125,17110.91015625,6175.25,8253.33984375,3001.780029296875
2016-01-26,,5911.5,1903.6300048828125,12331.2998046875,16708.900390625,6142.16015625,8314.4697265625,3032.840087890625
2016-01-27,4946.39990234375,5990.39990234375,1882.949951171875,12377.7998046875,17163.919921875,6141.93994140625,8322.6796875,3043.469970703125
2016-01-28,4976.2001953125,5931.7998046875,1893.3599853515625,12591.900390625,17041.44921875,6149.7001953125,8153.27001953125,2979.419921875
2016-01-29,5005.5,6083.7998046875,1940.239990234375,12822.099609375,17518.30078125,6170.22021484375,8319.8095703125,3045.090087890625
2016-02-01,5043.60009765625,6060.10009765625,1939.3800048828125,12674.400390625,17865.23046875,6174.490234375,8310.990234375,3021.010009765625
2016-02-02,4993.2998046875,5922.0,1903.030029296875,12442.2998046875,17750.6796875,6180.080078125,8196.990234375,2951.85009765625
2016-02-03,4876.7998046875,5837.10009765625,1912.530029296875,12593.0,17191.25,6133.3798828125,8123.740234375,2896.6298828125
2016-02-04,4980.39990234375,5898.7998046875,1915.449951171875,12774.5,17044.990234375,6137.7001953125,8003.39990234375,2905.300048828125
2016-02-05,4976.2001953125,5848.10009765625,1880.050048828125,12764.0,16819.58984375,6153.7998046875,7960.1298828125,2879.389892578125
2016-02-08,4975.39990234375,5689.39990234375,1853.43994140625,12535.400390625,17004.30078125,,7759.2099609375,2785.169921875
2016-02-09,4832.10009765625,5632.2001953125,1852.2099609375,12282.7001953125,16085.4404296875,6071.31005859375,7583.27001953125,2736.5
2016-02-10,4775.7001953125,5672.2998046875,1851.8599853515625,12185.7001953125,15713.3896484375,6019.490234375,7731.93017578125,2789.050048828125
2016-02-11,4821.10009765625,5537.0,1829.0799560546875,12087.400390625,,5987.02001953125,7496.6201171875,2680.35009765625
2016-02-12,4765.2998046875,5707.60009765625,1864.780029296875,12381.2001953125,14952.6103515625,5933.9599609375,7656.60009765625,2756.159912109375
2016-02-15,4843.5,5824.2998046875,,,16022.580078125,6034.27978515625,7848.330078125,2833.8701171875
2016-02-16,4910.0,5862.2001953125,1895.5799560546875,12555.0,16054.4296875,6075.3701171875,7813.7900390625,2821.260009765625
2016-02-17,4882.10009765625,6030.2998046875,1926.8199462890625,12867.2001953125,15836.3603515625,6085.56005859375,7946.18994140625,2897.719970703125
2016-02-18,4992.0,5972.0,1917.8299560546875,12931.400390625,16196.7998046875,6111.08984375,7916.60986328125,2895.14990234375
2016-02-19,4952.7998046875,5950.2001953125,1917.780029296875,12813.400390625,15967.169921875,6141.7099609375,7863.35986328125,2871.050048828125
2016-02-22,5001.2001953125,6037.7001953125,1945.5,12845.599609375,16111.0498046875,6139.4599609375,7961.490234375,2933.909912109375
2016-02-23,4979.60009765625,5962.2998046875,1921.27001953125,12763.400390625,16052.0498046875,6175.669921875,7807.009765625,2887.3798828125
2016-02-24,4875.0,5867.2001953125,1929.800048828125,12740.2998046875,15915.7900390625,6230.3701171875,7689.56005859375,2820.239990234375
2016-02-25,4881.2001953125,6012.7998046875,1951.699951171875,12753.599609375,16140.33984375,6225.27978515625,7794.0498046875,2877.419921875
2016-02-26,4880.0,6096.0,1948.050048828125,12797.7998046875,16188.41015625,6224.97998046875,7877.02978515625,2929.159912109375
2016-02-29,4880.89990234375,6097.10009765625,1932.22998046875,12860.400390625,16026.759765625,6230.8701171875,7843.6298828125,2945.75
2016-03-01,4922.2998046875,6152.89990234375,1978.3499755859375,12982.099609375,16085.509765625,6280.89990234375,7962.22021484375,2996.389892578125
2016-03-02,5021.2001953125,6147.10009765625,1986.449951171875,13017.900390625,16746.55078125,6313.06982421875,8039.89013671875,3022.139892578125
2016-03-03,5081.10009765625,6130.5,1993.4000244140625,13123.7001953125,16960.16015625,6380.85986328125,7950.83984375,3012.8701171875
2016-03-04,5090.0,6199.39990234375,1999.989990234375,13212.5,17014.779296875,6418.1298828125,7982.56982421875,3037.35009765625
2016-03-07,5142.7998046875,6182.39990234375,2001.760009765625,13383.599609375,16911.3203125,6418.93017578125,8019.1298828125,3021.090087890625
2016-03-08,5108.0,6125.39990234375,1979.260009765625,13311.099609375,16783.150390625,6446.72021484375,7971.14990234375,3002.010009765625
2016-03-09,5157.2001953125,6146.2998046875,1989.260009765625,13392.900390625,16642.19921875,6457.259765625,7975.81005859375,3016.179931640625
2016-03-10,5150.10009765625,6036.7001953125,1989.5699462890625,13379.099609375,16852.349609375,6508.27978515625,7893.66015625,2970.780029296875
2016-03-11,5166.39990234375,6139.7998046875,2022.18994140625,13522.0,16938.869140625,6515.41015625,7998.43017578125,3073.800048828125
2016-03-14,5185.5,6174.60009765625,2019.6400146484375,13477.5,17233.75,6566.830078125,8018.35986328125,3091.97998046875
2016-03-15,5111.39990234375,6140.0,2015.9300537109375,13400.2998046875,17117.0703125,6577.81982421875,7953.93017578125,3067.2099609375
2016-03-16,5119.0,6175.5,2027.219970703125,13478.099609375,16974.44921875,6562.9599609375,7916.43017578125,3062.050048828125
2016-03-17,5168.2001953125,6201.10009765625,2040.5899658203125,13621.2998046875,16936.380859375,6573.4501953125,7861.7900390625,3043.10009765625
2016-03-18,5183.10009765625,6189.60009765625,2049.580078125,13497.099609375,16724.810546875,6623.5,7813.68017578125,3059.77001953125
2016-03-21,5166.60009765625,6184.60009765625,2051.60009765625,13561.099609375,,6641.93994140625,7849.56982421875,3048.77001953125
2016-03-22,5166.60009765625,6192.7001953125,2049.800048828125,13493.5,17048.55078125,6664.25,7853.06982421875,3051.22998046875
2016-03-23,5142.2998046875,6199.10009765625,2036.7099609375,13379.5,17000.98046875,6668.8701171875,7894.35986328125,3042.419921875
2016-03-24,5084.2001953125,6106.5,2035.93994140625,13358.099609375,16892.330078125,6662.5498046875,7775.580078125,2986.72998046875
2016-03-25,,,,,17002.75,,,
2016-03-28,,,2037.050048828125,13390.2001953125,17134.369140625,,,
2016-03-29,5004.5,6105.89990234375,2055.010009765625,13426.2001953125,17103.529296875,6676.330078125,7797.64990234375,3004.8701171875
2016-03-30,5010.2998046875,6203.2001953125,2063.949951171875,13504.0,16878.9609375,6714.16015625,7845.080078125,3044.10009765625
2016-03-31,5082.7998046875,6174.89990234375,2059.739990234375,13494.400390625,16758.669921875,6752.419921875,7807.89013671875,3004.929931640625
2016-04-01,4999.39990234375,6146.10009765625,2072.780029296875,13440.400390625,16164.16015625,6708.02001953125,7688.33984375,2953.280029296875
2016-04-04,4995.2998046875,6164.7001953125,2066.1298828125,13336.2001953125,16123.26953125,6743.60009765625,7731.81005859375,2962.280029296875
2016-04-05,4924.39990234375,6091.2001953125,2045.1700439453125,13304.7001953125,15732.8203125,6715.81005859375,7673.669921875,2890.35009765625
2016-04-06,4945.89990234375,6161.60009765625,2066.659912109375,13347.5,15715.3603515625,6734.27001953125,7768.22998046875,2909.360107421875
2016-04-07,4964.10009765625,6136.89990234375,2041.9100341796875,13266.400390625,15749.83984375,6755.22998046875,7761.35009765625,2871.570068359375
2016-04-08,4937.60009765625,6204.39990234375,2047.5999755859375,13396.7001953125,15821.51953125,6730.27978515625,7817.5498046875,2911.97998046875
2016-04-11,4931.5,6200.10009765625,2041.989990234375,13422.7998046875,15751.1298828125,6725.10009765625,7751.580078125,2924.22998046875
2016-04-12,4975.60009765625,6242.39990234375,2061.719970703125,13581.400390625,15928.7900390625,6726.02001953125,7788.77978515625,2942.090087890625
2016-04-13,5054.7001953125,6362.89990234375,2082.419921875,13671.400390625,16381.2197265625,6777.91015625,7934.4599609375,3039.18994140625
2016-04-14,5118.60009765625,6365.10009765625,2082.780029296875,13668.2998046875,16911.05078125,6823.81005859375,8021.0,3060.860107421875
2016-04-15,5157.5,6343.7998046875,2080.72998046875,13637.2001953125,16848.029296875,6844.740234375,8014.60009765625,3054.340087890625
2016-04-18,5137.10009765625,6353.5,2094.340087890625,13719.7998046875,16275.9501953125,6851.2001953125,8044.60009765625,3064.030029296875
2016-04-19,5188.7998046875,6405.39990234375,2100.800048828125,13867.2998046875,16874.439453125,6873.0400390625,8152.759765625,3112.989990234375
2016-04-20,5216.0,6410.2998046875,2102.39990234375,13911.2998046875,16906.5390625,6901.259765625,8186.97021484375,3142.52001953125
2016-04-21,5272.7001953125,6381.39990234375,2091.47998046875,13881.2001953125,17363.619140625,6906.10009765625,8159.669921875,3151.68994140625
2016-04-22,5236.39990234375,6310.39990234375,2091.580078125,13874.0,17572.490234375,6866.10986328125,8109.43994140625,3141.1201171875
2016-04-25,,6260.89990234375,2087.7900390625,13796.0,17439.30078125,,8079.89013671875,3117.6201171875
2016-04-26,5220.60009765625,6284.5,2091.699951171875,13809.400390625,17353.279296875,6795.72021484375,8077.18017578125,3121.2900390625
2016-04-27,5187.7001953125,6319.89990234375,2095.14990234375,13887.7001953125,17290.490234375,6750.39990234375,8096.759765625,3130.429931640625
2016-04-28,5225.39990234375,6322.39990234375,2075.81005859375,13886.400390625,16666.05078125,6789.97998046875,8099.419921875,3125.429931640625
2016-04-29,5252.2001953125,6241.89990234375,2065.300048828125,13951.5,,6820.580078125,7960.85009765625,3028.2099609375
2016-05-02,5243.0,,2081.429931640625,13865.599609375,16147.3798828125,6791.81982421875,7977.77001953125,3032.60009765625
2016-05-03,5353.7998046875,6185.60009765625,2063.3701171875,13707.7001953125,,6843.009765625,7850.68017578125,2974.199951171875
2016-05-04,5271.10009765625,6112.0,2051.1201171875,13632.0,,6824.5,7752.97021484375,2938.75
2016-05-05,5279.10009765625,6117.2998046875,2050.6298828125,13632.0,,6876.47998046875,,
2016-05-06,5292.0,6125.7001953125,2057.139892578125,13701.5,16106.7197265625,6898.10986328125,7735.60009765625,2936.840087890625
2016-05-09,5320.7001953125,6114.7998046875,2058.68994140625,13563.7998046875,16216.0302734375,6885.0498046875,7824.9501953125,2955.830078125
2016-05-10,5342.7998046875,6156.7001953125,2084.389892578125,13775.2001953125,16565.189453125,6909.39990234375,7934.93017578125,2978.969970703125
2016-05-11,5372.2998046875,6162.5,2064.4599609375,13788.2001953125,16579.009765625,6944.33984375,7937.8798828125,2956.7099609375
2016-05-12,5359.2998046875,6104.2001953125,2064.110107421875,13787.7998046875,16646.33984375,6923.169921875,7885.85009765625,2935.4599609375
2016-05-13,5329.0,6138.5,2046.6099853515625,13748.599609375,16412.2109375,6916.56982421875,7925.759765625,2956.6298828125
2016-05-16,5358.89990234375,6151.39990234375,2066.659912109375,13893.5,16466.400390625,6914.1298828125,,
2016-05-17,5395.89990234375,6167.7998046875,2047.2099609375,13917.099609375,16652.80078125,6974.8701171875,7906.759765625,2938.090087890625
2016-05-18,5356.2001953125,6165.7998046875,2047.6300048828125,13826.0,16644.689453125,6982.64013671875,7973.93017578125,2956.429931640625
2016-05-19,5323.2998046875,6053.39990234375,2040.0400390625,13817.2998046875,16646.66015625,6903.6201171875,7908.7900390625,2919.219970703125
2016-05-20,5351.2998046875,6156.2998046875,2052.320068359375,13919.599609375,16736.349609375,6909.85986328125,7997.2998046875,2962.159912109375
2016-05-23,5318.89990234375,6136.39990234375,2048.0400390625,,16654.599609375,6907.77001953125,8038.4599609375,2932.929931640625
2016-05-24,5295.60009765625,6219.2998046875,2076.06005859375,13952.900390625,16498.759765625,6872.66015625,8125.240234375,3010.1201171875
2016-05-25,5372.5,6262.89990234375,2090.5400390625,14053.7001953125,16757.349609375,6908.0400390625,8167.60986328125,3061.60009765625
2016-05-26,5388.10009765625,6265.7001953125,2090.10009765625,14049.2001953125,16772.4609375,6947.89013671875,8229.5498046875,3071.2099609375
2016-05-27,5405.89990234375,6270.7998046875,2099.06005859375,14105.2001953125,16834.83984375,6992.5400390625,8292.4501953125,3078.47998046875
2016-05-30,5408.0,,,14086.7001953125,17068.01953125,7019.64013671875,8277.830078125,3090.010009765625
2016-05-31,5378.60009765625,6230.7998046875,2096.949951171875,14065.7998046875,17234.98046875,7039.419921875,8216.419921875,3063.47998046875
2016-06-01,5323.2001953125,6191.89990234375,2099.330078125,14063.5,16955.73046875,7022.39990234375,8185.52978515625,3038.77001953125
2016-06-02,5278.89990234375,6185.60009765625,2105.260009765625,14137.0,16562.55078125,7003.1201171875,8205.8203125,3033.860107421875
2016-06-03,5318.89990234375,6209.60009765625,2099.1298828125,14226.7998046875,16642.23046875,7024.3798828125,8148.39990234375,2997.550048828125
2016-06-06,5360.39990234375,6273.39990234375,2109.409912109375,14276.2001953125,16580.029296875,,8165.97998046875,3001.89990234375
2016-06-07,5371.0,6284.5,2112.1298828125,14365.599609375,16675.44921875,7037.31005859375,8215.7802734375,3040.68994140625
2016-06-08,5370.0,6301.5,2119.1201171875,14313.099609375,16830.919921875,6991.509765625,8143.759765625,3019.760009765625
2016-06-09,5361.89990234375,6231.89990234375,2115.47998046875,14240.0,16668.41015625,6970.5498046875,8076.35009765625,2989.030029296875
2016-06-10,5312.60009765625,6115.7998046875,2096.070068359375,14037.5,16601.359375,6971.77978515625,7922.7099609375,2911.110107421875
2016-06-13,,6045.0,2079.06005859375,13993.900390625,16019.1796875,6924.27001953125,7782.35009765625,2853.52001953125
2016-06-14,5203.2998046875,5923.5,2075.320068359375,13884.2001953125,15859.0,6834.9501953125,7638.77001953125,2797.179931640625
2016-06-15,5147.10009765625,5966.7998046875,2071.5,13923.5,15919.580078125,6869.56005859375,7679.490234375,2830.300048828125
2016-06-16,5146.0,5950.5,2077.989990234375,13882.400390625,15434.1396484375,6888.56982421875,7634.66015625,2819.300048828125
2016-06-17,5162.7001953125,6021.10009765625,2071.219970703125,13901.7998046875,15599.66015625,6847.06005859375,7713.60986328125,2849.169921875
2016-06-20,5256.7998046875,6204.0,2083.25,14015.099609375,15965.2998046875,6869.5400390625,7900.22021484375,2942.8798828125
2016-06-21,5274.39990234375,6226.60009765625,2088.89990234375,14012.2998046875,16169.1103515625,6839.39990234375,7935.75,2967.340087890625
2016-06-22,5270.89990234375,6261.2001953125,2085.449951171875,14003.7998046875,16065.7197265625,6781.72998046875,7972.14013671875,2978.31005859375
2016-06-23,5280.7001953125,6338.10009765625,2113.320068359375,14131.400390625,16238.349609375,6821.35009765625,8023.0498046875,3037.860107421875
2016-06-24,5113.2001953125,6138.7001953125,2037.4100341796875,13891.900390625,14952.01953125,6667.77978515625,7747.18017578125,2776.090087890625
2016-06-27,5137.2001953125,5982.2001953125,2000.5400390625,13689.7998046875,15309.2099609375,6686.93017578125,7594.490234375,2697.43994140625
2016-06-28,5103.2998046875,6140.39990234375,2036.0899658203125,13842.7001953125,15323.1396484375,6716.580078125,7773.7998046875,2758.669921875
2016-06-29,5142.39990234375,6360.10009765625,2070.77001953125,14036.7001953125,15566.830078125,6804.2001953125,7978.9599609375,2832.179931640625
2016-06-30,5233.39990234375,6504.2998046875,2098.860107421875,14064.5,15575.919921875,6897.52978515625,8020.14990234375,2864.739990234375
2016-07-01,5246.60009765625,6577.7998046875,2102.949951171875,,15682.48046875,6926.22998046875,8085.2099609375,2883.06005859375
2016-07-04,5281.7998046875,6522.2998046875,,14258.900390625,15775.7998046875,6940.9501953125,8056.7099609375,2862.2099609375
2016-07-05,5228.0,6545.39990234375,2088.550048828125,14219.599609375,15669.330078125,6970.990234375,7941.669921875,2812.8798828125
2016-07-06,5197.5,6463.60009765625,2099.72998046875,14231.099609375,15378.990234375,6977.22998046875,7898.2099609375,2761.3701171875
2016-07-07,5227.89990234375,6533.7998046875,2097.89990234375,14134.5,15276.240234375,7007.52001953125,7964.22998046875,2780.10009765625
2016-07-08,5230.5,6590.60009765625,2129.89990234375,14259.7998046875,15106.98046875,7000.10009765625,8037.93994140625,2838.010009765625
2016-07-11,5337.10009765625,6682.89990234375,2137.159912109375,14361.900390625,15708.8203125,7062.4501953125,8117.10986328125,2885.320068359375
2016-07-12,5353.2001953125,6680.7001953125,2152.139892578125,14477.7001953125,16095.650390625,7079.4599609375,8143.1298828125,2933.43994140625
2016-07-13,5388.5,6670.39990234375,2152.429931640625,14493.7998046875,16231.4296875,7064.31982421875,8142.330078125,2926.139892578125
2016-07-14,5411.60009765625,6654.5,2163.75,14514.5,16385.890625,7080.330078125,8174.02001953125,2963.070068359375
2016-07-15,5429.60009765625,6669.2001953125,2161.739990234375,14482.400390625,16497.849609375,7072.8798828125,8156.259765625,2958.64990234375
2016-07-18,5458.5,6695.39990234375,2166.889892578125,14532.400390625,,7105.9501953125,8161.60009765625,2949.169921875
2016-07-19,5451.2998046875,6697.39990234375,2163.780029296875,14524.599609375,16723.310546875,7154.830078125,8111.47998046875,2931.10009765625
2016-07-20,5488.7001953125,6729.0,2173.02001953125,14533.599609375,16681.890625,7172.669921875,8197.4296875,2966.949951171875
2016-07-21,5512.39990234375,6699.89990234375,2165.169921875,14565.7998046875,16810.220703125,7214.0498046875,8182.4501953125,2968.489990234375
2016-07-22,5498.2001953125,6730.5,2175.030029296875,14600.7001953125,16627.25,7226.0498046875,8194.73046875,2972.22998046875
2016-07-25,5533.60009765625,6710.10009765625,2168.47998046875,14498.099609375,16620.2890625,7317.31005859375,8194.41015625,2973.219970703125
2016-07-26,5537.5,6724.0,2169.179931640625,14550.0,16383.0400390625,7310.39013671875,8227.2001953125,2978.89990234375
2016-07-27,5539.7001953125,6750.39990234375,2166.580078125,14546.5,16664.8203125,7301.89990234375,8221.330078125,2999.47998046875
2016-07-28,5556.60009765625,6721.10009765625,2170.06005859375,14552.7001953125,16476.83984375,7306.35009765625,8095.06982421875,2966.10009765625
2016-07-29,5562.2998046875,6724.39990234375,2173.60009765625,14582.7001953125,16569.26953125,7348.1298828125,8127.2001953125,2990.760009765625
2016-08-01,5587.39990234375,6694.0,2170.840087890625,,16635.76953125,7356.6298828125,,
2016-08-02,5540.5,6645.39990234375,2157.030029296875,14477.0,16391.44921875,7329.2001953125,8011.240234375,2906.97998046875
2016-08-03,5465.7001953125,6634.39990234375,2163.7900390625,14512.099609375,16083.1103515625,7277.39990234375,8010.10009765625,2911.06005859375
2016-08-04,5475.7998046875,6740.2001953125,2164.25,14528.7998046875,16254.8896484375,7298.080078125,8081.14013671875,2932.340087890625
2016-08-05,5497.39990234375,6793.5,2182.8701171875,14648.7998046875,16254.4501953125,7308.419921875,8194.33984375,2973.7099609375
2016-08-08,5537.7998046875,6809.10009765625,2180.889892578125,14755.599609375,16650.5703125,7348.2998046875,8168.83984375,2982.919921875
2016-08-09,5552.5,6851.2998046875,2181.739990234375,14801.2001953125,16764.970703125,7363.16015625,8229.419921875,3029.179931640625
2016-08-10,5543.7001953125,6866.39990234375,2175.489990234375,14775.0,16735.119140625,7349.60986328125,8208.900390625,3018.4599609375
2016-08-11,5508.0,6914.7001953125,2185.7900390625,14796.099609375,,7353.81982421875,8296.1396484375,3049.030029296875
2016-08-12,5530.89990234375,6916.0,2184.050048828125,14747.5,16919.919921875,7363.10009765625,8295.0400390625,3044.93994140625
2016-08-15,5540.0,6941.2001953125,2190.14990234375,14777.0,16869.560546875,7388.35009765625,8305.2802734375,3046.64990234375
2016-08-16,5532.0,6893.89990234375,2178.14990234375,14703.400390625,16596.509765625,7310.669921875,8215.4501953125,3016.18994140625
2016-08-17,5535.0,6859.2001953125,2182.219970703125,14697.599609375,16745.640625,7355.02001953125,8153.7998046875,2980.5400390625
2016-08-18,5507.7998046875,6869.0,2187.02001953125,14695.7001953125,16486.009765625,7385.1201171875,8189.72998046875,2995.300048828125
2016-08-19,5526.7001953125,6859.0,2183.8701171875,14687.5,16545.8203125,7405.25,8127.27978515625,2968.199951171875
2016-08-22,5515.10009765625,6828.5,2182.639892578125,14748.2001953125,16598.189453125,7462.16015625,8157.85009765625,2960.3701171875
2016-08-23,5553.7998046875,6868.5,2186.89990234375,14764.7998046875,16497.359375,7467.330078125,8201.6103515625,2993.72998046875
2016-08-24,5561.7001953125,6835.7998046875,2175.43994140625,14626.2001953125,16597.30078125,7410.2998046875,8199.830078125,3008.590087890625
2016-08-25,5541.89990234375,6816.89990234375,2172.469970703125,14630.7001953125,16555.94921875,7427.27978515625,8141.27978515625,2987.68994140625
2016-08-26,5515.5,6838.10009765625,2169.0400390625,14639.900390625,16360.7099609375,7391.2998046875,8168.31982421875,3010.360107421875
2016-08-29,5469.2001953125,,2180.3798828125,14682.0,16737.490234375,7367.259765625,8184.08984375,2998.5
2016-08-30,5478.2998046875,6820.7998046875,2176.1201171875,14684.900390625,16725.359375,7387.9501953125,8236.009765625,3030.75
2016-08-31,5433.0,6781.5,2170.949951171875,14598.0,16887.400390625,7398.830078125,8202.1298828125,3023.1298828125
2016-09-01,5415.60009765625,6746.0,2170.860107421875,14683.900390625,16926.83984375,7423.18994140625,8142.64013671875,3017.489990234375
2016-09-02,5372.7998046875,6894.60009765625,2179.97998046875,14795.7001953125,16925.6796875,7426.10986328125,8294.2998046875,3079.739990234375
2016-09-05,5429.60009765625,6879.39990234375,,,17037.630859375,7491.83984375,8310.3701171875,3077.659912109375
2016-09-06,5413.60009765625,6826.10009765625,2186.47998046875,14813.0,17081.98046875,7503.5400390625,8304.33984375,3070.159912109375
2016-09-07,5424.2001953125,6846.60009765625,2186.159912109375,14796.7998046875,17012.439453125,7571.10009765625,8320.990234375,3091.659912109375
2016-09-08,5385.7998046875,6858.7001953125,2181.300048828125,14803.2998046875,16958.76953125,7534.72998046875,8315.2001953125,3083.5400390625
2016-09-09,5339.2001953125,6777.0,2127.81005859375,14540.0,16965.759765625,7468.58984375,8264.1298828125,3053.199951171875
2016-09-12,5219.60009765625,6700.89990234375,2159.0400390625,14597.099609375,16672.919921875,7279.759765625,8206.2001953125,3012.8798828125
2016-09-13,5207.7998046875,6665.60009765625,2127.02001953125,14349.099609375,16729.0390625,7249.22998046875,8174.72998046875,2974.800048828125
2016-09-14,5227.7001953125,6673.2998046875,2125.77001953125,14366.5,16614.240234375,7210.72021484375,8162.64990234375,2964.89990234375
2016-09-15,5239.89990234375,6730.2998046875,2147.260009765625,14503.7001953125,16405.009765625,7196.240234375,8184.83984375,2973.77001953125
2016-09-16,5296.7001953125,6710.2998046875,2139.159912109375,14450.7001953125,16519.2890625,7250.509765625,8130.43994140625,2935.25
2016-09-19,5294.7998046875,6813.60009765625,2139.1201171875,14496.2001953125,,7278.1201171875,8195.7099609375,2968.31005859375
2016-09-20,5303.60009765625,6830.7998046875,2139.760009765625,14522.0,16492.150390625,7308.4501953125,8237.5400390625,2964.860107421875
2016-09-21,5339.60009765625,6834.7998046875,2163.1201171875,14710.7998046875,16807.619140625,7281.169921875,8226.4697265625,2982.179931640625
2016-09-22,5374.5,6911.39990234375,2177.179931640625,14797.2001953125,,7311.7099609375,8307.6298828125,3051.68994140625
2016-09-23,5431.2998046875,6909.39990234375,2164.68994140625,14697.900390625,16754.01953125,7296.740234375,8272.8896484375,3032.31005859375
2016-09-26,5431.39990234375,6818.0,2146.10009765625,14619.5,16544.560546875,7264.8701171875,8165.0498046875,2975.8798828125
2016-09-27,5405.89990234375,6807.7001953125,2159.929931640625,14558.0,16683.9296875,7252.919921875,8175.419921875,2970.840087890625
2016-09-28,5412.39990234375,6849.39990234375,2171.3701171875,14731.400390625,16465.400390625,7290.4501953125,8220.0703125,2991.110107421875
2016-09-29,5471.2998046875,6919.39990234375,2151.1298828125,14754.599609375,16693.7109375,7343.4501953125,8164.2001953125,2991.580078125
2016-09-30,5435.89990234375,6899.2998046875,2168.27001953125,14725.900390625,16449.83984375,7361.08984375,8139.009765625,3002.239990234375
2016-10-03,5478.5,6983.5,2161.199951171875,14689.0,16598.669921875,7372.490234375,8166.31982421875,2998.5
2016-10-04,5484.0,7074.2998046875,2150.489990234375,14521.0,16735.650390625,7352.4599609375,8230.73046875,3029.5
2016-10-05,5452.89990234375,7033.2998046875,2159.72998046875,14610.599609375,16819.240234375,7271.16015625,8195.23046875,3026.280029296875
2016-10-06,5483.0,7000.0,2160.77001953125,14595.5,16899.099609375,7197.2900390625,8170.43994140625,3021.580078125
2016-10-07,5467.39990234375,7044.39990234375,2153.739990234375,14566.2998046875,16860.08984375,7167.81005859375,8124.58984375,3000.570068359375
2016-10-10,5475.39990234375,7097.5,2163.659912109375,,,7116.919921875,8172.22021484375,3035.760009765625
2016-10-11,5479.7998046875,7070.89990234375,2136.72998046875,14549.599609375,17024.759765625,7124.22998046875,8135.14990234375,3020.68994140625
2016-10-12,5474.60009765625,7024.0,2139.179931640625,14619.0,16840.0,7107.4599609375,8068.56005859375,3008.030029296875
2016-10-13,5435.5,6977.7001953125,2132.550048828125,14643.7001953125,16774.240234375,7120.0498046875,7999.93017578125,2975.0400390625
2016-10-14,5434.0,7013.60009765625,2132.97998046875,14585.0,16856.369140625,7133.259765625,8089.91015625,3025.18994140625
2016-10-17,5388.7001953125,6947.60009765625,2126.5,14596.5,16900.119140625,7066.3701171875,8000.9599609375,3008.719970703125
2016-10-18,5410.7998046875,7000.10009765625,2139.60009765625,14752.2998046875,16963.609375,6973.08984375,8074.68994140625,3046.989990234375
2016-10-19,5435.39990234375,7021.89990234375,2144.2900390625,14840.5,16998.91015625,6976.5400390625,8093.77978515625,3055.93994140625
2016-10-20,5442.10009765625,7026.89990234375,2141.340087890625,14847.900390625,17235.5,6973.77978515625,8069.27001953125,3076.6298828125
2016-10-21,5430.2998046875,7020.5,2141.159912109375,14939.0,17184.58984375,6958.39990234375,8034.85986328125,3077.64990234375
2016-10-24,5408.5,6986.39990234375,2151.330078125,14923.0,17234.419921875,,7991.8798828125,3093.860107421875
2016-10-25,5442.7998046875,7017.60009765625,2143.159912109375,14870.599609375,17365.25,7002.8701171875,7929.8701171875,3087.409912109375
2016-10-26,5359.7998046875,6958.10009765625,2139.429931640625,14807.599609375,17391.83984375,6896.2001953125,7892.77001953125,3080.97998046875
2016-10-27,5295.5,6986.60009765625,2133.0400390625,14833.7998046875,17336.419921875,6941.9501953125,7924.39013671875,3085.169921875
2016-10-28,5283.7998046875,6996.2998046875,2126.409912109375,14785.2998046875,17446.41015625,6928.64013671875,7908.56982421875,3079.239990234375
2016-10-31,5317.7001953125,6954.2001953125,2126.14990234375,14787.2998046875,17425.01953125,6960.68017578125,7827.740234375,3055.25
2016-11-01,5290.5,6917.10009765625,2111.719970703125,14778.2998046875,17442.400390625,6930.490234375,7761.33984375,3023.14990234375
2016-11-02,5229.0,6845.39990234375,2097.93994140625,14594.7001953125,17134.6796875,6853.75,7700.41015625,2980.169921875
2016-11-03,5225.60009765625,6790.5,2088.659912109375,14583.400390625,,6778.93994140625,7640.93994140625,2973.489990234375
2016-11-04,5180.7998046875,6693.2998046875,2085.179931640625,14509.2998046875,16905.359375,6708.47021484375,7593.2001953125,2954.530029296875
2016-11-07,5250.7998046875,6806.89990234375,2131.52001953125,14652.5,17177.2109375,6872.27001953125,7735.22021484375,3009.280029296875
2016-11-08,5257.7998046875,6843.10009765625,2139.56005859375,14656.7998046875,17171.380859375,6894.35986328125,7744.02978515625,3023.429931640625
2016-11-09,5156.60009765625,6911.7998046875,2163.260009765625,14759.900390625,16251.5400390625,6664.2099609375,7897.83984375,3056.2900390625
2016-11-10,5328.7998046875,6828.0,2167.47998046875,14744.2998046875,17344.419921875,6733.72021484375,7928.77001953125,3046.590087890625
2016-11-11,5370.7001953125,6730.39990234375,2164.449951171875,14555.400390625,17374.7890625,6697.77978515625,7880.2900390625,3030.02001953125
2016-11-14,5345.7001953125,6753.2001953125,2164.199951171875,14598.5,17672.619140625,6737.759765625,7900.56982421875,3039.800048828125
2016-11-15,5326.2001953125,6792.7001953125,2180.389892578125,14756.099609375,17668.150390625,6770.43017578125,7909.2001953125,3049.719970703125
2016-11-16,5327.7001953125,6749.7001953125,2176.93994140625,14733.2001953125,17862.2109375,6824.580078125,7914.02001953125,3026.360107421875
2016-11-17,5338.5,6794.7001953125,2187.1201171875,14826.099609375,17862.630859375,6814.64990234375,7964.68017578125,3041.7900390625
2016-11-18,5359.39990234375,6775.7998046875,2181.89990234375,14864.0,17967.41015625,6857.83984375,7904.5498046875,3020.830078125
2016-11-21,5351.2998046875,6778.0,2198.179931640625,15039.900390625,18106.01953125,6848.9501953125,7849.85986328125,3032.969970703125
2016-11-22,5413.2998046875,6819.7001953125,2202.93994140625,15100.400390625,18162.939453125,6816.39013671875,7741.81982421875,3044.330078125
2016-11-23,5484.39990234375,6817.7001953125,2204.719970703125,15080.900390625,,6851.4501953125,7752.240234375,3032.139892578125
2016-11-24,5485.10009765625,6829.2001953125,,15075.2001953125,18333.41015625,6883.25,7798.5,3040.60009765625
2016-11-25,5507.7998046875,6840.7998046875,2213.35009765625,15075.400390625,18381.220703125,6899.6201171875,7881.52978515625,3048.3798828125
2016-11-28,5464.39990234375,6799.5,2201.719970703125,15015.400390625,18356.890625,6902.9501953125,7823.22998046875,3016.800048828125
2016-11-29,5457.5,6772.0,2204.659912109375,14999.7998046875,18307.0390625,6901.75,7845.009765625,3038.419921875
2016-11-30,5440.5,6783.7998046875,2198.81005859375,15082.900390625,18308.48046875,6896.9501953125,7875.18994140625,3051.610107421875
2016-12-01,5500.2001953125,6752.89990234375,2191.080078125,15027.5,18513.119140625,6932.740234375,7779.10986328125,3030.97998046875
2016-12-02,5444.0,6730.7001953125,2191.949951171875,15052.5,18426.080078125,6904.85009765625,7784.009765625,3015.1298828125
2016-12-05,5400.39990234375,6746.7998046875,2204.7099609375,15095.2001953125,18274.990234375,6854.7099609375,7845.68017578125,3052.75
2016-12-06,5428.7001953125,6779.7998046875,2212.22998046875,15125.7998046875,18360.5390625,6910.35986328125,7912.39013671875,3100.760009765625
2016-12-07,5478.10009765625,6902.2001953125,2241.35009765625,15237.7998046875,18496.689453125,6889.77001953125,7930.25,3142.239990234375
2016-12-08,5543.60009765625,6931.60009765625,2246.18994140625,15295.2001953125,18765.470703125,6916.009765625,7953.68017578125,3185.7900390625
2016-12-09,5560.60009765625,6954.2001953125,2259.530029296875,15312.2001953125,18996.369140625,6893.2998046875,8099.6298828125,3197.5400390625
2016-12-12,5562.7998046875,6890.39990234375,2256.9599609375,15287.7001953125,19155.029296875,6876.0400390625,8040.08984375,3199.110107421875
2016-12-13,5545.0,6968.60009765625,2271.719970703125,15385.2998046875,19250.51953125,6850.2001953125,8162.52978515625,3236.7099609375
2016-12-14,5584.60009765625,6949.2001953125,2253.280029296875,15197.2001953125,19253.609375,6797.85986328125,8140.41015625,3211.7099609375
2016-12-15,5538.60009765625,6999.0,2262.030029296875,15218.2998046875,19273.7890625,6748.6201171875,8214.2998046875,3249.739990234375
2016-12-16,5532.89990234375,7011.60009765625,2258.070068359375,15252.2001953125,19401.150390625,6760.240234375,8227.7197265625,3259.239990234375
2016-12-19,5562.10009765625,7017.2001953125,2262.530029296875,15269.900390625,19391.599609375,6786.25,8234.490234375,3257.85009765625
2016-12-20,5591.10009765625,7044.0,2270.760009765625,15293.0,19494.529296875,6789.669921875,8243.0,3279.409912109375
2016-12-21,5613.5,7041.39990234375,2265.179931640625,15305.900390625,19444.490234375,6802.759765625,8233.4501953125,3270.75
2016-12-22,5643.89990234375,7063.7001953125,2260.9599609375,15335.2001953125,19427.669921875,6851.8701171875,8237.98046875,3269.510009765625
2016-12-23,5627.89990234375,7068.2001953125,2263.7900390625,15328.2001953125,,6876.990234375,8232.6396484375,3273.969970703125
2016-12-26,,,,,19396.640625,,,
2016-12-27,,,2268.8798828125,,19403.060546875,,8259.4501953125,3278.530029296875
2016-12-28,5685.0,7106.10009765625,2249.919921875,15361.099609375,19401.720703125,6875.77978515625,8256.6103515625,3278.719970703125
2016-12-29,5699.10009765625,7120.2998046875,2249.260009765625,15422.099609375,19145.140625,6892.27978515625,8251.1298828125,3271.760009765625
2016-12-30,5665.7998046875,7142.7998046875,2238.830078125,15287.599609375,19114.369140625,6881.22021484375,8219.8701171875,3290.52001953125
2017-01-03,5733.2001953125,7177.89990234375,2257.830078125,15403.0,,,8316.1796875,3315.02001953125
2017-01-04,5736.39990234375,7189.7001953125,2270.75,15516.7998046875,19594.16015625,6974.31005859375,8354.8095703125,3317.52001953125
2017-01-05,5753.2998046875,7195.2998046875,2269.0,15586.599609375,19520.689453125,6975.60009765625,8392.490234375,3316.469970703125
2017-01-06,5755.60009765625,7210.10009765625,2276.97998046875,15496.099609375,19454.330078125,6970.66015625,8417.4599609375,3321.169921875
2017-01-09,5807.39990234375,7237.7998046875,2268.89990234375,15389.0,,7012.740234375,8424.8603515625,3308.969970703125
2017-01-10,5760.7001953125,7275.5,2268.89990234375,15426.2998046875,19301.439453125,7037.580078125,8449.1904296875,3306.2099609375
2017-01-11,5771.5,7290.5,2275.320068359375,15491.5,19364.669921875,7069.58984375,8427.150390625,3307.93994140625
2017-01-12,5766.89990234375,7292.39990234375,2270.43994140625,15418.2001953125,19134.69921875,7063.58984375,8375.01953125,3286.699951171875
2017-01-13,5721.10009765625,7337.7998046875,2274.639892578125,15497.2998046875,19287.279296875,7046.97021484375,8452.1904296875,3324.340087890625
2017-01-16,5748.39990234375,7327.10009765625,,15479.2998046875,19095.240234375,7074.93994140625,8362.599609375,3294.530029296875
2017-01-17,5699.39990234375,7220.39990234375,2267.889892578125,15441.400390625,18813.529296875,7062.9599609375,8304.099609375,3285.0400390625
2017-01-18,5678.7998046875,7247.60009765625,2271.889892578125,15397.900390625,18894.369140625,7059.27978515625,8312.419921875,3294.0
2017-01-19,5692.2001953125,7208.39990234375,2263.68994140625,15409.7998046875,19072.25,7062.35986328125,8273.080078125,3290.330078125
2017-01-20,5654.7998046875,7198.39990234375,2271.31005859375,15547.900390625,19137.91015625,7048.47021484375,8275.1298828125,3299.43994140625
2017-01-23,5611.0,7151.2001953125,2265.199951171875,15480.099609375,18891.029296875,7067.85009765625,8229.009765625,3273.0400390625
2017-01-24,5650.10009765625,7150.2998046875,2280.070068359375,15610.7001953125,18787.990234375,7064.16015625,8246.66015625,3281.530029296875
2017-01-25,5671.5,7164.39990234375,2298.3701171875,15643.7998046875,19057.5,7090.91015625,8387.5498046875,3326.14990234375
2017-01-26,,7161.5,2296.679931640625,15615.5,19402.390625,7113.31982421875,8405.48046875,3319.1298828125
2017-01-27,5714.0,7184.5,2294.68994140625,15575.7998046875,19467.400390625,7134.259765625,8379.5703125,3303.330078125
2017-01-30,5661.5,7118.5,2280.89990234375,15405.099609375,19368.849609375,7085.56005859375,8320.830078125,3262.719970703125
2017-01-31,5620.89990234375,7099.2001953125,2278.8701171875,15386.0,19041.33984375,7050.75,8291.6904296875,3230.679931640625
2017-02-01,5653.2001953125,7107.7001953125,2279.550048828125,15402.400390625,19148.080078125,7055.509765625,8329.169921875,3258.919921875
2017-02-02,5645.39990234375,7140.7998046875,2280.85009765625,15399.099609375,18914.580078125,7053.5400390625,8276.7001953125,3253.610107421875
2017-02-03,5621.60009765625,7188.2998046875,2297.419921875,15476.400390625,18918.19921875,7094.3798828125,8350.83984375,3273.110107421875
2017-02-06,5615.60009765625,7172.2001953125,2292.56005859375,15456.900390625,18976.7109375,,8330.9296875,3238.31005859375
2017-02-07,5621.89990234375,7186.2001953125,2293.080078125,15498.7998046875,18910.779296875,7067.0498046875,8370.1396484375,3235.7099609375
2017-02-08,5651.39990234375,7188.7998046875,2294.669921875,15554.0,19007.599609375,7066.27001953125,8378.73046875,3238.0400390625
2017-02-09,5664.60009765625,7229.5,2307.8701171875,15617.2998046875,18907.669921875,7121.6298828125,8437.5400390625,3277.7900390625
2017-02-10,5720.60009765625,7258.7998046875,2316.10009765625,15729.099609375,19378.9296875,7104.43994140625,8456.2197265625,3270.830078125
2017-02-13,5760.7001953125,7278.89990234375,2328.25,15756.599609375,19459.150390625,7135.5,8462.8798828125,3305.22998046875
2017-02-14,5755.2001953125,7268.60009765625,2337.580078125,15786.0,19238.98046875,7150.89013671875,8426.150390625,3308.889892578125
2017-02-15,5809.10009765625,7302.39990234375,2349.25,15845.0,19437.98046875,7180.02978515625,8486.26953125,3323.7099609375
2017-02-16,5816.2998046875,7277.89990234375,2347.219970703125,15864.2001953125,19347.529296875,7099.97998046875,8467.51953125,3311.0400390625
2017-02-17,5805.7998046875,7300.0,2351.159912109375,15838.599609375,19234.619140625,7093.52001953125,8506.490234375,3308.81005859375
2017-02-20,5795.10009765625,7299.89990234375,,,19251.080078125,7099.490234375,8514.51953125,3312.389892578125
2017-02-21,5791.0,7274.7998046875,2365.3798828125,15922.400390625,19381.439453125,7115.68994140625,8567.1796875,3339.330078125
2017-02-22,5805.10009765625,7302.2998046875,2362.820068359375,15830.2001953125,19379.869140625,7062.47998046875,8585.849609375,3339.27001953125
2017-02-23,5784.7001953125,7271.39990234375,2363.81005859375,15781.2001953125,19371.4609375,7089.52001953125,8569.3603515625,3333.9599609375
2017-02-24,5739.0,7243.7001953125,2367.340087890625,15533.5,19283.5390625,7058.580078125,8525.6201171875,3304.090087890625
2017-02-27,5724.2001953125,7253.0,2369.75,15463.5,19107.470703125,7079.18017578125,8520.5595703125,3309.300048828125
2017-02-28,5712.2001953125,7263.39990234375,2363.639892578125,15399.2001953125,19118.990234375,7167.4599609375,8545.8095703125,3319.610107421875
2017-03-01,5704.7998046875,7382.89990234375,2395.9599609375,15599.7001953125,19393.5390625,7148.77978515625,8634.7001953125,3390.199951171875
2017-03-02,5776.60009765625,7382.39990234375,2381.919921875,15536.7001953125,19564.80078125,7175.830078125,8661.6298828125,3384.7099609375
2017-03-03,5729.60009765625,7374.2998046875,2383.1201171875,15608.5,19469.169921875,7160.8701171875,8670.0595703125,3403.389892578125
2017-03-06,5746.5,7350.10009765625,2375.31005859375,15629.7998046875,19379.140625,7178.740234375,8664.7998046875,3387.4599609375
2017-03-07,5761.39990234375,7339.0,2368.389892578125,15608.7998046875,19344.150390625,7167.6298828125,8623.9697265625,3385.1201171875
2017-03-08,5759.7001953125,7334.60009765625,2362.97998046875,15497.0,19254.029296875,7178.22021484375,8626.650390625,3389.6201171875
2017-03-09,5741.2001953125,7315.0,2364.8701171875,15496.7998046875,19318.580078125,7140.97998046875,8639.7001953125,3409.889892578125
2017-03-10,5775.60009765625,7343.10009765625,2372.60009765625,15506.7001953125,19604.609375,7177.58984375,8669.9697265625,3416.27001953125
2017-03-13,5757.2998046875,7367.10009765625,2373.469970703125,15544.7998046875,19633.75,7194.7900390625,8683.0498046875,3415.489990234375
2017-03-14,5759.10009765625,7357.89990234375,2365.449951171875,15379.599609375,19609.5,7177.08984375,8663.5400390625,3399.429931640625
2017-03-15,5774.0,7368.60009765625,2385.260009765625,15520.900390625,19577.380859375,7131.2998046875,8688.8603515625,3409.320068359375
2017-03-16,5785.7998046875,7416.0,2381.3798828125,15562.400390625,19590.140625,7151.990234375,8667.48046875,3439.9599609375
2017-03-17,5799.60009765625,7425.0,2378.25,15490.5,19521.58984375,7158.14013671875,8698.5302734375,3448.409912109375
2017-03-20,5778.89990234375,7429.7998046875,2373.469970703125,15442.2998046875,,7057.0498046875,8695.0400390625,3437.47998046875
2017-03-21,5774.60009765625,7378.2998046875,2344.02001953125,15313.099609375,19455.880859375,7085.5400390625,8614.8603515625,3429.6201171875
2017-03-22,5684.5,7324.7001953125,2348.449951171875,15348.5,19041.380859375,7060.830078125,8567.8798828125,3420.699951171875
2017-03-23,5708.0,7340.7001953125,2345.9599609375,15433.599609375,19085.310546875,7062.5498046875,8628.6396484375,3452.179931640625
2017-03-24,5753.5,7336.7998046875,2343.97998046875,15442.7001953125,19262.529296875,7073.830078125,8613.6396484375,3444.14990234375
2017-03-27,5746.7001953125,7293.5,2341.590087890625,15506.2001953125,18985.58984375,7062.7099609375,8594.5400390625,3437.139892578125
2017-03-28,5821.2001953125,7343.39990234375,2358.570068359375,15598.599609375,19202.869140625,7065.22998046875,8597.01953125,3465.070068359375
2017-03-29,5873.5,7373.7001953125,2361.1298828125,15657.599609375,19217.48046875,7133.56982421875,8661.5302734375,3475.27001953125
2017-03-30,5896.2001953125,7369.5,2368.06005859375,15578.7998046875,19063.220703125,7169.10986328125,8704.3896484375,3481.580078125
2017-03-31,5864.89990234375,7322.89990234375,2362.719970703125,15547.7998046875,18909.259765625,7196.77978515625,8658.8896484375,3500.929931640625
2017-04-03,5872.7001953125,7282.7001953125,2358.840087890625,15584.400390625,18983.23046875,7225.02001953125,8633.8603515625,3472.93994140625
2017-04-04,5856.60009765625,7321.7998046875,2360.159912109375,15669.099609375,18810.25,7244.5400390625,8646.990234375,3481.659912109375
2017-04-05,5876.2001953125,7331.7001953125,2352.949951171875,15643.0,18861.26953125,7265.0498046875,8640.509765625,3472.580078125
2017-04-06,5856.2998046875,7303.2001953125,2357.489990234375,15697.2001953125,18597.060546875,7289.52001953125,8638.3701171875,3489.570068359375
2017-04-07,5862.5,7349.39990234375,2355.5400390625,15667.099609375,18664.630859375,7243.759765625,8640.91015625,3495.800048828125
2017-04-10,5912.89990234375,7348.89990234375,2357.159912109375,15730.7998046875,18797.880859375,7238.85986328125,8616.6796875,3480.43994140625
2017-04-11,5929.2998046875,7365.5,2353.780029296875,15727.099609375,18747.869140625,7254.3798828125,8641.5498046875,3470.0400390625
2017-04-12,5934.0,7349.0,2344.929931640625,15648.400390625,18552.609375,7251.5400390625,8663.76953125,3468.510009765625
2017-04-13,5889.89990234375,7327.60009765625,2328.949951171875,15535.5,18426.83984375,7229.7998046875,8629.01953125,3448.260009765625
2017-04-14,,,,,18335.630859375,,,
2017-04-17,,,2349.010009765625,15684.900390625,18355.259765625,,,
2017-04-18,5836.7001953125,7147.5,2342.18994140625,15622.599609375,18418.58984375,7233.60986328125,8529.2802734375,3409.780029296875
2017-04-19,5804.0,7114.39990234375,2338.169921875,15552.900390625,18432.19921875,7218.509765625,8532.26953125,3420.989990234375
2017-04-20,5821.39990234375,7118.5,2355.840087890625,15625.599609375,18430.490234375,7188.0498046875,8557.8701171875,3440.030029296875
2017-04-21,5854.10009765625,7114.60009765625,2348.68994140625,15614.5,18620.75,7197.22021484375,8553.990234375,3440.27001953125
2017-04-24,5871.7998046875,7264.7001953125,2374.14990234375,15712.5,18875.880859375,7222.93994140625,8711.3203125,3577.3798828125
2017-04-25,,7275.60009765625,2388.610107421875,15745.2001953125,19079.330078125,,8775.240234375,3583.159912109375
2017-04-26,5912.0,7288.7001953125,2387.449951171875,15649.5,19289.4296875,7335.1298828125,8830.2900390625,3578.7099609375
2017-04-27,5921.5,7237.2001953125,2388.77001953125,15506.5,19251.869140625,7354.60986328125,8844.7802734375,3563.2900390625
2017-04-28,5924.10009765625,7203.89990234375,2384.199951171875,15586.099609375,19196.740234375,7378.75,8812.669921875,3559.590087890625
2017-05-01,5956.39990234375,,2388.330078125,15575.599609375,19310.51953125,7382.22021484375,,
2017-05-02,5950.39990234375,7250.10009765625,2391.169921875,15619.7001953125,19445.69921875,7422.490234375,8868.5595703125,3578.2099609375
2017-05-03,5892.2998046875,7234.5,2388.1298828125,15543.099609375,,7405.83984375,8891.8896484375,3586.25
2017-05-04,5876.39990234375,7248.10009765625,2389.52001953125,15396.7001953125,,7378.419921875,8980.01953125,3627.8798828125
2017-05-05,5836.60009765625,7297.39990234375,2399.2900390625,15582.0,,7365.5,9016.66015625,3658.7900390625
2017-05-08,5870.89990234375,7300.89990234375,2399.3798828125,15652.099609375,19895.69921875,7426.4599609375,9039.6103515625,3642.110107421875
2017-05-09,5839.89990234375,7342.2001953125,2396.919921875,15569.2001953125,19843.0,7412.1201171875,9113.830078125,3649.080078125
2017-05-10,5875.39990234375,7385.2001953125,2399.6298828125,15633.2001953125,19900.08984375,7424.2001953125,9089.7998046875,3645.739990234375
2017-05-11,5878.2998046875,7386.60009765625,2394.43994140625,15550.599609375,19961.55078125,7489.7099609375,9064.8798828125,3623.550048828125
2017-05-12,5836.89990234375,7435.39990234375,2390.89990234375,15537.900390625,19883.900390625,7452.3798828125,9123.41015625,3637.52001953125
2017-05-15,5838.39990234375,7454.39990234375,2402.320068359375,15629.5,19869.849609375,7429.93994140625,9108.25,3641.8798828125
2017-05-16,5850.5,7522.0,2400.669921875,15543.2998046875,19919.8203125,7407.60986328125,9127.6103515625,3641.889892578125
2017-05-17,5786.0,7503.5,2357.030029296875,15273.7001953125,19814.880859375,7422.5,9001.599609375,3584.830078125
2017-05-18,5738.2998046875,7436.39990234375,2365.719970703125,15277.2001953125,19553.859375,7371.759765625,8938.3701171875,3562.219970703125
2017-05-19,5727.39990234375,7470.7001953125,2381.72998046875,15458.5,19590.759765625,7392.10986328125,9022.509765625,3587.010009765625
2017-05-22,5771.2001953125,7496.2998046875,2394.02001953125,,19678.279296875,7409.5,9084.7802734375,3576.530029296875
2017-05-23,5760.2001953125,7485.2998046875,2398.419921875,15476.900390625,19613.279296875,7384.7001953125,9061.759765625,3595.030029296875
2017-05-24,5769.0,7514.89990234375,2404.389892578125,15419.5,19742.98046875,7421.77978515625,9035.08984375,3586.6201171875
2017-05-25,5789.60009765625,7517.7001953125,2415.070068359375,15410.7001953125,19813.130859375,7434.47021484375,,
2017-05-26,5751.7001953125,7547.60009765625,2415.820068359375,15416.900390625,19686.83984375,7441.56982421875,9042.0302734375,3579.02001953125
2017-05-29,5707.10009765625,,,15421.900390625,19682.5703125,7412.740234375,9031.9599609375,3578.949951171875
2017-05-30,5717.89990234375,7526.5,2412.909912109375,15372.400390625,19677.849609375,7411.9501953125,9007.5400390625,3561.219970703125
2017-05-31,5724.60009765625,7520.0,2411.800048828125,15349.900390625,19650.5703125,7418.89990234375,9016.6396484375,3554.590087890625
2017-06-01,5738.10009765625,7543.7998046875,2430.06005859375,15469.900390625,19860.029296875,7450.89990234375,9024.919921875,3567.02001953125
2017-06-02,5788.10009765625,7547.60009765625,2439.070068359375,15442.7998046875,20177.279296875,7499.97021484375,9043.9599609375,3591.820068359375
2017-06-05,5754.89990234375,7525.7998046875,2436.10009765625,15409.7998046875,20170.8203125,,,
2017-06-06,5667.5,7525.0,2429.330078125,15464.599609375,19979.900390625,7494.97021484375,8908.26953125,3554.179931640625
2017-06-07,5667.2001953125,7478.60009765625,2433.139892578125,15372.099609375,19984.619140625,7467.89990234375,8876.73046875,3548.840087890625
2017-06-08,5676.60009765625,7450.0,2433.7900390625,15423.099609375,19909.259765625,7458.66015625,8811.6201171875,3563.8798828125
2017-06-09,5677.7998046875,7527.2998046875,2431.77001953125,15473.2001953125,20013.259765625,7436.10009765625,8845.849609375,3586.070068359375
2017-06-12,,7511.89990234375,2429.389892578125,15383.7998046875,19908.580078125,7432.740234375,8807.849609375,3543.949951171875
2017-06-13,5772.7998046875,7500.39990234375,2440.35009765625,15379.7998046875,19898.75,7440.080078125,8867.0703125,3557.8701171875
2017-06-14,5833.89990234375,7474.39990234375,2437.919921875,15170.099609375,19883.51953125,7483.990234375,8849.400390625,3547.14990234375
2017-06-15,5763.2001953125,7419.39990234375,2432.4599609375,15160.400390625,19831.8203125,7516.35009765625,8853.009765625,3525.4599609375
2017-06-16,5774.0,7463.5,2433.14990234375,15192.5,19943.259765625,7552.75,8963.2900390625,3543.8798828125
2017-06-19,5805.2001953125,7523.7998046875,2453.4599609375,15266.0,20067.75,7592.02978515625,9030.2998046875,3579.580078125
2017-06-20,5757.2998046875,7472.7001953125,2437.030029296875,15149.599609375,20230.41015625,7586.52978515625,9023.5498046875,3560.659912109375
2017-06-21,5665.7001953125,7447.7998046875,2435.610107421875,15148.5,20138.7890625,7527.10986328125,8985.6103515625,3554.35009765625
2017-06-22,5706.0,7439.2998046875,2434.5,15219.900390625,20110.509765625,7563.68994140625,9051.26953125,3555.760009765625
2017-06-23,5715.89990234375,7424.10009765625,2438.300048828125,15319.599609375,20132.669921875,7553.64013671875,9032.8896484375,3543.679931640625
2017-06-26,5720.2001953125,7446.7998046875,2439.070068359375,15316.0,20153.349609375,7595.5,9121.2197265625,3561.760009765625
2017-06-27,5714.2001953125,7434.39990234375,2419.3798828125,15281.2001953125,20225.08984375,7626.35009765625,9072.919921875,3538.320068359375
2017-06-28,5755.7001953125,7387.7998046875,2440.68994140625,15355.599609375,20130.41015625,7624.490234375,9076.73046875,3535.699951171875
2017-06-29,5818.10009765625,7350.2998046875,2419.699951171875,15213.400390625,20220.30078125,7685.4501953125,8944.0400390625,3471.330078125
2017-06-30,5721.5,7312.7001953125,2423.409912109375,15182.2001953125,20033.4296875,7611.43994140625,8906.8896484375,3441.8798828125
2017-07-03,5684.5,7377.10009765625,2429.010009765625,,20055.80078125,7588.43017578125,9009.8095703125,3491.81005859375
2017-07-04,5783.7998046875,7357.2001953125,,15130.599609375,20032.349609375,7620.64013671875,8971.400390625,3479.469970703125
2017-07-05,5763.2998046875,7367.60009765625,2432.5400390625,15153.099609375,20081.630859375,7595.669921875,8954.099609375,3478.409912109375
2017-07-06,5758.7998046875,7337.2998046875,2409.75,15078.0,19994.060546875,7629.60986328125,8886.9501953125,3462.06005859375
2017-07-07,5703.60009765625,7350.89990234375,2425.179931640625,15027.2001953125,19929.08984375,7622.1298828125,8883.26953125,3463.840087890625
2017-07-10,5724.39990234375,7370.0,2427.429931640625,15105.2998046875,20080.98046875,7583.9501953125,8943.83984375,3478.06005859375
2017-07-11,5728.89990234375,7329.7998046875,2425.530029296875,15149.099609375,20195.48046875,7628.56982421875,8874.0703125,3464.47998046875
2017-07-12,5673.7998046875,7416.89990234375,2443.25,15144.0,20098.380859375,7586.02001953125,9015.599609375,3515.22998046875
2017-07-13,5736.7998046875,7413.39990234375,2447.830078125,15135.0,20099.810546875,7610.89013671875,9003.5703125,3527.830078125
2017-07-14,5765.10009765625,7378.39990234375,2459.27001953125,15174.7998046875,20118.859375,7649.77001953125,9034.5703125,3525.93994140625
2017-07-17,5755.5,7404.10009765625,2459.139892578125,15165.400390625,,7699.56982421875,9038.650390625,3516.35009765625
2017-07-18,5687.39990234375,7390.2001953125,2460.610107421875,15149.599609375,19999.91015625,7707.330078125,8977.98046875,3478.679931640625
2017-07-19,5732.10009765625,7430.89990234375,2473.830078125,15244.7001953125,20020.859375,7732.75,9024.3203125,3500.280029296875
2017-07-20,5761.5,7487.89990234375,2473.449951171875,15264.599609375,20144.58984375,7672.43994140625,9027.3701171875,3499.489990234375
2017-07-21,5722.7998046875,7452.89990234375,2472.5400390625,15183.099609375,20099.75,7670.85986328125,8938.6796875,3451.7099609375
2017-07-24,5688.10009765625,7377.7001953125,2469.909912109375,15128.7001953125,19975.669921875,7682.2900390625,8898.23046875,3453.169921875
2017-07-25,5726.60009765625,7434.7998046875,2477.1298828125,15202.400390625,19955.19921875,7713.06005859375,8937.900390625,3473.5400390625
2017-07-26,5776.60009765625,7452.2998046875,2477.830078125,15171.400390625,20050.16015625,7710.58984375,8990.33984375,3491.18994140625
2017-07-27,5785.0,7443.0,2475.419921875,15191.400390625,20079.640625,7711.72021484375,9017.7900390625,3493.139892578125
2017-07-28,5702.7998046875,7368.39990234375,2472.10009765625,15128.7001953125,19959.83984375,7639.509765625,9019.3095703125,3467.72998046875
2017-07-31,5720.60009765625,7372.0,2470.300048828125,15143.900390625,19925.1796875,7693.990234375,9055.0,3449.360107421875
2017-08-01,5772.39990234375,7423.7001953125,2476.35009765625,15202.099609375,19985.7890625,7729.43994140625,,
2017-08-02,5744.2001953125,7411.39990234375,2477.570068359375,15265.599609375,20080.0390625,7748.31005859375,9122.6796875,3459.320068359375
2017-08-03,5735.10009765625,7474.7998046875,2472.159912109375,15192.0,20029.259765625,7753.75,9136.6103515625,3466.3701171875
2017-08-04,5720.60009765625,7511.7001953125,2476.830078125,15258.0,19952.330078125,7746.1201171875,9176.990234375,3507.409912109375
2017-08-07,5773.60009765625,7531.89990234375,2480.909912109375,,20055.890625,7771.56982421875,9155.1298828125,3505.800048828125
2017-08-08,5743.7998046875,7542.7001953125,2474.919921875,15256.400390625,19996.009765625,7782.72021484375,9162.330078125,3515.6298828125
2017-08-09,5765.7001953125,7498.10009765625,2474.02001953125,15217.2998046875,19738.7109375,7799.64013671875,9027.150390625,3468.449951171875
2017-08-10,5760.89990234375,7389.89990234375,2438.2099609375,15074.2998046875,19729.740234375,7789.7099609375,8949.8603515625,3433.5400390625
2017-08-11,5693.10009765625,7310.0,2441.320068359375,15033.400390625,,7719.10986328125,8884.0400390625,3406.340087890625
2017-08-14,5730.39990234375,7353.89990234375,2465.840087890625,15119.900390625,19537.099609375,7761.93994140625,9031.26953125,3450.659912109375
2017-08-15,5757.5,7383.89990234375,2464.610107421875,15097.7998046875,19753.310546875,7813.740234375,9012.51953125,3461.909912109375
2017-08-16,5785.10009765625,7433.0,2468.110107421875,15082.2001953125,19729.279296875,7853.33984375,9037.919921875,3484.570068359375
2017-08-17,5779.2001953125,7387.89990234375,2430.010009765625,15033.599609375,19702.630859375,7870.06005859375,8945.400390625,3461.969970703125
2017-08-18,5747.10009765625,7324.0,2425.550048828125,14952.2998046875,19470.41015625,7873.5498046875,8874.349609375,3446.030029296875
2017-08-21,5725.89990234375,7318.89990234375,2428.3701171875,14951.900390625,19393.130859375,7867.77978515625,8883.7802734375,3423.530029296875
2017-08-22,5750.10009765625,7381.7001953125,2452.510009765625,14985.0,19383.83984375,7867.080078125,8963.830078125,3455.590087890625
2017-08-23,5737.2001953125,7382.7001953125,2444.0400390625,15063.2001953125,19434.640625,7879.4599609375,8958.490234375,3438.6298828125
2017-08-24,5745.5,7407.10009765625,2438.969970703125,15076.2001953125,19353.76953125,7868.41015625,8943.0400390625,3444.72998046875
2017-08-25,5743.89990234375,7401.5,2443.050048828125,15056.0,19452.609375,7857.81005859375,8906.1796875,3438.550048828125
2017-08-28,5709.89990234375,,2444.239990234375,15052.0,19449.900390625,7826.8701171875,8864.23046875,3421.030029296875
2017-08-29,5669.0,7337.39990234375,2446.300048828125,15082.7001953125,19362.55078125,7738.33984375,8814.5400390625,3388.219970703125
2017-08-30,5669.7001953125,7365.2998046875,2457.590087890625,15133.099609375,19506.5390625,7775.2099609375,8851.259765625,3403.7099609375
2017-08-31,5714.5,7430.60009765625,2471.64990234375,15211.900390625,19646.240234375,7817.10009765625,8925.4501953125,3421.469970703125
2017-09-01,5724.60009765625,7438.5,2476.550048828125,15191.599609375,19691.470703125,7821.97998046875,8941.6201171875,3443.8798828125
2017-09-04,,7411.5,,,19508.25,7808.22021484375,8864.4599609375,3430.419921875
2017-09-05,5706.2001953125,7372.89990234375,2457.85009765625,15090.2001953125,19385.810546875,7777.39990234375,8869.5595703125,3420.860107421875
2017-09-06,5689.7001953125,7354.10009765625,2465.5400390625,15059.7998046875,19357.970703125,7790.2099609375,8859.4697265625,3433.800048828125
2017-09-07,5689.89990234375,7397.0,2465.10009765625,15024.5,19396.51953125,7804.259765625,8906.66015625,3447.659912109375
2017-09-08,5672.60009765625,7377.60009765625,2461.429931640625,14985.2998046875,19274.8203125,7851.52978515625,8912.0498046875,3447.68994140625
2017-09-11,5713.10009765625,7413.60009765625,2488.110107421875,15040.2998046875,19545.76953125,7851.75,8982.23046875,3495.18994140625
2017-09-12,5746.39990234375,7400.7001953125,2496.47998046875,15143.400390625,19776.619140625,7840.41015625,9053.6201171875,3512.56005859375
2017-09-13,5744.2998046875,7379.7001953125,2498.3701171875,15126.7998046875,19865.8203125,7827.43017578125,9053.830078125,3523.139892578125
2017-09-14,5738.7001953125,7295.39990234375,2495.6201171875,15172.7001953125,19807.439453125,7819.22998046875,9071.4296875,3526.47998046875
2017-09-15,5695.0,7215.5,2500.22998046875,15173.0,19909.5,7762.66015625,9028.0498046875,3515.550048828125
2017-09-18,5720.60009765625,7253.2998046875,2503.8701171875,15236.7001953125,,7758.7099609375,9048.1103515625,3526.739990234375
2017-09-19,5713.60009765625,7275.2998046875,2506.64990234375,15293.0,20299.380859375,7764.52978515625,9093.2001953125,3531.179931640625
2017-09-20,5709.10009765625,7272.0,2508.239990234375,15389.599609375,20310.4609375,7819.240234375,9095.650390625,3525.550048828125
2017-09-21,5655.39990234375,7263.89990234375,2500.60009765625,15454.900390625,20347.48046875,7795.41015625,9134.1298828125,3539.590087890625
2017-09-22,5682.10009765625,7310.60009765625,2502.219970703125,15454.2001953125,20296.44921875,7814.77978515625,9136.7197265625,3541.419921875
2017-09-25,5683.7001953125,7301.2998046875,2496.659912109375,15516.2001953125,20397.580078125,7869.77001953125,9140.4697265625,3537.81005859375
2017-09-26,5671.0,7285.7001953125,2496.840087890625,15474.099609375,20330.189453125,7887.18017578125,9113.650390625,3536.3798828125
2017-09-27,5664.2998046875,7313.5,2507.0400390625,15609.7001953125,20267.05078125,7913.77978515625,9098.580078125,3555.169921875
2017-09-28,5670.39990234375,7322.7998046875,2510.06005859375,15618.2998046875,20363.109375,7913.6201171875,9112.16015625,3563.639892578125
2017-09-29,5681.60009765625,7372.7998046875,2519.360107421875,15634.900390625,20356.279296875,7930.39990234375,9157.4599609375,3594.85009765625
2017-10-02,5729.2998046875,7438.7998046875,2529.1201171875,15705.0,20400.779296875,7928.89013671875,9242.150390625,3602.68994140625
2017-10-03,5701.39990234375,7468.10009765625,2534.580078125,15728.5,20614.0703125,7933.419921875,9283.740234375,3605.72998046875
2017-10-04,5652.10009765625,7467.60009765625,2537.739990234375,15721.0,20626.66015625,7949.68994140625,9283.9697265625,3594.909912109375
2017-10-05,5651.7998046875,7508.0,2552.070068359375,15776.2998046875,20628.560546875,7974.7001953125,9262.66015625,3613.5400390625
2017-10-06,5710.7001953125,7522.89990234375,2549.330078125,15728.2998046875,20690.7109375,7977.33984375,9252.1201171875,3603.320068359375
2017-10-09,5739.2998046875,7507.89990234375,2544.72998046875,,,8010.27978515625,9259.33984375,3610.5
2017-10-10,5738.10009765625,7538.2998046875,2550.639892578125,15770.400390625,20823.509765625,8037.81005859375,9267.169921875,3598.7900390625
2017-10-11,5772.10009765625,7533.7998046875,2555.239990234375,15800.400390625,20881.26953125,8060.97998046875,9265.33984375,3607.389892578125
2017-10-12,5794.5,7556.2001953125,2550.929931640625,15742.2001953125,20954.720703125,8068.1201171875,9297.33984375,3605.5400390625
2017-10-13,5814.2001953125,7535.39990234375,2553.169921875,15807.2001953125,21155.1796875,8089.31982421875,9311.6904296875,3604.550048828125
2017-10-16,5846.7998046875,7527.0,2557.639892578125,15802.7001953125,21255.560546875,8090.72998046875,9274.58984375,3606.27001953125
2017-10-17,5889.60009765625,7516.2001953125,2559.360107421875,15816.900390625,21336.119140625,8112.0498046875,9269.8603515625,3607.77001953125
2017-10-18,5890.5,7542.89990234375,2561.260009765625,15782.2001953125,21363.05078125,8115.02001953125,9309.6103515625,3619.64990234375
2017-10-19,5896.10009765625,7523.0,2562.10009765625,15818.0,21448.51953125,8124.06982421875,9233.51953125,3602.080078125
2017-10-20,5907.0,7523.2001953125,2575.2099609375,15857.2001953125,21457.640625,8129.5498046875,9237.1298828125,3605.090087890625
2017-10-23,5894.0,7524.5,2564.97998046875,15855.7998046875,21696.650390625,,9248.490234375,3608.8701171875
2017-10-24,5897.60009765625,7526.5,2569.1298828125,15905.099609375,21805.169921875,8130.10009765625,9194.83984375,3610.68994140625
2017-10-25,5905.60009765625,7447.2001953125,2557.14990234375,15854.7998046875,21707.619140625,8122.669921875,9084.0400390625,3591.4599609375
2017-10-26,5916.2998046875,7486.5,2560.39990234375,15891.599609375,21739.779296875,8086.740234375,9200.080078125,3637.199951171875
2017-10-27,5903.2001953125,7505.0,2581.070068359375,15953.5,22008.44921875,8084.990234375,9183.419921875,3652.22998046875
2017-10-30,5919.10009765625,7487.7998046875,2572.830078125,16002.7998046875,22011.669921875,8143.97998046875,9175.5,3662.179931640625
2017-10-31,5909.0,7493.10009765625,2575.260009765625,16025.599609375,22011.609375,8146.33984375,9242.1796875,3673.949951171875
2017-11-01,5937.7998046875,7488.0,2579.360107421875,16029.2998046875,22420.080078125,8053.81005859375,9267.8203125,3697.39990234375
2017-11-02,5931.7001953125,7555.2998046875,2579.85009765625,16015.0,22539.119140625,8083.06005859375,9279.650390625,3688.800048828125
2017-11-03,5959.89990234375,7560.39990234375,2587.840087890625,16020.2001953125,,8065.1201171875,9322.0498046875,3689.9599609375
2017-11-06,5953.7998046875,7562.2998046875,2591.1298828125,16092.2001953125,22548.349609375,8053.6298828125,9288.7802734375,3682.360107421875
2017-11-07,6014.2998046875,7513.10009765625,2590.639892578125,16131.7998046875,22937.599609375,8049.669921875,9220.16015625,3658.77001953125
2017-11-08,6016.2998046875,7529.7001953125,2594.3798828125,16105.400390625,22913.8203125,8040.419921875,9265.830078125,3655.0400390625
2017-11-09,6049.39990234375,7484.10009765625,2584.6201171875,16082.099609375,22868.7109375,8021.08984375,9177.8203125,3612.5
2017-11-10,6029.39990234375,7433.0,2582.300048828125,16039.2998046875,22681.419921875,7974.43017578125,9134.16015625,3593.760009765625
2017-11-13,6021.7998046875,7415.2001953125,2584.840087890625,16026.2998046875,22380.990234375,7976.43017578125,9162.740234375,3574.52001953125
2017-11-14,5966.0,7414.39990234375,2578.8701171875,15913.099609375,22380.009765625,8008.0,9130.48046875,3556.3798828125
2017-11-15,5934.2001953125,7372.60009765625,2564.6201171875,15878.5,22028.3203125,7999.93994140625,9089.5498046875,3545.719970703125
2017-11-16,5943.5,7386.89990234375,2585.639892578125,15935.400390625,22351.119140625,8034.7001953125,9146.8203125,3564.800048828125
2017-11-17,5957.2998046875,7380.7001953125,2578.85009765625,15998.599609375,22396.80078125,8061.97998046875,9183.6103515625,3547.4599609375
2017-11-20,5945.7001953125,7389.5,2582.139892578125,16004.400390625,22261.759765625,8089.7998046875,9299.6103515625,3561.409912109375
2017-11-21,5963.5,7411.2998046875,2599.030029296875,16076.7001953125,22416.48046875,8088.47998046875,9324.5302734375,3579.320068359375
2017-11-22,5986.39990234375,7419.0,2597.080078125,16073.599609375,22523.150390625,8104.990234375,9291.83984375,3562.64990234375
2017-11-23,5960.60009765625,7417.2001953125,,16074.2998046875,,8101.9501953125,9315.5595703125,3572.070068359375
2017-11-24,5982.60009765625,7409.60009765625,2602.419921875,16108.099609375,22550.849609375,8130.2900390625,9325.599609375,3581.22998046875
2017-11-27,5988.7998046875,7383.89990234375,2601.419921875,16042.099609375,22495.990234375,8176.10009765625,9264.3896484375,3564.02001953125
2017-11-28,5984.2998046875,7460.7001953125,2627.0400390625,16029.599609375,22486.240234375,8141.490234375,9320.4404296875,3583.489990234375
2017-11-29,6011.10009765625,7393.60009765625,2626.070068359375,15967.7001953125,22597.19921875,8141.9599609375,9304.419921875,3589.909912109375
2017-11-30,5969.89990234375,7326.7001953125,2647.580078125,16067.5,22724.9609375,8186.81982421875,9318.76953125,3569.929931640625
2017-12-01,5989.7998046875,7300.5,2642.219970703125,16039.0,22819.029296875,8188.830078125,9274.5498046875,3527.550048828125
2017-12-04,5985.60009765625,7339.0,2639.43994140625,15969.0,22707.16015625,8184.8701171875,9328.6298828125,3576.219970703125
2017-12-05,5971.7001953125,7327.5,2629.570068359375,15915.7001953125,22622.380859375,8176.2099609375,9288.919921875,3570.570068359375
2017-12-06,5946.10009765625,7348.0,2629.27001953125,15908.7998046875,22177.0390625,8130.85986328125,9309.990234375,3561.570068359375
2017-12-07,5977.7001953125,7320.7998046875,2636.97998046875,16015.7001953125,22498.029296875,8172.60009765625,9270.5703125,3573.1298828125
2017-12-08,5994.39990234375,7394.0,2651.5,16096.099609375,22811.080078125,8235.08984375,9319.16015625,3591.449951171875
2017-12-11,5998.2998046875,7453.5,2659.989990234375,16103.5,22938.73046875,8277.509765625,9314.759765625,3582.2099609375
2017-12-12,6013.2001953125,7500.39990234375,2664.110107421875,16114.0,22866.169921875,8280.8095703125,9361.41015625,3600.35009765625
2017-12-13,6021.7998046875,7496.5,2662.85009765625,16136.599609375,22758.0703125,8284.580078125,9394.5498046875,3581.75
2017-12-14,6011.2998046875,7448.10009765625,2652.010009765625,16016.5,22694.44921875,8323.75,9383.01953125,3556.219970703125
2017-12-15,5997.0,7490.60009765625,2675.81005859375,16042.0,22553.220703125,8360.8603515625,9394.7099609375,3560.530029296875
2017-12-18,6038.89990234375,7537.0,2690.159912109375,16131.599609375,22901.76953125,8344.150390625,9452.3203125,3609.419921875
2017-12-19,6071.7998046875,7544.10009765625,2681.469970703125,16133.400390625,22868.0,8401.2001953125,9399.169921875,3582.219970703125
2017-12-20,6075.60009765625,7525.2001953125,2679.25,16159.7001953125,22891.720703125,8383.5595703125,9314.830078125,3552.64990234375
2017-12-21,6060.39990234375,7604.0,2684.570068359375,16182.599609375,22866.099609375,8364.4404296875,9424.669921875,3570.780029296875
2017-12-22,6069.7001953125,7592.7001953125,2683.340087890625,16165.2998046875,22902.759765625,8396.4296875,9394.490234375,3553.389892578125
2017-12-25,,,,,22939.1796875,,,
2017-12-26,,,2680.5,,22892.689453125,,,
2017-12-27,6069.89990234375,7620.7001953125,2682.6201171875,16203.099609375,22911.2109375,8376.4296875,9430.4404296875,3550.169921875
2017-12-28,6088.10009765625,7622.89990234375,2687.5400390625,16222.0,22783.98046875,8408.5302734375,9405.7998046875,3524.31005859375
2017-12-29,6065.10009765625,7687.7998046875,2673.610107421875,16209.099609375,22764.939453125,8398.080078125,9381.8701171875,3503.9599609375
2018-01-02,6061.2998046875,7648.10009765625,2695.81005859375,16310.0,,,,
2018-01-03,6070.39990234375,7671.10009765625,2713.06005859375,16371.599609375,,8424.91015625,9478.919921875,3509.8798828125
2018-01-04,6077.10009765625,7695.89990234375,2723.989990234375,16412.900390625,23506.330078125,8443.5,9509.2802734375,3568.8798828125
2018-01-05,6122.2998046875,7724.2001953125,2743.14990234375,16349.400390625,23714.529296875,8455.5498046875,9556.98046875,3607.6298828125
2018-01-08,6130.39990234375,7696.5,2747.7099609375,16317.7001953125,,8425.48046875,9541.73046875,3616.449951171875
2018-01-09,6135.7998046875,7731.0,2751.2900390625,16319.2001953125,23849.990234375,8433.23046875,9611.6103515625,3622.8701171875
2018-01-10,6096.7001953125,7748.5,2748.22998046875,16248.0,23788.19921875,8364.900390625,9524.9599609375,3609.830078125
2018-01-11,6067.60009765625,7762.89990234375,2767.56005859375,16286.900390625,23710.4296875,8250.4404296875,9503.849609375,3595.239990234375
2018-01-12,6070.10009765625,7778.60009765625,2786.239990234375,16308.2001953125,23653.8203125,8242.349609375,9546.6103515625,3612.610107421875
2018-01-15,6077.10009765625,7769.10009765625,,16371.7998046875,23714.880859375,8211.3701171875,9537.2802734375,3611.81005859375
2018-01-16,6048.60009765625,7755.89990234375,2776.419921875,16298.900390625,23951.810546875,8250.5400390625,9464.0498046875,3622.010009765625
2018-01-17,6015.7998046875,7725.39990234375,2802.56005859375,16326.7001953125,23868.33984375,8297.669921875,9440.009765625,3612.780029296875
2018-01-18,6014.60009765625,7701.0,2798.030029296875,16284.5,23763.369140625,8272.669921875,9452.349609375,3620.909912109375
2018-01-19,6005.7998046875,7730.7998046875,2810.300048828125,16353.5,23808.060546875,8289.9599609375,9509.76953125,3649.070068359375
2018-01-22,5991.89990234375,7715.39990234375,2832.969970703125,16348.0,23816.330078125,8335.3603515625,9529.1298828125,3665.280029296875
2018-01-23,6037.0,7731.7998046875,2839.1298828125,16357.599609375,24124.150390625,8307.6298828125,9551.580078125,3672.2900390625
2018-01-24,6054.7001953125,7643.39990234375,2837.5400390625,16284.2001953125,23940.779296875,8324.08984375,9547.5703125,3643.219970703125
2018-01-25,6050.0,7615.7998046875,2839.25,16204.0,23669.490234375,8369.7802734375,9482.9599609375,3630.14990234375
2018-01-26,,7665.5,2872.8701171875,16239.2001953125,23631.880859375,8311.419921875,9515.5595703125,3647.409912109375
2018-01-29,6075.39990234375,7671.5,2853.530029296875,16094.7001953125,23629.33984375,8327.58984375,9457.26953125,3643.0400390625
2018-01-30,6022.7998046875,7588.0,2822.429931640625,15955.5,23291.970703125,8298.580078125,9433.33984375,3606.75
2018-01-31,6037.7001953125,7533.60009765625,2823.81005859375,15951.7001953125,23098.2890625,8442.009765625,9335.400390625,3609.2900390625
2018-02-01,6090.10009765625,7490.39990234375,2821.97998046875,15860.900390625,23486.109375,8383.8701171875,9290.919921875,3577.35009765625
2018-02-02,6121.39990234375,7443.39990234375,2762.1298828125,15606.0,23274.529296875,8415.2900390625,9220.6904296875,3523.280029296875
2018-02-05,6026.2001953125,7335.0,2648.93994140625,15334.7998046875,22682.080078125,8241.830078125,9100.3896484375,3478.77001953125
2018-02-06,5833.2998046875,7141.39990234375,2695.139892578125,15363.900390625,21610.240234375,,8836.7099609375,3394.919921875
2018-02-07,5876.7998046875,7279.39990234375,2681.659912109375,15330.599609375,21645.369140625,8194.73046875,8975.009765625,3454.52001953125
2018-02-08,5890.7001953125,7170.7001953125,2581.0,15065.599609375,21890.859375,8177.14013671875,8763.1103515625,3377.300048828125
2018-02-09,5838.0,7092.39990234375,2619.550048828125,15034.5,21382.619140625,8092.3701171875,8682.0,3325.989990234375
2018-02-12,5820.7001953125,7177.10009765625,2656.0,15241.900390625,,8059.06005859375,8822.1796875,3368.25
2018-02-13,5855.89990234375,7168.0,2662.93994140625,15216.5,21244.6796875,8122.22021484375,8752.6396484375,3340.929931640625
2018-02-14,5841.2001953125,7214.0,2698.6298828125,15328.2998046875,21154.169921875,8058.7998046875,8899.099609375,3369.830078125
2018-02-15,5909.0,7234.7998046875,2731.199951171875,15407.7001953125,21464.98046875,8063.330078125,8917.7998046875,3389.6298828125
2018-02-16,5904.0,7294.7001953125,2732.219970703125,15452.599609375,21720.25,8125.31005859375,8986.7197265625,3426.800048828125
2018-02-19,5941.60009765625,7247.7001953125,,,22149.2109375,8115.25,8908.650390625,3407.7900390625
2018-02-20,5940.89990234375,7246.7998046875,2716.260009765625,15439.400390625,21925.099609375,8098.27001953125,8981.3896484375,3435.080078125
2018-02-21,5943.7001953125,7281.60009765625,2701.330078125,15524.0,21970.810546875,8200.26953125,8988.990234375,3430.159912109375
2018-02-22,5950.89990234375,7252.39990234375,2703.9599609375,15508.2001953125,21736.439453125,8266.8798828125,8967.4296875,3431.989990234375
2018-02-23,5999.7998046875,7244.39990234375,2747.300048828125,15638.5,21892.779296875,8301.7197265625,8948.1904296875,3441.4599609375
2018-02-26,6042.2001953125,7289.60009765625,2779.60009765625,15714.7001953125,22153.630859375,8340.5302734375,9026.1103515625,3463.179931640625
2018-02-27,6056.89990234375,7282.5,2744.280029296875,15671.2001953125,22389.859375,8360.3798828125,8992.51953125,3458.030029296875
2018-02-28,6016.0,7231.89990234375,2713.830078125,15442.7001953125,22068.240234375,8373.8203125,8906.3798828125,3438.9599609375
2018-03-01,5973.2998046875,7175.60009765625,2677.669921875,15394.0,21724.470703125,8342.7099609375,8792.3798828125,3399.159912109375
2018-03-02,5928.89990234375,7069.89990234375,2691.25,15384.599609375,21181.640625,8288.419921875,8628.509765625,3324.75
2018-03-05,5959.5,7116.0,2720.93994140625,15541.2998046875,21042.08984375,8279.830078125,8808.3798828125,3355.320068359375
2018-03-06,5962.39990234375,7146.7998046875,2728.1201171875,15545.2001953125,21417.759765625,8327.66015625,8765.8798828125,3357.860107421875
2018-03-07,5902.0,7157.7998046875,2726.800048828125,15472.599609375,21252.720703125,8284.33984375,8784.83984375,3377.360107421875
2018-03-08,5942.89990234375,7203.2001953125,2738.969970703125,15538.7001953125,21368.0703125,8358.7001953125,8896.419921875,3413.280029296875
2018-03-09,5963.2001953125,7224.5,2786.570068359375,15577.7998046875,21469.19921875,8390.009765625,8931.849609375,3420.5400390625
2018-03-12,5996.10009765625,7214.7998046875,2783.02001953125,15604.7998046875,21824.029296875,8463.990234375,8970.740234375,3429.47998046875
2018-03-13,5974.7001953125,7138.7998046875,2765.31005859375,15647.099609375,21968.099609375,8473.1396484375,8880.919921875,3397.35009765625
2018-03-14,5935.2998046875,7132.7001953125,2749.47998046875,15653.599609375,21777.2890625,8432.6298828125,8869.330078125,3390.97998046875
2018-03-15,5920.7998046875,7139.7998046875,2747.330078125,15670.599609375,21803.94921875,8467.330078125,8878.98046875,3414.1298828125
2018-03-16,5949.39990234375,7164.10009765625,2752.010009765625,15711.2998046875,21676.509765625,8477.080078125,8882.5302734375,3437.39990234375
2018-03-19,5959.39990234375,7042.89990234375,2712.919921875,15589.400390625,21480.900390625,8492.1201171875,8811.330078125,3394.7900390625
2018-03-20,5936.39990234375,7061.2998046875,2716.93994140625,15616.400390625,21380.970703125,8487.150390625,8847.2900390625,3412.080078125
2018-03-21,5950.2998046875,7039.0,2711.929931640625,15675.2998046875,,8608.2900390625,8783.7001953125,3401.0400390625
2018-03-22,5937.2001953125,6952.60009765625,2643.68994140625,15399.900390625,21591.990234375,8600.8095703125,8637.8701171875,3348.18994140625
2018-03-23,5820.7001953125,6921.89990234375,2588.260009765625,15223.7001953125,20617.859375,8515.3603515625,8569.080078125,3298.070068359375
2018-03-26,5790.5,6888.7001953125,2658.550048828125,15298.599609375,20766.099609375,8432.41015625,8509.2900390625,3278.719970703125
2018-03-27,5832.2998046875,7000.10009765625,2612.6201171875,15216.2001953125,21317.3203125,8508.1201171875,8638.419921875,3316.949951171875
2018-03-28,5789.5,7044.7001953125,2605.0,15169.900390625,21031.310546875,8388.080078125,8756.1201171875,3331.25
2018-03-29,5759.39990234375,7056.60009765625,2640.8701171875,15367.2998046875,21159.080078125,8319.0703125,8740.9697265625,3361.5
2018-03-30,,,,,21454.30078125,,,
2018-04-02,,,2581.8798828125,15213.5,21388.580078125,,,
2018-04-03,5751.89990234375,7030.5,2614.449951171875,15180.7998046875,21292.2890625,8329.9296875,8630.9296875,3346.929931640625
2018-04-04,5761.39990234375,7034.0,2644.68994140625,15164.400390625,21319.55078125,8398.080078125,8553.6904296875,3340.35009765625
2018-04-05,5788.7998046875,7199.5,2662.840087890625,15356.099609375,21645.419921875,8363.990234375,8742.599609375,3429.949951171875
2018-04-06,5788.7001953125,7183.60009765625,2604.469970703125,15207.400390625,21567.51953125,8393.26953125,8671.0400390625,3408.10009765625
2018-04-09,5808.7001953125,7194.7998046875,2613.159912109375,15227.7001953125,21678.259765625,8454.1298828125,8687.080078125,3414.85009765625
2018-04-10,5857.0,7266.7998046875,2656.8701171875,15262.099609375,21794.3203125,8469.76953125,8755.5703125,3438.780029296875
2018-04-11,5828.7001953125,7257.10009765625,2642.18994140625,15257.900390625,21687.099609375,8453.7197265625,8708.4404296875,3419.7099609375
2018-04-12,5815.5,7258.2998046875,2663.989990234375,15269.2998046875,21660.279296875,8404.2197265625,8774.759765625,3443.969970703125
2018-04-13,5829.10009765625,7264.60009765625,2656.300048828125,15274.0,21778.740234375,8414.76953125,8776.169921875,3448.0
2018-04-16,5841.2998046875,7198.2001953125,2677.840087890625,15300.400390625,21835.529296875,8406.349609375,8726.5400390625,3441.0400390625
2018-04-17,5841.5,7226.10009765625,2706.389892578125,15353.2998046875,21847.58984375,8344.51953125,8820.0400390625,3477.909912109375
2018-04-18,5861.39990234375,7317.2998046875,2708.639892578125,15530.0,22158.19921875,8369.490234375,8831.8798828125,3490.889892578125
2018-04-19,5881.0,7328.89990234375,2693.1298828125,15454.400390625,22191.1796875,8373.0302734375,8833.1796875,3486.60009765625
2018-04-20,5868.7998046875,7368.2001953125,2670.139892578125,15484.2998046875,22162.240234375,8323.2197265625,8807.7998046875,3494.199951171875
2018-04-23,5886.0,7398.89990234375,2670.2900390625,15552.099609375,22088.0390625,8303.6201171875,8806.6298828125,3513.06005859375
2018-04-24,5921.60009765625,7425.39990234375,2634.56005859375,15477.0,22278.119140625,8288.6396484375,8796.91015625,3510.8798828125
2018-04-25,,7379.2998046875,2639.39990234375,15509.7998046875,22215.3203125,,8740.9599609375,3485.830078125
2018-04-26,5910.7998046875,7421.39990234375,2666.93994140625,15637.599609375,22319.609375,8282.0498046875,8835.0302734375,3506.030029296875
2018-04-27,5953.60009765625,7502.2001953125,2669.909912109375,15668.900390625,22467.869140625,8370.3701171875,8843.01953125,3518.780029296875
2018-04-30,5982.7001953125,7509.2998046875,2648.050048828125,15607.900390625,,8443.580078125,8886.259765625,3536.52001953125
2018-05-01,6015.2001953125,7520.39990234375,2654.800048828125,15618.900390625,22508.029296875,8435.9697265625,,
2018-05-02,6050.2001953125,7543.2001953125,2635.669921875,15627.900390625,22472.779296875,8494.240234375,8896.2802734375,3553.7900390625
2018-05-03,6098.2998046875,7502.7001953125,2629.72998046875,15621.5,,8546.8798828125,8842.2900390625,3529.1201171875
2018-05-04,6062.89990234375,7567.10009765625,2663.419921875,15729.400390625,,8549.3701171875,8903.830078125,3550.590087890625
2018-05-07,6084.5,,2672.6298828125,15808.599609375,22467.16015625,8587.9404296875,8978.650390625,3564.18994140625
2018-05-08,6091.89990234375,7565.7998046875,2671.919921875,15842.7001953125,22508.689453125,8594.58984375,8944.900390625,3557.8798828125
2018-05-09,6108.0,7662.5,2697.7900390625,15910.7998046875,22408.880859375,8619.830078125,8984.099609375,3569.739990234375
2018-05-10,6118.7001953125,7701.0,2723.070068359375,15959.5,22497.1796875,8637.7197265625,,
2018-05-11,6116.2001953125,7724.60009765625,2727.719970703125,15983.2998046875,22758.48046875,8676.6904296875,8993.509765625,3565.52001953125
2018-05-14,6135.2998046875,7711.0,2730.1298828125,16085.599609375,22865.859375,8713.23046875,9000.8896484375,3565.739990234375
2018-05-15,6097.7998046875,7723.0,2711.449951171875,16097.7998046875,22818.01953125,8708.7802734375,8994.2197265625,3564.2900390625
2018-05-16,6107.0,7734.2001953125,2722.4599609375,16108.099609375,22717.23046875,8555.509765625,8973.8798828125,3562.85009765625
2018-05-17,6094.2998046875,7788.0,2720.1298828125,16143.599609375,22838.369140625,8603.3798828125,8988.330078125,3592.179931640625
2018-05-18,6087.39990234375,7778.7998046875,2712.969970703125,16162.2998046875,22930.359375,8657.330078125,8940.4599609375,3573.760009765625
2018-05-21,6084.5,7859.2001953125,2733.010009765625,,23002.369140625,8615.7197265625,,
2018-05-22,6041.89990234375,7877.5,2724.43994140625,16144.7998046875,22960.33984375,8613.3203125,8936.0703125,3587.25
2018-05-23,6032.5,7788.39990234375,2733.2900390625,16133.7998046875,22689.740234375,8553.23046875,8794.9404296875,3541.820068359375
2018-05-24,6037.10009765625,7716.7001953125,2727.760009765625,16113.599609375,22437.009765625,8590.76953125,8770.9404296875,3521.760009765625
2018-05-25,6032.7998046875,7730.2998046875,2721.330078125,16075.7001953125,22450.7890625,8638.400390625,8759.080078125,3515.360107421875
2018-05-28,6004.0,,,16016.099609375,22481.08984375,8645.2001953125,8775.4501953125,3482.639892578125
2018-05-29,6013.60009765625,7632.60009765625,2689.860107421875,15922.599609375,22358.4296875,8635.8603515625,8637.2001953125,3428.139892578125
2018-05-30,5984.7001953125,7689.60009765625,2724.010009765625,16048.7001953125,22018.51953125,8647.8603515625,8578.6796875,3441.18994140625
2018-05-31,6011.89990234375,7678.2001953125,2705.27001953125,16061.5,22201.8203125,8658.7900390625,8456.9501953125,3406.64990234375
2018-06-01,5990.39990234375,7701.7998046875,2734.6201171875,16043.5,22171.349609375,8636.16015625,8618.5400390625,3453.5400390625
2018-06-04,6025.5,7741.2998046875,2746.8701171875,16052.2001953125,22475.939453125,,8634.419921875,3469.570068359375
2018-06-05,5994.89990234375,7686.7998046875,2748.800048828125,16122.2998046875,22539.5390625,8757.0400390625,8538.3095703125,3456.7900390625
2018-06-06,6025.10009765625,7712.39990234375,2772.35009765625,16183.900390625,22625.73046875,8813.4501953125,8544.990234375,3460.820068359375
2018-06-07,6057.2998046875,7704.39990234375,2770.3701171875,16192.7998046875,22823.259765625,8899.51953125,8548.330078125,3459.77001953125
2018-06-08,6045.2001953125,7681.10009765625,2779.030029296875,16202.7001953125,22694.5,8938.4501953125,8512.0595703125,3447.300048828125
2018-06-11,,7737.39990234375,2782.0,16263.2998046875,22804.0390625,8959.8095703125,8623.5400390625,3480.219970703125
2018-06-12,6054.39990234375,7703.7998046875,2786.85009765625,16289.0,22878.349609375,8958.8095703125,8640.7998046875,3475.580078125
2018-06-13,6023.5,7703.7001953125,2775.6298828125,16265.7998046875,22966.380859375,8977.3095703125,8634.6103515625,3479.56005859375
2018-06-14,6016.60009765625,7765.7998046875,2782.489990234375,16329.0,22738.609375,8978.1796875,8690.830078125,3527.110107421875
2018-06-15,6094.0,7633.89990234375,2779.659912109375,16314.400390625,22851.75,8975.75,8642.599609375,3505.02001953125
2018-06-18,6104.10009765625,7631.2998046875,2773.75,16383.599609375,22680.330078125,8974.23046875,8519.5703125,3466.64990234375
2018-06-19,6102.10009765625,7603.89990234375,2762.590087890625,16316.5,22278.48046875,8863.240234375,8463.41015625,3435.300048828125
2018-06-20,6172.60009765625,7627.39990234375,2767.320068359375,16421.0,22555.4296875,8905.7900390625,8557.509765625,3439.60009765625
2018-06-21,6232.10009765625,7556.39990234375,2749.760009765625,16335.2001953125,22693.0390625,8998.7802734375,8459.9296875,3403.510009765625
2018-06-22,6225.2001953125,7682.2998046875,2754.8798828125,16450.099609375,22516.830078125,8999.3701171875,8616.5595703125,3441.60009765625
2018-06-25,6210.39990234375,7509.7998046875,2717.070068359375,16184.0,22338.150390625,8996.240234375,8458.75,3369.2099609375
2018-06-26,6197.60009765625,7537.89990234375,2723.06005859375,16280.099609375,22342.0,8989.7998046875,8477.98046875,3368.719970703125
2018-06-27,6195.89990234375,7621.7001953125,2699.6298828125,16231.2998046875,22271.76953125,8996.51953125,8504.5,3397.1298828125
2018-06-28,6215.39990234375,7615.60009765625,2716.31005859375,16179.900390625,22270.390625,8998.7900390625,8461.7099609375,3365.52001953125
2018-06-29,6194.60009765625,7636.89990234375,2718.3701171875,16277.7001953125,22304.509765625,8943.1298828125,8609.2998046875,3395.60009765625
2018-07-02,6177.7998046875,7547.89990234375,2726.7099609375,,21811.9296875,8942.4697265625,8529.58984375,3372.2099609375
2018-07-03,6210.2001953125,7593.2998046875,2713.219970703125,16263.2001953125,21785.5390625,9053.58984375,8625.490234375,3406.340087890625
2018-07-04,6183.39990234375,7573.10009765625,,16304.7001953125,21717.0390625,9025.6396484375,8663.5302734375,3412.030029296875
2018-07-05,6215.5,7603.2001953125,2736.610107421875,16266.599609375,21546.990234375,9062.849609375,8674.0400390625,3440.919921875
2018-07-06,6272.2998046875,7617.7001953125,2759.820068359375,16371.7998046875,21788.140625,9084.0400390625,8697.419921875,3448.489990234375
2018-07-09,6286.0,7688.0,2784.169921875,16452.30078125,22052.1796875,9061.650390625,8759.919921875,3460.43994140625
2018-07-10,6258.10009765625,7692.0,2793.840087890625,16548.69921875,22196.890625,9022.9296875,8768.91015625,3473.31005859375
2018-07-11,6215.60009765625,7592.0,2774.02001953125,16417.30078125,21932.2109375,9001.3896484375,8682.9296875,3422.35009765625
2018-07-12,6268.2998046875,7651.2998046875,2798.2900390625,16567.400390625,22187.9609375,8985.4697265625,8818.1904296875,3445.489990234375
2018-07-13,6268.39990234375,7661.89990234375,2801.31005859375,16561.099609375,22597.349609375,9024.1904296875,8861.0498046875,3454.5400390625
2018-07-16,6241.5,7600.5,2798.429931640625,16494.69921875,22597.349609375,8980.3095703125,8847.9599609375,3449.080078125
2018-07-17,6203.60009765625,7626.2998046875,2809.550048828125,16519.19921875,22697.359375,8978.8896484375,8824.669921875,3457.5
2018-07-18,6245.10009765625,7676.2998046875,2815.6201171875,16477.400390625,22794.189453125,8946.099609375,8938.1201171875,3485.080078125
2018-07-19,6262.7001953125,7684.0,2804.489990234375,16543.0,22764.6796875,8917.58984375,8933.9697265625,3471.639892578125
2018-07-20,6285.89990234375,7678.7998046875,2801.830078125,16435.5,22697.880859375,8955.5400390625,8991.33984375,3460.030029296875
2018-07-23,6227.60009765625,7655.7998046875,2806.97998046875,16420.80078125,22396.990234375,8872.5595703125,8959.7900390625,3454.050048828125
2018-07-24,6265.7998046875,7709.10009765625,2820.39990234375,16390.099609375,22510.48046875,8901.3203125,9005.580078125,3483.31005859375
2018-07-25,6247.60009765625,7658.2998046875,2846.070068359375,16420.80078125,22614.25,8933.8896484375,9019.4599609375,3468.449951171875
2018-07-26,6244.5,7663.2001953125,2837.43994140625,16455.69921875,22586.869140625,8932.48046875,9139.4697265625,3509.260009765625
2018-07-27,6300.2001953125,7701.2998046875,2818.820068359375,16394.0,22712.75,8996.16015625,9173.2001953125,3527.179931640625
2018-07-30,6278.39990234375,7700.89990234375,2802.60009765625,16345.5,22544.83984375,8921.3798828125,9163.3798828125,3512.31005859375
2018-07-31,6280.2001953125,7748.7998046875,2816.2900390625,16434.0,22553.720703125,8922.08984375,9174.330078125,3525.489990234375
2018-08-01,6275.7001953125,7652.89990234375,2813.360107421875,16376.7998046875,22746.69921875,8859.919921875,,
2018-08-02,6240.89990234375,7575.89990234375,2827.219970703125,16409.19921875,22512.529296875,8849.16015625,9155.5703125,3469.2099609375
2018-08-03,6234.7998046875,7659.10009765625,2840.35009765625,16420.19921875,22525.1796875,8864.51953125,9158.0,3482.39990234375
2018-08-06,6273.0,7663.7998046875,2850.39990234375,,22507.3203125,8903.1298828125,9149.3603515625,3483.300048828125
2018-08-07,6253.89990234375,7718.5,2858.449951171875,16286.2998046875,22662.740234375,8875.73046875,9201.2197265625,3504.3701171875
2018-08-08,6268.5,7776.7001953125,2857.699951171875,16315.099609375,22644.310546875,8872.08984375,9176.150390625,3493.60009765625
2018-08-09,6297.7001953125,7741.7998046875,2853.580078125,16417.0,22598.390625,8940.1904296875,9145.6796875,3494.1298828125
2018-08-10,6278.39990234375,7667.0,2833.280029296875,16326.5,22298.080078125,9010.6103515625,9031.330078125,3426.280029296875
2018-08-13,6252.2001953125,7642.5,2821.929931640625,16250.7998046875,21857.4296875,8945.0400390625,9005.349609375,3409.679931640625
2018-08-14,6299.60009765625,7611.60009765625,2839.9599609375,16330.7001953125,22356.080078125,8971.9404296875,9010.1904296875,3409.43994140625
2018-08-15,6329.0,7497.89990234375,2818.3701171875,16148.5,22204.220703125,8987.490234375,8926.23046875,3359.080078125
2018-08-16,6328.2998046875,7556.39990234375,2840.68994140625,16225.7001953125,22192.0390625,8998.91015625,8997.7197265625,3377.56005859375
2018-08-17,6339.2001953125,7558.60009765625,2850.1298828125,16323.7001953125,22270.380859375,9052.76953125,9003.91015625,3372.93994140625
2018-08-20,6345.0,7591.2998046875,2857.050048828125,16331.0,22199.0,9109.150390625,9059.5302734375,3393.669921875
2018-08-21,6284.39990234375,7565.7001953125,2862.9599609375,16297.0,22219.73046875,9115.7802734375,9082.8603515625,3411.659912109375
2018-08-22,6266.0,7574.2001953125,2861.820068359375,16347.2998046875,22362.55078125,9162.6103515625,9048.2001953125,3420.179931640625
2018-08-23,6244.39990234375,7563.2001953125,2856.97998046875,16326.7998046875,22410.8203125,9139.8701171875,9049.7197265625,3419.260009765625
2018-08-24,6247.2998046875,7577.5,2874.68994140625,16356.099609375,22601.76953125,9159.6298828125,9052.900390625,3427.43994140625
2018-08-27,6268.89990234375,,2896.739990234375,16444.400390625,22799.640625,9206.419921875,9098.7001953125,3456.010009765625
2018-08-28,6304.7001953125,7617.2001953125,2897.52001953125,16355.5,22813.470703125,9214.01953125,9084.259765625,3447.570068359375
2018-08-29,6352.2001953125,7563.2001953125,2914.0400390625,16390.30078125,22848.220703125,9362.669921875,9083.83984375,3456.1298828125
2018-08-30,6351.7998046875,7516.0,2901.1298828125,16371.599609375,22869.5,9339.8798828125,9042.0595703125,3430.989990234375
2018-08-31,6319.5,7432.39990234375,2901.52001953125,16262.900390625,22865.150390625,9313.2001953125,8973.5595703125,3392.89990234375
2018-09-03,6310.89990234375,7504.60009765625,,,22707.380859375,9257.2900390625,9003.4697265625,3394.989990234375
2018-09-04,6293.10009765625,7457.89990234375,2896.719970703125,16161.2998046875,22696.900390625,9292.150390625,8951.8896484375,3359.360107421875
2018-09-05,6230.39990234375,7383.2998046875,2888.60009765625,16137.599609375,22580.830078125,9228.0,8868.8603515625,3315.6201171875
2018-09-06,6160.39990234375,7319.0,2878.050048828125,16100.900390625,22487.939453125,9101.599609375,8818.7197265625,3295.949951171875
2018-09-07,6143.7998046875,7277.7001953125,2871.679931640625,16090.2998046875,22307.060546875,9095.3896484375,8843.1103515625,3293.360107421875
2018-09-10,6141.7001953125,7279.2998046875,2877.1298828125,16057.099609375,22373.08984375,9048.6298828125,8930.240234375,3309.280029296875
2018-09-11,6179.7001953125,7273.5,2887.889892578125,16094.2998046875,22664.689453125,9225.5703125,8914.9404296875,3311.659912109375
2018-09-12,6175.89990234375,7313.39990234375,2888.919921875,16049.0,22604.609375,9195.5703125,8960.1298828125,3326.60009765625
2018-09-13,6128.7001953125,7281.60009765625,2904.179931640625,16001.7001953125,22821.3203125,9248.990234375,8960.080078125,3333.679931640625
2018-09-14,6165.2998046875,7304.0,2904.97998046875,16013.5,23094.669921875,9270.759765625,8970.0,3344.6298828125
2018-09-17,6185.0,7302.10009765625,2888.800048828125,16082.2998046875,,9271.5302734375,8936.7099609375,3346.110107421875
2018-09-18,6161.5,7300.2001953125,2904.31005859375,16196.0,23420.5390625,9315.76953125,8915.8701171875,3358.4599609375
2018-09-19,6190.0,7331.10009765625,2907.949951171875,16149.900390625,23672.51953125,9345.0595703125,8939.849609375,3368.56005859375
2018-09-20,6169.5,7367.2998046875,2930.75,16214.7998046875,23674.9296875,9360.8701171875,9000.8095703125,3403.1201171875
2018-09-21,6194.60009765625,7490.2001953125,2929.669921875,16224.099609375,23869.9296875,9375.9697265625,8995.3798828125,3430.81005859375
2018-09-24,6186.89990234375,7458.39990234375,2919.3701171875,16207.2998046875,,9337.509765625,8946.2197265625,3410.43994140625
2018-09-25,6185.89990234375,7507.60009765625,2915.56005859375,16159.5,23940.259765625,9345.9599609375,9021.6103515625,3419.780029296875
2018-09-26,6192.2998046875,7511.5,2905.969970703125,16169.2998046875,24033.7890625,9349.849609375,9080.1396484375,3433.14990234375
2018-09-27,6181.2001953125,7545.39990234375,2914.0,16204.599609375,23796.740234375,9286.400390625,9112.2197265625,3449.7900390625
2018-09-28,6207.60009765625,7510.2001953125,2913.97998046875,16073.099609375,24120.0390625,9351.0595703125,9087.990234375,3399.199951171875
2018-10-01,6172.2998046875,7495.7001953125,2924.590087890625,16104.400390625,24245.759765625,9327.26953125,9127.0498046875,3414.159912109375
2018-10-02,6126.2001953125,7474.60009765625,2923.429931640625,16017.2001953125,24270.619140625,9326.58984375,9087.3203125,3388.989990234375
2018-10-03,6146.10009765625,7510.2998046875,2925.510009765625,16072.099609375,24110.9609375,9293.9501953125,9175.2099609375,3405.47998046875
2018-10-04,6176.2998046875,7418.2998046875,2901.610107421875,16006.7001953125,23975.619140625,9257.1796875,9097.51953125,3375.080078125
2018-10-05,6185.5,7318.5,2885.570068359375,15946.2001953125,23783.720703125,9214.8701171875,9042.080078125,3345.510009765625
2018-10-08,6100.2998046875,7233.2998046875,2884.429931640625,,,9147.099609375,8964.1396484375,3309.719970703125
2018-10-09,6041.10009765625,7237.60009765625,2880.340087890625,15854.099609375,23469.390625,9069.98046875,8964.1103515625,3321.7900390625
2018-10-10,6049.7998046875,7145.7001953125,2785.679931640625,15517.400390625,23506.0390625,9050.8203125,8892.8798828125,3266.89990234375
2018-10-11,5883.7998046875,7006.89990234375,2728.3701171875,15317.099609375,22590.859375,8721.2001953125,8639.1904296875,3209.18994140625
2018-10-12,5895.7001953125,6995.89990234375,2767.1298828125,15414.2998046875,22694.66015625,8843.240234375,8660.3798828125,3194.409912109375
2018-10-15,5837.10009765625,7029.2001953125,2750.7900390625,15409.5,22271.30078125,8838.0703125,8653.16015625,3210.3701171875
2018-10-16,5869.89990234375,7059.39990234375,2809.919921875,15579.7001953125,22549.240234375,8803.4501953125,8794.9697265625,3257.340087890625
2018-10-17,5939.10009765625,7054.60009765625,2809.2099609375,15529.900390625,22841.119140625,8911.7900390625,8750.349609375,3243.080078125
2018-10-18,5942.39990234375,7027.0,2768.780029296875,15404.099609375,22658.16015625,8910.58984375,8779.1796875,3211.590087890625
2018-10-19,5939.5,7049.7998046875,2767.780029296875,15470.099609375,22532.080078125,8802.259765625,8872.08984375,3210.820068359375
2018-10-22,5904.89990234375,7042.7998046875,2755.8798828125,15412.7001953125,22614.8203125,,8865.5595703125,3190.090087890625
2018-10-23,5843.10009765625,6955.2001953125,2740.68994140625,15285.2001953125,22010.779296875,8673.1796875,8767.150390625,3140.93994140625
2018-10-24,5829.0,6963.0,2656.10009765625,14909.099609375,22091.1796875,8642.240234375,8724.6103515625,3130.330078125
2018-10-25,5664.10009765625,7004.10009765625,2705.570068359375,14924.099609375,21268.73046875,8568.23046875,8706.400390625,3164.39990234375
2018-10-26,5665.2001953125,6939.60009765625,2658.68994140625,14888.2998046875,21184.599609375,8568.400390625,8665.7998046875,3134.889892578125
2018-10-29,5728.2001953125,7026.2998046875,2641.25,14721.7998046875,21149.80078125,8615.5400390625,8759.6201171875,3154.929931640625
2018-10-30,5805.10009765625,7035.89990234375,2682.6298828125,14894.5,21457.2890625,8648.3798828125,8854.2802734375,3147.1298828125
2018-10-31,5830.2998046875,7128.10009765625,2711.739990234375,15027.2998046875,21920.4609375,8752.3095703125,9022.16015625,3197.510009765625
2018-11-01,5840.7998046875,7114.7001953125,2740.3701171875,15150.2001953125,21687.650390625,8843.830078125,9017.25,3204.2099609375
2018-11-02,5849.2001953125,7094.10009765625,2723.06005859375,15119.2998046875,22243.66015625,8835.599609375,8992.2998046875,3214.409912109375
2018-11-05,5818.10009765625,7103.7998046875,2738.31005859375,15217.7001953125,21898.990234375,8778.7802734375,9008.580078125,3217.3701171875
2018-11-06,5875.2001953125,7040.7001953125,2755.449951171875,15292.7001953125,22147.75,8816.419921875,8992.0703125,3207.419921875
2018-11-07,5896.89990234375,7117.2998046875,2813.889892578125,15369.400390625,22085.80078125,8854.7900390625,9050.5302734375,3246.159912109375
2018-11-08,5928.2001953125,7140.7001953125,2806.830078125,15357.5,22486.919921875,8896.009765625,9094.900390625,3237.60009765625
2018-11-09,5921.7998046875,7105.2998046875,2781.010009765625,15274.400390625,22250.25,8931.400390625,9074.0302734375,3229.489990234375
2018-11-12,5941.2998046875,7053.10009765625,2726.219970703125,15156.400390625,22269.880859375,8956.849609375,8984.0498046875,3194.080078125
2018-11-13,5834.2001953125,7053.7998046875,2722.179931640625,15131.7998046875,21810.51953125,8861.51953125,9015.4296875,3224.820068359375
2018-11-14,5732.7998046875,7033.7998046875,2701.580078125,15133.099609375,21846.48046875,8827.740234375,8931.2001953125,3205.360107421875
2018-11-15,5736.0,7038.0,2730.199951171875,15144.900390625,21803.619140625,8825.8896484375,8870.0302734375,3190.31005859375
2018-11-16,5730.60009765625,7013.89990234375,2736.27001953125,15155.5,21680.33984375,8809.7001953125,8907.3896484375,3180.739990234375
2018-11-19,5693.7001953125,7000.89990234375,2690.72998046875,15071.0,21821.16015625,8792.9296875,8812.6103515625,3160.330078125
2018-11-20,5671.7998046875,6947.89990234375,2641.889892578125,14877.0,21583.119140625,8720.2998046875,8769.4501953125,3116.070068359375
2018-11-21,5642.7998046875,7050.2001953125,2649.929931640625,15095.0,21507.5390625,8672.400390625,8841.48046875,3153.909912109375
2018-11-22,5691.2998046875,6960.2998046875,,15091.599609375,21646.55078125,8703.16015625,8781.2900390625,3126.669921875
2018-11-23,5716.2001953125,6952.89990234375,2632.56005859375,15010.7001953125,,8701.3798828125,8845.900390625,3137.2099609375
2018-11-26,5671.60009765625,7036.0,2673.449951171875,15012.7001953125,21812.0,8662.3701171875,8931.3701171875,3172.7099609375
2018-11-27,5728.2998046875,7016.89990234375,2682.169921875,14944.099609375,21952.400390625,8673.8203125,8898.009765625,3166.419921875
2018-11-28,5725.10009765625,7004.5,2743.7900390625,15171.2998046875,22177.01953125,8713.9599609375,8894.580078125,3168.2900390625
2018-11-29,5758.39990234375,7039.0,2737.800048828125,15194.0,22262.599609375,8794.8798828125,9015.58984375,3174.159912109375
2018-11-30,5667.2001953125,6980.2001953125,2760.169921875,15197.7998046875,22351.060546875,8823.5400390625,9037.759765625,3173.1298828125
2018-12-03,5771.2001953125,7062.39990234375,2790.3701171875,15275.0,22574.759765625,8876.08984375,9106.5595703125,3214.989990234375
2018-12-04,5713.10009765625,7022.7998046875,2700.06005859375,15063.599609375,22036.05078125,8865.759765625,9085.0,3189.25
2018-12-05,5668.39990234375,6921.7998046875,,15182.599609375,21919.330078125,8781.5302734375,8939.9599609375,3150.27001953125
2018-12-06,5657.60009765625,6704.10009765625,2695.949951171875,14937.0,21501.619140625,8758.2197265625,8660.0302734375,3045.93994140625
2018-12-07,5681.5,6778.10009765625,2633.080078125,14795.099609375,21678.6796875,8767.3203125,8741.0302734375,3058.530029296875
2018-12-10,5552.5,6721.5,2637.719970703125,14728.2998046875,21219.5,8660.01953125,8551.01953125,3016.989990234375
2018-12-11,5575.89990234375,6806.89990234375,2636.780029296875,14667.7998046875,21148.01953125,8670.9404296875,8715.080078125,3055.320068359375
2018-12-12,5653.5,6880.2001953125,2651.070068359375,14783.099609375,21602.75,8738.3603515625,8861.1396484375,3107.969970703125
2018-12-13,5661.60009765625,6877.5,2650.5400390625,14750.400390625,21816.189453125,8793.169921875,8814.7001953125,3112.169921875
2018-12-14,5602.0,6845.2001953125,2599.949951171875,14595.099609375,21374.830078125,8722.509765625,8713.6796875,3092.60009765625
2018-12-17,5658.2998046875,6773.2001953125,2545.93994140625,14362.7001953125,21506.880859375,8745.58984375,8602.6103515625,3063.64990234375
2018-12-18,5589.5,6701.60009765625,2546.159912109375,14416.900390625,21115.44921875,8688.3701171875,8528.26953125,3040.1298828125
2018-12-19,5580.60009765625,6765.89990234375,2506.9599609375,14264.099609375,20987.919921875,8762.1904296875,8540.16015625,3051.3798828125
2018-12-20,5505.7998046875,6711.89990234375,2467.419921875,14141.7998046875,20392.580078125,8772.1904296875,8414.48046875,3000.06005859375
2018-12-21,5467.60009765625,6721.2001953125,2416.6201171875,13935.400390625,20166.189453125,8686.1904296875,8417.2900390625,3000.610107421875
2018-12-24,5493.7998046875,6686.0,2351.10009765625,13780.2001953125,,8714.509765625,,
2018-12-25,,,,,19155.740234375,,,
2018-12-26,,,2467.699951171875,,19327.060546875,,,
2018-12-27,5597.2001953125,6584.7001953125,2488.830078125,14165.2001953125,20077.619140625,8774.51953125,8195.6396484375,2937.360107421875
2018-12-28,5654.2998046875,6734.0,2485.739990234375,14222.0,20014.76953125,8783.490234375,8429.2998046875,2986.530029296875
2018-12-31,5646.39990234375,6728.10009765625,2506.85009765625,14322.900390625,,8811.26953125,,
2019-01-02,5557.7998046875,6734.2001953125,2510.030029296875,14347.2001953125,,,,
2019-01-03,5633.39990234375,6692.7001953125,2447.889892578125,14212.7998046875,,8732.3701171875,8466.009765625,2954.659912109375
2019-01-04,5619.39990234375,6837.39990234375,2531.93994140625,14426.599609375,19561.9609375,8743.759765625,8608.5595703125,3041.85009765625
2019-01-07,5683.2001953125,6810.89990234375,2549.68994140625,14504.099609375,20038.970703125,8806.0400390625,8535.9501953125,3033.639892578125
2019-01-08,5722.39990234375,6861.60009765625,2574.409912109375,14605.2001953125,20204.0390625,8821.150390625,8629.48046875,3054.93994140625
2019-01-09,5778.2998046875,6906.60009765625,2584.9599609375,14804.7001953125,20427.060546875,8947.2197265625,8687.7099609375,3070.239990234375
2019-01-10,5795.2998046875,6942.89990234375,2596.639892578125,14903.5,20163.80078125,8919.16015625,8801.48046875,3075.72998046875
2019-01-11,5774.60009765625,6918.2001953125,2596.260009765625,14939.2001953125,20359.69921875,8959.580078125,8828.2197265625,3070.0400390625
2019-01-14,5773.39990234375,6855.0,2582.610107421875,14975.5,,8968.5498046875,8760.3203125,3055.179931640625
2019-01-15,5814.60009765625,6895.0,2610.300048828125,15046.2998046875,20555.2890625,8964.580078125,8824.73046875,3068.050048828125
2019-01-16,5835.2001953125,6862.7001953125,2616.10009765625,15111.2998046875,20442.75,9027.4404296875,8873.76953125,3077.219970703125
2019-01-17,5850.10009765625,6834.89990234375,2635.9599609375,15211.2001953125,20402.26953125,9077.8095703125,8914.1396484375,3069.35009765625
2019-01-18,5879.60009765625,6968.2998046875,2670.7099609375,15303.7998046875,20666.0703125,9097.7099609375,9023.9599609375,3134.919921875
2019-01-21,5890.39990234375,6970.60009765625,,15354.2001953125,20719.330078125,9148.5703125,9011.41015625,3125.070068359375
2019-01-22,5858.7998046875,6901.39990234375,2632.89990234375,15233.7998046875,20622.91015625,9114.6298828125,8966.33984375,3112.800048828125
2019-01-23,5843.7001953125,6842.89990234375,2638.699951171875,15208.2998046875,20593.720703125,9106.0302734375,8957.1904296875,3112.1298828125
2019-01-24,5865.7001953125,6819.0,2642.330078125,15280.7998046875,20574.630859375,9108.91015625,8937.3896484375,3126.31005859375
2019-01-25,5905.60009765625,6809.2001953125,2664.760009765625,15366.099609375,20773.560546875,9110.5498046875,8922.490234375,3163.239990234375
2019-01-28,,6747.10009765625,2643.85009765625,15378.599609375,20649.0,9114.51953125,8857.849609375,3137.27001953125
2019-01-29,5874.2001953125,6833.89990234375,2640.0,15463.099609375,20664.640625,9006.3798828125,8940.51953125,3153.419921875
2019-01-30,5886.7001953125,6941.60009765625,2681.050048828125,15484.599609375,20556.5390625,8925.51953125,8965.7099609375,3161.739990234375
2019-01-31,5864.7001953125,6968.89990234375,2704.10009765625,15540.599609375,20773.490234375,8985.33984375,8969.26953125,3159.429931640625
2019-02-01,5862.7998046875,7020.2001953125,2706.530029296875,15506.2998046875,20788.390625,8999.169921875,8996.3603515625,3171.1201171875
2019-02-04,5891.2001953125,7034.10009765625,2724.8701171875,15602.2998046875,20883.76953125,8979.41015625,9011.48046875,3165.199951171875
2019-02-05,6005.89990234375,7177.39990234375,2737.699951171875,15702.7001953125,20844.44921875,9073.7197265625,9150.5595703125,3215.0400390625
2019-02-06,6026.10009765625,7173.10009765625,2731.610107421875,15712.2998046875,20874.060546875,,9143.0,3212.75
2019-02-07,6092.5,7093.60009765625,2706.050048828125,15703.400390625,20751.279296875,9133.509765625,9035.900390625,3150.760009765625
2019-02-08,6071.5,7071.2001953125,2707.8798828125,15633.2998046875,20333.169921875,9176.6103515625,9003.41015625,3135.6201171875
2019-02-11,6060.7998046875,7129.10009765625,2709.800048828125,15568.900390625,,9210.0,9068.6201171875,3165.610107421875
2019-02-12,6079.10009765625,7133.10009765625,2744.72998046875,15642.099609375,20864.2109375,9280.76953125,9127.400390625,3190.75
2019-02-13,6063.60009765625,7190.7998046875,2753.030029296875,15626.7001953125,21144.48046875,9333.3798828125,9164.0595703125,3202.3701171875
2019-02-14,6059.39990234375,7197.0,2745.72998046875,15696.0,21139.7109375,9284.919921875,9142.7099609375,3182.659912109375
2019-02-15,6066.10009765625,7236.7001953125,2775.60009765625,15838.2001953125,20900.630859375,9245.650390625,9242.1201171875,3241.25
2019-02-18,6089.7998046875,7219.5,,,21281.849609375,9245.4404296875,9267.4599609375,3244.7900390625
2019-02-19,6106.89990234375,7179.2001953125,2779.760009765625,15937.400390625,21302.650390625,9224.259765625,9256.169921875,3239.409912109375
2019-02-20,6096.5,7228.60009765625,2784.699951171875,16031.2001953125,21431.490234375,9249.4404296875,9315.6298828125,3259.489990234375
2019-02-21,6139.2001953125,7167.39990234375,2774.8798828125,16000.900390625,21464.23046875,9300.8095703125,9333.5703125,3263.699951171875
2019-02-22,6167.2998046875,7178.60009765625,2792.669921875,16013.0,21425.509765625,9309.2099609375,9348.9296875,3270.550048828125
2019-02-25,6186.2998046875,7183.7001953125,2796.110107421875,16057.0,21528.23046875,9344.6298828125,9398.3701171875,3280.010009765625
2019-02-26,6128.39990234375,7151.10009765625,2793.89990234375,16067.900390625,21449.390625,9323.1298828125,9461.2099609375,3289.320068359375
2019-02-27,6150.2998046875,7107.2001953125,2792.3798828125,16074.2998046875,21556.509765625,9281.4697265625,9412.1904296875,3282.77001953125
2019-02-28,6169.0,7074.7001953125,2784.489990234375,15999.0,21385.16015625,9325.0302734375,9388.9404296875,3298.260009765625
2019-03-01,6192.7001953125,7106.7001953125,2803.68994140625,16068.2998046875,21602.689453125,9351.6796875,9412.01953125,3312.10009765625
2019-03-04,6217.39990234375,7134.39990234375,2792.81005859375,16038.099609375,21822.0390625,9413.490234375,9394.0498046875,3317.1201171875
2019-03-05,6199.2998046875,7183.39990234375,2789.64990234375,16086.5,21726.279296875,9399.6904296875,9399.150390625,3327.18994140625
2019-03-06,6245.60009765625,7196.0,2771.449951171875,16092.099609375,21596.810546875,9415.0,9403.16015625,3324.669921875
2019-03-07,6263.89990234375,7157.60009765625,2748.929931640625,16056.5,21456.009765625,9437.3603515625,9324.580078125,3308.85009765625
2019-03-08,6203.7998046875,7104.2998046875,2743.070068359375,15996.2001953125,21025.560546875,9440.26953125,9268.3603515625,3283.60009765625
2019-03-11,6180.2001953125,7130.60009765625,2783.300048828125,16106.2001953125,21125.08984375,9390.849609375,9341.349609375,3304.43994140625
2019-03-12,6174.7998046875,7151.2001953125,2791.52001953125,16136.7001953125,21503.689453125,9397.25,9331.6201171875,3303.949951171875
2019-03-13,6161.2001953125,7159.2001953125,2810.919921875,16150.0,21290.240234375,9387.6904296875,9387.4296875,3323.449951171875
2019-03-14,6179.60009765625,7185.39990234375,2808.47998046875,16087.599609375,21287.01953125,9435.5,9481.900390625,3342.030029296875
2019-03-15,6175.2001953125,7228.2998046875,2822.47998046875,16140.400390625,21450.849609375,9473.26953125,9483.099609375,3386.080078125
2019-03-18,6190.5,7299.2001953125,2832.93994140625,16251.400390625,21584.5,9515.1201171875,9496.9296875,3387.93994140625
2019-03-19,6184.7998046875,7324.0,2832.570068359375,16188.099609375,21566.849609375,9497.26953125,9525.919921875,3409.0
2019-03-20,6165.2998046875,7291.0,2824.22998046875,16167.599609375,21608.919921875,9435.7001953125,9463.3203125,3372.3798828125
2019-03-21,6167.2001953125,7355.2998046875,2854.8798828125,16244.599609375,,9461.3095703125,9454.0498046875,3367.39990234375
2019-03-22,6195.2001953125,7207.60009765625,2800.7099609375,16089.2998046875,21627.33984375,9550.990234375,9319.419921875,3305.72998046875
2019-03-25,6126.2001953125,7177.60009765625,2798.360107421875,16065.900390625,20977.109375,9519.3095703125,9305.5,3300.47998046875
2019-03-26,6130.60009765625,7196.2998046875,2818.4599609375,16155.2001953125,21428.390625,9574.8203125,9389.2998046875,3319.530029296875
2019-03-27,6136.0,7194.2001953125,2805.3701171875,16132.5,21378.73046875,9698.8896484375,9390.58984375,3322.0400390625
2019-03-28,6176.10009765625,7234.2998046875,2815.43994140625,16155.5,21033.759765625,9766.1904296875,9405.9296875,3320.2900390625
2019-03-29,6180.7001953125,7279.2001953125,2834.39990234375,16102.099609375,21205.810546875,9844.9501953125,9477.83984375,3351.7099609375
2019-04-01,6217.0,7317.39990234375,2867.18994140625,16228.099609375,21509.029296875,9853.91015625,9538.1103515625,3385.3798828125
2019-04-02,6242.39990234375,7391.10009765625,2867.239990234375,16263.900390625,21505.310546875,9958.349609375,9536.5703125,3395.699951171875
2019-04-03,6285.0,7418.2998046875,2873.39990234375,16279.900390625,21713.2109375,9939.259765625,9570.08984375,3435.56005859375
2019-04-04,6232.7998046875,7401.89990234375,2879.389892578125,16311.599609375,21724.94921875,9892.599609375,9563.7099609375,3441.929931640625
2019-04-05,6181.2998046875,7446.89990234375,2892.739990234375,16396.19921875,21807.5,9857.0498046875,9541.150390625,3447.469970703125
2019-04-08,6221.39990234375,7451.89990234375,2895.77001953125,16407.30078125,21761.650390625,9807.080078125,9547.330078125,3438.06005859375
2019-04-09,6221.7998046875,7425.60009765625,2878.199951171875,16336.5,21802.58984375,9787.2998046875,9582.2197265625,3417.219970703125
2019-04-10,6223.5,7421.89990234375,2888.2099609375,16396.30078125,21687.5703125,9707.9599609375,9556.3095703125,3424.64990234375
2019-04-11,6198.7001953125,7418.0,2888.320068359375,16399.5,21711.380859375,9766.599609375,9549.259765625,3435.340087890625
2019-04-12,6251.2998046875,7437.10009765625,2907.409912109375,16480.5,21870.560546875,9768.330078125,9484.91015625,3447.830078125
2019-04-15,6251.39990234375,7436.89990234375,2905.580078125,16515.5,22169.109375,9846.349609375,9513.7099609375,3450.4599609375
2019-04-16,6277.39990234375,7469.89990234375,2907.06005859375,16502.19921875,22221.66015625,9908.3896484375,9579.849609375,3463.360107421875
2019-04-17,6256.39990234375,7471.2998046875,2900.449951171875,16544.19921875,22277.970703125,9982.240234375,9596.599609375,3477.72998046875
2019-04-18,6259.7998046875,7459.89990234375,2905.030029296875,16612.80078125,22090.119140625,9959.6201171875,9571.2197265625,3499.22998046875
2019-04-19,,,,,22200.560546875,,,
2019-04-22,,,2907.969970703125,16577.30078125,22217.900390625,,,
2019-04-23,6319.39990234375,7523.10009765625,2933.679931640625,16669.400390625,22259.740234375,10004.83984375,9635.0703125,3503.85009765625
2019-04-24,6382.10009765625,7471.7998046875,2927.25,16586.5,22200.0,10071.740234375,9655.669921875,3502.6298828125
2019-04-25,,7434.10009765625,2926.169921875,16576.099609375,22307.580078125,,9694.0595703125,3491.919921875
2019-04-26,6385.60009765625,7428.2001953125,2939.8798828125,16613.5,22258.73046875,9994.5703125,9724.26953125,3500.409912109375
2019-04-29,6359.5,7440.7001953125,2943.030029296875,16600.400390625,,10012.76953125,9740.48046875,3501.93994140625
2019-04-30,6325.5,7418.2001953125,2945.830078125,16580.69921875,,10013.830078125,9769.740234375,3514.6201171875
2019-05-01,6375.89990234375,7385.2998046875,2923.72998046875,16502.80078125,,9966.419921875,,
2019-05-02,6338.39990234375,7351.2998046875,2917.52001953125,16410.900390625,,10084.990234375,9746.0595703125,3488.929931640625
2019-05-03,6335.7998046875,7380.60009765625,2945.639892578125,16494.400390625,,10058.080078125,9741.990234375,3502.47998046875
2019-05-06,6283.7001953125,,2932.469970703125,16493.5,,9960.6201171875,9657.240234375,3462.949951171875
2019-05-07,6295.7001953125,7260.5,2884.050048828125,16357.7998046875,21923.720703125,10027.3896484375,9577.3798828125,3401.159912109375
2019-05-08,6269.10009765625,7271.0,2879.419921875,16397.400390625,21602.58984375,10063.0498046875,9621.9599609375,3417.260009765625
2019-05-09,6295.2998046875,7207.39990234375,2870.719970703125,16321.7998046875,21402.130859375,10104.349609375,9430.2998046875,3350.7099609375
2019-05-10,6310.89990234375,7203.2998046875,2881.39990234375,16297.599609375,21344.919921875,10099.3701171875,9472.830078125,3361.050048828125
2019-05-13,6297.60009765625,7163.7001953125,2811.8701171875,16193.400390625,21191.279296875,10126.830078125,9363.1796875,3320.780029296875
2019-05-14,6239.89990234375,7241.60009765625,2834.409912109375,16284.5,21067.23046875,10070.349609375,9404.080078125,3364.3798828125
2019-05-15,6284.2001953125,7297.0,2850.9599609375,16318.099609375,21188.560546875,10131.580078125,9480.759765625,3385.780029296875
2019-05-16,6327.7998046875,7353.5,2876.320068359375,16443.900390625,21062.98046875,10176.990234375,9660.58984375,3438.56005859375
2019-05-17,6365.2998046875,7348.60009765625,2859.530029296875,16401.80078125,21250.08984375,10180.7998046875,9659.080078125,3425.639892578125
2019-05-20,6476.10009765625,7310.89990234375,2840.22998046875,,21301.73046875,10234.150390625,9582.080078125,3369.780029296875
2019-05-21,6500.10009765625,7328.89990234375,2864.360107421875,16426.5,21272.44921875,10216.08984375,9624.16015625,3386.510009765625
2019-05-22,6510.7001953125,7334.2001953125,2856.27001953125,16327.400390625,21283.369140625,10237.48046875,9645.0400390625,3386.719970703125
2019-05-23,6491.7998046875,7231.0,2822.239990234375,16164.599609375,21151.140625,10263.41015625,9594.3095703125,3327.199951171875
2019-05-24,6456.0,7277.7001953125,2826.06005859375,16230.0,21117.220703125,10222.3603515625,9666.8896484375,3350.699951171875
2019-05-27,6451.89990234375,,,16346.7001953125,21182.580078125,10147.7099609375,9712.9599609375,3364.0400390625
2019-05-28,6484.7998046875,7269.0,2802.389892578125,16297.5,21260.140625,10123.3203125,9680.8701171875,3348.860107421875
2019-05-29,6440.0,7185.2998046875,2783.02001953125,16131.5,21003.369140625,10096.4697265625,9541.9697265625,3297.81005859375
2019-05-30,6392.10009765625,7218.2001953125,2788.860107421875,16089.2001953125,20942.529296875,10071.98046875,,
2019-05-31,6396.89990234375,7161.7001953125,2752.06005859375,16037.5,20601.189453125,10117.990234375,9523.98046875,3280.429931640625
2019-06-03,6320.5,7184.7998046875,2744.449951171875,16015.900390625,20410.880859375,,9602.73046875,3300.219970703125
2019-06-04,6332.39990234375,7214.2998046875,2803.27001953125,16166.2001953125,20408.5390625,9951.9296875,9597.7099609375,3333.489990234375
2019-06-05,6358.5,7220.2001953125,2826.14990234375,16212.7001953125,20776.099609375,9956.0595703125,9658.6201171875,3339.949951171875
2019-06-06,6383.0,7259.89990234375,2843.489990234375,16227.7998046875,20774.0390625,9987.0,9682.2900390625,3338.409912109375
2019-06-07,6443.89990234375,7331.89990234375,2873.340087890625,16231.0,20884.7109375,10047.8203125,9749.1298828125,3378.3798828125
2019-06-10,,7375.5,2886.72998046875,16216.2998046875,21134.419921875,10027.6103515625,,
2019-06-11,6546.2998046875,7398.5,2885.719970703125,16248.7998046875,21204.279296875,10139.150390625,9835.8701171875,3401.10009765625
2019-06-12,6543.7001953125,7367.60009765625,2879.840087890625,16227.2001953125,21129.720703125,10205.1396484375,9859.73046875,3386.6298828125
2019-06-13,6542.39990234375,7368.60009765625,2891.639892578125,16239.2998046875,21032.0,10223.8095703125,9861.830078125,3390.5
2019-06-14,6554.0,7345.7998046875,2886.97998046875,16301.900390625,21116.890625,10235.3701171875,9847.6103515625,3379.18994140625
2019-06-17,6530.89990234375,7357.2998046875,2889.669921875,16353.5,21124.0,10170.259765625,9851.5703125,3383.2099609375
2019-06-18,6570.0,7443.0,2917.75,16503.400390625,20972.7109375,10191.330078125,9988.5498046875,3452.889892578125
2019-06-19,6648.10009765625,7403.5,2926.4599609375,16511.80078125,21333.869140625,10304.830078125,9961.650390625,3454.699951171875
2019-06-20,6687.39990234375,7424.39990234375,2954.179931640625,16574.80078125,21462.859375,10290.759765625,9978.51953125,3468.080078125
2019-06-21,6650.7998046875,7407.5,2950.4599609375,16525.400390625,21258.640625,10327.2900390625,9922.830078125,3466.919921875
2019-06-24,6665.39990234375,7416.7001953125,2945.35009765625,16523.5,21285.990234375,10388.3095703125,9898.849609375,3455.570068359375
2019-06-25,6658.0,7422.39990234375,2917.3798828125,16371.2998046875,21193.810546875,10418.2900390625,9898.900390625,3444.360107421875
2019-06-26,6640.5,7416.39990234375,2913.780029296875,16312.2001953125,21086.58984375,10408.0498046875,9838.1298828125,3442.949951171875
2019-06-27,6666.2998046875,7402.2998046875,2924.919921875,16307.7001953125,21338.169921875,10431.2197265625,9859.759765625,3442.3798828125
2019-06-28,6618.7998046875,7425.60009765625,2941.760009765625,16382.2001953125,21275.919921875,10501.099609375,9898.240234375,3473.68994140625
2019-07-01,6648.10009765625,7497.5,2964.330078125,,21729.970703125,10464.5302734375,9970.0,3497.590087890625
2019-07-02,6653.2001953125,7559.2001953125,2973.010009765625,16471.30078125,21754.26953125,10531.9404296875,10020.9296875,3507.97998046875
2019-07-03,6685.5,7609.2998046875,2995.820068359375,16576.19921875,21638.16015625,10544.4296875,10066.5302734375,3540.6298828125
2019-07-04,6718.0,7603.60009765625,,16588.900390625,21702.44921875,10558.2802734375,10066.48046875,3544.14990234375
2019-07-05,6751.2998046875,7553.10009765625,2990.409912109375,16542.0,21746.380859375,10615.4697265625,9980.2197265625,3527.97998046875
2019-07-08,6672.2001953125,7549.2998046875,2975.949951171875,16463.0,21534.349609375,10605.98046875,9994.099609375,3523.760009765625
2019-07-09,6665.7001953125,7536.5,2979.6298828125,16545.19921875,21565.150390625,10538.1103515625,9961.33984375,3509.75
2019-07-10,6689.7998046875,7530.7001953125,2993.070068359375,16563.30078125,21533.48046875,10650.1396484375,9937.5595703125,3501.52001953125
2019-07-11,6716.10009765625,7509.7998046875,2999.909912109375,16527.900390625,21643.529296875,10687.3203125,9879.5302734375,3496.72998046875
2019-07-12,6696.5,7506.0,3013.77001953125,16488.099609375,21685.900390625,10701.4296875,9762.98046875,3497.6298828125
2019-07-15,6653.0,7531.7001953125,3014.300048828125,16510.80078125,,10666.5595703125,9808.580078125,3502.219970703125
2019-07-16,6641.0,7577.2001953125,3004.0400390625,16502.400390625,21535.25,10651.2001953125,9850.51953125,3521.360107421875
2019-07-17,6673.2998046875,7535.5,2984.419921875,16484.19921875,21469.1796875,10654.7998046875,9942.009765625,3501.580078125
2019-07-18,6649.10009765625,7493.10009765625,2995.110107421875,16494.19921875,21046.240234375,10741.08984375,10010.150390625,3482.830078125
2019-07-19,6700.2998046875,7508.7001953125,2976.610107421875,16485.900390625,21466.990234375,10753.150390625,9937.0302734375,3480.179931640625
2019-07-22,6691.2001953125,7514.89990234375,2985.030029296875,16518.900390625,21416.7890625,10824.6904296875,9922.3701171875,3489.919921875
2019-07-23,6724.60009765625,7556.89990234375,3005.469970703125,16572.69921875,21620.880859375,10867.25,9965.150390625,3532.8701171875
2019-07-24,6776.7001953125,7501.5,3019.56005859375,16611.80078125,21709.5703125,10812.5400390625,9907.6796875,3532.89990234375
2019-07-25,6818.0,7489.10009765625,3003.669921875,16488.19921875,21756.55078125,10898.2802734375,9877.0302734375,3510.14990234375
2019-07-26,6793.39990234375,7549.10009765625,3025.860107421875,16531.0,21658.150390625,10807.6103515625,9968.080078125,3524.469970703125
2019-07-29,6825.7998046875,7686.60009765625,3020.969970703125,16492.19921875,21616.80078125,10851.3603515625,9970.8701171875,3523.580078125
2019-07-30,6845.10009765625,7646.7998046875,3013.179931640625,16466.099609375,21709.310546875,10878.9501953125,9890.900390625,3462.85009765625
2019-07-31,6812.60009765625,7586.7998046875,2980.3798828125,16406.599609375,21521.529296875,10857.75,9919.26953125,3466.85009765625
2019-08-01,6788.89990234375,7584.89990234375,2953.56005859375,16377.0,21540.990234375,10860.8203125,,
2019-08-02,6768.60009765625,7407.10009765625,2932.050048828125,16271.7001953125,21087.16015625,10863.8701171875,9803.6904296875,3376.1201171875
2019-08-05,6640.2998046875,7223.89990234375,2844.739990234375,,20720.2890625,10766.0302734375,9599.4296875,3310.929931640625
2019-08-06,6478.10009765625,7171.7001953125,2881.77001953125,16149.5,20585.310546875,10587.169921875,9553.8798828125,3291.659912109375
2019-08-07,6519.5,7198.7001953125,2883.97998046875,16265.2001953125,20516.560546875,10786.259765625,9533.98046875,3309.989990234375
2019-08-08,6568.10009765625,7285.89990234375,2938.090087890625,16404.5,20593.349609375,10874.2998046875,9751.5498046875,3375.3798828125
2019-08-09,6584.39990234375,7253.89990234375,2918.64990234375,16341.2998046875,20684.8203125,10873.2099609375,9749.919921875,3333.739990234375
2019-08-12,6590.2998046875,7226.7001953125,2882.699951171875,16237.7998046875,,10872.740234375,9760.01953125,3326.550048828125
2019-08-13,6568.5,7250.89990234375,2926.320068359375,16350.7998046875,20455.439453125,10854.76953125,9786.240234375,3357.159912109375
2019-08-14,6595.89990234375,7147.89990234375,2840.60009765625,16045.900390625,20655.130859375,10849.759765625,9628.48046875,3288.699951171875
2019-08-15,6408.10009765625,7067.0,2847.60009765625,16012.5,20405.650390625,10704.1103515625,9606.259765625,3282.780029296875
2019-08-16,6405.5,7117.2001953125,2888.679931640625,16149.7998046875,20418.810546875,10655.3603515625,9728.3896484375,3329.080078125
2019-08-19,6467.39990234375,7189.7001953125,2923.64990234375,16304.099609375,20563.16015625,10702.48046875,9825.58984375,3369.18994140625
2019-08-20,6545.0,7125.0,2900.510009765625,16213.2998046875,20677.220703125,10803.83984375,9770.3896484375,3350.22998046875
2019-08-21,6483.2998046875,7204.0,2924.429931640625,16309.2001953125,20618.5703125,10709.3203125,9848.1103515625,3394.889892578125
2019-08-22,6501.7998046875,7128.2001953125,2922.949951171875,16253.5,20628.009765625,10725.2197265625,9805.5,3373.669921875
2019-08-23,6523.10009765625,7095.0,2847.110107421875,16037.599609375,20710.91015625,10622.349609375,9744.98046875,3334.25
2019-08-26,6440.10009765625,,2878.3798828125,16098.7998046875,20261.0390625,10483.4697265625,9715.830078125,3348.840087890625
2019-08-27,6471.2001953125,7089.60009765625,2869.159912109375,16183.599609375,20456.080078125,10513.16015625,9786.080078125,3370.469970703125
2019-08-28,6500.60009765625,7114.7001953125,2887.93994140625,16271.7001953125,20479.419921875,10626.169921875,9758.1904296875,3365.3798828125
2019-08-29,6507.39990234375,7184.2998046875,2924.580078125,16384.5,20460.9296875,10580.0703125,9838.48046875,3411.330078125
2019-08-30,6604.2001953125,7207.2001953125,2926.4599609375,16442.099609375,20704.369140625,10757.2001953125,9895.650390625,3426.760009765625
2019-09-02,6579.39990234375,7281.89990234375,,,20620.189453125,10800.0,9924.5400390625,3432.5400390625
2019-09-03,6573.39990234375,7268.2001953125,2906.27001953125,16399.19921875,20625.16015625,10953.919921875,9852.7001953125,3420.739990234375
2019-09-04,6553.0,7311.2998046875,2937.780029296875,16448.80078125,20649.140625,11008.1298828125,9894.599609375,3450.830078125
2019-09-05,6613.2001953125,7271.2001953125,2976.0,16574.80078125,21085.939453125,11106.669921875,9983.0703125,3484.699951171875
2019-09-06,6647.2998046875,7282.2998046875,2978.7099609375,16535.30078125,21199.5703125,11218.990234375,10073.8203125,3495.18994140625
2019-09-09,6648.0,7235.7998046875,2978.429931640625,16495.099609375,21318.419921875,11202.9296875,10059.3701171875,3495.02001953125
2019-09-10,6614.10009765625,7268.0,2979.389892578125,16537.30078125,21392.099609375,11142.580078125,10020.48046875,3498.989990234375
2019-09-11,6638.0,7338.0,3000.929931640625,16611.099609375,21597.759765625,10924.8798828125,10098.58984375,3516.820068359375
2019-09-12,6654.89990234375,7344.7001953125,3009.570068359375,16643.30078125,21759.609375,10905.0595703125,10094.08984375,3538.860107421875
2019-09-13,6669.2001953125,7367.5,3007.389892578125,16682.400390625,21988.2890625,10863.41015625,10047.33984375,3550.110107421875
2019-09-16,6673.5,7321.39990234375,2997.9599609375,16751.30078125,,10831.75,9969.1904296875,3518.449951171875
2019-09-17,6695.2998046875,7320.39990234375,3005.699951171875,16834.80078125,22001.3203125,10868.0302734375,10013.8203125,3521.260009765625
2019-09-18,6681.60009765625,7314.10009765625,3006.72998046875,16800.30078125,21960.7109375,10774.849609375,10018.83984375,3528.0400390625
2019-09-19,6717.5,7356.39990234375,3006.7900390625,16858.400390625,22044.44921875,10801.0498046875,10064.4599609375,3552.64990234375
2019-09-20,6730.7998046875,7344.89990234375,2992.070068359375,16899.69921875,22079.08984375,10829.3896484375,10056.830078125,3571.389892578125
2019-09-23,6749.7001953125,7326.10009765625,2991.780029296875,16867.19921875,,10873.330078125,9997.3896484375,3536.969970703125
2019-09-24,6748.89990234375,7291.39990234375,2966.60009765625,16798.30078125,22098.83984375,10858.7099609375,9991.3095703125,3532.050048828125
2019-09-25,6710.2001953125,7290.0,2984.8701171875,16784.30078125,22020.150390625,10861.4404296875,9914.8203125,3513.030029296875
2019-09-26,6677.60009765625,7351.10009765625,2977.6201171875,16790.400390625,22048.240234375,10822.76953125,10010.7099609375,3532.179931640625
2019-09-27,6716.10009765625,7426.2001953125,2961.7900390625,16694.30078125,21878.900390625,10836.5,10037.8095703125,3545.8798828125
2019-09-30,6688.2998046875,7408.2001953125,2976.739990234375,16658.599609375,21755.83984375,10925.6201171875,10078.3203125,3569.449951171875
2019-10-01,6742.7998046875,7360.2998046875,2940.25,16447.69921875,21885.240234375,10996.990234375,9952.5,3518.25
2019-10-02,6639.89990234375,7122.5,2887.610107421875,16311.0,21778.609375,10951.6396484375,9757.2802734375,3413.31005859375
2019-10-03,,7077.60009765625,2910.6298828125,16369.0,21341.740234375,10821.2099609375,9760.4404296875,3417.3701171875
2019-10-04,6517.10009765625,7155.39990234375,2952.010009765625,16449.400390625,21410.19921875,10892.8203125,9827.7197265625,3446.7099609375
2019-10-07,6563.60009765625,7197.89990234375,2938.7900390625,16421.80078125,21375.25,10975.6201171875,9914.0595703125,3471.239990234375
2019-10-08,6593.39990234375,7143.2001953125,2893.06005859375,16294.0,21587.779296875,11016.150390625,9800.240234375,3432.760009765625
2019-10-09,6546.7001953125,7166.5,2919.39990234375,16379.900390625,21456.380859375,10940.8603515625,9830.0498046875,3462.110107421875
2019-10-10,6547.10009765625,7186.39990234375,2938.1298828125,16422.69921875,21551.98046875,10886.73046875,9903.01953125,3493.9599609375
2019-10-11,6606.7998046875,7247.10009765625,2970.27001953125,16415.19921875,21798.869140625,10923.7099609375,10017.3896484375,3569.919921875
2019-10-14,6642.60009765625,7213.5,2966.14990234375,,,11026.599609375,9964.240234375,3556.260009765625
2019-10-15,6652.0,7211.60009765625,2995.679931640625,16418.400390625,22207.2109375,11045.33984375,10048.75,3598.64990234375
2019-10-16,6736.5,7168.0,2989.68994140625,16427.19921875,22472.919921875,11178.6396484375,10032.490234375,3599.25
2019-10-17,6684.7001953125,7182.2998046875,2997.949951171875,16426.30078125,22451.859375,11141.8603515625,10008.9404296875,3588.6201171875
2019-10-18,6649.7001953125,7150.60009765625,2986.199951171875,16377.099609375,22492.6796875,11067.1201171875,9965.490234375,3579.409912109375
2019-10-21,6652.5,7163.60009765625,3006.719970703125,16418.5,22548.900390625,11062.75,9991.419921875,3600.080078125
2019-10-22,6672.2001953125,7212.5,2995.989990234375,16391.5,,11090.3896484375,10017.349609375,3604.820068359375
2019-10-23,6673.10009765625,7260.7001953125,3004.52001953125,16335.900390625,22625.380859375,10853.7900390625,10023.51953125,3606.889892578125
2019-10-24,6693.60009765625,7328.2998046875,3010.2900390625,16369.2998046875,22750.599609375,10831.51953125,10106.5302734375,3621.3701171875
2019-10-25,6739.2001953125,7324.5,3022.550048828125,16404.5,22799.810546875,10788.6396484375,10197.08984375,3624.679931640625
2019-10-28,6740.7001953125,7331.2998046875,3039.419921875,16387.5,22867.26953125,,10231.7998046875,3625.68994140625
2019-10-29,6745.39990234375,7306.2998046875,3036.889892578125,16418.099609375,22974.130859375,10793.75,10257.6904296875,3622.090087890625
2019-10-30,6689.5,7330.7998046875,3046.77001953125,16501.400390625,22843.119140625,10789.5400390625,10254.9501953125,3620.2900390625
2019-10-31,6663.39990234375,7248.39990234375,3037.56005859375,16483.19921875,22927.0390625,10787.8203125,10219.8203125,3604.409912109375
2019-11-01,6669.10009765625,7302.39990234375,3066.909912109375,16594.099609375,22850.76953125,10761.6904296875,10252.240234375,3623.739990234375
2019-11-04,6686.89990234375,7369.7001953125,3078.27001953125,16669.80078125,,10801.5498046875,10337.0703125,3665.2099609375
2019-11-05,6697.10009765625,7388.10009765625,3074.6201171875,16681.900390625,23251.990234375,10841.5400390625,10272.98046875,3676.52001953125
2019-11-06,6660.2001953125,7396.7001953125,3076.780029296875,16745.599609375,23303.8203125,10759.1796875,10318.099609375,3688.739990234375
2019-11-07,6726.60009765625,7406.39990234375,3085.179931640625,16805.80078125,23330.3203125,10795.0595703125,10326.7802734375,3706.679931640625
2019-11-08,6724.10009765625,7359.39990234375,3093.080078125,16877.400390625,23391.869140625,10876.98046875,10309.23046875,3699.64990234375
2019-11-11,6772.5,7328.5,3087.010009765625,16882.80078125,23331.83984375,10919.7900390625,10305.26953125,3696.820068359375
2019-11-12,6753.0,7365.39990234375,3091.840087890625,16909.400390625,23520.009765625,10926.3095703125,10314.16015625,3712.199951171875
2019-11-13,6698.39990234375,7351.2001953125,3094.0400390625,16958.0,23319.869140625,10835.4296875,10299.2197265625,3699.5
2019-11-14,6735.10009765625,7292.7998046875,3096.6298828125,16972.19921875,23141.55078125,10899.25,10233.23046875,3688.81005859375
2019-11-15,6793.7001953125,7302.89990234375,3120.4599609375,17028.5,23303.3203125,10894.7001953125,10310.1201171875,3711.610107421875
2019-11-18,6766.7998046875,7307.7001953125,3122.030029296875,17025.099609375,23416.759765625,10873.16015625,10347.1796875,3704.919921875
2019-11-19,6814.2001953125,7323.7998046875,3120.179931640625,17011.400390625,23292.650390625,10892.240234375,10366.01953125,3696.56005859375
2019-11-20,6722.39990234375,7262.5,3108.4599609375,17005.80078125,23148.5703125,10975.490234375,10385.740234375,3683.8798828125
2019-11-21,6672.89990234375,7238.60009765625,3103.5400390625,16999.19921875,23038.580078125,10958.16015625,10338.349609375,3679.659912109375
2019-11-22,6709.7998046875,7326.7998046875,3110.2900390625,16954.80078125,23112.880859375,10946.2998046875,10369.4404296875,3687.320068359375
2019-11-25,6731.39990234375,7396.2998046875,3133.639892578125,17032.900390625,23292.810546875,10953.669921875,10468.6201171875,3707.679931640625
2019-11-26,6787.5,7403.10009765625,3140.52001953125,17035.900390625,23373.3203125,11044.5400390625,10506.9296875,3705.550048828125
2019-11-27,6850.60009765625,7429.7998046875,3153.6298828125,17100.599609375,23437.76953125,11120.8095703125,10529.259765625,3712.85009765625
2019-11-28,6864.0,7416.39990234375,,17114.5,23409.140625,11207.2900390625,10529.1396484375,3704.47998046875
2019-11-29,6846.0,7346.5,3140.97998046875,17040.19921875,23293.91015625,11316.580078125,10493.240234375,3703.580078125
2019-12-02,6862.2998046875,7285.89990234375,3113.8701171875,16981.5,23529.5,11301.98046875,10348.4404296875,3626.659912109375
2019-12-03,6712.2998046875,7158.7998046875,3093.199951171875,16892.19921875,23379.810546875,11228.26953125,10232.9296875,3610.989990234375
2019-12-04,6606.5,7188.5,3112.760009765625,16897.30078125,23135.23046875,11209.8701171875,10334.5595703125,3660.02001953125
2019-12-05,6683.0,7137.89990234375,3117.429931640625,16854.900390625,23300.08984375,11257.7900390625,10363.5,3648.1298828125
2019-12-06,6707.0,7239.7001953125,3145.909912109375,16997.0,23354.400390625,11276.2001953125,10463.8798828125,3692.340087890625
2019-12-09,6730.0,7233.89990234375,3135.9599609375,16950.900390625,23430.69921875,11229.58984375,10434.8896484375,3672.179931640625
2019-12-10,6706.89990234375,7213.7998046875,3132.52001953125,16950.69921875,23410.189453125,11284.2197265625,10390.5302734375,3671.780029296875
2019-12-11,6752.60009765625,7216.2998046875,3141.6298828125,16939.599609375,23391.859375,11291.9599609375,10405.3095703125,3687.449951171875
2019-12-12,6708.7998046875,7273.5,3168.570068359375,16946.900390625,23424.810546875,11307.98046875,10451.3603515625,3706.35009765625
2019-12-13,6739.7001953125,7353.39990234375,3168.800048828125,17003.099609375,24023.099609375,11241.58984375,10429.26953125,3731.070068359375
2019-12-16,6849.7001953125,7519.10009765625,3191.449951171875,17056.400390625,23952.349609375,11226.830078125,10541.669921875,3772.739990234375
2019-12-17,6847.2998046875,7525.2998046875,3192.52001953125,17075.19921875,24066.119140625,11260.83984375,10538.8896484375,3745.280029296875
2019-12-18,6851.39990234375,7540.7998046875,3191.139892578125,17032.0,23934.4296875,11329.5595703125,10556.740234375,3739.0
2019-12-19,6833.10009765625,7573.7998046875,3205.3701171875,17064.0,23864.849609375,11480.6103515625,10575.150390625,3739.169921875
2019-12-20,6816.2998046875,7582.5,3221.219970703125,17118.400390625,23816.630859375,11482.2900390625,10679.3701171875,3776.56005859375
2019-12-23,6785.10009765625,7623.60009765625,3224.010009765625,17128.69921875,23821.109375,11547.23046875,10724.33984375,3776.659912109375
2019-12-24,6794.2001953125,7632.2001953125,3223.3798828125,17180.19921875,23830.580078125,11642.7802734375,,
2019-12-25,,,,,23782.869140625,,,
2019-12-26,,,3239.909912109375,,23924.919921875,,,
2019-12-27,6821.7001953125,7644.89990234375,3240.02001953125,17168.19921875,23837.720703125,11602.1201171875,10730.150390625,3782.27001953125
2019-12-30,6804.89990234375,7587.10009765625,3221.2900390625,17098.599609375,23656.619140625,11556.4501953125,10616.9404296875,3748.469970703125
2019-12-31,6684.10009765625,7542.39990234375,3230.780029296875,17063.400390625,,11491.900390625,,
2020-01-02,6690.60009765625,7604.2998046875,3257.85009765625,17100.0,,,,
2020-01-03,6733.5,7622.39990234375,3234.85009765625,17066.099609375,,11593.1396484375,10699.8203125,3773.3701171875
2020-01-06,6735.7001953125,7575.2998046875,3246.280029296875,17105.5,23204.859375,11627.3203125,10665.41015625,3752.52001953125
2020-01-07,6826.39990234375,7573.89990234375,3237.179931640625,17168.099609375,23575.720703125,11629.8603515625,10686.7998046875,3759.25
2020-01-08,6817.60009765625,7574.89990234375,3253.050048828125,17167.80078125,23204.759765625,11556.98046875,10652.16015625,3772.56005859375
2020-01-09,6874.2001953125,7598.10009765625,3274.699951171875,17235.599609375,23739.869140625,11537.6796875,10650.9697265625,3795.8798828125
2020-01-10,6929.0,7587.89990234375,3265.35009765625,17234.5,23850.5703125,11551.7001953125,10639.490234375,3789.52001953125
2020-01-13,6903.7001953125,7617.60009765625,3288.1298828125,17293.400390625,,11543.669921875,10622.41015625,3779.679931640625
2020-01-14,6962.2001953125,7622.39990234375,3283.14990234375,17352.900390625,24025.169921875,11625.1298828125,10655.8203125,3774.8798828125
2020-01-15,6994.7998046875,7642.7998046875,3289.2900390625,17415.19921875,23916.580078125,11676.669921875,10670.740234375,3768.9599609375
2020-01-16,7041.7998046875,7609.7998046875,3316.81005859375,17484.80078125,23933.130859375,11737.8603515625,10693.51953125,3774.139892578125
2020-01-17,7064.10009765625,7674.60009765625,3329.6201171875,17559.0,24041.259765625,11800.2099609375,10841.8203125,3808.260009765625
2020-01-20,7079.5,7651.39990234375,,17597.400390625,24083.509765625,11746.9501953125,10846.2900390625,3799.030029296875
2020-01-21,7066.2998046875,7610.7001953125,3320.7900390625,17572.30078125,23864.560546875,11805.1396484375,10884.509765625,3789.1201171875
2020-01-22,7132.7001953125,7571.89990234375,3321.75,17599.900390625,24031.349609375,11889.6796875,10895.0703125,3769.7900390625
2020-01-23,7088.0,7507.7001953125,3325.5400390625,17621.80078125,23795.439453125,11901.1103515625,10813.9404296875,3736.85009765625
2020-01-24,7090.5,7586.0,3295.469970703125,17565.30078125,23827.1796875,11877.8095703125,10849.75,3779.159912109375
2020-01-27,,7412.10009765625,3243.6298828125,17442.5,23343.509765625,11807.1396484375,10675.9599609375,3677.840087890625
2020-01-28,7023.5,7480.7001953125,3276.239990234375,17500.900390625,23215.7109375,11685.1103515625,10781.98046875,3719.219970703125
2020-01-29,7031.5,7483.60009765625,3273.39990234375,17511.80078125,23379.400390625,11676.509765625,10859.8798828125,3736.360107421875
2020-01-30,7008.39990234375,7382.0,3283.659912109375,17490.599609375,22977.75,11665.650390625,10748.919921875,3690.780029296875
2020-01-31,7017.2001953125,7286.0,3225.52001953125,17318.5,23205.1796875,11717.4404296875,10627.8798828125,3640.909912109375
2020-02-03,6923.2998046875,7326.2998046875,3248.919921875,17379.80078125,22971.939453125,11550.16015625,10664.9501953125,3661.27001953125
2020-02-04,6948.7001953125,7439.7998046875,3297.590087890625,17512.69921875,23084.58984375,11511.490234375,10800.6396484375,3732.280029296875
2020-02-05,6976.10009765625,7482.5,3334.68994140625,17651.599609375,23319.560546875,11604.080078125,10994.150390625,3777.840087890625
2020-02-06,7049.2001953125,7504.7998046875,3345.780029296875,17757.5,23873.58984375,,11012.3603515625,3805.52001953125
2020-02-07,7022.60009765625,7466.7001953125,3327.7099609375,17655.5,23827.98046875,11760.8798828125,11001.5302734375,3798.489990234375
2020-02-10,7012.5,7446.89990234375,3352.090087890625,17740.599609375,23685.98046875,11702.58984375,11039.7802734375,3793.179931640625
2020-02-11,7055.2998046875,7499.39990234375,3357.75,17777.099609375,,11834.5400390625,11101.169921875,3825.840087890625
2020-02-12,7088.2001953125,7534.39990234375,3379.449951171875,17832.900390625,23861.2109375,11898.240234375,11089.240234375,3854.429931640625
2020-02-13,7103.2001953125,7452.0,3373.93994140625,17821.19921875,23827.73046875,11880.83984375,11092.349609375,3846.739990234375
2020-02-14,7130.2001953125,7409.10009765625,3380.159912109375,17848.400390625,23687.58984375,11834.830078125,11128.8095703125,3840.969970703125
2020-02-17,7125.10009765625,7433.2998046875,,,23523.240234375,11873.98046875,11168.4501953125,3853.27001953125
2020-02-18,7113.7001953125,7382.0,3370.2900390625,17858.30078125,23193.80078125,11935.83984375,11146.2802734375,3836.5400390625
2020-02-19,7144.60009765625,7457.0,3386.14990234375,17925.400390625,23400.69921875,11981.0302734375,11263.009765625,3865.179931640625
2020-02-20,7162.5,7436.60009765625,3373.22998046875,17944.099609375,23479.150390625,12064.8603515625,11154.5302734375,3822.97998046875
2020-02-21,7139.0,7403.89990234375,3337.75,17843.5,23386.740234375,12073.33984375,11110.7802734375,3800.3798828125
2020-02-24,6978.2998046875,7156.7998046875,3225.889892578125,17562.69921875,,11857.1201171875,10712.83984375,3647.97998046875
2020-02-25,6866.60009765625,7017.89990234375,3128.2099609375,17177.400390625,22605.41015625,11719.23046875,10478.509765625,3572.510009765625
2020-02-26,6708.10009765625,7042.5,3116.389892578125,17041.900390625,22426.189453125,11533.8603515625,10512.150390625,3577.679931640625
2020-02-27,6657.89990234375,6796.39990234375,2978.760009765625,16717.400390625,21948.23046875,11437.169921875,10205.4599609375,3455.919921875
2020-02-28,6441.2001953125,6580.60009765625,2954.219970703125,16263.099609375,21142.9609375,11261.16015625,9831.0302734375,3329.489990234375
2020-03-02,6391.5,6654.89990234375,3090.22998046875,16553.30078125,21344.080078125,11103.4296875,9950.830078125,3338.830078125
2020-03-03,6435.7001953125,6718.2001953125,3003.3701171875,16423.599609375,21082.73046875,11346.3095703125,10087.400390625,3371.969970703125
2020-03-04,6325.39990234375,6815.60009765625,3130.1201171875,16779.5,21100.060546875,11417.7802734375,10251.3896484375,3420.56005859375
2020-03-05,6395.7001953125,6705.39990234375,3023.93994140625,16554.0,21329.119140625,11640.8896484375,10143.5703125,3363.580078125
2020-03-06,6216.2001953125,6462.60009765625,2972.3701171875,16175.0,20749.75,11425.900390625,9736.8203125,3232.070068359375
2020-03-09,5760.60009765625,5965.7998046875,2746.56005859375,14514.2001953125,19698.759765625,11091.8095703125,9196.599609375,2959.070068359375
2020-03-10,5939.60009765625,5960.2001953125,2882.22998046875,14958.099609375,19867.119140625,10897.4697265625,9195.9296875,2910.02001953125
2020-03-11,5725.89990234375,5876.5,2741.3798828125,14270.099609375,19416.060546875,10873.599609375,9152.5,2905.56005859375
2020-03-12,5304.60009765625,5237.5,2480.639892578125,12508.5,18559.630859375,10333.26953125,8270.4404296875,2545.22998046875
2020-03-13,5539.2998046875,5366.10009765625,2711.02001953125,13716.2998046875,17431.05078125,9826.8603515625,8367.5595703125,2586.02001953125
2020-03-16,5002.0,5151.10009765625,2386.1298828125,12360.400390625,17002.0390625,9476.9404296875,8227.080078125,2450.3701171875
2020-03-17,5293.39990234375,5294.89990234375,2529.18994140625,12685.2001953125,17011.529296875,9434.740234375,8493.0400390625,2530.5
2020-03-18,4953.2001953125,5080.60009765625,2398.10009765625,11721.400390625,16726.55078125,9454.8896484375,8338.740234375,2385.820068359375
2020-03-19,4782.89990234375,5151.60009765625,2409.389892578125,12170.5,16552.830078125,9114.5302734375,8782.240234375,2454.080078125
2020-03-20,4816.60009765625,5190.7998046875,2304.919921875,11851.7998046875,,9201.6396484375,8623.8603515625,2548.5
2020-03-23,4546.0,4993.89990234375,2237.39990234375,11228.5,16887.779296875,8498.7001953125,8160.7900390625,2485.5400390625
2020-03-24,4735.7001953125,5446.0,2447.330078125,12571.099609375,18092.349609375,9109.150390625,8733.3203125,2715.110107421875
2020-03-25,4998.10009765625,5688.2001953125,2475.56005859375,13139.2001953125,19546.630859375,9264.3798828125,8989.16015625,2800.139892578125
2020-03-26,5113.2998046875,5815.7001953125,2630.070068359375,13371.2001953125,18664.599609375,9632.4697265625,9203.98046875,2847.780029296875
2020-03-27,4842.39990234375,5510.2998046875,2541.469970703125,12687.7001953125,19389.4296875,9556.73046875,8996.3701171875,2728.64990234375
2020-03-30,5181.39990234375,5563.7001953125,2626.64990234375,13038.5,19084.970703125,9661.1904296875,9174.3896484375,2765.6201171875
2020-03-31,5076.7998046875,5672.0,2584.590087890625,13378.7998046875,18917.009765625,9796.75,9311.919921875,2786.89990234375
2020-04-01,5258.60009765625,5454.60009765625,2470.5,12876.400390625,18065.41015625,9926.080078125,9168.98046875,2680.300048828125
2020-04-02,5154.2998046875,5480.2001953125,2526.89990234375,13097.7998046875,17818.720703125,9870.5595703125,9270.9599609375,2688.489990234375
2020-04-03,5067.5,5415.5,2488.64990234375,12938.2998046875,17820.189453125,9935.1796875,9242.4404296875,2662.989990234375
2020-04-06,5286.7998046875,5582.39990234375,2663.679931640625,13592.7001953125,18576.30078125,9763.8203125,9462.33984375,2795.969970703125
2020-04-07,5252.2998046875,5704.5,2659.409912109375,13614.099609375,18950.1796875,9809.849609375,9514.599609375,2857.669921875
2020-04-08,5206.89990234375,5677.7001953125,2749.97998046875,13925.7001953125,19353.240234375,10031.66015625,9432.3896484375,2851.27001953125
2020-04-09,5387.2998046875,5842.7001953125,2789.820068359375,14166.599609375,19345.76953125,9963.900390625,9452.830078125,2892.7900390625
2020-04-10,,,,,19498.5,,,
2020-04-13,,,2761.6298828125,14075.900390625,19043.400390625,,,
2020-04-14,5488.10009765625,5791.2998046875,2846.06005859375,14258.400390625,19638.810546875,10159.01953125,9538.6103515625,2917.739990234375
2020-04-15,5466.7001953125,5597.7001953125,2783.360107421875,13958.599609375,19550.08984375,10409.9404296875,9320.2001953125,2808.199951171875
2020-04-16,5416.2998046875,5628.39990234375,2799.550048828125,13899.2998046875,19290.19921875,10473.1904296875,9439.91015625,2812.35009765625
2020-04-17,5487.5,5787.0,2874.56005859375,14359.900390625,19897.259765625,10778.7197265625,9612.830078125,2888.300048828125
2020-04-20,5353.0,5812.7998046875,2823.159912109375,14388.2998046875,19669.119140625,10762.669921875,9785.26953125,2909.5
2020-04-21,5221.2998046875,5641.0,2736.56005859375,13940.099609375,19280.779296875,10535.8701171875,9547.849609375,2791.340087890625
2020-04-22,5221.2001953125,5770.60009765625,2799.31005859375,14288.2001953125,19137.94921875,10417.669921875,9630.5595703125,2834.89990234375
2020-04-23,5217.10009765625,5826.60009765625,2797.800048828125,14251.099609375,19429.439453125,10446.1103515625,9625.48046875,2852.4599609375
2020-04-24,5242.60009765625,5752.2001953125,2836.739990234375,14420.400390625,19262.0,10419.48046875,9625.650390625,2809.070068359375
2020-04-27,5321.39990234375,5846.7998046875,2878.47998046875,14642.099609375,19783.220703125,,9758.8203125,2882.090087890625
2020-04-28,5313.10009765625,5958.5,2863.389892578125,14798.2998046875,19771.189453125,10759.5595703125,9889.4599609375,2932.06005859375
2020-04-29,5393.39990234375,6115.2998046875,2939.510009765625,15228.099609375,,10666.1904296875,9865.3203125,2996.080078125
2020-04-30,5522.39990234375,5901.2001953125,2912.429931640625,14780.7001953125,20193.689453125,10532.0703125,9629.400390625,2927.929931640625
2020-05-01,5245.89990234375,5763.10009765625,2830.7099609375,14620.2998046875,19619.349609375,10449.009765625,,
2020-05-04,5319.7998046875,5753.7998046875,2842.739990234375,14745.0,,10475.98046875,9390.26953125,2816.47998046875
2020-05-05,5407.10009765625,5849.39990234375,2868.43994140625,14811.599609375,,10490.73046875,9512.169921875,2875.909912109375
2020-05-06,5384.60009765625,5853.7998046875,2848.419921875,14830.7001953125,,10572.83984375,9571.7001953125,2843.760009765625
2020-05-07,5364.2001953125,5936.0,2881.18994140625,14833.7001953125,19674.76953125,10649.23046875,9617.98046875,2880.60009765625
2020-05-08,5391.10009765625,,2929.800048828125,14966.599609375,20179.08984375,10695.58984375,9665.349609375,2908.110107421875
2020-05-11,5461.2001953125,5939.7001953125,2930.18994140625,15103.2001953125,20390.66015625,10760.2900390625,9689.7099609375,2883.75
2020-05-12,5403.0,5994.7998046875,2870.1201171875,14881.2001953125,20366.48046875,10818.669921875,9733.5302734375,2884.199951171875
2020-05-13,5421.89990234375,5904.10009765625,2820.0,14503.2001953125,20267.05078125,10788.0302734375,9631.6201171875,2810.550048828125
2020-05-14,5328.7001953125,5741.5,2852.5,14509.7001953125,19914.779296875,10745.16015625,9448.1396484375,2760.22998046875
2020-05-15,5404.7998046875,5799.7998046875,2863.699951171875,14638.900390625,20037.470703125,10730.6796875,9483.099609375,2770.699951171875
2020-05-18,5460.5,6048.60009765625,2953.909912109375,,20133.73046875,10757.9404296875,9740.76953125,2911.8798828125
2020-05-19,5559.5,6002.2001953125,2922.93994140625,14885.5,20433.44921875,10790.1396484375,9764.23046875,2902.580078125
2020-05-20,5573.0,6067.2001953125,2971.610107421875,14997.599609375,20595.150390625,10788.0595703125,9790.849609375,2942.389892578125
2020-05-21,5550.39990234375,6015.2998046875,2948.510009765625,14884.900390625,20552.310546875,10731.5498046875,,
2020-05-22,5497.0,5993.2998046875,2955.449951171875,14913.599609375,20388.16015625,10662.6298828125,9688.990234375,2905.469970703125
2020-05-25,5615.60009765625,,,15075.400390625,20741.650390625,10775.7998046875,9824.5400390625,2971.35009765625
2020-05-26,5780.0,6067.7998046875,2991.77001953125,15148.099609375,21271.169921875,10914.740234375,9830.830078125,2999.219970703125
2020-05-27,5775.0,6144.2998046875,3036.1298828125,15272.0,21419.23046875,11049.1904296875,9716.51953125,3051.080078125
2020-05-28,5851.10009765625,6218.7998046875,3029.72998046875,15262.7001953125,21916.310546875,10856.6904296875,9926.0302734375,3094.469970703125
2020-05-29,5755.7001953125,6076.60009765625,3044.31005859375,15192.7998046875,21877.890625,10882.41015625,9831.490234375,3050.199951171875
2020-06-01,5819.2001953125,6166.39990234375,3055.72998046875,15236.2001953125,22062.390625,,,
2020-06-02,5835.10009765625,6220.10009765625,3080.820068359375,15394.400390625,22325.609375,11034.169921875,9951.4501953125,3159.02001953125
2020-06-03,5941.60009765625,6382.39990234375,3122.8701171875,15575.099609375,22613.759765625,11118.26953125,10183.76953125,3269.590087890625
2020-06-04,5991.7998046875,6341.39990234375,3112.35009765625,15527.900390625,22695.740234375,11222.7998046875,10075.6796875,3261.669921875
2020-06-05,5998.7001953125,6484.2998046875,3193.929931640625,15854.099609375,22863.73046875,11171.66015625,10190.3701171875,3384.2900390625
2020-06-08,,6472.60009765625,3232.389892578125,15974.900390625,23178.099609375,11524.16015625,10152.76953125,3366.2900390625
2020-06-09,6144.89990234375,6335.7001953125,3207.179931640625,15833.7001953125,23091.029296875,11298.6904296875,10184.8203125,3320.7099609375
2020-06-10,6148.39990234375,6329.10009765625,3190.139892578125,15701.2998046875,23124.94921875,11260.51953125,10147.1796875,3293.7099609375
2020-06-11,5960.60009765625,6076.7001953125,3002.10009765625,15050.900390625,22472.91015625,11154.9296875,9828.580078125,3144.570068359375
2020-06-12,5847.7998046875,6105.2001953125,3041.31005859375,15256.599609375,22305.48046875,10905.9404296875,9796.3701171875,3153.739990234375
2020-06-15,5719.7998046875,6064.7001953125,3066.590087890625,15359.7001953125,21530.94921875,10864.1201171875,9842.5595703125,3136.39990234375
2020-06-16,5942.2998046875,6242.7998046875,3124.739990234375,15515.7998046875,22582.2109375,10953.849609375,10034.2900390625,3242.64990234375
2020-06-17,5991.7998046875,6253.2998046875,3113.489990234375,15428.7001953125,22455.759765625,11334.3095703125,10202.1904296875,3267.260009765625
2020-06-18,5936.5,6224.10009765625,3115.340087890625,15479.7998046875,22355.4609375,11225.2802734375,10186.5,3249.89990234375
2020-06-19,5942.60009765625,6292.60009765625,3097.739990234375,15474.2001953125,22478.7890625,11254.740234375,10266.2900390625,3269.10009765625
2020-06-22,5944.5,6244.60009765625,3117.860107421875,15516.900390625,22437.26953125,11158.4599609375,10151.1298828125,3241.68994140625
2020-06-23,5954.39990234375,6320.10009765625,3131.2900390625,15564.7998046875,22549.05078125,11132.580078125,10246.5595703125,3298.830078125
2020-06-24,5965.7001953125,6123.7001953125,3050.330078125,15294.400390625,22534.3203125,11259.41015625,10021.990234375,3196.1201171875
2020-06-25,5817.7001953125,6147.10009765625,3083.760009765625,15446.099609375,22259.7890625,11124.3603515625,10089.830078125,3218.909912109375
2020-06-26,5904.10009765625,6159.2998046875,3009.050048828125,15189.0,22512.080078125,11129.23046875,10041.91015625,3204.169921875
2020-06-29,5815.0,6225.7998046875,3053.239990234375,15389.7001953125,21995.0390625,11252.5400390625,10060.4599609375,3232.02001953125
2020-06-30,5897.89990234375,6169.7001953125,3100.2900390625,15515.2001953125,22288.140625,11451.0498046875,10045.2998046875,3234.070068359375
2020-07-01,5934.39990234375,6158.0,3115.860107421875,,22121.73046875,11350.26953125,10089.669921875,3228.449951171875
2020-07-02,6032.7001953125,6240.39990234375,3130.010009765625,15622.400390625,22145.9609375,11502.51953125,10187.5595703125,3320.090087890625
2020-07-03,6057.89990234375,6157.2998046875,,15596.7998046875,22306.48046875,11558.7001953125,10125.83984375,3294.3798828125
2020-07-06,6014.60009765625,6285.89990234375,3179.719970703125,15669.7001953125,22714.439453125,11656.2099609375,10253.3798828125,3350.030029296875
2020-07-07,6012.89990234375,6189.89990234375,3145.320068359375,15595.5,22614.689453125,11743.73046875,10207.9599609375,3321.56005859375
2020-07-08,5920.2998046875,6156.2001953125,3169.93994140625,15629.2001953125,22438.650390625,11707.26953125,10178.41015625,3286.090087890625
2020-07-09,5955.5,6049.60009765625,3152.050048828125,15568.599609375,22529.2890625,11440.8798828125,10143.3798828125,3261.169921875
2020-07-10,5919.2001953125,6095.39990234375,3185.0400390625,15713.7998046875,22290.810546875,11394.8603515625,10229.9697265625,3296.219970703125
2020-07-13,5977.5,6176.2001953125,3155.219970703125,15639.400390625,22784.740234375,11434.7900390625,10300.9599609375,3350.0
2020-07-14,5941.10009765625,6179.7998046875,3197.52001953125,15908.5,22587.009765625,11494.1396484375,10259.5,3321.389892578125
2020-07-15,6052.89990234375,6292.7001953125,3226.56005859375,16063.2998046875,22945.5,11610.51953125,10460.009765625,3378.2099609375
2020-07-16,6010.89990234375,6250.7001953125,3215.570068359375,16024.5,22770.359375,11505.0595703125,10433.4296875,3365.35009765625
2020-07-17,6033.60009765625,6290.2998046875,3224.72998046875,16123.5,22696.419921875,11584.0498046875,10410.51953125,3365.60009765625
2020-07-20,6001.60009765625,6261.5,3251.840087890625,16183.7001953125,22717.48046875,11553.16015625,10470.919921875,3388.340087890625
2020-07-21,6156.2998046875,6269.7001953125,3257.300048828125,16163.0,22884.220703125,11736.73046875,10444.0498046875,3405.35009765625
2020-07-22,6075.10009765625,6207.10009765625,3276.02001953125,16171.099609375,22751.609375,11722.9697265625,10439.0400390625,3370.760009765625
2020-07-23,6094.5,6211.39990234375,3235.659912109375,16018.7001953125,,11693.41015625,10383.3798828125,3371.739990234375
2020-07-24,6024.0,6123.7998046875,3215.6298828125,15997.099609375,,11636.259765625,10214.2099609375,3310.889892578125
2020-07-27,6044.2001953125,6104.89990234375,3239.409912109375,16161.2998046875,22715.849609375,11585.6201171875,10272.33984375,3302.840087890625
2020-07-28,6020.5,6129.2998046875,3218.43994140625,16121.2998046875,22657.380859375,11578.26953125,10277.2001953125,3303.56005859375
2020-07-29,6006.39990234375,6131.5,3258.43994140625,16294.7001953125,22397.109375,11599.4404296875,10272.8095703125,3300.159912109375
2020-07-30,6051.10009765625,5990.0,3246.219970703125,16299.2998046875,22339.23046875,11692.01953125,10095.33984375,3208.199951171875
2020-07-31,5927.7998046875,5897.7998046875,3271.1201171875,16169.2001953125,21710.0,11727.6298828125,10005.900390625,3174.320068359375
2020-08-03,5926.10009765625,6032.89990234375,3294.610107421875,,22195.380859375,11666.08984375,10229.669921875,3248.280029296875
2020-08-04,6037.60009765625,6036.0,3306.510009765625,16368.0,22573.66015625,11771.7197265625,10162.0400390625,3254.2900390625
2020-08-05,6001.2998046875,6104.7001953125,3327.77001953125,16501.599609375,22514.849609375,11757.7197265625,10097.9697265625,3268.3798828125
2020-08-06,6042.2001953125,6026.89990234375,3349.159912109375,16579.099609375,22418.150390625,11764.58984375,10067.1298828125,3240.389892578125
2020-08-07,6004.7998046875,6032.2001953125,3351.280029296875,16544.5,22329.939453125,11646.6796875,10068.0302734375,3252.64990234375
2020-08-10,6110.2001953125,6050.60009765625,3360.469970703125,16605.5,,11683.4404296875,10090.91015625,3259.7099609375
2020-08-11,6138.7001953125,6154.2998046875,3333.68994140625,16497.0,22750.240234375,11645.3203125,10153.240234375,3332.1201171875
2020-08-12,6132.0,6280.10009765625,3380.35009765625,16575.30078125,22843.9609375,11491.91015625,10278.66015625,3363.179931640625
2020-08-13,6091.0,6185.60009765625,3373.429931640625,16530.099609375,23249.609375,11500.8203125,10260.1103515625,3342.85009765625
2020-08-14,6126.2001953125,6090.0,3372.85009765625,16514.599609375,23289.359375,11452.1396484375,10163.599609375,3305.050048828125
2020-08-17,6076.39990234375,6127.39990234375,3381.989990234375,16656.099609375,23096.75,11672.9501953125,10228.0595703125,3305.85009765625
2020-08-18,6123.39990234375,6076.60009765625,3389.780029296875,16626.099609375,23051.080078125,11849.1298828125,10168.400390625,3289.639892578125
2020-08-19,6167.60009765625,6112.0,3374.85009765625,16577.400390625,23110.609375,11751.2900390625,10310.009765625,3317.6201171875
2020-08-20,6120.0,6013.2998046875,3385.510009765625,16606.80078125,22880.619140625,11662.16015625,10229.919921875,3273.97998046875
2020-08-21,6111.2001953125,6001.89990234375,3397.159912109375,16517.900390625,22920.30078125,11835.9404296875,10218.2001953125,3259.75
2020-08-24,6129.60009765625,6104.7001953125,3431.280029296875,16626.599609375,22985.509765625,11921.0703125,10308.3896484375,3331.739990234375
2020-08-25,6161.39990234375,6037.0,3443.6201171875,16617.5,23296.76953125,11993.1796875,10231.25,3329.7099609375
2020-08-26,6116.39990234375,6045.60009765625,3478.72998046875,16790.0,23290.859375,12031.509765625,10309.650390625,3356.760009765625
2020-08-27,6126.2001953125,6000.0,3484.550048828125,16731.5,23208.859375,12053.4296875,10240.4599609375,3331.0400390625
2020-08-28,6073.7998046875,5963.60009765625,3508.010009765625,16705.80078125,22882.650390625,12093.51953125,10164.490234375,3315.5400390625
2020-08-31,6060.5,,3500.31005859375,16514.400390625,23139.759765625,11937.5595703125,10135.5595703125,3272.510009765625
2020-09-01,5953.39990234375,5862.10009765625,3526.64990234375,16645.0,23138.0703125,11793.16015625,10188.849609375,3277.580078125
2020-09-02,6063.2001953125,5941.0,3580.840087890625,16698.0,23247.150390625,11902.98046875,10384.83984375,3337.77001953125
2020-09-03,6112.60009765625,5850.89990234375,3455.06005859375,16448.900390625,23465.529296875,12055.0498046875,10220.6396484375,3304.219970703125
2020-09-04,5925.5,5799.10009765625,3426.9599609375,16218.0,23205.4296875,11824.3095703125,10153.08984375,3260.590087890625
2020-09-07,5944.7998046875,5937.39990234375,,,23089.94921875,11859.4501953125,10297.7998046875,3314.070068359375
2020-09-08,6007.7998046875,5930.2998046875,3331.840087890625,16099.5,23274.130859375,11895.6298828125,10250.4404296875,3267.3701171875
2020-09-09,5878.60009765625,6012.7998046875,3398.9599609375,16383.599609375,23032.5390625,11739.1103515625,10406.5703125,3324.830078125
2020-09-10,5908.5,6003.2998046875,3339.18994140625,16185.2998046875,23235.470703125,11811.7802734375,10387.4404296875,3312.77001953125
2020-09-11,5859.39990234375,6032.10009765625,3340.969970703125,16222.5,23406.490234375,11748.0302734375,10439.51953125,3315.81005859375
2020-09-14,5899.5,6026.2998046875,3383.5400390625,16360.099609375,23559.30078125,11790.5400390625,10457.4296875,3316.7900390625
2020-09-15,5894.7998046875,6105.5,3401.199951171875,16431.30078125,23454.890625,11770.75,10520.0,3332.260009765625
2020-09-16,5956.10009765625,6078.5,3385.489990234375,16295.7001953125,23475.529296875,11814.7099609375,10552.0400390625,3338.840087890625
2020-09-17,5883.2001953125,6049.89990234375,3357.010009765625,16246.7001953125,23319.369140625,11777.1298828125,10519.330078125,3316.570068359375
2020-09-18,5864.5,6007.10009765625,3319.469970703125,16199.0,23360.30078125,11633.51953125,10539.169921875,3283.68994140625
2020-09-21,5822.60009765625,5804.2998046875,3281.06005859375,15981.7998046875,,11539.099609375,10325.4404296875,3160.949951171875
2020-09-22,5784.10009765625,5829.5,3315.570068359375,16142.900390625,,11609.2197265625,10355.5703125,3164.1298828125
2020-09-23,5923.89990234375,5899.2998046875,3236.919921875,15817.099609375,23346.490234375,11704.6201171875,10330.0595703125,3180.110107421875
2020-09-24,5875.89990234375,5822.7998046875,3246.590087890625,15912.2998046875,23087.8203125,11689.8896484375,10211.5302734375,3159.639892578125
2020-09-25,5964.89990234375,5842.7001953125,3298.4599609375,16065.400390625,23204.619140625,11797.080078125,10216.2802734375,3137.06005859375
2020-09-28,5952.2998046875,5927.89990234375,3351.60009765625,16242.7998046875,23511.619140625,11802.2900390625,10308.669921875,3223.18994140625
2020-09-29,5952.10009765625,5897.5,3335.469970703125,16211.5,23539.099609375,11742.08984375,10229.2998046875,3214.300048828125
2020-09-30,5815.89990234375,5866.10009765625,3363.0,16121.400390625,23185.119140625,11747.2802734375,10187.0,3193.610107421875
2020-10-01,5872.89990234375,5879.5,3380.800048828125,16184.5,,11812.73046875,10238.1201171875,3194.090087890625
2020-10-02,5791.5,5902.10009765625,3348.419921875,16199.2998046875,23029.900390625,11822.83984375,10252.400390625,3190.929931640625
2020-10-05,5941.60009765625,5942.89990234375,3408.60009765625,16410.19921875,23312.140625,11898.259765625,10303.0595703125,3220.219970703125
2020-10-06,5962.10009765625,5949.89990234375,3360.969970703125,16236.099609375,23433.73046875,11975.01953125,10233.16015625,3233.300048828125
2020-10-07,6036.39990234375,5946.2998046875,3419.43994140625,16428.30078125,23422.8203125,12016.150390625,10187.8798828125,3233.429931640625
2020-10-08,6102.0,5978.0,3446.830078125,16534.5,23647.0703125,12235.919921875,10270.240234375,3255.760009765625
2020-10-09,6102.2001953125,6016.7001953125,3477.139892578125,16562.80078125,23619.689453125,12280.5400390625,10320.0302734375,3273.1201171875
2020-10-12,6132.0,6001.39990234375,3534.219970703125,,23558.689453125,12356.8896484375,10364.099609375,3298.1201171875
2020-10-13,6195.7001953125,5969.7001953125,3511.929931640625,16510.80078125,23601.779296875,12453.849609375,10336.3603515625,3279.18994140625
2020-10-14,6179.2001953125,5935.10009765625,3488.669921875,16455.400390625,23626.73046875,12543.6103515625,10292.66015625,3273.280029296875
2020-10-15,6210.2998046875,5832.5,3483.340087890625,16501.0,23507.23046875,12486.73046875,10067.9599609375,3192.68994140625
2020-10-16,6176.7998046875,5919.60009765625,3483.81005859375,16438.80078125,23410.630859375,12433.16015625,10207.1298828125,3245.469970703125
2020-10-19,6229.39990234375,5884.7001953125,3426.919921875,16274.099609375,23671.130859375,12385.25,10184.3603515625,3242.510009765625
2020-10-20,6184.60009765625,5889.2001953125,3443.1201171875,16273.2998046875,23567.0390625,12462.0498046875,10146.23046875,3227.8701171875
2020-10-21,6191.7998046875,5776.5,3435.56005859375,16230.2001953125,23639.4609375,12432.6103515625,9989.75,3180.699951171875
2020-10-22,6173.7998046875,5785.7001953125,3453.489990234375,16279.400390625,23474.26953125,12407.2900390625,9999.0498046875,3171.409912109375
2020-10-23,6167.0,5860.2998046875,3465.389892578125,16304.099609375,23516.58984375,12470.33984375,10023.900390625,3198.860107421875
2020-10-26,6155.60009765625,5792.0,3400.969970703125,16079.599609375,23494.33984375,,9985.6201171875,3105.25
2020-10-27,6051.0,5729.0,3390.679931640625,16020.900390625,23485.80078125,12251.91015625,9887.490234375,3070.60009765625
2020-10-28,6057.7001953125,5582.7998046875,3271.030029296875,15586.599609375,23418.509765625,12264.51953125,9618.650390625,2963.5400390625
2020-10-29,5960.2998046875,5581.7998046875,3310.110107421875,15670.7001953125,23331.939453125,12201.7998046875,9556.1396484375,2960.030029296875
2020-10-30,5927.60009765625,5577.2998046875,3269.9599609375,15580.599609375,22977.130859375,12084.4697265625,9587.150390625,2958.2099609375
2020-11-02,5951.2998046875,5655.0,3310.239990234375,15696.900390625,23295.48046875,12070.830078125,9791.6796875,3019.5400390625
2020-11-03,6066.39990234375,5786.7998046875,3369.159912109375,15939.2001953125,,12130.3095703125,10003.8203125,3098.719970703125
2020-11-04,6062.10009765625,5883.2998046875,3443.43994140625,15998.7001953125,23695.23046875,12199.9296875,10286.7900390625,3161.070068359375
2020-11-05,6139.60009765625,5906.2001953125,3510.449951171875,16298.2001953125,24105.279296875,12249.98046875,10306.349609375,3215.56005859375
2020-11-06,6190.2001953125,5910.0,3509.43994140625,16282.7998046875,24325.23046875,12337.01953125,10322.5703125,3204.050048828125
2020-11-09,6298.7998046875,6186.2998046875,3550.5,16475.900390625,24839.83984375,12562.2001953125,10417.990234375,3407.909912109375
2020-11-10,6340.5,6296.89990234375,3545.530029296875,16615.400390625,24905.58984375,12612.3896484375,10360.6904296875,3442.6201171875
2020-11-11,6449.7001953125,6382.10009765625,3572.659912109375,16774.099609375,25349.599609375,12665.6298828125,10532.26953125,3467.300048828125
2020-11-12,6418.2001953125,6338.89990234375,3537.010009765625,16582.19921875,25520.880859375,12670.6201171875,10496.2001953125,3428.199951171875
2020-11-13,6405.2001953125,6316.39990234375,3585.14990234375,16675.599609375,25385.869140625,12700.169921875,10492.6103515625,3432.070068359375
2020-11-16,6484.2998046875,6421.2998046875,3626.909912109375,16889.80078125,25906.9296875,12744.919921875,10586.740234375,3466.2099609375
2020-11-17,6498.2001953125,6365.2998046875,3609.530029296875,16948.099609375,26014.619140625,12765.0302734375,10565.1201171875,3468.47998046875
2020-11-18,6531.10009765625,6385.2001953125,3567.7900390625,16889.80078125,25728.140625,12605.9599609375,10563.8896484375,3482.169921875
2020-11-19,6547.2001953125,6334.39990234375,3581.8701171875,16909.80078125,25634.33984375,12557.1298828125,10490.76953125,3451.969970703125
2020-11-20,6539.2001953125,6351.5,3557.5400390625,17019.099609375,25527.369140625,12441.8095703125,10495.650390625,3467.60009765625
2020-11-23,6561.60009765625,6333.7998046875,3577.590087890625,17094.5,,12514.9501953125,10464.400390625,3463.0400390625
2020-11-24,6644.10009765625,6432.2001953125,3635.409912109375,17274.30078125,26165.58984375,12677.58984375,10491.58984375,3507.97998046875
2020-11-25,6683.2998046875,6391.10009765625,3629.64990234375,17313.099609375,26296.859375,12678.759765625,10488.26953125,3511.89990234375
2020-11-26,6636.39990234375,6362.89990234375,,17351.30078125,26537.310546875,12602.01953125,10497.7900390625,3510.93994140625
2020-11-27,6601.10009765625,6367.60009765625,3638.35009765625,17396.599609375,26644.7109375,12639.830078125,10501.1796875,3527.7900390625
2020-11-30,6517.7998046875,6266.2001953125,3621.6298828125,17190.30078125,26433.619140625,12768.51953125,10476.4296875,3492.5400390625
2020-12-01,6588.5,6384.7001953125,3662.449951171875,17296.900390625,26787.5390625,12729.91015625,10449.2099609375,3525.239990234375
2020-12-02,6590.2001953125,6463.39990234375,3669.010009765625,17358.19921875,26800.98046875,12728.6904296875,10435.3603515625,3521.320068359375
2020-12-03,6615.2998046875,6490.2998046875,3666.719970703125,17398.0,26809.369140625,12648.91015625,10342.6298828125,3517.10009765625
2020-12-04,6634.10009765625,6550.2001953125,3699.1201171875,17521.0,26751.240234375,12631.3798828125,10364.5,3539.27001953125
2020-12-07,6675.0,6555.39990234375,3691.9599609375,17582.400390625,26547.439453125,12656.01953125,10375.3798828125,3530.080078125
2020-12-08,6687.7001953125,6558.7998046875,3702.25,17639.0,26467.080078125,12719.58984375,10394.099609375,3525.8701171875
2020-12-09,6728.5,6564.2998046875,3672.820068359375,17559.900390625,26817.939453125,12889.400390625,10430.01953125,3529.02001953125
2020-12-10,6683.10009765625,6599.7998046875,3668.10009765625,17593.30078125,26756.240234375,12860.3701171875,10395.9599609375,3522.31005859375
2020-12-11,6642.60009765625,6546.7998046875,3663.4599609375,17548.900390625,26652.51953125,12919.25,10391.759765625,3485.840087890625
2020-12-14,6660.2001953125,6531.7998046875,3647.489990234375,17387.400390625,26732.439453125,12835.1201171875,10373.0302734375,3503.9599609375
2020-12-15,6631.2998046875,6513.2998046875,3694.6201171875,17506.5,26687.83984375,12767.169921875,10341.1796875,3521.5
2020-12-16,6679.2001953125,6570.89990234375,3701.169921875,17567.400390625,26757.400390625,12828.990234375,10456.7802734375,3543.0
2020-12-17,6756.7001953125,6551.10009765625,3722.47998046875,17652.900390625,26806.669921875,12888.76953125,10540.3603515625,3560.8701171875
2020-12-18,6675.5,6529.2001953125,3709.409912109375,17534.599609375,26763.390625,12682.0,10523.8603515625,3545.739990234375
2020-12-21,6669.89990234375,6416.2998046875,3694.919921875,17500.900390625,26714.419921875,12607.740234375,10305.51953125,3448.679931640625
2020-12-22,6599.60009765625,,3687.260009765625,17552.5,26436.390625,12842.6904296875,10403.3701171875,3497.489990234375
2020-12-23,6643.10009765625,6495.7998046875,3690.010009765625,17593.599609375,26524.7890625,13020.2099609375,10411.919921875,3539.260009765625
2020-12-24,6664.7998046875,6502.10009765625,3703.06005859375,17623.900390625,26668.349609375,,,
2020-12-25,,,,,26656.609375,,,
2020-12-28,,,3735.360107421875,,26854.029296875,,10603.490234375,3575.409912109375
2020-12-29,6700.2998046875,6602.7001953125,3727.0400390625,17543.400390625,27568.150390625,13246.76953125,10682.0400390625,3581.3701171875
2020-12-30,6682.39990234375,6555.7998046875,3732.0400390625,17545.80078125,27444.169921875,13217.1396484375,10703.509765625,3571.590087890625
2020-12-31,6587.10009765625,6460.5,3756.070068359375,17433.400390625,,13091.6396484375,,
2021-01-04,6684.2001953125,6571.89990234375,3700.64990234375,17527.80078125,27258.380859375,,,3564.389892578125
2021-01-05,6681.89990234375,6612.2998046875,3726.860107421875,17682.5,27158.630859375,13367.650390625,10694.08984375,3547.85009765625
2021-01-06,6607.10009765625,6841.89990234375,3748.139892578125,17828.099609375,27055.939453125,13333.9296875,10747.080078125,3611.080078125
2021-01-07,6712.0,6857.0,3803.7900390625,18027.599609375,27490.130859375,13485.669921875,10778.669921875,3622.419921875
2021-01-08,6757.89990234375,6873.2998046875,3824.679931640625,18042.099609375,28139.029296875,13558.1904296875,10797.990234375,3645.050048828125
2021-01-11,6697.2001953125,6798.5,3799.610107421875,17934.5,,13290.08984375,10870.419921875,3620.6201171875
2021-01-12,6679.10009765625,6754.10009765625,3801.18994140625,17985.80078125,28164.33984375,13183.6904296875,10875.25,3612.1298828125
2021-01-13,6686.60009765625,6745.5,3809.840087890625,17934.69921875,28456.58984375,13120.2802734375,10846.8798828125,3616.510009765625
2021-01-14,6715.2998046875,6802.0,3795.5400390625,17958.099609375,28698.259765625,13115.8701171875,10850.8095703125,3641.3701171875
2021-01-15,6715.39990234375,6735.7001953125,3768.25,17909.0,28519.1796875,13024.6904296875,10877.0595703125,3599.550048828125
2021-01-18,6663.0,6720.7001953125,,17944.900390625,28242.2109375,12838.3603515625,10888.5400390625,3602.669921875
2021-01-19,6742.60009765625,6713.0,3798.909912109375,17957.400390625,28633.4609375,12881.3095703125,10876.98046875,3595.419921875
2021-01-20,6770.39990234375,6740.39990234375,3851.85009765625,18014.900390625,28523.259765625,13026.4501953125,10945.4599609375,3624.0400390625
2021-01-21,6823.7001953125,6715.39990234375,3853.070068359375,17916.19921875,28756.859375,13112.1904296875,10913.1103515625,3618.35009765625
2021-01-22,6800.39990234375,6695.10009765625,3841.469970703125,17845.900390625,28631.44921875,13333.4296875,,3602.409912109375
2021-01-25,6824.7001953125,6638.89990234375,3855.360107421875,17906.0,28822.2890625,13399.099609375,10925.7001953125,3553.139892578125
2021-01-26,,6654.0,3849.6201171875,17779.400390625,28546.1796875,13323.4599609375,10964.0498046875,3592.830078125
2021-01-27,6780.60009765625,6567.39990234375,3750.77001953125,17424.400390625,28635.2109375,13374.0,10904.240234375,3536.3798828125
2021-01-28,6649.7001953125,6526.2001953125,3787.3798828125,17657.19921875,28197.419921875,13238.7197265625,10849.8203125,3557.0400390625
2021-01-29,6607.39990234375,6407.5,3714.239990234375,17337.0,27663.390625,13127.2900390625,10591.0595703125,3481.43994140625
2021-02-01,6663.0,6466.39990234375,3773.860107421875,17692.5,28091.05078125,13097.25,10740.2197265625,3530.85009765625
2021-02-02,6762.60009765625,6516.7001953125,3826.31005859375,17874.5,28362.169921875,13044.5,10803.5703125,3590.4599609375
2021-02-03,6824.60009765625,6507.7998046875,3830.169921875,17915.900390625,28646.5,13091.2099609375,10775.6796875,3609.75
2021-02-04,6765.5,6503.7001953125,3871.739990234375,18042.0,28341.94921875,12992.1396484375,10860.9501953125,3642.1201171875
2021-02-05,6840.5,6489.2998046875,3886.830078125,18135.900390625,28779.189453125,13053.8701171875,10755.4697265625,3655.77001953125
2021-02-08,6880.7001953125,6523.5,3915.590087890625,18330.30078125,29388.5,,10778.830078125,3665.510009765625
2021-02-09,6821.2001953125,6531.60009765625,3911.22998046875,18408.599609375,29505.9296875,12949.8203125,10803.669921875,3661.1298828125
2021-02-10,6856.89990234375,6524.39990234375,3909.8798828125,18457.80078125,29562.9296875,12830.0302734375,10825.75,3648.3701171875
2021-02-11,6850.10009765625,6528.7001953125,3916.3798828125,18393.0,,12761.1298828125,10852.91015625,3671.679931640625
2021-02-12,6806.7001953125,6589.7998046875,3934.830078125,18460.19921875,29520.0703125,12589.6396484375,10880.3701171875,3695.610107421875
2021-02-15,6868.89990234375,6756.10009765625,,,30084.150390625,12510.5595703125,,3734.199951171875
2021-02-16,6917.2998046875,6748.89990234375,3932.590087890625,18492.5,30467.75,12610.7197265625,10907.599609375,3726.39990234375
2021-02-17,6885.2001953125,6710.89990234375,3931.330078125,18374.80078125,30292.189453125,12673.9697265625,,3699.85009765625
2021-02-18,6885.89990234375,6617.2001953125,3913.969970703125,18274.099609375,30236.08984375,12633.599609375,10717.7099609375,3681.0400390625
2021-02-19,6793.7998046875,6624.0,3906.7099609375,18384.30078125,30017.919921875,12548.6298828125,10704.75,3713.4599609375
2021-02-22,6780.89990234375,6612.2001953125,3876.5,18416.69921875,30156.029296875,12426.240234375,10697.3798828125,3699.85009765625
2021-02-23,6839.2001953125,6625.89990234375,3881.3701171875,18330.099609375,,12388.83984375,10609.0302734375,3689.10009765625
2021-02-24,6777.7998046875,6659.0,3925.429931640625,18484.5,29671.69921875,12282.419921875,10727.7001953125,3705.989990234375
2021-02-25,6834.0,6652.0,3829.340087890625,18223.5,30168.26953125,12140.66015625,10658.8701171875,3685.280029296875
2021-02-26,6673.2998046875,6483.39990234375,3811.14990234375,18060.30078125,28966.009765625,12227.2900390625,10522.2197265625,3636.43994140625
2021-03-01,6789.60009765625,6588.5,3901.820068359375,18299.599609375,29663.5,12301.8095703125,10706.58984375,3706.6201171875
2021-03-02,6762.2998046875,6613.7998046875,3870.2900390625,18421.599609375,29408.169921875,12344.490234375,10817.150390625,3707.719970703125
2021-03-03,6818.0,6675.5,3819.719970703125,18320.69921875,29559.099609375,12359.259765625,,3712.780029296875
2021-03-04,6760.7001953125,6650.89990234375,3768.469970703125,18125.69921875,28930.109375,12224.5,10750.08984375,3704.85009765625
2021-03-05,6710.7998046875,6630.5,3841.93994140625,18381.0,28864.3203125,12180.25,10607.7900390625,3669.5400390625
2021-03-08,6739.60009765625,6719.10009765625,3821.35009765625,18457.80078125,28743.25,12085.1796875,10830.3798828125,3763.239990234375
2021-03-09,6771.2001953125,6730.2998046875,3875.43994140625,18599.19921875,29027.939453125,12145.150390625,10857.9697265625,3786.050048828125
2021-03-10,6714.10009765625,6725.60009765625,3898.81005859375,18690.0,29036.560546875,12251.900390625,10909.76953125,3819.919921875
2021-03-11,6713.89990234375,6737.0,3939.340087890625,18844.599609375,29211.640625,12272.48046875,10883.23046875,3845.639892578125
2021-03-12,6766.7998046875,6761.5,3943.340087890625,18851.30078125,29717.830078125,12426.76953125,10839.9296875,3833.360107421875
2021-03-15,6773.0,6749.7001953125,3968.93994140625,18954.80078125,29766.970703125,12592.259765625,10867.330078125,3829.840087890625
2021-03-16,6827.10009765625,6803.60009765625,3962.7099609375,18874.0,29921.08984375,12689.0498046875,10944.48046875,3850.9599609375
2021-03-17,6795.2001953125,6762.7001953125,3974.1201171875,18983.099609375,29914.330078125,12622.2099609375,10922.490234375,3849.739990234375
2021-03-18,6745.89990234375,6779.7001953125,3915.4599609375,18836.5,30216.75,12496.1396484375,10973.759765625,3867.5400390625
2021-03-19,6708.2001953125,6708.7001953125,3913.10009765625,18854.0,29792.05078125,12515.2197265625,10967.3701171875,3837.02001953125
2021-03-22,6752.5,6726.10009765625,3940.590087890625,18815.099609375,29174.150390625,12329.08984375,11048.580078125,3833.840087890625
2021-03-23,6745.39990234375,6699.2001953125,3910.52001953125,18669.80078125,28995.919921875,12394.33984375,11098.66015625,3827.02001953125
2021-03-24,6778.7998046875,6712.89990234375,3889.139892578125,18628.30078125,28405.51953125,12358.8798828125,11063.8701171875,3832.550048828125
2021-03-25,6790.60009765625,6674.7998046875,3909.52001953125,18651.099609375,28729.880859375,12388.0595703125,11098.8095703125,3832.570068359375
2021-03-26,6824.2001953125,6740.60009765625,3974.5400390625,18752.599609375,29176.69921875,12348.830078125,11116.8095703125,3866.679931640625
2021-03-29,6799.5,6736.2001953125,3971.090087890625,18719.19921875,29384.51953125,12368.1298828125,11089.599609375,3882.8701171875
2021-03-30,6738.39990234375,6772.10009765625,3958.550048828125,18705.599609375,29432.69921875,12446.759765625,11121.419921875,3926.199951171875
2021-03-31,6790.7001953125,6713.60009765625,3972.889892578125,18700.69921875,29178.80078125,12560.7001953125,11047.3701171875,3919.2099609375
2021-04-01,6828.7001953125,6737.2998046875,4019.8701171875,18990.30078125,29388.869140625,12488.3095703125,11118.0302734375,3945.9599609375
2021-04-02,,,,,29854.0,,,
2021-04-05,,,4077.909912109375,19026.80078125,30089.25,,,
2021-04-06,6885.89990234375,6823.60009765625,4073.93994140625,19104.099609375,29696.630859375,12400.48046875,11182.9501953125,3970.419921875
2021-04-07,6928.0,6885.2998046875,4079.949951171875,19129.099609375,29730.7890625,12487.58984375,11128.1796875,3956.77001953125
2021-04-08,6998.7998046875,6942.2001953125,4097.169921875,19228.900390625,29708.98046875,12632.599609375,11206.8798828125,3977.830078125
2021-04-09,6995.2001953125,6915.7998046875,4128.7998046875,19228.0,29768.060546875,12574.349609375,11238.51953125,3978.840087890625
2021-04-12,6974.0,6889.10009765625,4127.990234375,19201.30078125,29538.73046875,12518.7099609375,11181.349609375,3961.89990234375
2021-04-13,6976.89990234375,6890.5,4141.58984375,19203.69921875,29751.609375,12656.419921875,11122.3701171875,3966.989990234375
2021-04-14,7023.10009765625,6939.60009765625,4124.66015625,19171.69921875,29620.990234375,12751.3798828125,11156.2099609375,3976.280029296875
2021-04-15,7058.60009765625,6983.5,4170.419921875,19321.900390625,29642.689453125,12636.5498046875,11198.7001953125,3993.429931640625
2021-04-16,7063.5,7019.5,4185.47021484375,19351.30078125,29683.369140625,12684.73046875,11262.9697265625,4032.989990234375
2021-04-19,7065.60009765625,7000.10009765625,4163.259765625,19204.400390625,29685.369140625,12767.830078125,11209.83984375,4019.909912109375
2021-04-20,7017.7998046875,6859.89990234375,4134.93994140625,19040.80078125,29100.380859375,12678.5498046875,11078.98046875,3940.4599609375
2021-04-21,6997.5,6895.2998046875,4173.419921875,19143.30078125,28508.55078125,12535.33984375,11209.08984375,3976.409912109375
2021-04-22,7055.39990234375,6938.2001953125,4134.97998046875,19031.599609375,29188.169921875,12577.48046875,11224.900390625,4014.800048828125
2021-04-23,7060.7001953125,6938.60009765625,4180.169921875,19102.30078125,29020.630859375,12650.6396484375,11200.5400390625,4013.340087890625
2021-04-26,7045.60009765625,6963.10009765625,4187.6201171875,19170.599609375,29126.23046875,,11162.08984375,4020.830078125
2021-04-27,7033.7998046875,6945.0,4186.72021484375,19175.099609375,28991.890625,12620.51953125,11092.080078125,4011.909912109375
2021-04-28,7064.7001953125,6963.7001953125,4183.18017578125,19357.0,29053.970703125,12646.1396484375,11103.4599609375,4015.030029296875
2021-04-29,7082.2998046875,6961.5,4211.47021484375,19255.900390625,,12715.2001953125,11079.509765625,3996.89990234375
2021-04-30,7025.7998046875,6969.7998046875,4181.169921875,19108.30078125,28812.630859375,12731.1298828125,11022.33984375,3974.739990234375
2021-05-03,7028.7998046875,,4192.66015625,19213.19921875,,12768.83984375,11119.0,4000.25
2021-05-04,7067.89990234375,6923.2001953125,4164.66015625,19188.0,,12912.1904296875,10970.9296875,3924.800048828125
2021-05-05,7095.7998046875,7039.2998046875,4167.58984375,19310.69921875,,12848.3095703125,,4002.7900390625
2021-05-06,7061.7001953125,7076.2001953125,4201.6201171875,19291.0,29331.369140625,12751.669921875,11111.099609375,3999.43994140625
2021-05-07,7080.7998046875,7129.7001953125,4232.60009765625,19472.69921875,29357.8203125,12729.919921875,11173.5703125,4034.25
2021-05-10,7172.7998046875,7123.7001953125,4188.43017578125,19361.900390625,29518.33984375,12659.009765625,11123.669921875,4023.35009765625
2021-05-11,7097.0,6948.0,4152.10009765625,19274.0,28608.58984375,12639.1904296875,,3946.06005859375
2021-05-12,7044.89990234375,7004.60009765625,4063.0400390625,19107.80078125,28147.509765625,12564.2099609375,11033.900390625,3947.429931640625
2021-05-13,6982.7001953125,6963.2998046875,4112.5,19135.80078125,27448.009765625,12428.1201171875,,
2021-05-14,7014.2001953125,7043.60009765625,4173.85009765625,19366.69921875,28084.470703125,12367.8603515625,11120.76953125,4017.43994140625
2021-05-17,7023.60009765625,7032.89990234375,4163.2900390625,19474.69921875,27824.830078125,12410.4697265625,11135.3701171875,4006.840087890625
2021-05-18,7066.0,7034.2001953125,4127.830078125,19507.099609375,28406.83984375,12428.6201171875,11141.75,4005.340087890625
2021-05-19,6931.7001953125,6950.2001953125,4115.68017578125,19417.0,28044.44921875,12281.5,11045.2001953125,3936.739990234375
2021-05-20,7019.60009765625,7019.7998046875,4159.1201171875,19543.0,28098.25,12437.169921875,11152.080078125,3999.909912109375
2021-05-21,7030.2998046875,7018.10009765625,4155.85986328125,19527.30078125,28317.830078125,12459.6103515625,11225.580078125,4025.780029296875
2021-05-24,7045.89990234375,7051.60009765625,4197.0498046875,,28364.609375,12449.0,,
2021-05-25,7115.2001953125,7029.7998046875,4188.1298828125,19564.099609375,28553.98046875,12341.1904296875,,4036.0400390625
2021-05-26,7092.5,7026.89990234375,4195.990234375,19745.5,28642.189453125,12347.4404296875,11348.740234375,4031.669921875
2021-05-27,7094.89990234375,7019.7001953125,4200.8798828125,19774.400390625,28549.009765625,12243.33984375,11340.26953125,4039.2099609375
2021-05-28,7179.5,7022.60009765625,4204.10986328125,19852.19921875,29149.41015625,12182.25,11426.150390625,4070.56005859375
2021-05-31,7161.60009765625,,,19731.0,28860.080078125,12320.7197265625,,4039.4599609375
2021-06-01,7142.60009765625,7080.5,4202.0400390625,19976.0,28814.33984375,12462.4697265625,11434.8798828125,4071.75
2021-06-02,7217.7998046875,7108.0,4208.1201171875,19971.19921875,28946.140625,12440.0498046875,11470.349609375,4088.5
2021-06-03,7260.10009765625,7064.39990234375,4192.85009765625,19941.400390625,29058.109375,12429.98046875,11510.599609375,4079.239990234375
2021-06-04,7295.39990234375,7069.0,4229.89013671875,20029.19921875,28941.51953125,12496.26953125,11570.6796875,4089.3798828125
2021-06-07,7281.89990234375,7077.2001953125,4226.52001953125,20035.30078125,29019.240234375,,11630.66015625,4097.64990234375
2021-06-08,7292.60009765625,7095.10009765625,4227.259765625,20065.900390625,28963.560546875,12517.650390625,11656.8896484375,4096.009765625
2021-06-09,7270.2001953125,7081.0,4219.5498046875,20002.30078125,28860.80078125,12566.5,11788.099609375,4096.85009765625
2021-06-10,7302.5,7088.2001953125,4239.18017578125,20049.5,28958.560546875,12518.009765625,,4096.06982421875
2021-06-11,7312.2998046875,7134.10009765625,4247.43994140625,20138.400390625,28948.73046875,12550.3896484375,11841.2998046875,4126.7001953125
2021-06-14,,7146.7001953125,4255.14990234375,20157.69921875,29161.80078125,12562.169921875,11866.41015625,4132.669921875
2021-06-15,7379.5,7172.5,4246.58984375,20231.30078125,29441.30078125,12696.3896484375,11921.9697265625,4143.52001953125
2021-06-16,7386.2001953125,7185.0,4223.7001953125,20231.0,29291.009765625,12581.599609375,11982.0302734375,4151.759765625
2021-06-17,7359.0,7153.39990234375,4221.85986328125,20144.0,29018.330078125,12541.2001953125,12011.1103515625,4158.14013671875
2021-06-18,7368.89990234375,7017.5,4166.4501953125,19999.599609375,28964.080078125,12551.9296875,11941.25,4083.3701171875
2021-06-21,7235.2998046875,7062.2998046875,4224.7900390625,20156.400390625,28010.9296875,12499.3603515625,11995.6298828125,4112.330078125
2021-06-22,7342.2001953125,7090.0,4246.43994140625,20200.69921875,28884.130859375,12534.7998046875,11982.48046875,4123.1298828125
2021-06-23,7298.5,7074.10009765625,4241.83984375,20164.400390625,28874.890625,12586.490234375,11898.6201171875,4075.93994140625
2021-06-24,7275.2998046875,7110.0,4266.490234375,20215.099609375,28875.23046875,12586.8896484375,11993.6396484375,4122.43017578125
2021-06-25,7308.0,7136.10009765625,4280.7001953125,20230.30078125,29066.1796875,12626.08984375,11999.7001953125,4120.66015625
2021-06-28,7307.2998046875,7073.0,4290.60986328125,20145.30078125,29048.01953125,12603.75,12009.169921875,4089.909912109375
2021-06-29,7301.2001953125,7087.60009765625,4291.7998046875,20171.0,28812.609375,12639.8203125,12028.4501953125,4107.509765625
2021-06-30,7313.0,7037.5,4297.5,20165.599609375,28791.529296875,12654.599609375,11942.7197265625,4064.300048828125
2021-07-01,7265.60009765625,7125.2001953125,4319.93994140625,,28707.0390625,12683.6298828125,11977.0302734375,4078.889892578125
2021-07-02,7308.60009765625,7123.2998046875,4352.33984375,20226.099609375,28783.279296875,12711.83984375,11964.83984375,4084.31005859375
2021-07-05,7315.0,7164.89990234375,,20281.5,28598.189453125,12812.3203125,,4087.3701171875
2021-07-06,7261.7998046875,7100.89990234375,4343.5400390625,20300.0,28643.2109375,12758.9296875,11965.2197265625,4052.669921875
2021-07-07,7326.89990234375,7151.0,4358.1298828125,20290.599609375,28366.94921875,12747.7998046875,12085.509765625,4078.530029296875
2021-07-08,7341.39990234375,7030.7001953125,4320.81982421875,20061.19921875,28118.029296875,12752.509765625,11924.66015625,3991.659912109375
2021-07-09,7251.7998046875,7121.89990234375,4369.5498046875,20258.0,27940.419921875,12690.349609375,11989.8095703125,4068.090087890625
2021-07-12,7333.5,7125.39990234375,4384.6298828125,20233.099609375,28569.01953125,12763.400390625,12081.6201171875,4093.3798828125
2021-07-13,7332.10009765625,7124.7001953125,4369.2099609375,20270.69921875,28718.240234375,12784.9404296875,12071.0498046875,4094.56005859375
2021-07-14,7354.7001953125,7091.2001953125,4374.2998046875,20147.19921875,28608.490234375,12719.6796875,12043.349609375,4099.5
2021-07-15,7335.89990234375,7012.0,4360.02978515625,20183.69921875,28279.08984375,12671.16015625,11976.7900390625,4056.389892578125
2021-07-16,7348.10009765625,7008.10009765625,4327.16015625,19985.5,28003.080078125,12673.150390625,12026.5,4035.77001953125
2021-07-19,7286.0,6844.39990234375,4258.490234375,19726.5,27652.740234375,12652.08984375,11862.080078125,3928.530029296875
2021-07-20,7252.2001953125,6881.10009765625,4323.06005859375,19942.69921875,27388.16015625,12650.83984375,11945.6796875,3956.340087890625
2021-07-21,7308.7001953125,6998.2998046875,4358.68994140625,20110.099609375,27548.0,12709.1396484375,12021.580078125,4026.679931640625
2021-07-22,7386.39990234375,6968.2998046875,4367.47998046875,20097.5,,12720.83984375,11977.0,4059.050048828125
2021-07-23,7394.39990234375,7027.60009765625,4411.7900390625,20188.400390625,,12736.3203125,12130.830078125,4109.10009765625
2021-07-26,7394.2998046875,7025.39990234375,4422.2998046875,20165.0,27833.2890625,12673.23046875,12049.6298828125,4102.58984375
2021-07-27,7431.39990234375,6996.10009765625,4401.4599609375,20173.400390625,27970.220703125,12590.3095703125,12021.08984375,4064.830078125
2021-07-28,7379.2998046875,7016.60009765625,4400.64013671875,20230.400390625,27581.66015625,12595.3203125,12073.23046875,4103.02978515625
2021-07-29,7417.39990234375,7078.39990234375,4419.14990234375,20311.80078125,27782.419921875,12728.849609375,12086.740234375,4116.77001953125
2021-07-30,7392.60009765625,7032.2998046875,4395.259765625,20287.80078125,27283.58984375,12594.51953125,12116.8203125,4089.300048828125
2021-08-02,7491.39990234375,7081.7001953125,4387.16015625,,27781.01953125,12702.9697265625,12171.01953125,4116.6201171875
2021-08-03,7474.5,7105.7001953125,4423.14990234375,20365.900390625,27641.830078125,12700.5,12163.2197265625,4117.9501953125
2021-08-04,7503.2001953125,7123.89990234375,4402.66015625,20329.69921875,27584.080078125,12797.2900390625,12178.740234375,4144.89990234375
2021-08-05,7511.10009765625,7120.39990234375,4429.10009765625,20375.5,27728.119140625,12753.759765625,12199.8203125,4161.080078125
2021-08-06,7538.39990234375,7123.0,4436.52001953125,20475.400390625,27820.0390625,12770.0,12176.2998046875,4174.5400390625
2021-08-09,7538.39990234375,7132.2998046875,4432.35009765625,20437.400390625,,12700.830078125,12310.75,4177.14990234375
2021-08-10,7562.60009765625,7161.0,4436.75,20495.69921875,27888.150390625,12764.23046875,12361.6904296875,4187.81982421875
2021-08-11,7584.2998046875,7220.10009765625,4442.41015625,20554.0,28070.509765625,12748.0703125,12387.900390625,4206.330078125
2021-08-12,7588.2001953125,7193.2001953125,4460.830078125,20520.599609375,28015.01953125,12681.8095703125,12429.169921875,4226.330078125
2021-08-13,7628.89990234375,7218.7001953125,4468.0,20518.099609375,27977.150390625,12764.0595703125,12464.4404296875,4229.7001953125
2021-08-16,7582.5,7154.0,4479.7099609375,20483.400390625,27523.189453125,12720.150390625,12419.1396484375,4202.43994140625
2021-08-17,7511.0,7181.10009765625,4448.080078125,20363.599609375,27424.470703125,12635.3203125,12477.4404296875,4196.39990234375
2021-08-18,7502.10009765625,7169.2998046875,4400.27001953125,20302.099609375,27585.91015625,12718.8798828125,12545.349609375,4189.419921875
2021-08-19,7464.60009765625,7058.89990234375,4405.7998046875,20215.400390625,27281.169921875,12956.9697265625,12403.580078125,4124.7099609375
2021-08-20,7460.89990234375,7087.89990234375,4441.669921875,20339.0,27013.25,12940.490234375,12415.66015625,4147.5
2021-08-23,7489.89990234375,7109.0,4479.52978515625,20477.30078125,27494.240234375,13064.0703125,12476.8701171875,4176.419921875
2021-08-24,7503.0,7125.7998046875,4486.22998046875,20547.80078125,27732.099609375,13071.8603515625,12436.66015625,4178.080078125
2021-08-25,7531.89990234375,7150.10009765625,4496.18994140625,20587.30078125,27724.80078125,13173.48046875,12364.5703125,4181.1201171875
2021-08-26,7491.2001953125,7125.0,4470.0,20504.19921875,27742.2890625,13051.6201171875,12409.0302734375,4169.8701171875
2021-08-27,7488.2998046875,7148.0,4509.3701171875,20644.599609375,27641.140625,13059.7900390625,12439.0,4190.97998046875
2021-08-30,7504.5,,4528.7900390625,20595.0,27789.2890625,13180.580078125,12436.580078125,4198.7998046875
2021-08-31,7534.89990234375,7119.7001953125,4522.68017578125,20582.900390625,28089.5390625,13218.830078125,12411.1103515625,4196.41015625
2021-09-01,7527.10009765625,7149.7998046875,4524.08984375,20689.599609375,28451.01953125,13243.490234375,12432.7900390625,4227.27001953125
2021-09-02,7485.7001953125,7163.89990234375,4536.9501953125,20795.099609375,28543.509765625,13280.4697265625,12432.4599609375,4232.10009765625
2021-09-03,7522.89990234375,7138.39990234375,4535.43017578125,20821.400390625,29128.109375,13288.8701171875,12351.83984375,4201.97998046875
2021-09-06,7528.5,7187.2001953125,,,29659.890625,13300.0302734375,12430.23046875,4246.1298828125
2021-09-07,7530.2998046875,7149.39990234375,4520.02978515625,20806.599609375,29916.140625,13321.990234375,12344.3798828125,4225.009765625
2021-09-08,7512.0,7095.5,4514.06982421875,20741.80078125,30181.2109375,13193.009765625,12215.1396484375,4177.14990234375
2021-09-09,7369.5,7024.2001953125,4493.27978515625,20705.30078125,30008.189453125,13095.76953125,12116.4296875,4177.10986328125
2021-09-10,7406.60009765625,7029.2001953125,4458.580078125,20633.099609375,30381.83984375,13064.3896484375,12060.6396484375,4170.35009765625
2021-09-13,7425.2001953125,7068.39990234375,4468.72998046875,20666.400390625,30447.369140625,13170.8896484375,12074.8095703125,4189.52978515625
2021-09-14,7437.2998046875,7034.10009765625,4443.0498046875,20553.30078125,30670.099609375,13108.6103515625,12097.2802734375,4191.669921875
2021-09-15,7417.0,7016.5,4480.7001953125,20693.80078125,30511.7109375,13099.2998046875,11984.830078125,4145.93994140625
2021-09-16,7460.2001953125,7027.5,4473.75,20602.099609375,30323.33984375,13079.509765625,12028.4404296875,4169.8701171875
2021-09-17,7403.7001953125,6963.60009765625,4432.990234375,20490.400390625,30500.05078125,13234.5498046875,11935.5302734375,4130.83984375
2021-09-20,7248.2001953125,6903.89990234375,4357.72998046875,20154.5,,13178.580078125,11766.419921875,4043.6298828125
2021-09-21,7273.7998046875,6981.0,4354.18994140625,20244.30078125,29839.7109375,13176.9404296875,11789.169921875,4097.509765625
2021-09-22,7296.89990234375,7083.39990234375,4395.64013671875,20401.5,29639.400390625,13215.7998046875,11837.5703125,4150.18994140625
2021-09-23,7370.2001953125,7078.39990234375,4448.97998046875,20461.900390625,,13305.919921875,11938.6201171875,4194.919921875
2021-09-24,7342.60009765625,7051.5,4455.47998046875,20402.69921875,30248.810546875,13259.5498046875,11817.2001953125,4158.509765625
2021-09-27,7384.2001953125,7063.39990234375,4443.10986328125,20463.400390625,30240.060546875,13227.7001953125,11691.1796875,4165.47998046875
2021-09-28,7275.60009765625,7028.10009765625,4352.6298828125,20174.099609375,30183.9609375,13174.3798828125,11485.580078125,4058.820068359375
2021-09-29,7196.7001953125,7108.2001953125,4359.4599609375,20158.099609375,29544.2890625,13119.7900390625,11628.330078125,4080.219970703125
2021-09-30,7332.2001953125,7086.39990234375,4307.5400390625,20070.30078125,29452.66015625,13275.759765625,11642.4501953125,4048.080078125
2021-10-01,7185.5,7027.10009765625,4357.0400390625,20150.900390625,28771.0703125,13279.150390625,11575.3701171875,4035.300048828125
2021-10-04,7278.5,7011.0,4300.4599609375,20052.30078125,28444.890625,13337.26953125,11582.349609375,3996.409912109375
2021-10-05,7248.39990234375,7077.10009765625,4345.72021484375,20183.400390625,27822.119140625,13199.990234375,11587.0,4065.429931640625
2021-10-06,7206.5,6995.89990234375,4363.5498046875,20191.69921875,27528.869140625,13166.4404296875,11569.3896484375,4012.64990234375
2021-10-07,7256.7001953125,7078.0,4399.759765625,20416.19921875,27678.2109375,13104.6103515625,11763.6396484375,4098.33984375
2021-10-08,7320.10009765625,7095.60009765625,4391.33984375,20416.30078125,28048.939453125,13086.599609375,11764.990234375,4073.2900390625
2021-10-11,7299.7998046875,7146.89990234375,4361.18994140625,,28498.19921875,13019.3701171875,11771.5703125,4072.52001953125
2021-10-12,7280.7001953125,7130.2001953125,4350.64990234375,20437.099609375,28230.609375,12996.259765625,11756.759765625,4055.090087890625
2021-10-13,7272.5,7141.7998046875,4363.7998046875,20618.5,28140.279296875,13025.1796875,11814.58984375,4083.280029296875
2021-10-14,7311.7001953125,7207.7001953125,4438.259765625,20819.900390625,28550.9296875,13048.490234375,11892.51953125,4149.06005859375
2021-10-15,7362.0,7234.0,4471.3701171875,20928.099609375,29068.630859375,13012.1904296875,11961.33984375,4182.91015625
2021-10-18,7381.10009765625,7203.7998046875,4486.4599609375,20985.400390625,29025.4609375,12998.509765625,11968.080078125,4151.39990234375
2021-10-19,7374.89990234375,7217.5,4519.6298828125,21087.0,29215.51953125,13065.919921875,11942.740234375,4166.830078125
2021-10-20,7413.7001953125,7223.10009765625,4536.18994140625,21188.19921875,29255.55078125,13114.240234375,12013.150390625,4172.169921875
2021-10-21,7415.39990234375,7190.2998046875,4549.77978515625,21212.400390625,28708.580078125,13125.98046875,12039.1396484375,4155.72998046875
2021-10-22,7415.5,7204.60009765625,4544.89990234375,21216.19921875,28804.849609375,13093.240234375,12056.2099609375,4188.81005859375
2021-10-25,7441.0,7222.7998046875,4566.47998046875,21284.80078125,28600.41015625,,12063.169921875,4188.31005859375
2021-10-26,7443.39990234375,7277.60009765625,4574.7900390625,21173.5,29106.009765625,13075.41015625,12146.51953125,4223.97021484375
2021-10-27,7448.7001953125,7253.2998046875,4551.68017578125,20955.0,29098.240234375,13020.259765625,12087.4501953125,4220.8798828125
2021-10-28,7430.39990234375,7249.5,4596.419921875,21197.5,28820.08984375,12970.990234375,12153.099609375,4233.8701171875
2021-10-29,7323.7001953125,7237.60009765625,4605.3798828125,21037.099609375,28892.689453125,13099.8203125,12108.169921875,4250.56005859375
2021-11-01,7370.7998046875,7288.60009765625,4613.669921875,21247.0,29647.080078125,13030.3095703125,12216.330078125,4280.47021484375
2021-11-02,7324.2998046875,7274.7998046875,4630.64990234375,21170.0,29520.900390625,12992.5,12321.0,4296.22021484375
2021-11-03,7392.7001953125,7248.89990234375,4660.56982421875,21265.099609375,,12993.830078125,12383.26953125,4309.60986328125
2021-11-04,7428.0,7279.89990234375,4680.06005859375,21342.099609375,29794.369140625,12943.9404296875,12403.0498046875,4333.33984375
2021-11-05,7456.89990234375,7304.0,4697.52978515625,21455.80078125,29611.5703125,13074.6103515625,12321.849609375,4363.0400390625
2021-11-08,7452.2001953125,7300.39990234375,4701.7001953125,21556.5,29507.05078125,13032.0302734375,12353.349609375,4352.52978515625
2021-11-09,7434.2001953125,7274.0,4685.25,21594.5,29285.4609375,13025.5703125,12367.51953125,4344.6298828125
2021-11-10,7423.89990234375,7340.2001953125,4646.7099609375,21461.900390625,29106.779296875,13052.599609375,12401.400390625,4348.81982421875
2021-11-11,7381.89990234375,7384.2001953125,4649.27001953125,21582.0,29277.859375,12975.7197265625,12421.080078125,4358.0
2021-11-12,7443.0,7347.89990234375,4682.85009765625,21768.5,29609.970703125,12908.150390625,12516.0498046875,4370.330078125
2021-11-15,7470.10009765625,7351.89990234375,4682.7998046875,21683.099609375,29776.80078125,12957.4599609375,12517.1201171875,4386.18994140625
2021-11-16,7420.39990234375,7327.0,4700.89990234375,21717.19921875,29808.119140625,12903.080078125,12557.33984375,4401.490234375
2021-11-17,7369.89990234375,7291.2001953125,4688.669921875,21653.0,29688.330078125,12783.66015625,12600.150390625,4400.81005859375
2021-11-18,7379.2001953125,7256.0,4704.5400390625,21637.5,29598.66015625,12758.98046875,12553.1904296875,4383.7001953125
2021-11-19,7396.5,7223.60009765625,4697.9599609375,21555.0,29745.869140625,12740.1201171875,12545.009765625,4356.47021484375
2021-11-22,7353.10009765625,7255.5,4682.93994140625,21420.80078125,29774.109375,12650.4599609375,12510.8095703125,4338.68994140625
2021-11-23,7410.60009765625,7266.7001953125,4690.7001953125,21453.80078125,,12699.330078125,12366.73046875,4283.81982421875
2021-11-24,7399.39990234375,7286.2998046875,4701.4599609375,21548.400390625,29302.66015625,12849.9697265625,12395.7197265625,4276.25
2021-11-25,7407.2998046875,7310.39990234375,,21613.19921875,29499.279296875,12743.8603515625,12449.6796875,4293.240234375
2021-11-26,7279.2998046875,7044.0,4594.6201171875,21125.900390625,28751.619140625,12628.8896484375,12199.2099609375,4089.580078125
2021-11-29,7239.7998046875,7110.0,4655.27001953125,21149.0,28283.919921875,12627.900390625,12220.740234375,4109.509765625
2021-11-30,7256.0,7059.5,4567.0,20660.0,27821.759765625,12699.5400390625,12159.6904296875,4063.06005859375
2021-12-01,7235.89990234375,7168.7001953125,4513.0400390625,20464.599609375,27935.619140625,12700.2197265625,12266.4599609375,4179.14990234375
2021-12-02,7225.2001953125,7129.2001953125,4577.10009765625,20762.0,27753.369140625,12752.7802734375,12177.51953125,4108.02001953125
2021-12-03,7241.2001953125,7122.2998046875,4538.43017578125,20633.30078125,28029.5703125,12676.5,12175.76953125,4080.14990234375
2021-12-06,7245.10009765625,7232.2998046875,4591.669921875,20861.099609375,27927.369140625,12623.1201171875,12375.349609375,4137.10986328125
2021-12-07,7313.89990234375,7339.89990234375,4686.75,21162.69921875,28455.599609375,12741.849609375,12513.6201171875,4276.2001953125
2021-12-08,7405.39990234375,7337.39990234375,4701.2099609375,21077.400390625,28860.619140625,12819.7998046875,12597.4296875,4233.08984375
2021-12-09,7384.5,7321.2998046875,4667.4501953125,20925.5,28725.470703125,12797.490234375,12607.6298828125,4208.2998046875
2021-12-10,7353.5,7291.7998046875,4712.02001953125,20890.599609375,28437.76953125,12849.6796875,12607.73046875,4199.16015625
2021-12-13,7379.2998046875,7231.39990234375,4668.97021484375,20748.5,28640.490234375,12994.1904296875,12551.2802734375,4183.0400390625
2021-12-14,7378.39990234375,7218.60009765625,4634.08984375,20648.599609375,28432.640625,12870.73046875,12411.580078125,4144.509765625
2021-12-15,7327.10009765625,7170.7998046875,4709.85009765625,20769.19921875,28459.720703125,12907.7802734375,12530.9501953125,4159.68017578125
2021-12-16,7295.7001953125,7260.60009765625,4668.669921875,20739.80078125,29066.3203125,12773.509765625,12790.8896484375,4201.8701171875
2021-12-17,7304.0,7269.89990234375,4620.64013671875,20739.19921875,28545.6796875,12717.9404296875,12715.48046875,4161.35009765625
2021-12-20,7292.2001953125,7198.0,4568.02001953125,20538.19921875,27937.810546875,12723.580078125,12589.8896484375,4107.1298828125
2021-12-21,7355.0,7297.39990234375,4649.22998046875,20924.900390625,28517.58984375,12826.599609375,12682.5302734375,4174.990234375
2021-12-22,7364.7998046875,7341.7001953125,4696.56005859375,21070.099609375,28562.2109375,12901.7998046875,12713.900390625,4217.06005859375
2021-12-23,7387.60009765625,7373.2998046875,4725.7900390625,21218.900390625,28798.369140625,12905.419921875,12785.3203125,4265.85986328125
2021-12-24,7420.2998046875,7372.10009765625,,21229.69921875,28782.58984375,12888.41015625,,
2021-12-27,,,4791.18994140625,,28676.4609375,,12866.900390625,4287.97998046875
2021-12-28,,,4786.35009765625,,29069.16015625,,12970.5302734375,4311.93017578125
2021-12-29,7509.7998046875,7420.7001953125,4793.06005859375,21344.69921875,28906.880859375,12997.599609375,12926.5595703125,4284.830078125
2021-12-30,7513.39990234375,7403.0,4778.72998046875,21294.599609375,28791.7109375,13043.7998046875,12875.66015625,4306.06982421875
2021-12-31,7444.60009765625,7384.5,4766.18017578125,21222.80078125,,13033.76953125,,
2022-01-03,,,4796.56005859375,,,,12939.169921875,4331.81982421875
2022-01-04,7589.7998046875,7505.2001953125,4793.5400390625,21236.5,29301.7890625,,12900.9697265625,4367.6201171875
2022-01-05,7565.7998046875,7516.89990234375,4700.580078125,21039.69921875,29332.16015625,13150.3798828125,12906.3701171875,4392.14990234375
2022-01-06,7358.2998046875,7450.39990234375,4696.0498046875,21072.19921875,28487.869140625,12983.009765625,12792.2802734375,4324.81005859375
2022-01-07,7453.2998046875,7485.2998046875,4677.02978515625,21084.5,28478.560546875,12970.650390625,12797.9404296875,4305.830078125
2022-01-10,7447.10009765625,7445.2998046875,4670.2900390625,21072.30078125,,12849.5,12597.349609375,4239.52001953125
2022-01-11,7390.10009765625,7491.39990234375,4713.06982421875,21274.80078125,28222.48046875,12848.0498046875,12709.7099609375,4281.5400390625
2022-01-12,7438.89990234375,7551.7001953125,4726.35009765625,21395.0,28765.66015625,12804.48046875,12670.4697265625,4316.39013671875
2022-01-13,7474.39990234375,7563.89990234375,4659.02978515625,21293.0,28489.130859375,12826.990234375,12620.4404296875,4315.89990234375
2022-01-14,7393.89990234375,7543.0,4662.85009765625,21357.599609375,28124.279296875,12790.16015625,12525.6298828125,4272.18994140625
2022-01-17,7417.2998046875,7611.2001953125,,21537.5,28333.51953125,12806.900390625,12633.2099609375,4302.14013671875
2022-01-18,7408.7998046875,7563.60009765625,4577.10986328125,21274.599609375,28257.25,12814.4599609375,12529.5595703125,4257.81982421875
2022-01-19,7332.5,7589.7001953125,4532.759765625,21205.19921875,27467.23046875,12612.3095703125,12525.6904296875,4268.27978515625
2022-01-20,7342.39990234375,7585.0,4482.72998046875,21058.19921875,27772.9296875,12497.099609375,12560.7001953125,4299.60986328125
2022-01-21,7175.7998046875,7494.10009765625,4397.93994140625,20621.400390625,27522.259765625,12348.0,12355.5400390625,4229.56005859375
2022-01-24,7139.5,7297.2001953125,4410.1298828125,20571.30078125,27588.369140625,12200.740234375,11881.2998046875,4054.360107421875
2022-01-25,6961.60009765625,7371.5,4356.4501953125,20591.0,27131.33984375,12154.6103515625,11945.6904296875,4078.260009765625
2022-01-26,,7469.7998046875,4349.93017578125,20595.900390625,27011.330078125,12185.650390625,12098.259765625,4164.60009765625
2022-01-27,6838.2998046875,7554.2998046875,4326.509765625,20544.099609375,26170.30078125,12067.9296875,12176.900390625,4184.97021484375
2022-01-28,6988.10009765625,7466.10009765625,4431.85009765625,20741.80078125,26717.33984375,11852.150390625,12104.4404296875,4136.91015625
2022-01-31,6971.60009765625,7464.39990234375,4515.5498046875,21098.30078125,27001.98046875,11995.3701171875,12226.7001953125,4174.60009765625
2022-02-01,7006.0,7535.7998046875,4546.5400390625,21319.900390625,27078.48046875,12204.9501953125,12359.7998046875,4224.4501953125
2022-02-02,7087.7001953125,7583.0,4589.3798828125,21362.400390625,27533.599609375,12289.6396484375,12360.3701171875,4222.0498046875
2022-02-03,7078.0,7528.7998046875,4477.43994140625,21094.0,27241.310546875,12335.3203125,12234.150390625,4141.02001953125
2022-02-04,7120.2001953125,7516.39990234375,4500.52978515625,21271.900390625,27439.990234375,12279.5595703125,12140.25,4086.580078125
2022-02-07,7110.7998046875,7573.5,4483.8701171875,21235.5,27248.869140625,,12193.8095703125,4120.56005859375
2022-02-08,7186.7001953125,7567.10009765625,4521.5400390625,21377.19921875,27284.51953125,12316.4404296875,12155.66015625,4129.25
2022-02-09,7268.2998046875,7643.39990234375,4587.18017578125,21604.19921875,27579.869140625,12467.0498046875,12367.8203125,4204.08984375
2022-02-10,7288.5,7672.39990234375,4504.080078125,21531.69921875,27696.080078125,12413.0498046875,12313.16015625,4197.06982421875
2022-02-11,7217.2998046875,7661.0,4418.64013671875,21548.80078125,,12173.7802734375,12231.9697265625,4155.22998046875
2022-02-14,7243.89990234375,7531.60009765625,4401.669921875,21352.5,27079.58984375,11950.1396484375,12026.3701171875,4064.449951171875
2022-02-15,7206.89990234375,7608.89990234375,4471.06982421875,21502.599609375,26865.189453125,11938.3203125,12181.8603515625,4143.7099609375
2022-02-16,7284.89990234375,7603.7998046875,4475.009765625,21383.599609375,27460.400390625,12187.1396484375,12191.5703125,4137.22021484375
2022-02-17,7296.2001953125,7537.39990234375,4380.259765625,21176.30078125,27232.869140625,12256.8203125,12075.26953125,4113.18994140625
2022-02-18,7221.7001953125,7513.60009765625,4348.8701171875,21008.19921875,27122.0703125,12141.8896484375,12010.08984375,4074.280029296875
2022-02-21,7233.60009765625,7484.2998046875,,,26910.869140625,12156.33984375,11891.8798828125,3985.7099609375
2022-02-22,7161.2998046875,7494.2001953125,4304.759765625,20907.80078125,26449.609375,12114.6298828125,11959.3896484375,3985.469970703125
2022-02-23,7205.7001953125,7498.2001953125,4225.5,20744.19921875,,12134.419921875,11941.8896484375,3973.409912109375
2022-02-24,6990.60009765625,7207.0,4288.7001953125,20761.900390625,25970.8203125,11967.01953125,11636.759765625,3829.2900390625
2022-02-25,6997.7998046875,7489.5,4384.64990234375,21106.0,26476.5,11923.3798828125,11987.3095703125,3970.68994140625
2022-02-28,7049.10009765625,7458.2998046875,4373.93994140625,21126.400390625,26526.8203125,12096.6796875,11986.7802734375,3924.22998046875
2022-03-01,7096.5,7330.2001953125,4306.259765625,21004.5,26844.720703125,12155.5302734375,11862.2802734375,3765.85009765625
2022-03-02,7116.7001953125,7429.60009765625,4386.5400390625,21255.599609375,26393.029296875,12246.6103515625,11871.58984375,3820.590087890625
2022-03-03,7151.39990234375,7238.89990234375,4363.490234375,21250.400390625,26577.26953125,12205.6201171875,11675.7001953125,3741.780029296875
2022-03-04,7110.7998046875,6987.10009765625,4328.8701171875,21402.400390625,25985.470703125,12141.76953125,11300.1298828125,3556.010009765625
2022-03-07,7038.60009765625,6959.5,4201.08984375,21304.400390625,25221.41015625,11769.8701171875,11204.669921875,3512.219970703125
2022-03-08,6980.2998046875,6964.10009765625,4170.7001953125,21232.0,24790.94921875,11795.9599609375,11057.0595703125,3505.2900390625
2022-03-09,7053.0,7190.7001953125,4277.8798828125,21493.19921875,24717.529296875,11785.1298828125,11493.3603515625,3766.02001953125
2022-03-10,7130.7998046875,7099.10009765625,4259.52001953125,21581.69921875,25690.400390625,11899.91015625,11391.099609375,3651.389892578125
2022-03-11,7063.60009765625,7155.60009765625,4204.31005859375,21461.80078125,25162.779296875,11821.3798828125,11495.6904296875,3686.780029296875
2022-03-14,7149.39990234375,7193.5,4173.10986328125,21180.80078125,25307.849609375,11805.1103515625,11678.9404296875,3741.10009765625
2022-03-15,7097.39990234375,7175.7001953125,4262.4501953125,21187.80078125,25346.48046875,11801.73046875,11682.2197265625,3738.110107421875
2022-03-16,7175.2001953125,7291.7001953125,4357.85986328125,21468.80078125,25762.009765625,11874.1103515625,11900.9599609375,3889.68994140625
2022-03-17,7250.7998046875,7385.2998046875,4411.669921875,21771.19921875,26652.890625,12030.0703125,12061.8701171875,3885.320068359375
2022-03-18,7294.39990234375,7404.7001953125,4463.1201171875,21818.5,26827.4296875,12175.849609375,12184.990234375,3902.43994140625
2022-03-21,7278.5,7442.39990234375,4461.18017578125,22009.099609375,,12177.75,12171.2802734375,3881.800048828125
2022-03-22,7341.10009765625,7476.7001953125,4511.60986328125,22074.400390625,27224.109375,12204.6904296875,12202.6201171875,3926.1201171875
2022-03-23,7377.89990234375,7460.60009765625,4456.240234375,21932.19921875,28040.16015625,12061.0,12099.5,3869.219970703125
2022-03-24,7387.10009765625,7467.39990234375,4520.16015625,21937.900390625,28110.390625,12017.6103515625,12131.4501953125,3863.389892578125
2022-03-25,7406.2001953125,7483.39990234375,4543.06005859375,22005.900390625,28149.83984375,12055.0,12121.669921875,3867.72998046875
2022-03-28,7412.39990234375,7473.10009765625,4575.52001953125,21977.80078125,27943.890625,11909.7197265625,12155.9501953125,3887.10009765625
2022-03-29,7464.2998046875,7537.2998046875,4631.60009765625,22087.19921875,28252.419921875,11919.669921875,12325.580078125,4002.179931640625
2022-03-30,7514.5,7578.7998046875,4602.4501953125,22076.0,28027.25,12098.7998046875,12243.73046875,3959.139892578125
2022-03-31,7499.60009765625,7515.7001953125,4530.41015625,21890.19921875,27821.4296875,12110.259765625,12161.5302734375,3902.52001953125
2022-04-01,7493.7998046875,7537.89990234375,4545.85986328125,21953.0,27665.98046875,12089.4296875,12179.080078125,3918.679931640625
2022-04-04,7513.7001953125,7558.89990234375,4582.64013671875,22085.599609375,27736.470703125,12053.1904296875,12340.8701171875,3951.1201171875
2022-04-05,7527.89990234375,7613.7001953125,4525.1201171875,21930.80078125,27787.98046875,12121.3896484375,12376.9697265625,3917.85009765625
2022-04-06,7490.10009765625,7587.7001953125,4481.14990234375,21788.599609375,27350.30078125,12079.2998046875,12320.099609375,3824.68994140625
2022-04-07,7442.7998046875,7551.7998046875,4500.2099609375,21834.900390625,26888.5703125,12075.91015625,12372.4599609375,3802.010009765625
2022-04-08,7478.0,7669.60009765625,4488.27978515625,21874.400390625,26985.80078125,12066.26953125,12507.6904296875,3858.3701171875
2022-04-11,7485.2001953125,7618.2998046875,4412.52978515625,21790.5,26821.51953125,11932.0302734375,12528.6103515625,3839.6201171875
2022-04-12,7454.0,7576.7001953125,4397.4501953125,21715.400390625,26334.98046875,11889.169921875,12378.8701171875,3831.469970703125
2022-04-13,7479.0,7580.7998046875,4446.58984375,21838.0,26843.490234375,11875.0,12378.6796875,3827.9599609375
2022-04-14,7523.39990234375,7616.39990234375,4392.58984375,21855.69921875,27172.0,11891.580078125,12475.080078125,3848.679931640625
2022-04-15,,,,,27093.189453125,,,
2022-04-18,,,4391.68994140625,21878.400390625,26799.7109375,,,
2022-04-19,7565.2001953125,7601.2998046875,4462.2099609375,22018.80078125,26985.08984375,11835.8798828125,12281.419921875,3830.760009765625
2022-04-20,7569.2001953125,7629.2001953125,4459.4501953125,21998.400390625,27217.849609375,11966.1904296875,12310.169921875,3896.81005859375
2022-04-21,7592.7998046875,7628.0,4393.66015625,21650.400390625,27553.060546875,11954.0,12301.330078125,3928.030029296875
2022-04-22,7473.2998046875,7521.7001953125,4271.77978515625,21186.400390625,27105.259765625,11908.400390625,12258.330078125,3840.010009765625
2022-04-25,,7380.5,4296.1201171875,21011.900390625,26590.779296875,,12084.98046875,3757.590087890625
2022-04-26,7318.0,7386.2001953125,4175.2001953125,20690.80078125,26700.109375,11813.1796875,11933.2802734375,3721.360107421875
2022-04-27,7261.2001953125,7425.60009765625,4183.9599609375,20744.19921875,26386.630859375,11726.3896484375,12051.48046875,3734.639892578125
2022-04-28,7356.89990234375,7509.2001953125,4287.5,21121.099609375,26847.900390625,11875.9599609375,12068.41015625,3777.02001953125
2022-04-29,7435.0,7544.60009765625,4131.93017578125,20762.0,,11884.2998046875,12128.759765625,3802.860107421875
2022-05-02,7347.0,,4155.3798828125,20692.19921875,26818.529296875,11784.3603515625,11971.73046875,3732.43994140625
2022-05-03,7316.2001953125,7561.2998046875,4175.47998046875,20905.30078125,,11675.919921875,12001.8798828125,3761.18994140625
2022-05-04,7304.7001953125,7493.5,4300.169921875,21185.0,,11675.2099609375,11880.240234375,3724.989990234375
2022-05-05,7364.7001953125,7503.2998046875,4146.8701171875,20696.19921875,,11747.5703125,11877.26953125,3696.6298828125
2022-05-06,7205.60009765625,7387.89990234375,4123.33984375,20633.30078125,27003.560546875,11609.3798828125,11730.419921875,3629.169921875
2022-05-09,7120.7001953125,7216.60009765625,3991.239990234375,19999.69921875,26319.33984375,11381.7001953125,11444.1796875,3526.860107421875
2022-05-10,7051.2001953125,7243.2001953125,4001.050048828125,19890.099609375,26167.099609375,11229.4501953125,11541.7197265625,3554.800048828125
2022-05-11,7064.7001953125,7347.7001953125,3935.179931640625,19837.30078125,26213.640625,11233.169921875,11553.66015625,3647.8701171875
2022-05-12,6941.0,7233.2998046875,3930.080078125,19699.099609375,25748.720703125,11177.3603515625,11506.1298828125,3613.429931640625
2022-05-13,7075.10009765625,7418.2001953125,4023.889892578125,20099.80078125,26427.650390625,11168.1796875,11650.419921875,3703.419921875
2022-05-16,7093.0,7464.7998046875,4008.010009765625,20206.400390625,26547.05078125,11157.66015625,11672.23046875,3685.340087890625
2022-05-17,7112.5,7518.39990234375,4088.85009765625,20491.0,26659.75,11137.8798828125,11730.4404296875,3741.510009765625
2022-05-18,7182.7001953125,7438.10009765625,3923.679931640625,20101.400390625,26911.19921875,11258.2802734375,11579.1396484375,3690.739990234375
2022-05-19,7064.5,7302.7001953125,3900.7900390625,20181.900390625,26402.83984375,11206.9296875,11309.490234375,3633.330078125
2022-05-20,7145.60009765625,7390.0,3901.360107421875,20197.599609375,26739.029296875,11267.3896484375,11308.98046875,3657.030029296875
2022-05-23,7148.89990234375,7513.39990234375,3973.75,,27001.51953125,11316.4599609375,11466.2802734375,3708.389892578125
2022-05-24,7128.7998046875,7484.39990234375,3941.47998046875,20286.19921875,26748.140625,11237.1201171875,11483.5595703125,3647.56005859375
2022-05-25,7155.2001953125,7522.7998046875,3978.72998046875,20383.80078125,26677.80078125,11173.3701171875,11491.7998046875,3677.10009765625
2022-05-26,7105.89990234375,7564.89990234375,4057.840087890625,20532.19921875,26604.83984375,11102.83984375,,
2022-05-27,7182.7001953125,7585.5,4158.240234375,20748.599609375,26781.6796875,11065.150390625,11647.169921875,3808.860107421875
2022-05-30,7286.60009765625,7600.10009765625,,20919.400390625,27369.4296875,11145.5,11736.259765625,3841.6201171875
2022-05-31,7211.2001953125,7607.7001953125,4132.14990234375,20729.30078125,27279.80078125,11308.33984375,11611.3798828125,3789.2099609375
2022-06-01,7234.0,7533.0,4101.22998046875,20713.69921875,27457.890625,11373.240234375,11494.1201171875,3759.5400390625
2022-06-02,7175.89990234375,,4176.81982421875,21031.80078125,27413.880859375,11349.5400390625,11550.2001953125,3795.1298828125
2022-06-03,7238.7998046875,,4108.5400390625,20790.69921875,27761.5703125,11417.33984375,11529.16015625,3783.659912109375
2022-06-06,7206.2998046875,7608.2001953125,4121.43017578125,20819.099609375,27915.890625,,,
2022-06-07,7095.7001953125,7598.89990234375,4160.68017578125,20928.19921875,27943.94921875,11265.7001953125,11534.1796875,3806.739990234375
2022-06-08,7121.10009765625,7593.0,4115.77001953125,20792.400390625,28234.2890625,11266.240234375,11467.3896484375,3788.929931640625
2022-06-09,7019.7001953125,7476.2001953125,4017.820068359375,20563.900390625,28246.529296875,11211.3095703125,11322.4296875,3724.449951171875
2022-06-10,6932.0,7317.5,3900.860107421875,20274.80078125,27824.2890625,11136.2802734375,11084.6201171875,3599.199951171875
2022-06-13,,7205.7998046875,3749.6298828125,19742.599609375,26987.439453125,10924.740234375,10896.25,3502.5
2022-06-14,6686.0,7187.5,3735.47998046875,19548.5,26629.859375,10641.3603515625,10699.0703125,3475.179931640625
2022-06-15,6601.0,7273.39990234375,3789.989990234375,19611.599609375,26326.16015625,10635.919921875,10783.58984375,3532.320068359375
2022-06-16,6591.10009765625,7045.0,3666.77001953125,19004.099609375,26431.19921875,10646.580078125,10475.3701171875,3427.909912109375
2022-06-17,6474.7998046875,7016.2998046875,3674.840087890625,18930.5,25963.0,10589.1904296875,10451.3095703125,3438.4599609375
2022-06-20,6433.39990234375,7121.7998046875,,19183.599609375,25771.220703125,10588.2001953125,10485.91015625,3469.830078125
2022-06-21,6523.7998046875,7152.10009765625,3764.7900390625,19257.30078125,26246.310546875,10701.58984375,10479.83984375,3494.0
2022-06-22,6508.5,7089.2001953125,3759.889892578125,19004.0,26149.55078125,10678.669921875,10528.33984375,3464.639892578125
2022-06-23,6528.39990234375,7020.5,3795.72998046875,18717.099609375,26171.25,10813.919921875,10453.3095703125,3436.2900390625
2022-06-24,6578.7001953125,7208.7998046875,3911.739990234375,19062.900390625,26491.970703125,,10823.1201171875,3533.169921875
2022-06-27,6706.0,7258.2998046875,3900.110107421875,19258.30078125,26871.26953125,10997.919921875,10906.8203125,3538.8798828125
2022-06-28,6763.60009765625,7323.39990234375,3821.550048828125,19222.69921875,27049.470703125,11018.6201171875,10809.5703125,3549.2900390625
2022-06-29,6700.2001953125,7312.2998046875,3818.830078125,19078.599609375,26804.599609375,10958.8095703125,10811.75,3514.320068359375
2022-06-30,6568.10009765625,7169.2998046875,3785.3798828125,18861.400390625,26393.0390625,10868.7001953125,10741.2099609375,3454.860107421875
2022-07-01,6539.89990234375,7168.7001953125,3825.330078125,,25935.619140625,10753.16015625,10770.400390625,3448.31005859375
2022-07-04,6612.60009765625,7232.7001953125,,19028.900390625,26153.810546875,10862.33984375,10881.9697265625,3452.419921875
2022-07-05,6629.2998046875,7025.5,3831.389892578125,18834.19921875,26423.470703125,10965.169921875,10702.5,3359.830078125
2022-07-06,6594.5,7107.7998046875,3845.080078125,18729.69921875,26107.650390625,11134.3896484375,10840.599609375,3421.840087890625
2022-07-07,6648.0,7189.10009765625,3902.6201171875,19063.19921875,26490.529296875,11112.16015625,10940.98046875,3488.5
2022-07-08,6678.0,7196.2001953125,3899.3798828125,19022.900390625,26517.189453125,11169.240234375,11015.0302734375,3506.550048828125
2022-07-11,6602.2001953125,7196.60009765625,3854.429931640625,18816.80078125,26812.30078125,11106.1396484375,11027.16015625,3471.68994140625
2022-07-12,6606.2998046875,7209.89990234375,3818.800048828125,18678.599609375,26336.66015625,11103.3896484375,11069.830078125,3487.050048828125
2022-07-13,6621.60009765625,7156.39990234375,3801.780029296875,18615.19921875,26478.76953125,11110.330078125,10904.849609375,3453.969970703125
2022-07-14,6650.60009765625,7039.7998046875,3790.3798828125,18329.099609375,26643.390625,11187.9697265625,10799.51953125,3396.610107421875
2022-07-15,6605.60009765625,7159.0,3863.159912109375,18394.5,26788.470703125,11122.6103515625,10982.08984375,3477.199951171875
2022-07-18,6687.10009765625,7223.2001953125,3830.85009765625,18595.599609375,,11163.6298828125,11010.1796875,3511.860107421875
2022-07-19,6649.60009765625,7296.2998046875,3936.68994140625,18937.69921875,26961.6796875,11238.26953125,11122.080078125,3587.43994140625
2022-07-20,6759.2001953125,7264.2998046875,3959.89990234375,19020.69921875,27680.259765625,11199.009765625,11059.490234375,3585.239990234375
2022-07-21,6794.2998046875,7270.5,3998.949951171875,19062.900390625,27803.0,11269.759765625,11134.740234375,3596.510009765625
2022-07-22,6791.5,7276.39990234375,3961.6298828125,18982.900390625,27914.66015625,11263.1904296875,11096.1201171875,3596.489990234375
2022-07-25,6789.89990234375,7306.2998046875,3966.840087890625,19104.5,27699.25,11198.6796875,11129.349609375,3604.159912109375
2022-07-26,6807.2998046875,7306.2998046875,3921.050048828125,18972.69921875,27655.2109375,11166.5595703125,11102.3095703125,3575.360107421875
2022-07-27,6823.2001953125,7348.2001953125,4023.610107421875,19254.599609375,27715.75,11135.0302734375,11056.740234375,3607.780029296875
2022-07-28,6889.7001953125,7345.2998046875,4072.429931640625,19456.69921875,27815.48046875,11328.1904296875,11129.330078125,3652.199951171875
2022-07-29,6945.2001953125,7423.39990234375,4130.2900390625,19692.900390625,27801.640625,11492.650390625,11145.91015625,3708.10009765625
2022-08-01,6993.0,7413.39990234375,4118.6298828125,,27993.349609375,11525.8701171875,,
2022-08-02,6998.10009765625,7409.10009765625,4091.18994140625,19505.30078125,27594.73046875,11532.4599609375,11118.099609375,3684.6298828125
2022-08-03,6975.89990234375,7445.7001953125,4155.169921875,19545.900390625,27741.900390625,11705.0302734375,11178.990234375,3732.5400390625
2022-08-04,6974.89990234375,7448.10009765625,4151.93994140625,19577.0,27932.19921875,11735.4697265625,11202.66015625,3754.60009765625
2022-08-05,7015.60009765625,7439.7001953125,4145.18994140625,19620.099609375,28175.869140625,11728.4697265625,11123.0703125,3725.389892578125
2022-08-08,7020.60009765625,7482.39990234375,4140.06005859375,19669.19921875,28249.240234375,11702.8095703125,11166.3203125,3757.219970703125
2022-08-09,7029.7998046875,7488.2001953125,4122.47021484375,19578.30078125,27999.9609375,11753.48046875,11132.48046875,3715.3701171875
2022-08-10,6992.7001953125,7507.10009765625,4210.240234375,19885.900390625,27819.330078125,11752.08984375,11155.099609375,3749.35009765625
2022-08-11,7071.0,7465.89990234375,4207.27001953125,19991.900390625,,11760.009765625,11154.580078125,3757.050048828125
2022-08-12,7032.5,7500.89990234375,4280.14990234375,20179.80078125,28546.98046875,11730.51953125,11128.240234375,3776.81005859375
2022-08-15,7064.2998046875,7509.2001953125,4297.14013671875,20180.599609375,28871.779296875,11789.0302734375,11171.5400390625,3789.6201171875
2022-08-16,7105.39990234375,7536.10009765625,4305.2001953125,20270.0,28868.91015625,11847.150390625,11130.4404296875,3805.219970703125
2022-08-17,7127.7001953125,7515.7998046875,4274.0400390625,20181.400390625,29222.76953125,11852.9296875,11128.1904296875,3756.06005859375
2022-08-18,7112.7998046875,7541.89990234375,4283.740234375,20265.400390625,28942.140625,11814.33984375,11167.58984375,3777.3798828125
2022-08-19,7114.5,7550.39990234375,4228.47998046875,20111.400390625,28930.330078125,11684.8095703125,11156.7197265625,3730.320068359375
2022-08-22,7046.89990234375,7533.7998046875,4137.990234375,19974.900390625,28794.5,11763.9501953125,11085.83984375,3658.219970703125
2022-08-23,6961.7998046875,7488.10009765625,4128.72998046875,19985.400390625,28452.75,11643.2099609375,10933.0595703125,3652.52001953125
2022-08-24,6998.10009765625,7471.5,4140.77001953125,20021.400390625,28313.470703125,11655.330078125,11012.8701171875,3667.4599609375
2022-08-25,7048.10009765625,7479.7001953125,4199.1201171875,20172.30078125,28479.009765625,11627.1396484375,11063.8798828125,3674.5400390625
2022-08-26,7104.10009765625,7427.2998046875,4057.659912109375,19873.30078125,28641.380859375,11608.2900390625,10942.16015625,3603.679931640625
2022-08-29,6965.5,,4030.610107421875,19836.099609375,27878.9609375,11506.9404296875,10896.740234375,3570.510009765625
2022-08-30,6998.2998046875,7361.60009765625,3986.159912109375,19512.900390625,28195.580078125,11648.650390625,10884.9501953125,3561.919921875
2022-08-31,6986.7998046875,7284.2001953125,3955.0,19330.80078125,28091.529296875,11601.099609375,10855.0302734375,3517.25
2022-09-01,6845.60009765625,7148.5,3966.85009765625,19142.69921875,27661.470703125,11609.8203125,10663.4404296875,3456.699951171875
2022-09-02,6828.7001953125,7281.2001953125,3924.260009765625,19270.900390625,27650.83984375,11628.25,10891.7099609375,3544.3798828125
2022-09-05,6852.2001953125,7287.39990234375,,,27619.609375,11619.0400390625,10819.5400390625,3490.010009765625
2022-09-06,6826.5,7300.39990234375,3908.18994140625,19088.19921875,27626.509765625,11599.23046875,10834.1796875,3500.139892578125
2022-09-07,6729.2998046875,7237.7998046875,3979.8701171875,19241.400390625,27430.30078125,11548.2998046875,10805.16015625,3502.090087890625
2022-09-08,6848.7001953125,7262.10009765625,4006.179931640625,19413.0,28065.279296875,11677.9296875,10790.3203125,3512.3798828125
2022-09-09,6894.2001953125,7351.10009765625,4067.360107421875,19773.30078125,28214.75,11757.76953125,10900.240234375,3570.0400390625
2022-09-12,6964.5,7473.0,4110.41015625,19987.19921875,28542.109375,11813.2099609375,10990.75,3646.510009765625
2022-09-13,7009.7001953125,7385.89990234375,3932.68994140625,19645.400390625,28614.630859375,11762.150390625,10891.5400390625,3586.179931640625
2022-09-14,6828.60009765625,7277.2998046875,3946.010009765625,19726.099609375,27818.619140625,11658.0400390625,10754.400390625,3567.56005859375
2022-09-15,6842.89990234375,7282.10009765625,3901.35009765625,19560.19921875,27875.91015625,11658.9404296875,10746.7001953125,3541.7900390625
2022-09-16,6739.10009765625,7236.7001953125,3873.330078125,19385.900390625,27567.650390625,11580.4599609375,10610.650390625,3500.409912109375
2022-09-19,6719.89990234375,,3899.889892578125,19562.400390625,,11531.990234375,10617.009765625,3499.489990234375
2022-09-20,6806.39990234375,7192.7001953125,3855.929931640625,19368.69921875,27688.419921875,11570.4296875,10476.5400390625,3467.090087890625
2022-09-21,6700.2001953125,7237.60009765625,3789.929931640625,19184.5,27313.130859375,11498.9501953125,10429.400390625,3491.8701171875
2022-09-22,,7159.5,3757.989990234375,19002.69921875,27153.830078125,11518.3203125,10297.650390625,3427.139892578125
2022-09-23,6574.7001953125,7018.60009765625,3693.22998046875,18481.0,,11434.8203125,10137.7802734375,3348.60009765625
2022-09-26,6469.39990234375,7021.0,3655.0400390625,18327.0,26431.55078125,,10072.6201171875,3342.56005859375
2022-09-27,6496.2001953125,6984.60009765625,3647.2900390625,18307.900390625,26571.869140625,11239.7197265625,10126.4296875,3328.64990234375
2022-09-28,6462.0,7005.39990234375,3719.0400390625,18648.900390625,26173.98046875,11119.5703125,10220.759765625,3335.300048828125
2022-09-29,6555.0,6881.60009765625,3640.469970703125,18441.80078125,26422.05078125,11200.0400390625,10126.990234375,3279.0400390625
2022-09-30,6474.2001953125,6893.7998046875,3585.6201171875,18444.19921875,25937.2109375,11065.7099609375,10267.5498046875,3318.199951171875
2022-10-03,6456.89990234375,6908.7998046875,3678.429931640625,18881.19921875,26215.7890625,10959.4501953125,10290.7099609375,3342.169921875
2022-10-04,6699.2998046875,7086.5,3790.929931640625,19371.0,26992.2109375,11090.0302734375,10590.919921875,3484.47998046875
2022-10-05,6815.7001953125,7052.60009765625,3783.280029296875,19235.099609375,27120.529296875,11180.009765625,10477.6904296875,3447.719970703125
2022-10-06,6817.5,6997.2998046875,3744.52001953125,18979.0,27311.30078125,11125.240234375,10391.1298828125,3433.449951171875
2022-10-07,6762.7998046875,6991.10009765625,3639.659912109375,18583.099609375,27116.109375,11103.7900390625,10308.5703125,3375.4599609375
2022-10-10,6667.7998046875,6959.2998046875,3612.389892578125,,,10918.48046875,10262.51953125,3356.8798828125
2022-10-11,6645.0,6885.2001953125,3588.840087890625,18216.69921875,26401.25,10956.7099609375,10207.830078125,3340.35009765625
2022-10-12,6647.5,6826.2001953125,3577.030029296875,18206.30078125,26396.830078125,10873.23046875,10199.3203125,3331.530029296875
2022-10-13,6642.60009765625,6850.2998046875,3669.909912109375,18613.599609375,26237.419921875,10817.48046875,10227.900390625,3362.39990234375
2022-10-14,6758.7998046875,6858.7998046875,3583.070068359375,18326.400390625,27090.759765625,10868.08984375,10329.33984375,3381.72998046875
2022-10-17,6664.39990234375,6920.2001953125,3677.949951171875,18621.0,26775.7890625,10785.919921875,10498.7099609375,3441.639892578125
2022-10-18,6779.2001953125,6936.7001953125,3719.97998046875,18798.19921875,27156.140625,10847.33984375,10578.759765625,3463.830078125
2022-10-19,6800.10009765625,6925.0,3695.159912109375,18674.400390625,27257.380859375,10916.650390625,10484.1396484375,3471.239990234375
2022-10-20,6730.7001953125,6943.89990234375,3665.780029296875,18579.30078125,27006.9609375,10868.2998046875,10473.4501953125,3492.85009765625
2022-10-21,6676.7998046875,6969.7001953125,3752.75,18861.0,26890.580078125,10782.3603515625,10418.599609375,3476.6298828125
2022-10-24,6779.39990234375,7014.0,3797.340087890625,18918.400390625,26974.900390625,,10595.5302734375,3527.7900390625
2022-10-25,6798.60009765625,7013.5,3859.110107421875,19097.0,27250.279296875,10902.3095703125,10773.33984375,3585.580078125
2022-10-26,6810.89990234375,7056.10009765625,3830.60009765625,19279.80078125,27431.83984375,11046.5,10817.2099609375,3605.31005859375
2022-10-27,6845.10009765625,7073.7001953125,3807.300048828125,19352.099609375,27345.240234375,11100.51953125,10706.6201171875,3604.510009765625
2022-10-28,6785.7001953125,7047.7001953125,3901.06005859375,19471.19921875,27105.19921875,11129.5302734375,10772.3701171875,3613.02001953125
2022-10-31,6863.5,7094.5,3871.97998046875,19426.099609375,27587.4609375,11338.4296875,10827.9296875,3617.5400390625
2022-11-01,6976.89990234375,7186.2001953125,3856.10009765625,19517.69921875,27678.919921875,11316.6396484375,10783.650390625,3651.02001953125
2022-11-02,6986.7001953125,7144.10009765625,3759.68994140625,19277.0,27663.390625,11282.7802734375,10806.23046875,3622.010009765625
2022-11-03,6857.89990234375,7188.60009765625,3719.889892578125,19241.19921875,,11184.2998046875,10710.58984375,3593.179931640625
2022-11-04,6892.5,7334.7998046875,3770.550048828125,19449.80078125,27199.740234375,11230.75,10787.76953125,3688.330078125
2022-11-07,6933.7001953125,7300.0,3806.800048828125,19545.900390625,27527.640625,11263.490234375,10750.3896484375,3708.800048828125
2022-11-08,6958.89990234375,7306.10009765625,3828.110107421875,19660.30078125,27872.109375,11208.4404296875,10827.0400390625,3739.280029296875
2022-11-09,6999.2998046875,7296.2998046875,3748.570068359375,19344.30078125,27716.4296875,11110.73046875,10904.330078125,3728.030029296875
2022-11-10,6964.0,7375.2998046875,3956.3701171875,19990.400390625,27446.099609375,11288.9404296875,11120.490234375,3846.56005859375
2022-11-11,7158.0,7318.0,3992.929931640625,20111.5,28263.5703125,11311.759765625,11127.150390625,3868.5
2022-11-14,7146.2998046875,7385.2001953125,3957.25,19921.80078125,27963.470703125,11270.33984375,10999.58984375,3887.510009765625
2022-11-15,7141.60009765625,7369.39990234375,3991.72998046875,19994.80078125,27990.169921875,11250.0302734375,11026.2197265625,3915.090087890625
2022-11-16,7122.2001953125,7351.2001953125,3958.7900390625,19958.0,28028.30078125,11250.7802734375,10936.6201171875,3882.780029296875
2022-11-17,7135.7001953125,7346.5,3946.56005859375,19884.599609375,27930.5703125,11257.76953125,10917.8798828125,3878.419921875
2022-11-18,7151.7998046875,7385.5,3965.340087890625,19980.900390625,27899.76953125,11380.6103515625,11045.490234375,3924.840087890625
2022-11-21,7139.2998046875,7376.89990234375,3949.93994140625,19977.099609375,27944.7890625,11397.9599609375,11085.0400390625,3909.280029296875
2022-11-22,7181.2998046875,7452.7998046875,4003.580078125,20220.0,28115.740234375,11384.650390625,11074.2998046875,3929.89990234375
2022-11-23,7247.39990234375,7465.2001953125,4027.260009765625,20282.30078125,,11271.91015625,11094.4599609375,3946.43994140625
2022-11-24,7241.7998046875,7466.60009765625,,20344.099609375,28383.08984375,11310.7998046875,11157.5595703125,3961.989990234375
2022-11-25,7259.5,7486.7001953125,4026.1201171875,20383.80078125,28283.029296875,11382.5595703125,11168.0302734375,3962.409912109375
2022-11-28,7229.10009765625,7474.0,3963.93994140625,20220.5,28162.830078125,11418.2001953125,11162.16015625,3935.510009765625
2022-11-29,7253.2998046875,7512.0,3957.6298828125,20277.400390625,28027.83984375,11411.3896484375,11077.8095703125,3934.43994140625
2022-11-30,7284.2001953125,7573.10009765625,4080.110107421875,20453.30078125,27968.990234375,11552.0400390625,11127.76953125,3964.719970703125
2022-12-01,7354.39990234375,7558.5,4076.570068359375,20525.5,28226.080078125,11654.5595703125,11238.2001953125,3984.5
2022-12-02,7301.5,7556.2001953125,4071.699951171875,20485.69921875,27777.900390625,11641.849609375,11198.1298828125,3977.89990234375
2022-12-05,7325.60009765625,7567.5,3998.840087890625,20242.30078125,27820.400390625,11613.1201171875,11194.669921875,3956.530029296875
2022-12-06,7291.2998046875,7521.39990234375,3941.260009765625,19990.19921875,27885.869140625,11570.150390625,11109.330078125,3939.18994140625
2022-12-07,7229.39990234375,7489.2001953125,3933.919921875,19973.19921875,27686.400390625,11641.599609375,11009.9501953125,3920.89990234375
2022-12-08,7175.5,7472.2001953125,3963.510009765625,19969.19921875,27574.4296875,11604.51953125,11004.5302734375,3921.27001953125
2022-12-09,7213.2001953125,7476.60009765625,3934.3798828125,19947.099609375,27901.009765625,11596.0302734375,11068.2998046875,3942.6201171875
2022-12-12,7180.7998046875,7446.0,3990.56005859375,20019.69921875,27842.330078125,11522.2802734375,11033.6396484375,3921.820068359375
2022-12-13,7203.2998046875,7502.89990234375,4019.64990234375,20023.5,27954.849609375,11575.4404296875,11136.6201171875,3986.830078125
2022-12-14,7251.2998046875,7495.89990234375,3995.320068359375,19891.69921875,28156.2109375,11541.6103515625,11160.6904296875,3975.260009765625
2022-12-15,7204.7998046875,7426.2001953125,3895.75,19600.599609375,28051.69921875,11529.83984375,10880.1396484375,3835.699951171875
2022-12-16,7148.7001953125,7332.10009765625,3852.360107421875,19443.30078125,27527.119140625,11603.66015625,10770.3798828125,3804.02001953125
2022-12-19,7133.89990234375,7361.2998046875,3817.659912109375,19200.80078125,27237.640625,11507.51953125,10773.23046875,3811.239990234375
2022-12-20,7024.2998046875,7370.60009765625,3821.6201171875,19306.900390625,26568.029296875,11444.509765625,10659.1904296875,3802.489990234375
2022-12-21,7115.10009765625,7497.2998046875,3878.43994140625,19571.099609375,26387.720703125,11492.3896484375,10845.58984375,3872.14990234375
2022-12-22,7152.5,7469.2998046875,3822.389892578125,19349.69921875,26507.869140625,11451.669921875,10774.6396484375,3823.2900390625
2022-12-23,7107.7001953125,7473.0,3844.820068359375,19506.69921875,26235.25,11494.9599609375,10804.6796875,3817.010009765625
2022-12-26,,,,,26405.869140625,,,
2022-12-27,,,3829.25,,26447.869140625,,10839.2197265625,3832.889892578125
2022-12-28,7086.39990234375,7497.2001953125,3783.219970703125,19284.099609375,26340.5,11567.6904296875,10812.669921875,3808.820068359375
2022-12-29,7020.10009765625,7512.7001953125,3849.280029296875,19485.900390625,26093.669921875,11591.9296875,10857.349609375,3850.070068359375
2022-12-30,7038.7001953125,7451.7001953125,3839.5,19384.900390625,26094.5,11473.240234375,10729.400390625,3793.6201171875
2023-01-03,6946.2001953125,7554.10009765625,3824.139892578125,19443.80078125,,,10978.6396484375,3882.2900390625
2023-01-04,7059.2001953125,7585.2001953125,3852.969970703125,19588.80078125,25716.859375,11632.400390625,11140.26953125,3973.969970703125
2023-01-05,7063.60009765625,7633.5,3808.10009765625,19506.80078125,25820.80078125,11677.2001953125,11057.3896484375,3959.47998046875
2023-01-06,7109.60009765625,7699.5,3895.080078125,19814.5,25973.849609375,11625.9697265625,11144.5400390625,4017.830078125
2023-01-09,7151.2998046875,7724.89990234375,3892.090087890625,19857.099609375,,11650.41015625,11212.5703125,4068.6201171875
2023-01-10,7131.0,7694.5,3919.25,19898.900390625,26175.560546875,11656.4501953125,11162.150390625,4057.4599609375
2023-01-11,7195.2998046875,7725.0,3969.610107421875,20025.099609375,26446.0,11646.8095703125,11246.009765625,4099.759765625
2023-01-12,7280.39990234375,7794.0,3983.169921875,20211.19921875,26449.8203125,11727.599609375,11287.8203125,4126.68017578125
2023-01-13,7328.10009765625,7844.10009765625,3999.090087890625,20360.099609375,26119.51953125,11754.4404296875,11290.7900390625,4150.7998046875
2023-01-16,7388.2001953125,7860.10009765625,,20390.30078125,25822.3203125,11845.150390625,11435.990234375,4157.0
2023-01-17,7386.2998046875,7851.0,3990.969970703125,20457.5,26138.6796875,11881.669921875,11401.990234375,4174.330078125
2023-01-18,7393.39990234375,7830.7001953125,3928.860107421875,20376.19921875,26791.119140625,11885.08984375,11366.6201171875,4174.33984375
2023-01-19,7435.2998046875,7747.2998046875,3898.85009765625,20341.400390625,26405.23046875,11954.2099609375,11258.9697265625,4094.280029296875
2023-01-20,7452.2001953125,7770.60009765625,3972.610107421875,20503.19921875,26553.529296875,11977.48046875,11295.01953125,4119.89990234375
2023-01-23,7457.2998046875,7784.7001953125,4019.81005859375,20631.599609375,26906.0390625,11971.2197265625,11406.26953125,4150.81982421875
2023-01-24,7490.39990234375,7757.39990234375,4016.949951171875,20629.599609375,27299.189453125,11942.41015625,11406.2900390625,4153.02001953125
2023-01-25,7468.2998046875,7744.89990234375,4016.219970703125,20599.599609375,27395.009765625,11993.33984375,11404.76953125,4148.10986328125
2023-01-26,,7761.10009765625,4060.429931640625,20700.5,27362.75,12041.9296875,11317.5595703125,4173.97998046875
2023-01-27,7493.7998046875,7765.2001953125,4070.56005859375,20714.5,27382.560546875,12036.0498046875,11332.2998046875,4178.009765625
2023-01-30,7481.7001953125,7784.89990234375,4017.77001953125,20572.099609375,27433.400390625,12004.2802734375,11379.6396484375,4158.6298828125
2023-01-31,7476.7001953125,7771.7001953125,4076.60009765625,20767.400390625,27327.109375,12022.900390625,11285.7802734375,4163.4501953125
2023-02-01,7501.7001953125,7761.10009765625,4119.2099609375,20751.099609375,27346.880859375,12074.0400390625,11200.9296875,4171.43994140625
2023-02-02,7511.60009765625,7820.2001953125,4179.759765625,20740.400390625,27402.05078125,12153.490234375,11188.419921875,4241.1201171875
2023-02-03,7558.10009765625,7901.7998046875,4136.47998046875,20758.30078125,27509.4609375,12197.150390625,11349.3896484375,4257.97998046875
2023-02-06,7539.0,7836.7001953125,4111.080078125,20628.900390625,27693.650390625,,11283.25,4205.4501953125
2023-02-07,7504.10009765625,7864.7001953125,4164.0,20725.0,27685.470703125,12164.919921875,11233.8701171875,4209.31005859375
2023-02-08,7530.10009765625,7885.2001953125,4117.85986328125,20679.5,27606.4609375,12145.23046875,11276.2802734375,4209.14990234375
2023-02-09,7490.2998046875,7911.2001953125,4081.5,20597.80078125,27584.349609375,12123.2099609375,11217.73046875,4250.14013671875
2023-02-10,7433.7001953125,7882.5,4090.4599609375,20612.099609375,27670.98046875,12178.759765625,11130.4599609375,4197.93994140625
2023-02-13,7417.7998046875,7947.60009765625,4137.2900390625,20702.19921875,27427.3203125,12094.1396484375,11209.33984375,4241.35986328125
2023-02-14,7430.89990234375,7953.89990234375,4136.1298828125,20704.80078125,27602.76953125,12038.580078125,11231.91015625,4238.759765625
2023-02-15,7352.2001953125,7997.7998046875,4147.60009765625,20720.400390625,27501.859375,12060.26953125,11272.669921875,4280.0400390625
2023-02-16,7410.2998046875,8012.5,4090.409912109375,20606.400390625,27696.439453125,12139.900390625,11194.91015625,4297.240234375
2023-02-17,7346.7998046875,8004.39990234375,4079.090087890625,20515.19921875,27513.130859375,12144.66015625,11256.2900390625,4274.919921875
2023-02-20,7351.5,8014.2998046875,,,27531.939453125,11899.2802734375,11266.6796875,4271.18017578125
2023-02-21,7336.2998046875,7977.7998046875,3997.340087890625,20252.599609375,27473.099609375,11723.919921875,11282.16015625,4250.39990234375
2023-02-22,7314.5,7930.60009765625,3991.050048828125,20193.30078125,27104.3203125,11812.2802734375,11300.2900390625,4242.8798828125
2023-02-23,7285.39990234375,7907.7001953125,4012.320068359375,20188.19921875,,11872.099609375,11247.75,4258.16015625
2023-02-24,7307.0,7878.7001953125,3970.0400390625,20219.19921875,27453.48046875,11905.75,11181.76953125,4178.81982421875
2023-02-27,7224.7998046875,7935.10009765625,3982.239990234375,20260.099609375,27423.9609375,11813.5595703125,11219.9296875,4248.009765625
2023-02-28,7258.39990234375,7876.2998046875,3970.14990234375,20221.19921875,27445.560546875,11875.33984375,11098.349609375,4238.3798828125
2023-03-01,7251.60009765625,7914.89990234375,3951.389892578125,20259.80078125,27516.529296875,11878.16015625,11056.080078125,4215.75
2023-03-02,7255.39990234375,7944.0,3981.35009765625,20337.19921875,27498.869140625,11864.0498046875,11165.580078125,4240.58984375
2023-03-03,7283.60009765625,7947.10009765625,4045.639892578125,20581.599609375,27927.470703125,11868.7900390625,11190.08984375,4294.7998046875
2023-03-06,7328.60009765625,7929.7998046875,4048.419921875,20514.80078125,28237.779296875,11909.150390625,11147.25,4313.77978515625
2023-03-07,7364.7001953125,7919.5,3986.3701171875,20275.5,28309.16015625,11856.66015625,11064.080078125,4278.9599609375
2023-03-08,7307.7998046875,7929.89990234375,3992.010009765625,20346.5,28444.189453125,11839.91015625,11025.259765625,4288.4501953125
2023-03-09,7311.10009765625,7880.0,3918.320068359375,20086.69921875,28623.150390625,11728.26953125,10948.849609375,4286.1201171875
2023-03-10,7144.7001953125,7748.39990234375,3861.590087890625,19774.900390625,28143.970703125,11727.0400390625,10765.259765625,4229.52978515625
2023-03-13,7108.7998046875,7548.60009765625,3855.760009765625,19588.900390625,27832.9609375,11672.900390625,10632.0498046875,4096.5400390625
2023-03-14,7008.89990234375,7637.10009765625,3919.2900390625,19694.19921875,27222.0390625,11609.3701171875,10716.7197265625,4179.47021484375
2023-03-15,7068.89990234375,7344.5,3891.929931640625,19378.80078125,27229.48046875,11617.26953125,10516.400390625,4034.919921875
2023-03-16,6965.5,7410.0,3960.280029296875,19539.0,27010.609375,11699.01953125,10719.099609375,4116.97998046875
2023-03-17,6994.7998046875,7335.39990234375,3916.639892578125,19387.69921875,27333.7890625,11725.6201171875,10613.5498046875,4064.989990234375
2023-03-20,6898.5,7403.89990234375,3951.570068359375,19519.400390625,26945.669921875,11564.75,10643.6396484375,4119.419921875
2023-03-21,6955.39990234375,7536.2001953125,4002.8701171875,19654.900390625,,11531.2998046875,10792.580078125,4181.60009765625
2023-03-22,7015.60009765625,7566.7998046875,3936.969970703125,19532.80078125,27466.609375,11586.9296875,10782.2802734375,4195.7001953125
2023-03-23,6968.60009765625,7499.60009765625,3948.719970703125,19459.900390625,27419.609375,11594.9404296875,10718.5400390625,4207.14013671875
2023-03-24,6955.2001953125,7405.5,3970.989990234375,19501.5,27385.25,11580.8095703125,10634.0400390625,4130.6201171875
2023-03-27,6962.0,7471.7998046875,3977.530029296875,19624.69921875,27476.869140625,11612.8603515625,10786.2197265625,4164.6201171875
2023-03-28,7034.10009765625,7484.2998046875,3971.27001953125,19657.5,27518.25,11771.26953125,10839.1103515625,4168.2099609375
2023-03-29,7050.2998046875,7564.2998046875,4027.81005859375,19837.69921875,27883.779296875,11736.75,10963.3095703125,4231.27001953125
2023-03-30,7122.2998046875,7620.39990234375,4050.830078125,19941.0,27782.9296875,11933.169921875,11032.2099609375,4285.419921875
2023-03-31,7177.7998046875,7631.7001953125,4109.31005859375,20099.900390625,28041.48046875,11884.5,11106.240234375,4315.0498046875
2023-04-03,7223.0,7673.0,4124.509765625,20278.30078125,28188.150390625,11838.7900390625,11093.08984375,4311.0498046875
2023-04-04,7236.0,7634.5,4100.60009765625,20275.80078125,28287.419921875,11898.5595703125,11073.48046875,4315.31982421875
2023-04-05,7237.2001953125,7662.89990234375,4090.3798828125,20159.599609375,27813.259765625,11866.830078125,11115.400390625,4298.35986328125
2023-04-06,7219.0,7741.60009765625,4105.02001953125,20196.69921875,27472.630859375,11870.080078125,11230.0703125,4309.4501953125
2023-04-07,,,,,27518.310546875,,,
2023-04-10,,,4109.10986328125,20275.80078125,27633.66015625,,,
2023-04-11,7309.89990234375,7785.7001953125,4108.93994140625,20421.900390625,27923.369140625,11873.580078125,11265.2998046875,4333.2900390625
2023-04-12,7343.89990234375,7824.7998046875,4091.949951171875,20454.30078125,28082.69921875,11917.5,11231.990234375,4334.02978515625
2023-04-13,7324.10009765625,7843.39990234375,4146.22021484375,20564.5,28156.970703125,11930.8603515625,11258.9501953125,4363.240234375
2023-04-14,7361.60009765625,7871.89990234375,4137.64013671875,20579.900390625,28493.470703125,11880.5595703125,11342.8603515625,4390.75
2023-04-17,7381.5,7879.5,4151.31982421875,20642.0,28514.779296875,11936.150390625,11311.759765625,4367.60986328125
2023-04-18,7360.2001953125,7909.39990234375,4154.8701171875,20684.69921875,28658.830078125,11884.099609375,11358.98046875,4393.9501953125
2023-04-19,7365.5,7898.7998046875,4154.52001953125,20680.80078125,28606.759765625,11917.8203125,11366.2197265625,4393.56982421875
2023-04-20,7362.2001953125,7902.60009765625,4129.7900390625,20630.69921875,28657.5703125,11879.6796875,11390.6396484375,4384.85986328125
2023-04-21,7330.39990234375,7914.10009765625,4133.52001953125,20693.19921875,28564.369140625,11927.5,11460.580078125,4408.58984375
2023-04-24,7322.0,7912.2001953125,4137.0400390625,20676.69921875,28593.51953125,12026.3896484375,11467.2001953125,4401.7998046875
2023-04-25,,7891.10009765625,4071.6298828125,20439.900390625,28620.0703125,,11513.1201171875,4377.85009765625
2023-04-26,7316.2998046875,7852.60009765625,4055.989990234375,20366.69921875,28416.470703125,11934.98046875,11364.91015625,4347.7099609375
2023-04-27,7292.7001953125,7831.60009765625,4135.35009765625,20522.599609375,28457.6796875,11918.2197265625,11361.8896484375,4358.0498046875
2023-04-28,7309.2001953125,7870.60009765625,4169.47998046875,20636.5,28856.439453125,12019.83984375,11437.1396484375,4359.31005859375
2023-05-01,7334.60009765625,,4167.8701171875,20615.099609375,29123.1796875,12002.9697265625,,
2023-05-02,7267.39990234375,7773.0,4119.580078125,20407.599609375,29157.94921875,12037.8095703125,11423.330078125,4294.85009765625
2023-05-03,7197.39990234375,7788.39990234375,4090.75,20354.69921875,,11907.990234375,11506.1904296875,4310.18017578125
2023-05-04,7193.10009765625,7702.60009765625,4061.219970703125,20238.19921875,,11968.5498046875,11456.3701171875,4287.02978515625
2023-05-05,7220.0,7778.39990234375,4136.25,20542.0,,11889.009765625,11554.240234375,4340.43017578125
2023-05-08,7276.5,,4138.1201171875,20585.19921875,28949.880859375,11942.490234375,11595.25,4348.64990234375
2023-05-09,7264.10009765625,7764.10009765625,4119.169921875,20585.69921875,29242.8203125,11889.6103515625,11546.0400390625,4323.08984375
2023-05-10,7255.7001953125,7741.2998046875,4137.64013671875,20499.30078125,29122.1796875,11987.2998046875,11447.23046875,4306.759765625
2023-05-11,7251.89990234375,7730.60009765625,4130.6201171875,20417.599609375,29126.720703125,11887.759765625,11522.9697265625,4309.75
2023-05-12,7256.7001953125,7754.60009765625,4124.080078125,20419.599609375,29388.30078125,11938.83984375,11564.73046875,4317.8798828125
2023-05-15,7267.10009765625,7777.7001953125,4136.27978515625,20540.0,29626.33984375,11937.599609375,11578.25,4316.41015625
2023-05-16,7234.7001953125,7751.10009765625,4109.89990234375,20242.099609375,29842.990234375,11945.8701171875,11519.8701171875,4315.509765625
2023-05-17,7199.2001953125,7723.2001953125,4158.77001953125,20296.400390625,30093.58984375,11951.66015625,11437.7802734375,4323.22998046875
2023-05-18,7236.7998046875,7742.2998046875,4198.0498046875,20297.099609375,30573.9296875,11974.169921875,,
2023-05-19,7279.5,7756.89990234375,4191.97998046875,20351.099609375,30808.349609375,12099.740234375,11571.16015625,4395.2998046875
2023-05-22,7263.2998046875,7771.0,4192.6298828125,,31086.8203125,11993.0,11553.23046875,4385.6298828125
2023-05-23,7259.89990234375,7763.0,4145.580078125,20146.0,30957.76953125,11944.2001953125,11484.900390625,4342.3798828125
2023-05-24,7213.7998046875,7627.10009765625,4115.240234375,19927.69921875,30682.6796875,11971.830078125,11383.1396484375,4263.740234375
2023-05-25,7138.2001953125,7570.89990234375,4151.27978515625,19774.099609375,30801.130859375,11959.849609375,11325.259765625,4269.64013671875
2023-05-26,7154.7998046875,7627.2001953125,4205.4501953125,19920.30078125,30916.310546875,11830.0302734375,11434.240234375,4337.5
2023-05-29,7217.39990234375,,,19968.0,31233.5390625,11935.650390625,,
2023-05-30,7209.2998046875,7522.10009765625,4205.52001953125,19739.69921875,31328.16015625,11878.7099609375,11282.4501953125,4291.580078125
2023-05-31,7091.2998046875,7446.10009765625,4179.830078125,19572.19921875,30887.880859375,11813.009765625,11217.8896484375,4218.0400390625
2023-06-01,7110.7998046875,7490.2998046875,4221.02001953125,19672.30078125,31148.009765625,11916.1298828125,11296.2802734375,4257.60986328125
2023-06-02,7145.10009765625,7607.2998046875,4282.3701171875,20024.599609375,31524.220703125,11880.900390625,11443.349609375,4323.52001953125
2023-06-05,7216.2998046875,7600.0,4273.7900390625,19931.599609375,32217.4296875,,11415.0,4293.240234375
2023-06-06,7129.60009765625,7628.10009765625,4283.85009765625,20055.599609375,32506.779296875,11864.1201171875,11468.26953125,4295.22021484375
2023-06-07,7118.0,7624.2998046875,4267.52001953125,19983.69921875,31913.740234375,11759.150390625,11348.1103515625,4291.91015625
2023-06-08,7099.7001953125,7599.7001953125,4293.93017578125,19942.69921875,31641.26953125,11715.740234375,11308.900390625,4297.68017578125
2023-06-09,7122.5,7562.39990234375,4298.85986328125,19892.099609375,32265.169921875,11690.33984375,11254.419921875,4289.7900390625
2023-06-12,,7570.7001953125,4338.93017578125,19921.30078125,32434.0,11615.5498046875,11301.25,4316.490234375
2023-06-13,7138.89990234375,7594.7998046875,4369.009765625,19990.400390625,33018.6484375,11585.1103515625,11327.26953125,4347.5498046875
2023-06-14,7161.7001953125,7602.7001953125,4372.58984375,20015.099609375,33502.421875,11678.6201171875,11278.2998046875,4375.97998046875
2023-06-15,7175.2998046875,7628.2998046875,4425.83984375,20027.400390625,33485.48828125,11687.4501953125,11302.830078125,4365.1201171875
2023-06-16,7251.2001953125,7642.7001953125,4409.58984375,19975.400390625,33706.078125,11800.0400390625,11386.259765625,4394.81982421875
2023-06-19,7294.89990234375,7588.5,,19934.19921875,33370.421875,11750.75,11306.6396484375,4362.3798828125
2023-06-20,7357.7998046875,7569.2998046875,4388.7099609375,19754.099609375,33388.91015625,11789.3701171875,11215.91015625,4343.14013671875
2023-06-21,7314.89990234375,7559.2001953125,4365.68994140625,19706.0,33575.140625,11776.25,11173.650390625,4322.75
2023-06-22,7195.5,7502.0,4381.89013671875,19580.900390625,33264.87890625,11739.0498046875,11183.419921875,4304.47021484375
2023-06-23,7099.2001953125,7461.89990234375,4348.330078125,19418.19921875,32781.5390625,11737.5498046875,11221.2197265625,4271.60986328125
2023-06-26,7078.7001953125,7453.60009765625,4328.81982421875,19587.30078125,32698.810546875,11638.6796875,11141.900390625,4280.56982421875
2023-06-27,7118.2001953125,7461.5,4378.41015625,19733.099609375,32538.330078125,11649.2001953125,11142.650390625,4305.259765625
2023-06-28,7196.5,7500.5,4376.85986328125,19818.900390625,33193.98828125,11733.4599609375,11183.5498046875,4344.75
2023-06-29,7194.89990234375,7471.7001953125,4396.43994140625,19913.19921875,33234.140625,11808.1201171875,11170.509765625,4354.68994140625
2023-06-30,7203.2998046875,7531.5,4450.3798828125,20155.30078125,33189.0390625,11916.4697265625,11280.2900390625,4399.08984375
2023-07-03,7246.10009765625,7527.2998046875,4455.58984375,,33753.328125,11916.8701171875,11219.150390625,4398.14990234375
2023-07-04,7279.0,7519.7001953125,,20204.900390625,33422.51953125,11980.330078125,11217.33984375,4390.990234375
2023-07-05,7253.2001953125,7442.10009765625,4446.81982421875,20103.900390625,33338.69921875,12002.4599609375,11193.919921875,4350.7099609375
2023-07-06,7163.39990234375,7280.5,4411.58984375,19810.69921875,32773.01953125,11959.330078125,10986.7802734375,4223.08984375
2023-07-07,7042.2998046875,7256.89990234375,4398.9501953125,19831.0,32388.419921875,11980.1201171875,10874.900390625,4236.60009765625
2023-07-10,7004.0,7273.7998046875,4409.52978515625,19822.5,32189.73046875,11912.73046875,10922.009765625,4256.509765625
2023-07-11,7108.89990234375,7282.5,4439.259765625,19878.599609375,32203.5703125,11909.8095703125,10962.58984375,4286.56005859375
2023-07-12,7135.7001953125,7416.10009765625,4472.16015625,20070.80078125,31943.9296875,11908.26953125,11019.0302734375,4360.4599609375
2023-07-13,7246.89990234375,7440.2001953125,4510.0400390625,20277.599609375,32419.330078125,12013.4296875,11021.66015625,4391.759765625
2023-07-14,7303.10009765625,7434.60009765625,4505.419921875,20262.099609375,32391.259765625,,11110.1904296875,4400.10986328125
2023-07-17,7298.5,7406.39990234375,4522.7900390625,20226.80078125,,11938.919921875,10976.2001953125,4356.7900390625
2023-07-18,7283.7998046875,7453.7001953125,4554.97998046875,20376.599609375,32493.890625,11932.8095703125,11103.5498046875,4369.72998046875
2023-07-19,7323.7001953125,7588.2001953125,4565.72021484375,20491.19921875,32896.03125,11944.5400390625,11120.150390625,4362.27978515625
2023-07-20,7325.0,7646.10009765625,4534.8701171875,20436.900390625,32490.51953125,11932.099609375,11201.5498046875,4373.72998046875
2023-07-21,7313.89990234375,7663.7001953125,4536.33984375,20547.5,32304.25,11940.4404296875,11207.3798828125,4391.41015625
2023-07-24,7306.39990234375,7678.60009765625,4554.64013671875,20582.099609375,32700.939453125,12018.23046875,11177.6796875,4383.02978515625
2023-07-25,7339.7001953125,7691.7998046875,4567.4599609375,20551.5,32682.509765625,11933.8603515625,11231.41015625,4391.2998046875
2023-07-26,7402.0,7676.89990234375,4566.75,20561.599609375,32668.33984375,11954.73046875,11183.5498046875,4346.14990234375
2023-07-27,7455.89990234375,7692.7998046875,4537.41015625,20385.5,32891.16015625,11954.1103515625,11373.2099609375,4447.43994140625
2023-07-28,7403.60009765625,7694.2998046875,4582.22998046875,20519.400390625,32759.23046875,11946.740234375,11317.740234375,4466.5
2023-07-31,7410.39990234375,7699.39990234375,4588.9599609375,20626.599609375,33172.21875,12056.150390625,11309.25,4471.31005859375
2023-08-01,7450.7001953125,7666.2998046875,4576.72998046875,20532.900390625,33476.578125,11980.41015625,,
2023-08-02,7354.60009765625,7561.60009765625,4513.39013671875,20218.19921875,32707.689453125,11962.0400390625,11212.7001953125,4336.5
2023-08-03,7311.7001953125,7529.2001953125,4501.89013671875,20120.69921875,32159.279296875,11936.6201171875,11087.1796875,4304.6298828125
2023-08-04,7325.2998046875,7564.39990234375,4478.02978515625,20236.0,32192.75,11943.2001953125,11098.48046875,4332.91015625
2023-08-07,7309.2001953125,7554.5,4518.43994140625,,32254.560546875,11934.240234375,11107.4697265625,4337.5
2023-08-08,7311.10009765625,7527.39990234375,4499.3798828125,20206.0,32377.2890625,11868.75,11057.3203125,4288.85009765625
2023-08-09,7338.0,7587.2998046875,4467.7099609375,20275.30078125,32204.330078125,11838.259765625,11081.5400390625,4317.330078125
2023-08-10,7357.39990234375,7618.60009765625,4468.830078125,20342.900390625,32473.650390625,11811.76953125,11149.7900390625,4384.0400390625
2023-08-11,7340.10009765625,7524.2001953125,4464.0498046875,20407.599609375,,11836.7099609375,11081.6298828125,4321.330078125
2023-08-14,7277.0,7507.2001953125,4489.72021484375,20290.5,32059.91015625,11777.400390625,11110.1103515625,4330.22998046875
2023-08-15,7305.0,7389.60009765625,4437.85986328125,19899.80078125,32238.890625,11820.740234375,10985.2197265625,4288.56982421875
2023-08-16,7195.2001953125,7356.89990234375,4404.330078125,19899.099609375,31766.8203125,11763.1103515625,10992.3095703125,4284.27001953125
2023-08-17,7146.0,7310.2001953125,4370.35986328125,19812.19921875,31626.0,11651.580078125,10884.8896484375,4227.830078125
2023-08-18,7148.10009765625,7262.39990234375,4369.7099609375,19818.400390625,31450.759765625,11611.1904296875,10839.0595703125,4212.9501953125
2023-08-21,7115.5,7257.7998046875,4399.77001953125,19784.900390625,31565.640625,11458.6904296875,10848.33984375,4224.8701171875
2023-08-22,7121.60009765625,7270.7998046875,4387.5498046875,19691.19921875,31856.7109375,11485.259765625,10875.6796875,4260.3701171875
2023-08-23,7148.39990234375,7320.5,4436.009765625,19879.80078125,32010.259765625,11571.9296875,10973.6396484375,4266.669921875
2023-08-24,7182.10009765625,7333.60009765625,4376.31005859375,19775.80078125,32287.2109375,11502.1298828125,10976.830078125,4232.22021484375
2023-08-25,7115.2001953125,7338.60009765625,4405.7099609375,19835.80078125,31624.279296875,11467.66015625,10956.900390625,4236.25
2023-08-28,7159.7998046875,,4433.31005859375,20025.099609375,32169.990234375,11479.009765625,11032.759765625,4293.68994140625
2023-08-29,7210.5,7465.0,4497.6298828125,20290.400390625,32226.970703125,11528.1201171875,11106.240234375,4326.47021484375
2023-08-30,7297.7001953125,7473.7001953125,4514.8701171875,20330.30078125,32333.4609375,11521.1201171875,11090.2197265625,4315.31005859375
2023-08-31,7305.2998046875,7439.10009765625,4507.66015625,20292.599609375,32619.33984375,11554.48046875,11125.9501953125,4297.10986328125
2023-09-01,7278.2998046875,7464.5,4515.77001953125,20545.400390625,32710.619140625,11528.73046875,11075.150390625,4282.64013671875
2023-09-04,7318.7998046875,7452.7998046875,,,32939.1796875,11513.0400390625,11053.58984375,4279.8701171875
2023-09-05,7314.2998046875,7437.89990234375,4496.830078125,20413.80078125,33036.76171875,11437.25,10958.900390625,4269.16015625
2023-09-06,7257.10009765625,7426.10009765625,4465.47998046875,20227.0,33241.01953125,11427.66015625,10924.419921875,4238.259765625
2023-09-07,7171.0,7441.7001953125,4451.14013671875,20132.099609375,32991.078125,11426.83984375,10993.4296875,4221.02001953125
2023-09-08,7156.7001953125,7478.2001953125,4457.490234375,20074.69921875,32606.83984375,11344.1103515625,10948.58984375,4237.18994140625
2023-09-11,7192.2998046875,7496.89990234375,4487.4599609375,20182.80078125,32467.759765625,11302.41015625,10972.2099609375,4254.330078125
2023-09-12,7206.89990234375,7527.5,4461.89990234375,20223.099609375,32776.37109375,11298.7001953125,10987.1298828125,4242.27001953125
2023-09-13,7153.89990234375,7526.0,4467.43994140625,20278.900390625,32706.51953125,11357.1201171875,10976.3798828125,4223.47998046875
2023-09-14,7186.5,7673.10009765625,4505.10009765625,20567.80078125,33168.1015625,11313.5302734375,11098.3203125,4279.75
2023-09-15,7279.0,7711.39990234375,4450.31982421875,20622.30078125,33533.08984375,11347.73046875,11197.7197265625,4295.0498046875
2023-09-18,7230.39990234375,7652.89990234375,4453.52978515625,20492.80078125,,11397.0,11090.6103515625,4245.8798828125
2023-09-19,7196.60009765625,7660.2001953125,4443.9501953125,20218.900390625,33242.58984375,11344.51953125,11068.7001953125,4242.7001953125
2023-09-20,7163.2998046875,7731.7001953125,4402.2001953125,20214.69921875,33023.78125,11324.8203125,11154.1103515625,4275.97998046875
2023-09-21,7065.2001953125,7678.60009765625,4330.0,19791.599609375,32571.029296875,11318.740234375,11084.740234375,4212.58984375
2023-09-22,7068.7998046875,7683.89990234375,4320.06005859375,19780.0,32402.41015625,11372.6201171875,11014.759765625,4207.16015625
2023-09-25,7076.5,7624.0,4337.43994140625,19800.599609375,32678.619140625,11385.4501953125,11014.259765625,4167.3701171875
2023-09-26,7038.2001953125,7625.7001953125,4273.52978515625,19556.19921875,32315.05078125,11342.8701171875,10953.7001953125,4129.18017578125
2023-09-27,7030.2998046875,7593.2001953125,4274.509765625,19436.0,32371.900390625,11316.8095703125,10882.3095703125,4131.68017578125
2023-09-28,7024.7998046875,7601.89990234375,4299.7001953125,19590.69921875,31872.51953125,11178.0302734375,10917.7900390625,4161.56005859375
2023-09-29,7048.60009765625,7608.10009765625,4288.0498046875,19541.30078125,31857.619140625,11296.4296875,10963.5,4174.66015625
2023-10-02,7033.2001953125,7510.7001953125,4288.39013671875,19177.19921875,31759.880859375,11212.1396484375,10863.650390625,4137.6298828125
2023-10-03,6943.39990234375,7470.2001953125,4229.4501953125,19020.900390625,31237.939453125,11235.7197265625,10763.3701171875,4095.590087890625
2023-10-04,6890.2001953125,7412.5,4263.75,19034.80078125,30526.880859375,11235.0498046875,10756.1904296875,4099.85009765625
2023-10-05,6925.5,7451.5,4258.18994140625,19137.80078125,31075.359375,11309.099609375,10783.150390625,4099.81005859375
2023-10-06,6954.2001953125,7494.60009765625,4308.5,19246.099609375,30994.669921875,11287.0302734375,10837.58984375,4144.43017578125
2023-10-09,6970.2001953125,7492.2001953125,4335.66015625,,,11205.0595703125,10822.240234375,4112.56982421875
2023-10-10,7040.60009765625,7628.2001953125,4358.240234375,19501.19921875,31746.529296875,11293.3798828125,11001.6904296875,4205.22998046875
2023-10-11,7088.39990234375,7620.0,4376.9501953125,19663.80078125,31936.509765625,11306.4404296875,11038.2998046875,4200.7998046875
2023-10-12,7091.0,7644.7998046875,4349.60986328125,19500.19921875,32494.66015625,11292.580078125,10979.76953125,4198.22998046875
2023-10-13,7051.0,7599.60009765625,4327.77978515625,19462.900390625,32315.990234375,11265.7197265625,10900.2998046875,4136.1201171875
2023-10-16,7026.5,7630.60009765625,4373.6298828125,19620.80078125,31659.029296875,11185.080078125,10889.0302734375,4149.85986328125
2023-10-17,7056.10009765625,7675.2001953125,4373.2001953125,19692.80078125,32040.2890625,11214.3701171875,10814.01953125,4152.31982421875
2023-10-18,7077.60009765625,7588.0,4314.60009765625,19450.69921875,32042.25,11221.48046875,10675.4404296875,4105.85986328125
2023-10-19,6981.60009765625,7499.5,4278.0,19348.80078125,31430.619140625,11135.580078125,10448.23046875,4090.330078125
2023-10-20,6900.7001953125,7402.10009765625,4224.16015625,19115.599609375,31259.359375,10994.080078125,10348.599609375,4024.679931640625
2023-10-23,6844.10009765625,7374.7998046875,4217.0400390625,19046.69921875,30999.55078125,,10331.919921875,4041.75
2023-10-24,6856.89990234375,7389.7001953125,4247.68017578125,18986.5,31062.349609375,10960.6201171875,10376.8095703125,4065.3701171875
2023-10-25,6854.2998046875,7414.2998046875,4186.77001953125,18947.900390625,31269.919921875,10884.0400390625,10400.9296875,4073.35009765625
2023-10-26,6812.2998046875,7354.60009765625,4137.22998046875,18875.30078125,30601.779296875,10829.2001953125,10367.6904296875,4049.39990234375
2023-10-27,6826.89990234375,7291.2998046875,4117.3701171875,18737.400390625,30991.689453125,10766.8203125,10323.7099609375,4014.360107421875
2023-10-30,6772.89990234375,7327.39990234375,4166.81982421875,18856.80078125,30696.9609375,10741.5703125,10382.1904296875,4028.320068359375
2023-10-31,6780.7001953125,7321.7001953125,4193.7998046875,18873.5,30858.849609375,10757.6904296875,10391.16015625,4061.1201171875
2023-11-01,6838.2998046875,7342.39990234375,4237.85986328125,19079.0,31601.650390625,10850.919921875,10503.8896484375,4091.7099609375
2023-11-02,6899.7001953125,7446.5,4317.77978515625,19626.30078125,31949.890625,11044.4404296875,10591.98046875,4169.6201171875
2023-11-03,6978.2001953125,7417.7001953125,4358.33984375,19824.900390625,,11118.919921875,10579.669921875,4174.669921875
2023-11-06,6997.39990234375,7417.7998046875,4365.97998046875,19743.900390625,32708.48046875,11178.8798828125,10576.75,4158.64013671875
2023-11-07,6977.10009765625,7410.0,4378.3798828125,19575.599609375,32271.8203125,11185.48046875,10571.0302734375,4153.3701171875
2023-11-08,6995.39990234375,7401.7001953125,4382.77978515625,19530.19921875,32166.48046875,11118.4599609375,10595.0595703125,4178.490234375
2023-11-09,7014.89990234375,7455.7001953125,4347.35009765625,19587.400390625,32646.4609375,11156.2998046875,10644.990234375,4229.2001953125
2023-11-10,6976.5,7360.60009765625,4415.240234375,19654.5,32568.109375,11140.400390625,10555.349609375,4197.35986328125
2023-11-13,6948.7998046875,7425.7998046875,4411.5498046875,19709.19921875,32585.109375,11094.8701171875,10590.3896484375,4232.18994140625
2023-11-14,7006.7001953125,7440.5,4495.7001953125,20023.69921875,32695.9296875,11266.2001953125,10715.73046875,4291.72021484375
2023-11-15,7105.89990234375,7486.89990234375,4502.8798828125,20057.900390625,33519.69921875,11347.3701171875,10708.1904296875,4315.52978515625
2023-11-16,7058.39990234375,7411.0,4508.240234375,20053.099609375,33424.41015625,11174.4697265625,10643.0703125,4302.4501953125
2023-11-17,7049.39990234375,7504.2998046875,4514.02001953125,20175.80078125,33585.19921875,11176.9697265625,10737.3701171875,4340.77001953125
2023-11-20,7058.39990234375,7496.39990234375,4547.3798828125,20246.5,33388.03125,11182.33984375,10740.26953125,4342.41015625
2023-11-21,7078.2001953125,7482.0,4538.18994140625,20110.0,33354.140625,11132.7802734375,10782.23046875,4331.89990234375
2023-11-22,7073.39990234375,7469.5,4556.6201171875,20114.0,33451.828125,11164.740234375,10832.3896484375,4352.02001953125
2023-11-23,7029.2001953125,7483.60009765625,,20116.69921875,,11184.9404296875,10851.6201171875,4361.31982421875
2023-11-24,7040.7998046875,7488.2001953125,4559.33984375,20103.099609375,33625.53125,11211.2197265625,10879.51953125,4372.10009765625
2023-11-27,6987.60009765625,7460.7001953125,4550.43017578125,20032.69921875,33447.671875,11158.169921875,10821.0595703125,4354.41015625
2023-11-28,7015.2001953125,7455.2001953125,4554.89013671875,20036.80078125,33408.390625,11279.6201171875,10760.3798828125,4348.02001953125
2023-11-29,7035.2998046875,7423.5,4550.580078125,20116.19921875,33321.21875,11198.16015625,10802.8798828125,4370.52978515625
2023-11-30,7087.2998046875,7453.7998046875,4567.7998046875,20236.30078125,33486.890625,11331.5595703125,10854.3203125,4382.47021484375
2023-12-01,7073.2001953125,7529.39990234375,4594.6298828125,20452.900390625,33431.51171875,11367.509765625,10887.3603515625,4418.509765625
2023-12-04,7124.7001953125,7513.0,4569.77978515625,20410.19921875,33231.26953125,11323.0,10952.4404296875,4414.9501953125
2023-12-05,7061.60009765625,7489.7998046875,4567.18017578125,20375.900390625,32775.8203125,11343.849609375,10964.8095703125,4452.77001953125
2023-12-06,7178.39990234375,7515.39990234375,4549.33984375,20274.19921875,33445.8984375,11437.259765625,11001.6201171875,4483.259765625
2023-12-07,7173.2998046875,7513.7001953125,4585.58984375,20278.5,32858.30859375,11445.4697265625,10968.099609375,4473.77001953125
2023-12-08,7194.89990234375,7554.5,4604.3701171875,20331.5,32307.859375,11495.6396484375,11071.76953125,4523.31005859375
2023-12-11,7199.0,7544.89990234375,4622.43994140625,20318.400390625,32791.80078125,11409.9697265625,11130.3603515625,4540.18994140625
2023-12-12,7235.2998046875,7542.7998046875,4643.7001953125,20233.80078125,32843.69921875,11435.8095703125,11151.2197265625,4536.60986328125
2023-12-13,7257.7998046875,7548.39990234375,4707.08984375,20629.5,32926.3515625,11496.8203125,11188.91015625,4530.18994140625
2023-12-14,7377.89990234375,7649.0,4719.5498046875,20778.80078125,32686.25,11548.400390625,11209.9501953125,4539.16015625
2023-12-15,7442.7001953125,7576.39990234375,4719.18994140625,20529.19921875,32970.55078125,11550.2001953125,11191.8896484375,4549.43994140625
2023-12-18,7426.39990234375,7614.5,4740.56005859375,20622.69921875,32758.98046875,11508.5595703125,11155.7998046875,4521.1298828125
2023-12-19,7489.10009765625,7638.0,4768.3701171875,20839.599609375,33219.390625,11604.2900390625,11146.4296875,4535.39990234375
2023-12-20,7537.89990234375,7715.7001953125,4698.35009765625,20600.80078125,33675.94140625,11571.0302734375,11144.8798828125,4533.81982421875
2023-12-21,7504.10009765625,7694.7001953125,4746.75,20765.69921875,33140.46875,11601.259765625,11132.599609375,4524.85986328125
2023-12-22,7501.60009765625,7697.5,4754.6298828125,20881.19921875,33169.05078125,11634.4296875,11153.08984375,4521.47021484375
2023-12-25,,,,,33254.03125,,,
2023-12-26,,,4774.75,,33305.8515625,,,
2023-12-27,7561.2001953125,7725.0,4781.580078125,21015.900390625,33681.23828125,11687.9697265625,11113.98046875,4528.3798828125
2023-12-28,7614.2998046875,7722.7001953125,4783.35009765625,20929.400390625,33539.62109375,11761.259765625,11057.5498046875,4514.3798828125
2023-12-29,7590.7998046875,7733.2001953125,4769.830078125,20958.400390625,33464.171875,11770.490234375,11137.7900390625,4521.64990234375
2024-01-02,7627.7998046875,7721.5,4742.830078125,20872.099609375,,,,
2024-01-03,7523.2001953125,7682.2998046875,4704.81005859375,20818.599609375,,11672.490234375,11170.259765625,4448.1298828125
2024-01-04,7494.10009765625,7723.10009765625,4688.68017578125,20871.400390625,33288.2890625,11724.169921875,11224.3701171875,4474.009765625
2024-01-05,7489.10009765625,7689.60009765625,4697.240234375,20937.599609375,33377.421875,11748.48046875,11185.900390625,4463.509765625
2024-01-08,7451.5,7694.2001953125,4763.5400390625,21074.900390625,,11760.5,11230.400390625,4485.47998046875
2024-01-09,7520.5,7684.0,4756.5,20971.0,33763.1796875,11810.599609375,11248.650390625,4467.169921875
2024-01-10,7468.5,7651.7998046875,4783.4501953125,20989.400390625,34441.71875,11759.98046875,11255.0,4468.97998046875
2024-01-11,7506.0,7576.60009765625,4780.240234375,20918.400390625,35049.859375,11786.8603515625,11153.6201171875,4442.27978515625
2024-01-12,7498.2998046875,7624.89990234375,4783.830078125,20990.19921875,35577.109375,11858.3095703125,11226.400390625,4480.02001953125
2024-01-15,7496.2998046875,7594.89990234375,,21061.900390625,35901.7890625,11775.490234375,11207.509765625,4454.68017578125
2024-01-16,7414.7998046875,7558.2998046875,4765.97998046875,20948.099609375,35619.1796875,11746.330078125,11229.650390625,4446.509765625
2024-01-17,7393.10009765625,7446.2998046875,4739.2099609375,20695.0,35477.75,11727.349609375,11148.5595703125,4403.080078125
2024-01-18,7346.5,7459.10009765625,4780.93994140625,20756.69921875,35466.171875,11723.7099609375,11185.8798828125,4453.0498046875
2024-01-19,7421.2001953125,7461.89990234375,4839.81005859375,20906.5,35963.26953125,11666.0703125,11150.51953125,4448.830078125
2024-01-22,7476.60009765625,7487.7001953125,4850.43017578125,20924.30078125,36546.94921875,11680.2099609375,11275.349609375,4480.31982421875
2024-01-23,7514.89990234375,7485.7001953125,4864.60009765625,21034.599609375,36517.5703125,11746.8896484375,11149.259765625,4465.91015625
2024-01-24,7519.2001953125,7527.7001953125,4868.5498046875,21025.80078125,36226.48046875,11862.6396484375,11196.8203125,4564.10986328125
2024-01-25,7555.39990234375,7529.7001953125,4894.16015625,21101.5,36236.46875,11836.7998046875,11209.01953125,4582.259765625
2024-01-26,,7635.10009765625,4890.97021484375,21125.30078125,35751.0703125,11875.0302734375,11390.1298828125,4635.47021484375
2024-01-29,7578.39990234375,7632.7001953125,4927.93017578125,21200.099609375,36026.94140625,11878.0498046875,11429.830078125,4639.35986328125
2024-01-30,7600.2001953125,7666.2998046875,4924.97021484375,21227.900390625,36065.859375,11844.5,11443.1298828125,4662.7001953125
2024-01-31,7680.7001953125,7630.60009765625,4845.64990234375,21021.900390625,36286.7109375,11843.650390625,11333.3798828125,4648.39990234375
2024-02-01,7588.2001953125,7622.2001953125,4906.18994140625,21119.19921875,36011.4609375,11940.490234375,11213.91015625,4638.60009765625
2024-02-02,7699.39990234375,7615.5,4958.60986328125,21085.099609375,36158.01953125,11931.23046875,11239.6796875,4654.5498046875
2024-02-05,7625.89990234375,7612.89990234375,4942.81005859375,20871.900390625,36354.16015625,11928.7001953125,11274.4697265625,4655.27001953125
2024-02-06,7581.60009765625,7681.0,4954.22998046875,20957.69921875,36160.66015625,,11245.0302734375,4690.8701171875
2024-02-07,7624.89990234375,7628.7998046875,4995.06005859375,20969.19921875,36119.921875,11925.1298828125,11210.25,4678.85009765625
2024-02-08,7639.2001953125,7595.5,4997.91015625,20919.599609375,36863.28125,11808.5,11138.849609375,4710.77978515625
2024-02-09,7644.7998046875,7572.60009765625,5026.60986328125,21009.599609375,36897.421875,11862.9501953125,11091.580078125,4715.8701171875
2024-02-12,7614.89990234375,7573.7001953125,5021.83984375,21067.30078125,,11727.4697265625,11179.2998046875,4746.35009765625
2024-02-13,7603.60009765625,7512.2998046875,4953.169921875,20585.0,37963.96875,11657.4697265625,11142.7900390625,4689.27978515625
2024-02-14,7547.7001953125,7568.39990234375,5000.6201171875,20889.400390625,37703.3203125,11654.2197265625,11213.6396484375,4709.22021484375
2024-02-15,7605.7001953125,7597.5,5029.72998046875,21222.69921875,38157.94140625,11655.2900390625,11284.1796875,4743.169921875
2024-02-16,7658.2998046875,7711.7001953125,5005.56982421875,21255.599609375,38487.23828125,11724.48046875,11310.6103515625,4765.64990234375
2024-02-19,7665.10009765625,7728.5,,,38470.37890625,11653.26953125,,4763.06982421875
2024-02-20,7659.0,7719.2001953125,4975.509765625,21217.5,38363.609375,11550.349609375,11456.9599609375,4760.27978515625
2024-02-21,7597.7998046875,7662.5,4981.7998046875,21172.400390625,38262.16015625,11635.51953125,11428.740234375,4775.31005859375
2024-02-22,7611.2001953125,7684.5,5087.02978515625,21318.099609375,39098.6796875,11720.6904296875,11386.169921875,4855.35986328125
2024-02-23,7643.60009765625,7706.2998046875,5088.7998046875,21413.19921875,,11719.8203125,11496.759765625,4872.56982421875
2024-02-26,7652.7998046875,7684.2998046875,5069.52978515625,21324.30078125,39233.7109375,11664.400390625,11452.8798828125,4864.2900390625
2024-02-27,7663.0,7683.0,5078.18017578125,21318.900390625,39239.51953125,11662.7197265625,11440.4501953125,4885.740234375
2024-02-28,7660.39990234375,7625.0,5069.759765625,21243.80078125,39208.03125,11698.0498046875,11414.3798828125,4883.77001953125
2024-02-29,7698.7001953125,7630.0,5096.27001953125,21363.599609375,39166.19140625,11696.4296875,11438.8603515625,4877.77001953125
2024-03-01,7745.60009765625,7682.5,5137.080078125,21552.400390625,39910.8203125,11744.3896484375,11493.919921875,4894.85986328125
2024-03-04,7735.7998046875,7640.2998046875,5130.9501953125,21531.099609375,40109.23046875,11712.2001953125,11477.7998046875,4912.919921875
2024-03-05,7724.2001953125,7646.2001953125,5078.64990234375,21525.900390625,40097.62890625,11685.2099609375,11463.740234375,4893.06982421875
2024-03-06,7733.5,7679.2998046875,5104.759765625,21594.0,40090.78125,11825.83984375,11546.4697265625,4915.490234375
2024-03-07,7763.7001953125,7692.5,5157.35986328125,21794.599609375,39598.7109375,11814.7998046875,11575.3701171875,4974.22021484375
2024-03-08,7847.0,7659.7001953125,5123.68994140625,21737.5,39688.94140625,11923.7197265625,11647.1396484375,4961.10986328125
2024-03-11,7704.2001953125,7669.2001953125,5117.93994140625,21769.19921875,38820.48828125,11873.669921875,11685.1904296875,4930.419921875
2024-03-12,7712.5,7747.7998046875,5175.27001953125,21831.0,38797.51171875,11829.1796875,11762.0498046875,4983.2001953125
2024-03-13,7729.39990234375,7772.2001953125,5165.31005859375,21970.099609375,38695.96875,11809.01953125,11790.4599609375,5000.5498046875
2024-03-14,7713.60009765625,7743.2001953125,5150.47998046875,21829.900390625,38807.37890625,11808.330078125,11720.7001953125,4993.1201171875
2024-03-15,7670.2998046875,7727.39990234375,5117.08984375,21849.19921875,38707.640625,11766.98046875,11676.1298828125,4986.02001953125
2024-03-18,7675.7998046875,7722.60009765625,5149.419921875,21837.19921875,39740.44140625,11728.009765625,11623.6298828125,4982.759765625
2024-03-19,7703.2001953125,7738.2998046875,5178.509765625,21860.599609375,40003.6015625,11817.91015625,11577.7998046875,5007.919921875
2024-03-20,7695.7998046875,7737.39990234375,5224.6201171875,22045.69921875,,11832.7099609375,11618.6298828125,5000.31005859375
2024-03-21,7782.0,7882.60009765625,5241.52978515625,22087.30078125,40815.66015625,11915.7099609375,11703.66015625,5052.31005859375
2024-03-22,7770.60009765625,7930.89990234375,5234.18017578125,21984.099609375,40888.4296875,11978.6201171875,11651.990234375,5031.14990234375
2024-03-25,7811.89990234375,7917.60009765625,5218.18994140625,21942.30078125,40414.12109375,12014.1201171875,11637.0498046875,5044.18994140625
2024-03-26,7780.2001953125,7931.0,5203.580078125,21912.5,40398.03125,12031.8095703125,11680.3603515625,5064.18017578125
2024-03-27,7819.60009765625,7932.0,5248.490234375,22107.099609375,40762.73046875,12010.66015625,11705.7099609375,5081.740234375
2024-03-28,7896.89990234375,7952.60009765625,5254.35009765625,22167.0,40168.0703125,12105.2900390625,11730.4296875,5083.419921875
2024-03-29,,,,,40369.44140625,,,
2024-04-01,,,5243.77001953125,22185.30078125,39803.08984375,,,
2024-04-02,7887.89990234375,7935.10009765625,5205.81005859375,22075.099609375,39838.91015625,12095.849609375,11595.0,5042.0
2024-04-03,7782.5,7937.39990234375,5211.490234375,22112.5,39451.8515625,12040.490234375,11616.8701171875,5069.25
2024-04-04,7817.2998046875,7975.89990234375,5147.2099609375,22051.80078125,39773.140625,12035.259765625,11691.1298828125,5070.759765625
2024-04-05,7773.2998046875,7911.2001953125,5204.33984375,22264.400390625,38992.078125,12012.240234375,11495.7900390625,5014.75
2024-04-08,7789.10009765625,7943.5,5202.39013671875,22260.30078125,39347.0390625,11973.58984375,11547.1396484375,5046.0498046875
2024-04-09,7824.2001953125,7934.7998046875,5209.91015625,22361.80078125,39773.12890625,11883.5400390625,11506.0400390625,4990.89990234375
2024-04-10,7848.5,7961.2001953125,5160.64013671875,22199.099609375,39581.80859375,11971.919921875,11495.2099609375,5000.830078125
2024-04-11,7813.60009765625,7923.7998046875,5199.06005859375,22110.099609375,39442.62890625,11934.3095703125,11465.740234375,4966.68017578125
2024-04-12,7788.10009765625,7995.60009765625,5123.41015625,21900.0,39523.55078125,11931.3203125,11379.580078125,4955.009765625
2024-04-15,7752.5,7965.5,5061.81982421875,21740.19921875,39232.80078125,11916.7802734375,11395.8095703125,4984.47998046875
2024-04-16,7612.5,7820.39990234375,5051.41015625,21642.900390625,38471.19921875,11804.83984375,11196.669921875,4916.990234375
2024-04-17,7605.60009765625,7848.0,5022.2099609375,21656.099609375,37961.80078125,11875.349609375,11231.830078125,4914.1298828125
2024-04-18,7642.10009765625,7877.10009765625,5011.1201171875,21708.400390625,38079.69921875,11836.0400390625,11230.4296875,4936.56982421875
2024-04-19,7567.2998046875,7895.89990234375,4967.22998046875,21807.400390625,37068.3515625,11796.2099609375,11296.400390625,4918.08984375
2024-04-22,7649.2001953125,8023.89990234375,5010.60009765625,21872.0,37438.609375,11852.7998046875,11327.76953125,4936.85009765625
2024-04-23,7683.5,8044.7998046875,5070.5498046875,22011.69921875,37552.16015625,11803.2802734375,11469.150390625,5008.169921875
2024-04-24,7683.0,8040.39990234375,5071.6298828125,21873.69921875,38460.078125,11946.4296875,11370.740234375,4989.8798828125
2024-04-25,,8078.89990234375,5048.419921875,21885.400390625,37628.48046875,,11260.6103515625,4939.009765625
2024-04-26,7575.89990234375,8139.7998046875,5099.9599609375,21969.19921875,37934.76171875,11805.08984375,11344.3203125,5006.85009765625
2024-04-29,7637.39990234375,8147.0,5116.169921875,22011.599609375,,11916.240234375,11332.3603515625,4981.08984375
2024-04-30,7664.10009765625,8144.10009765625,5035.68994140625,21714.5,38405.66015625,11957.5,11260.91015625,4921.22021484375
2024-05-01,7569.89990234375,8121.2001953125,5018.39013671875,21728.599609375,38274.05078125,11867.580078125,,
2024-05-02,7587.0,8172.2001953125,5064.2001953125,21823.19921875,38236.0703125,11874.0400390625,11257.6103515625,4890.60986328125
2024-05-03,7629.0,8213.5,5127.7900390625,21947.400390625,,11938.080078125,11272.9501953125,4921.47998046875
2024-05-06,7682.39990234375,,5180.740234375,22259.5,,11820.7802734375,11327.66015625,4956.9599609375
2024-05-07,7793.2998046875,8313.7001953125,5187.7001953125,22290.599609375,38835.1015625,11800.7802734375,11512.9697265625,5016.10009765625
2024-05-08,7804.5,8354.099609375,5187.669921875,22259.19921875,38202.37109375,11782.8896484375,11602.2099609375,5038.169921875
2024-05-09,7721.60009765625,8381.400390625,5214.080078125,22375.80078125,38073.98046875,11746.580078125,,
2024-05-10,7749.0,8433.7998046875,5222.68017578125,22308.900390625,38229.109375,11755.169921875,11753.7001953125,5085.080078125
2024-05-13,7750.0,8415.0,5221.419921875,22259.19921875,38179.4609375,11652.16015625,11768.080078125,5078.9599609375
2024-05-14,7726.7998046875,8428.099609375,5246.68017578125,22243.30078125,38356.05859375,11618.08984375,11784.0703125,5080.2900390625
2024-05-15,7753.7001953125,8445.7998046875,5308.14990234375,22284.80078125,38385.73046875,11525.8798828125,11899.259765625,5100.89990234375
2024-05-16,7881.2998046875,8438.7001953125,5297.10009765625,22299.80078125,38920.26171875,11728.0595703125,11946.66015625,5072.4501953125
2024-05-17,7814.39990234375,8420.2998046875,5303.27001953125,22465.400390625,38787.37890625,11699.7900390625,12037.990234375,5064.14013671875
2024-05-20,7863.7001953125,8424.2001953125,5308.1298828125,,39069.6796875,11735.7099609375,,
2024-05-21,7851.7001953125,8416.5,5321.41015625,22468.19921875,38946.9296875,11675.990234375,12001.5,5046.990234375
2024-05-22,7848.10009765625,8370.2998046875,5307.009765625,22346.80078125,38617.1015625,11732.2802734375,11958.669921875,5025.169921875
2024-05-23,7811.7998046875,8339.2001953125,5267.83984375,22200.80078125,39103.21875,11809.48046875,11966.75,5037.60009765625
2024-05-24,7727.60009765625,8317.599609375,5304.72021484375,22320.900390625,38646.109375,11783.3896484375,11931.7001953125,5035.41015625
2024-05-27,7788.2998046875,,,22373.400390625,38900.01953125,11756.0,11960.5703125,5059.2001953125
2024-05-28,7766.7001953125,8254.2001953125,5306.0400390625,22265.099609375,38855.37109375,11682.509765625,11854.5,5030.35009765625
2024-05-29,7665.60009765625,8183.10009765625,5266.9501953125,21898.0,38556.87109375,11678.6796875,11793.73046875,4963.2001953125
2024-05-30,7628.2001953125,8231.099609375,5235.47998046875,22071.69921875,38054.12890625,11630.9404296875,11869.900390625,4982.18017578125
2024-05-31,7701.7001953125,8275.400390625,5277.509765625,22269.099609375,38487.8984375,11867.2900390625,12000.8603515625,4983.669921875
2024-06-03,7761.0,8262.7998046875,5283.39990234375,22116.69921875,38923.03125,,12007.0400390625,5003.5400390625
2024-06-04,7737.10009765625,8232.0,5291.33984375,21978.19921875,38837.4609375,11880.5400390625,12008.9404296875,4953.3701171875
2024-06-05,7769.0,8247.0,5354.02978515625,22145.0,38490.171875,11996.7099609375,12150.01953125,5035.66015625
2024-06-06,7821.7998046875,8285.2998046875,5352.9599609375,22229.099609375,38703.51171875,11973.009765625,12241.25,5069.08984375
2024-06-07,7860.0,8245.400390625,5346.990234375,22007.0,38683.9296875,11856.5595703125,12254.759765625,5051.31005859375
2024-06-10,,8228.5,5360.7900390625,22069.80078125,39038.16015625,11787.5703125,12137.740234375,5016.47998046875
2024-06-11,7755.39990234375,8147.7998046875,5375.31982421875,21887.30078125,39134.7890625,11785.48046875,12072.919921875,4965.08984375
2024-06-12,7715.5,8215.5,5421.02978515625,21961.599609375,38876.7109375,11741.8798828125,12167.58984375,5034.43017578125
2024-06-13,7749.7001953125,8163.7001953125,5433.740234375,21698.099609375,38720.46875,11872.6396484375,12095.990234375,4935.5
2024-06-14,7724.2998046875,8146.89990234375,5431.60009765625,21639.099609375,38814.55859375,11864.8896484375,12044.58984375,4839.14013671875
2024-06-17,7700.2998046875,8142.2001953125,5473.22998046875,21587.900390625,38102.44140625,11698.509765625,12003.51953125,4880.419921875
2024-06-18,7778.10009765625,8191.2998046875,5487.02978515625,21611.30078125,38482.109375,11767.400390625,12046.6103515625,4915.47021484375
2024-06-19,7769.7001953125,8205.099609375,,21516.900390625,38570.76171875,11671.1904296875,12060.240234375,4885.4501953125
2024-06-20,7769.39990234375,8272.5,5473.169921875,21581.400390625,38633.01953125,11771.8095703125,12128.16015625,4947.72998046875
2024-06-21,7796.0,8237.7001953125,5464.6201171875,21554.900390625,38596.46875,11682.3896484375,12012.8701171875,4907.2998046875
2024-06-24,7733.7001953125,8281.599609375,5447.8701171875,21848.599609375,38804.6484375,11627.8603515625,12157.2900390625,4950.97998046875
2024-06-25,7838.7998046875,8247.7998046875,5469.2998046875,21788.5,39173.1484375,11716.4404296875,12086.3095703125,4935.97021484375
2024-06-26,7783.0,8225.2998046875,5477.89990234375,21793.900390625,39667.0703125,11835.01953125,12015.7197265625,4915.93994140625
2024-06-27,7759.60009765625,8179.7001953125,5482.8701171875,21942.19921875,39341.5390625,11717.4296875,12004.3095703125,4902.60009765625
2024-06-28,7767.5,8164.10009765625,5460.47998046875,21875.80078125,39583.078125,,11993.830078125,4894.02001953125
2024-07-01,7750.7001953125,8166.7998046875,5475.08984375,,39631.05859375,11789.3896484375,12049.6103515625,4929.990234375
2024-07-02,7718.2001953125,8121.2001953125,5509.009765625,21953.80078125,40074.69140625,11776.73046875,12011.01953125,4906.330078125
2024-07-03,7739.89990234375,8171.10009765625,5537.02001953125,22223.69921875,40580.76171875,11790.919921875,12018.2998046875,4965.7998046875
2024-07-04,7831.7998046875,8241.2998046875,,22244.0,40913.6484375,11735.6298828125,12068.7998046875,4987.47998046875
2024-07-05,7822.2998046875,8203.900390625,5567.18994140625,22059.0,40912.37109375,11794.8095703125,12006.1396484375,4979.39013671875
2024-07-08,7763.2001953125,8193.5,5572.85009765625,22126.099609375,40780.69921875,11745.5302734375,12051.66015625,4969.830078125
2024-07-09,7829.7001953125,8139.7998046875,5576.97998046875,22042.5,41580.171875,11848.1298828125,12037.3603515625,4903.6201171875
2024-07-10,7816.7998046875,8193.5,5633.91015625,22350.19921875,41831.98828125,11943.330078125,12151.1904296875,4958.85986328125
2024-07-11,7889.60009765625,8223.2998046875,5584.5400390625,22544.099609375,42224.01953125,12058.2900390625,12255.7802734375,4976.1298828125
2024-07-12,7959.2998046875,8252.900390625,5615.35009765625,22673.5,41190.6796875,12134.9697265625,12365.1796875,5043.02001953125
2024-07-15,8017.60009765625,8183.0,5631.22021484375,22751.69921875,,12123.1396484375,12279.8603515625,4983.10986328125
2024-07-16,7999.2998046875,8164.89990234375,5667.2001953125,22995.400390625,41275.078125,12184.490234375,12260.9296875,4947.830078125
2024-07-17,8057.89990234375,8187.5,5588.27001953125,22851.19921875,41097.69140625,12256.3603515625,12333.9296875,4891.4599609375
2024-07-18,8036.5,8204.900390625,5544.58984375,22726.80078125,40126.3515625,12329.4404296875,12247.6103515625,4870.1201171875
2024-07-19,7971.60009765625,8155.7001953125,5505.0,22690.400390625,40063.7890625,12325.599609375,12173.4404296875,4827.240234375
2024-07-22,7931.7001953125,8198.7998046875,5564.41015625,22872.69921875,39599.0,12309.91015625,12296.740234375,4897.43994140625
2024-07-23,7971.10009765625,8167.39990234375,5555.740234375,22813.80078125,39594.390625,12425.580078125,12278.8203125,4916.7998046875
2024-07-24,7963.7001953125,8153.7001953125,5427.1298828125,22639.599609375,39154.8515625,12530.990234375,12203.169921875,4861.8701171875
2024-07-25,7861.2001953125,8186.39990234375,5399.22021484375,22608.0,37869.51171875,12396.26953125,12105.5400390625,4811.27978515625
2024-07-26,7921.2998046875,8285.7001953125,5459.10009765625,22814.80078125,37667.41015625,12349.4697265625,12241.490234375,4862.5
2024-07-29,7989.60009765625,8292.400390625,5463.5400390625,22779.599609375,38468.62890625,12313.6201171875,12214.900390625,4815.39013671875
2024-07-30,7953.2001953125,8274.400390625,5436.43994140625,22824.69921875,38525.94921875,12391.0498046875,12282.01953125,4841.0
2024-07-31,8092.2998046875,8368.0,5522.2998046875,23110.80078125,39101.8203125,12405.26953125,12317.4404296875,4872.93994140625
2024-08-01,8114.7001953125,8283.400390625,5446.68017578125,22723.19921875,38126.328125,12487.9404296875,,
2024-08-02,7943.2001953125,8174.7001953125,5346.56005859375,22227.599609375,35909.69921875,12453.0400390625,11875.51953125,4638.7001953125
2024-08-05,7649.60009765625,8008.2001953125,5186.330078125,,31458.419921875,12264.490234375,11543.25,4571.60009765625
2024-08-06,7680.60009765625,8026.7001953125,5240.02978515625,21979.400390625,34675.4609375,12245.759765625,11510.4599609375,4575.22021484375
2024-08-07,7699.7998046875,8166.89990234375,5199.5,21881.0,35089.62109375,12278.2099609375,11843.1796875,4668.06005859375
2024-08-08,7682.0,8145.0,5319.31005859375,22225.599609375,34831.1484375,12257.2802734375,11827.4296875,4668.740234375
2024-08-09,7777.7001953125,8168.10009765625,5344.16015625,22311.30078125,35025.0,12243.4599609375,11865.9296875,4675.27978515625
2024-08-12,7813.7001953125,8210.2998046875,5344.39013671875,22398.900390625,,12281.25,11873.7099609375,4671.8798828125
2024-08-13,7826.7998046875,8235.2001953125,5434.43017578125,22618.19921875,36232.51171875,12319.0595703125,11928.1396484375,4694.919921875
2024-08-14,7850.7001953125,8281.099609375,5455.2099609375,22760.0,36442.4296875,12572.5302734375,12071.830078125,4727.60009765625
2024-08-15,7865.5,8347.400390625,5543.22021484375,23032.69921875,36726.640625,12710.5703125,12150.2197265625,4807.77001953125
2024-08-16,7971.10009765625,8311.400390625,5554.25,23054.599609375,38062.671875,12727.75,12188.73046875,4840.52001953125
2024-08-19,7980.39990234375,8356.900390625,5608.25,23116.400390625,37388.62109375,12662.1103515625,12275.240234375,4871.41015625
2024-08-20,7997.7001953125,8273.2998046875,5597.1201171875,23037.400390625,38062.921875,12558.080078125,12266.5595703125,4857.580078125
2024-08-21,8010.5,8283.400390625,5620.85009765625,23121.69921875,37951.80078125,12502.9697265625,12250.1103515625,4885.27978515625
2024-08-22,8027.0,8288.0,5570.64013671875,23037.5,38211.01171875,12469.349609375,12305.4501953125,4885.0
2024-08-23,8023.89990234375,8327.7998046875,5634.60986328125,23286.099609375,38364.26953125,12529.990234375,12347.4599609375,4909.2001953125
2024-08-26,8084.5,,5616.83984375,23349.0,38110.21875,12589.830078125,12354.349609375,4896.68994140625
2024-08-27,8071.2001953125,8345.5,5625.7998046875,23260.0,38288.62109375,12451.1103515625,12296.7197265625,4898.77978515625
2024-08-28,8071.39990234375,8343.900390625,5592.18017578125,23127.0,38371.76171875,12470.599609375,12348.7001953125,4913.02978515625
2024-08-29,8045.10009765625,8379.599609375,5591.9599609375,23227.5,38362.53125,12353.6103515625,12417.7197265625,4966.27001953125
2024-08-30,8091.89990234375,8376.599609375,5648.39990234375,23346.19921875,38647.75,12447.6796875,12436.58984375,4957.97998046875
2024-09-02,8109.89990234375,8363.7998046875,,,38700.87109375,12555.51953125,12451.48046875,4973.06982421875
2024-09-03,8103.2001953125,8298.5,5528.93017578125,23042.5,38686.30859375,12534.509765625,12348.1904296875,4912.52001953125
2024-09-04,7950.5,8269.599609375,5520.06982421875,23040.80078125,37047.609375,12553.349609375,12176.169921875,4848.18017578125
2024-09-05,7982.39990234375,8241.7001953125,5503.41015625,22988.30078125,36657.08984375,12678.66015625,12031.33984375,4815.14990234375
2024-09-06,8013.39990234375,8181.5,5408.419921875,22781.400390625,36391.46875,12615.509765625,11908.240234375,4738.06005859375
2024-09-09,7988.10009765625,8270.7998046875,5471.0498046875,23027.19921875,36215.75,12621.6201171875,11980.6396484375,4778.66015625
2024-09-10,8011.89990234375,8206.0,5495.52001953125,23003.099609375,36159.16015625,12632.8203125,11964.7099609375,4747.2001953125
2024-09-11,7987.89990234375,8193.900390625,5554.1298828125,23211.19921875,35619.76953125,12632.349609375,11922.91015625,4763.580078125
2024-09-12,8075.7001953125,8241.0,5595.759765625,23475.099609375,36833.26953125,12820.2802734375,11982.33984375,4814.080078125
2024-09-13,8099.89990234375,8273.099609375,5626.02001953125,23568.69921875,36581.76171875,12832.5498046875,12037.2802734375,4843.990234375
2024-09-16,8121.60009765625,8278.400390625,5633.08984375,23702.099609375,,12704.3896484375,12005.4697265625,4827.6298828125
2024-09-17,8140.89990234375,8309.900390625,5634.580078125,23677.69921875,36203.21875,12671.9501953125,12042.7802734375,4860.77978515625
2024-09-18,8142.10009765625,8253.7001953125,5618.259765625,23592.599609375,36380.171875,12586.98046875,11982.2998046875,4835.2998046875
2024-09-19,8191.89990234375,8328.7001953125,5713.64013671875,23866.30078125,37155.328125,12665.0,12058.2998046875,4943.3798828125
2024-09-20,8209.5,8230.0,5702.5498046875,23867.400390625,37723.91015625,12478.5,11934.0703125,4871.5400390625
2024-09-23,8152.89990234375,8259.7001953125,5718.56982421875,23894.69921875,,12404.169921875,11965.349609375,4885.56982421875
2024-09-24,8142.0,8282.7998046875,5732.93017578125,23952.19921875,37940.58984375,12303.990234375,12048.849609375,4940.72021484375
2024-09-25,8126.39990234375,8268.7001953125,5722.259765625,23905.900390625,37870.26171875,12224.5302734375,12148.3798828125,4916.89013671875
2024-09-26,8203.7001953125,8284.900390625,5745.3701171875,24033.80078125,38925.62890625,12491.580078125,12209.6201171875,5032.58984375
2024-09-27,8212.2001953125,8320.7998046875,5738.169921875,23956.80078125,39829.55859375,12457.41015625,12234.0498046875,5067.4501953125
2024-09-30,8269.7998046875,8237.0,5762.47998046875,24000.400390625,37919.55078125,12423.8203125,12168.8701171875,5000.4501953125
2024-10-01,8208.900390625,8276.7001953125,5708.75,24034.0,38651.96875,12466.6904296875,12086.66015625,4954.14990234375
2024-10-02,8198.2001953125,8290.900390625,5709.5400390625,24001.599609375,37808.76171875,12451.6904296875,12122.08984375,4963.2900390625
2024-10-03,8205.2001953125,8282.5,5699.93994140625,23968.5,38552.05859375,12572.66015625,12012.3203125,4921.330078125
2024-10-04,8150.0,8280.599609375,5751.06982421875,24162.80078125,38635.62109375,12619.9404296875,11997.08984375,4954.93994140625
2024-10-07,8205.400390625,8303.599609375,5695.93994140625,24102.69921875,39332.73828125,12596.8701171875,12008.7001953125,4969.7099609375
2024-10-08,8176.89990234375,8190.60009765625,5751.1298828125,24072.5,38937.5390625,12555.990234375,12010.990234375,4949.0
2024-10-09,8187.39990234375,8243.7001953125,5792.0400390625,24224.900390625,39277.9609375,12776.1298828125,12122.9296875,4982.56982421875
2024-10-10,8223.0,8237.7001953125,5780.0498046875,24302.30078125,39380.890625,12754.580078125,12077.759765625,4970.33984375
2024-10-11,8214.5,8253.7001953125,5815.02978515625,24471.19921875,39605.80078125,12845.6396484375,12154.1904296875,5003.919921875
2024-10-14,8252.7998046875,8292.7001953125,5859.85009765625,,,12766.75,12259.23046875,5041.009765625
2024-10-15,8318.400390625,8249.2998046875,5815.259765625,24439.099609375,39910.55078125,12840.76953125,12218.849609375,4946.72998046875
2024-10-16,8284.7001953125,8329.099609375,5842.47021484375,24561.19921875,39180.30078125,12641.3203125,12193.0703125,4908.7099609375
2024-10-17,8355.900390625,8385.099609375,5841.47021484375,24690.5,38911.19140625,12712.8203125,12304.26953125,4947.2998046875
2024-10-18,8283.2001953125,8358.2998046875,5864.669921875,24822.5,38981.75,12823.8896484375,12326.759765625,4986.27001953125
2024-10-21,8344.400390625,8318.2001953125,5853.97998046875,24723.30078125,38954.6015625,12923.2197265625,12261.8701171875,4941.22021484375
2024-10-22,8205.7001953125,8306.5,5851.2001953125,24689.69921875,38411.9609375,12813.150390625,12163.330078125,4939.31005859375
2024-10-23,8216.0,8258.599609375,5797.419921875,24573.599609375,38104.859375,12787.599609375,12147.099609375,4922.5498046875
2024-10-24,8206.2998046875,8269.400390625,5809.85986328125,24551.599609375,38143.2890625,12814.0703125,12173.0400390625,4935.4501953125
2024-10-25,8211.2998046875,8248.7998046875,5808.1201171875,24463.69921875,37913.921875,12771.6103515625,12184.0,4943.08984375
2024-10-28,8221.5,8285.599609375,5823.52001953125,24565.69921875,38605.53125,,12237.9697265625,4969.830078125
2024-10-29,8249.2001953125,8219.599609375,5832.919921875,24562.599609375,38903.6796875,12783.3603515625,12100.5703125,4950.02001953125
2024-10-30,8180.39990234375,8159.60009765625,5813.669921875,24507.80078125,39277.390625,12694.83984375,11967.7001953125,4885.75
2024-10-31,8160.0,8110.10009765625,5705.4501953125,24156.900390625,39081.25,12638.900390625,11792.919921875,4827.6298828125
2024-11-01,8118.7998046875,8177.2001953125,5728.7998046875,24255.19921875,38053.671875,12559.2802734375,11967.2001953125,4877.75
2024-11-04,8164.60009765625,8184.2001953125,5712.68994140625,24256.099609375,,12557.490234375,11896.9404296875,4852.10009765625
2024-11-05,8131.7998046875,8172.39990234375,5782.759765625,24387.900390625,38474.8984375,12606.33984375,11866.009765625,4870.330078125
2024-11-06,8199.5,8166.7001953125,5929.0400390625,24637.5,39480.671875,12630.41015625,11847.2900390625,4800.6298828125
2024-11-07,8285.599609375,8140.7001953125,5973.10009765625,24845.900390625,39381.41015625,12611.4501953125,11917.0,4851.9599609375
2024-11-08,8295.099609375,8072.39990234375,5995.5400390625,24759.400390625,39500.37109375,12770.330078125,11797.7197265625,4802.759765625
2024-11-11,8266.2001953125,8125.2001953125,6001.35009765625,24789.30078125,39533.3203125,12640.7197265625,11902.7900390625,4854.02978515625
2024-11-12,8255.599609375,8025.7998046875,5983.990234375,24923.0,39376.08984375,12660.2197265625,11712.08984375,4744.68994140625
2024-11-13,8193.400390625,8030.2998046875,5985.3798828125,24989.0,38721.66015625,12614.6396484375,11703.8095703125,4740.33984375
2024-11-14,8224.0,8071.2001953125,5949.169921875,25049.69921875,38535.69921875,12701.259765625,11783.650390625,4833.52978515625
2024-11-15,8285.2001953125,8063.60009765625,5870.6201171875,24890.69921875,38642.91015625,12684.8798828125,11627.0400390625,4794.85009765625
2024-11-18,8300.2001953125,8109.2998046875,5893.6201171875,24976.900390625,38220.8515625,12786.08984375,11639.599609375,4790.330078125
2024-11-19,8374.0,8099.0,5916.97998046875,25010.80078125,38414.4296875,12791.5302734375,11541.4296875,4751.22998046875
2024-11-20,8326.2998046875,8085.10009765625,5917.10986328125,25036.5,38352.33984375,12708.23046875,11539.6396484375,4729.7099609375
2024-11-21,8323.0,8149.2998046875,5948.7099609375,25390.69921875,38026.171875,12810.7802734375,11591.58984375,4755.830078125
2024-11-22,8393.7998046875,8262.099609375,5969.33984375,25444.30078125,38283.8515625,13041.900390625,11716.5,4789.080078125
2024-11-25,8417.599609375,8291.7001953125,5987.3701171875,25410.400390625,38780.140625,13112.849609375,11678.58984375,4799.8701171875
2024-11-26,8359.400390625,8258.599609375,6021.6298828125,25405.099609375,38442.0,13083.5498046875,11632.8798828125,4761.990234375
2024-11-27,8406.7001953125,8274.7998046875,5998.740234375,25488.30078125,38134.96875,13089.080078125,11644.009765625,4733.14990234375
2024-11-28,8444.2998046875,8281.2001953125,,25543.5,38349.05859375,13033.76953125,11709.7998046875,4758.64990234375
2024-11-29,8436.2001953125,8287.2998046875,6032.3798828125,25648.0,38208.03125,13066.919921875,11764.2001953125,4804.39990234375
2024-12-02,8447.900390625,8312.900390625,6047.14990234375,25590.30078125,38513.01953125,13084.580078125,11829.240234375,4846.72998046875
2024-12-03,8495.2001953125,8359.400390625,6049.8798828125,25635.69921875,39248.859375,12977.599609375,11834.3203125,4878.509765625
2024-12-04,8462.599609375,8335.7998046875,6086.490234375,25641.19921875,39276.390625,12914.580078125,11783.6103515625,4919.02001953125
2024-12-05,8474.900390625,8349.400390625,6075.10986328125,25680.0,39395.6015625,12886.169921875,11790.7900390625,4951.580078125
2024-12-06,8420.900390625,8308.599609375,6090.27001953125,25691.80078125,39091.171875,12809.58984375,11780.650390625,4977.77978515625
2024-12-09,8423.0,8352.099609375,6052.85009765625,25625.400390625,39160.5,12812.26953125,11761.7197265625,4985.4599609375
2024-12-10,8393.0,8280.400390625,6034.91015625,25504.30078125,39367.578125,12716.3603515625,11642.3896484375,4951.740234375
2024-12-11,8353.599609375,8301.599609375,6084.18994140625,25657.69921875,39372.23046875,12754.990234375,11681.8701171875,4959.35009765625
2024-12-12,8330.2998046875,8311.7998046875,6051.25,25410.69921875,39849.140625,12697.76953125,11715.849609375,4965.52978515625
2024-12-13,8296.0,8300.2998046875,6051.08984375,25274.30078125,39470.44140625,12754.259765625,11694.4296875,4967.9501953125
2024-12-16,8249.5,8262.099609375,6074.080078125,25147.19921875,39457.48828125,12754.2998046875,11701.509765625,4947.02978515625
2024-12-17,8314.0,8195.2001953125,6050.60986328125,25119.69921875,39364.6796875,12874.16015625,11740.51953125,4942.580078125
2024-12-18,8309.400390625,8199.099609375,5872.16015625,24557.0,39081.7109375,12723.9697265625,11638.91015625,4957.27978515625
2024-12-19,8168.2001953125,8105.2998046875,5867.080078125,24413.900390625,38813.578125,12704.41015625,11414.83984375,4879.0
2024-12-20,8067.0,8084.60009765625,5930.85009765625,24599.5,38701.8984375,12904.1103515625,11384.919921875,4862.27978515625
2024-12-23,8201.599609375,8102.7001953125,5974.06982421875,24749.0,39161.33984375,12984.4697265625,11488.2802734375,4852.93017578125
2024-12-24,8220.900390625,8137.0,6040.0400390625,24846.80078125,39036.8515625,13074.740234375,,
2024-12-25,,,,,39130.4296875,,,
2024-12-26,,,6037.58984375,,39568.05859375,,,
2024-12-27,8261.7998046875,8149.7998046875,5970.83984375,24796.400390625,40281.16015625,13205.099609375,11589.33984375,4898.8798828125
2024-12-30,8235.0,8121.0,5906.93994140625,24620.599609375,39894.5390625,13202.349609375,11600.900390625,4869.27978515625
2024-12-31,8159.10009765625,8173.0,5881.6298828125,24727.900390625,,13110.740234375,,
2025-01-02,8201.2001953125,8260.099609375,5868.5498046875,24898.0,,,,
2025-01-03,8250.5,8224.0,5942.47021484375,25073.5,,13067.830078125,11624.01953125,4871.4501953125
2025-01-06,8288.5,8249.7001953125,5975.3798828125,24999.80078125,39307.05078125,13047.23046875,11691.1298828125,4986.64013671875
2025-01-07,8285.099609375,8245.2998046875,5909.02978515625,24929.900390625,40083.30078125,13013.51953125,11830.76953125,5011.81982421875
2025-01-08,8349.099609375,8251.0,5918.25,25051.69921875,39981.05859375,13011.91015625,11876.2099609375,4996.39013671875
2025-01-09,8329.2001953125,8319.7001953125,,25073.400390625,39605.08984375,12940.3095703125,11927.1103515625,5017.91015625
2025-01-10,8294.099609375,8248.5,5827.0400390625,24767.69921875,39190.3984375,12895.98046875,11791.91015625,4977.259765625
2025-01-13,8191.89990234375,8224.2001953125,5836.22021484375,24536.30078125,,12808.830078125,11701.7197265625,4954.2099609375
2025-01-14,8231.0,8201.5,5842.91015625,24588.599609375,38474.30078125,12884.3798828125,11702.5703125,4980.47021484375
2025-01-15,8213.2998046875,8301.099609375,5949.91015625,24789.30078125,38444.578125,12941.75,11781.740234375,5032.31005859375
2025-01-16,8327.0,8391.900390625,5937.33984375,24846.19921875,38572.6015625,13004.2197265625,11942.0,5106.93017578125
2025-01-17,8310.400390625,8505.2001953125,5996.66015625,25067.900390625,38451.4609375,13130.4296875,11990.26953125,5148.2998046875
2025-01-20,8402.0,8520.5,,25130.80078125,38902.5,13025.2900390625,12037.2197265625,5164.43994140625
2025-01-21,8420.2998046875,8548.2998046875,6049.240234375,25281.599609375,39027.98046875,13066.650390625,12111.16015625,5165.9599609375
2025-01-22,8429.7998046875,8545.099609375,6086.3701171875,25311.5,39646.25,13050.400390625,12207.8896484375,5205.830078125
2025-01-23,8378.7001953125,8565.2001953125,6118.7099609375,25434.099609375,39958.87109375,13038.759765625,12265.400390625,5217.5
2025-01-24,8408.900390625,8502.400390625,6101.240234375,25468.5,39931.98046875,13024.7001953125,12287.2802734375,5219.3701171875
2025-01-27,,8503.7001953125,6012.27978515625,25289.19921875,39565.80078125,12922.3203125,12416.6103515625,5188.4501953125
2025-01-28,8399.099609375,8533.900390625,6067.7001953125,25419.5,39016.87109375,12966.3095703125,12455.4404296875,5195.7099609375
2025-01-29,8447.0,8557.7998046875,6039.31005859375,25473.30078125,39414.78125,12974.419921875,12530.3203125,5230.66015625
2025-01-30,8550.099609375,8646.900390625,6071.169921875,25808.30078125,39513.96875,12918.5703125,12604.5400390625,5282.2099609375
2025-01-31,8532.2998046875,8674.0,6040.52978515625,25533.099609375,39572.48828125,12995.009765625,12597.08984375,5286.8701171875
2025-02-03,8379.400390625,8583.599609375,5994.56982421875,25241.80078125,38520.08984375,12826.0595703125,12546.76953125,5217.91015625
2025-02-04,8374.0,8570.7998046875,6037.8798828125,25279.400390625,38798.37109375,12847.8701171875,12475.490234375,5264.58984375
2025-02-05,8416.900390625,8623.2998046875,6061.47998046875,25569.80078125,38831.48046875,12844.58984375,12579.4404296875,5271.1201171875
2025-02-06,8520.7001953125,8727.2998046875,6083.56982421875,25534.5,39066.53125,,12624.2001953125,5356.6298828125
2025-02-07,8511.400390625,8700.5,6025.990234375,25442.900390625,38787.01953125,12902.1904296875,12593.33984375,5325.39990234375
2025-02-10,8482.7998046875,8767.7998046875,6066.43994140625,25658.900390625,38801.171875,12876.3701171875,12627.83984375,5358.2998046875
2025-02-11,8484.0,8777.400390625,6068.5,25631.80078125,,12903.25,12694.16015625,5390.91015625
2025-02-12,8535.2998046875,8807.400390625,6051.97021484375,25563.099609375,38963.69921875,12893.6796875,12713.900390625,5405.64990234375
2025-02-13,8540.0,8764.7001953125,6115.06982421875,25698.5,39461.46875,12917.33984375,12949.0595703125,5500.5
2025-02-14,8555.7998046875,8732.5,6114.6298828125,25483.19921875,39149.4296875,12989.1796875,12839.8701171875,5493.39990234375
2025-02-17,8505.7998046875,8768.0,,,39174.25,13077.2099609375,12875.080078125,5519.830078125
2025-02-18,8481.0,8766.7001953125,6129.580078125,25648.80078125,39270.3984375,13074.3798828125,12893.98046875,5533.83984375
2025-02-19,8419.2001953125,8712.5,6144.14990234375,25626.19921875,39164.609375,12999.400390625,12798.51953125,5461.169921875
2025-02-20,8322.7998046875,8663.0,6117.52001953125,25514.099609375,38678.0390625,12780.8798828125,12808.080078125,5461.02978515625
2025-02-21,8296.2001953125,8659.400390625,6013.1298828125,25147.0,38776.94140625,12752.580078125,12948.599609375,5474.85009765625
2025-02-24,8308.2001953125,8659.0,5983.25,25151.30078125,,12484.740234375,12953.169921875,5453.759765625
2025-02-25,8251.900390625,8668.7001953125,5955.25,25204.0,38237.7890625,12450.5,13025.009765625,5447.89990234375
2025-02-26,8240.7001953125,8731.5,5956.06005859375,25328.400390625,38142.37109375,12484.650390625,13042.509765625,5527.990234375
2025-02-27,8268.2001953125,8756.2001953125,5861.56982421875,25128.19921875,38256.171875,12553.0,12958.33984375,5472.56005859375
2025-02-28,8172.39990234375,8809.7001953125,5954.5,25393.5,37155.5,12601.419921875,13004.48046875,5463.5400390625
2025-03-03,8245.7001953125,8871.2998046875,5849.72021484375,25001.599609375,37785.46875,12386.580078125,13166.6796875,5540.68994140625
2025-03-04,8198.099609375,8759.0,5778.14990234375,24572.0,37331.1796875,12435.2001953125,13006.740234375,5387.31005859375
2025-03-05,8141.10009765625,8755.7998046875,5842.6298828125,24870.80078125,37418.23828125,12385.349609375,13112.75,5489.1201171875
2025-03-06,8094.7001953125,8682.7998046875,5738.52001953125,24584.0,37704.9296875,12387.2197265625,13029.3896484375,5520.47021484375
2025-03-07,7948.2001953125,8679.900390625,5770.2001953125,24758.80078125,36887.171875,12399.7802734375,13076.6796875,5468.41015625
2025-03-10,7962.2998046875,8600.2001953125,5614.56005859375,24380.69921875,37028.26953125,12515.9697265625,13013.4501953125,5386.97998046875
2025-03-11,7890.10009765625,8496.0,5572.06982421875,24248.19921875,36793.109375,12410.9697265625,12692.25,5309.89990234375
2025-03-12,7786.2001953125,8541.0,5599.2998046875,24423.30078125,36819.08984375,12249.5498046875,12868.4296875,5359.419921875
2025-03-13,7749.10009765625,8542.599609375,5521.52001953125,24203.19921875,36790.03125,12209.0498046875,12836.1904296875,5328.39013671875
2025-03-14,7789.7001953125,8632.2998046875,5638.93994140625,24553.400390625,37053.1015625,12266.25,12916.8095703125,5404.18017578125
2025-03-17,7854.10009765625,8680.2998046875,5675.1201171875,24785.099609375,37396.51953125,12166.1396484375,13058.1201171875,5445.5498046875
2025-03-18,7860.39990234375,8705.2001953125,5614.66015625,24706.099609375,37845.421875,12076.849609375,13062.1103515625,5485.009765625
2025-03-19,7828.2998046875,8706.7001953125,5675.2900390625,25069.19921875,37751.87890625,12045.9296875,13040.919921875,5507.35986328125
2025-03-20,7918.89990234375,8702.0,5662.89013671875,25060.19921875,,12054.7197265625,13097.0498046875,5450.93017578125
2025-03-21,7931.2001953125,8646.7998046875,5667.56005859375,24968.5,37677.05859375,12113.5400390625,13075.400390625,5423.830078125
2025-03-24,7936.89990234375,8638.0,5767.56982421875,25304.099609375,37608.48828125,12128.2099609375,13000.240234375,5415.7900390625
2025-03-25,7942.5,8663.7998046875,5776.64990234375,25339.5,37780.5390625,12184.509765625,13013.150390625,5475.080078125
2025-03-26,7999.0,8689.599609375,5712.2001953125,25161.099609375,38027.2890625,12334.1796875,12953.7998046875,5411.68994140625
2025-03-27,7969.0,8666.099609375,5693.31005859375,25161.099609375,37799.96875,12312.6904296875,12867.23046875,5381.080078125
2025-03-28,7982.0,8658.900390625,5580.93994140625,24759.19921875,37120.328125,12287.4599609375,12840.4296875,5331.39990234375
2025-03-31,7843.39990234375,8582.7998046875,5611.85009765625,24917.5,35617.55859375,12245.5,12598.1201171875,5248.39013671875
2025-04-01,7925.2001953125,8634.7998046875,5633.06982421875,25033.30078125,35624.48046875,12312.599609375,12686.6201171875,5320.2998046875
2025-04-02,7934.5,8608.5,5670.97021484375,25307.19921875,35725.87109375,12320.1904296875,12588.3095703125,5303.9501953125
2025-04-03,7859.7001953125,8474.7001953125,5396.52001953125,24335.80078125,34735.9296875,12338.5703125,12279.48046875,5113.27978515625
2025-04-04,7667.7998046875,8055.0,5074.080078125,23193.5,33780.578125,12225.2802734375,11648.830078125,4878.31005859375
2025-04-07,7343.2998046875,7702.10009765625,5062.25,22859.5,31136.580078125,11775.8798828125,11047.48046875,4656.41015625
2025-04-08,7510.0,7910.5,4982.77001953125,22506.900390625,33012.578125,11891.4404296875,11359.1201171875,4773.64990234375
2025-04-09,7375.0,7679.5,5456.89990234375,23727.0,31714.029296875,11806.5498046875,10887.73046875,4622.14013671875
2025-04-10,7709.60009765625,7913.2998046875,5268.0498046875,23014.900390625,34609.0,12201.4296875,11244.58984375,4818.919921875
2025-04-11,7646.5,7964.2001953125,5363.35986328125,23587.80078125,33585.578125,12019.1298828125,11239.830078125,4787.22998046875
2025-04-14,7748.60009765625,8134.2998046875,5405.97021484375,23866.5,33982.359375,12107.5400390625,11499.4599609375,4911.39013671875
2025-04-15,7761.7001953125,8249.099609375,5396.6298828125,24067.900390625,34267.5390625,12011.33984375,11609.83984375,4970.43017578125
2025-04-16,7758.89990234375,8275.599609375,5275.7001953125,24106.80078125,33920.3984375,12067.919921875,11598.6201171875,4966.5
2025-04-17,7819.10009765625,8275.7001953125,5282.7001953125,24192.80078125,34377.6015625,12118.990234375,11660.9599609375,4935.33984375
2025-04-18,,,,,34730.28125,,,
2025-04-21,,,5158.2001953125,24008.900390625,34279.921875,,,
2025-04-22,7816.7001953125,8328.599609375,5287.759765625,24306.0,34220.6015625,11836.6904296875,11646.3203125,4961.4501953125
2025-04-23,7920.5,8403.2001953125,5375.85986328125,24472.69921875,34868.62890625,11956.4697265625,11808.7099609375,5098.740234375
2025-04-24,7968.2001953125,8407.400390625,5484.77001953125,24727.5,35039.1484375,12017.83984375,11917.58984375,5114.97998046875
2025-04-25,,8415.2998046875,5525.2099609375,24710.5,35705.73828125,,11942.0498046875,5154.1201171875
2025-04-28,7997.10009765625,8417.2998046875,5528.75,24798.599609375,35839.98828125,12098.8896484375,12028.25,5170.490234375
2025-04-29,8070.60009765625,8463.5,5560.830078125,24874.5,,12025.4501953125,12066.6904296875,5161.89990234375
2025-04-30,8126.2001953125,8494.900390625,5569.06005859375,24841.69921875,36045.37890625,11903.3095703125,12116.98046875,5160.22021484375
2025-05-01,8145.60009765625,8496.7998046875,5604.14013671875,24795.599609375,36452.30078125,12191.150390625,,
2025-05-02,8238.0,8596.400390625,5686.669921875,25031.5,36830.69140625,12327.8896484375,12253.7900390625,5285.18994140625
2025-05-05,8157.7998046875,,5650.3798828125,24953.5,,12421.25,12233.0302734375,5283.0498046875
2025-05-06,8151.39990234375,8597.400390625,5606.91015625,24974.69921875,,12421.08984375,12230.580078125,5263.3798828125
2025-05-07,8178.2998046875,8559.2998046875,5631.27978515625,25161.19921875,36779.66015625,12496.8896484375,12113.759765625,5230.18994140625
2025-05-08,8191.7001953125,8531.599609375,5663.93994140625,25254.099609375,36928.62890625,12467.0302734375,12061.7197265625,5288.93994140625
2025-05-09,8231.2001953125,8554.7998046875,5659.91015625,25357.69921875,37503.328125,12605.0703125,12087.3203125,5309.740234375
2025-05-12,8233.5,8605.0,5844.18994140625,25532.19921875,37644.26171875,12676.75,12219.6298828125,5392.35986328125
2025-05-13,8269.0,8602.900390625,5886.5498046875,25616.900390625,38183.26171875,12786.740234375,12165.26953125,5416.2099609375
2025-05-14,8279.599609375,8585.0,5892.580078125,25692.5,38128.12890625,12779.259765625,12132.1904296875,5403.43994140625
2025-05-15,8297.5,8633.7998046875,5916.93017578125,25897.5,37755.51171875,12880.8203125,12227.2802734375,5412.080078125
2025-05-16,8343.7001953125,8684.599609375,5958.3798828125,25971.900390625,37753.71875,12786.7900390625,12335.08984375,5427.52978515625
2025-05-19,8295.099609375,8699.2998046875,5963.60009765625,,37498.62890625,12629.0703125,12356.76953125,5427.22998046875
2025-05-20,8343.2998046875,8781.099609375,5940.4599609375,26055.599609375,37529.48828125,12644.23046875,12408.0302734375,5454.64990234375
2025-05-21,8386.7998046875,8786.5,5844.60986328125,25839.19921875,37298.98046875,12703.099609375,12380.3603515625,5454.4599609375
2025-05-22,8348.7001953125,8739.2998046875,5842.009765625,25854.0,36985.87109375,12662.25,12269.9501953125,5424.47998046875
2025-05-23,8360.900390625,8718.0,5802.81982421875,25880.0,37160.46875,12596.5,12198.6904296875,5326.31005859375
2025-05-26,8361.0,,,26098.400390625,37531.53125,12547.2197265625,12317.0703125,5395.330078125
2025-05-27,8407.599609375,8778.099609375,5921.5400390625,26269.0,37724.109375,12582.330078125,12324.7802734375,5415.4501953125
2025-05-28,8396.900390625,8726.0,5888.5498046875,26283.5,37722.3984375,12362.259765625,12186.740234375,5378.39013671875
2025-05-29,8409.7998046875,8716.5,5912.169921875,26210.599609375,38432.98046875,12281.3095703125,,
2025-05-30,8434.7001953125,8772.400390625,5911.68994140625,26175.099609375,37965.1015625,12418.8896484375,12227.080078125,5366.58984375
2025-06-02,8414.099609375,8774.2998046875,5935.93994140625,26389.0,37470.671875,,12198.1796875,5355.56005859375
2025-06-03,8466.7001953125,8787.0,5970.3701171875,26426.599609375,37446.80859375,12327.23046875,12239.6201171875,5375.7001953125
2025-06-04,8541.7998046875,8801.2998046875,5970.81005859375,26329.0,37747.44921875,12494.7099609375,12298.5,5405.14990234375
2025-06-05,8538.900390625,8811.0,5939.2998046875,26342.30078125,37554.48828125,12577.150390625,12317.6201171875,5410.5498046875
2025-06-06,8515.7001953125,8837.900390625,6000.35986328125,26429.099609375,37741.609375,12563.48046875,12366.169921875,5430.169921875
2025-06-09,,8832.2998046875,6005.8798828125,26375.80078125,38088.5703125,12539.259765625,,
2025-06-10,8587.2001953125,8853.099609375,6038.81005859375,26426.30078125,38211.51171875,12564.419921875,12351.8896484375,5415.3798828125
2025-06-11,8592.099609375,8864.400390625,6022.240234375,26524.19921875,38421.19140625,12605.9296875,12315.8095703125,5393.14990234375
2025-06-12,8565.099609375,8884.900390625,6045.259765625,26615.80078125,38173.08984375,12649.099609375,12323.400390625,5360.81982421875
2025-06-13,8547.400390625,8850.599609375,5976.97021484375,26504.400390625,37834.25,12552.8701171875,12146.01953125,5290.47021484375
2025-06-16,8548.400390625,8875.2001953125,6033.10986328125,26568.599609375,38311.328125,12690.1298828125,12090.8701171875,5339.56982421875
2025-06-17,8541.2998046875,8834.0,5982.72021484375,26541.400390625,38536.73828125,12639.349609375,12007.0595703125,5288.68017578125
2025-06-18,8531.2001953125,8843.5,5980.8701171875,26559.900390625,38885.1484375,12627.3203125,11959.4697265625,5266.91015625
2025-06-19,8523.7001953125,8791.7998046875,,26503.30078125,38488.33984375,12569.0498046875,11871.51953125,5197.02978515625
2025-06-20,8505.5,8774.7001953125,5967.83984375,26497.599609375,38403.23046875,,11871.3203125,5233.580078125
2025-06-23,8474.900390625,8758.0,6025.169921875,26609.400390625,38354.08984375,12532.650390625,11854.9599609375,5221.89990234375
2025-06-24,8555.5,8759.0,6092.18017578125,26718.599609375,38790.55859375,12467.48046875,11988.919921875,5297.06982421875
2025-06-25,8559.2001953125,8718.7998046875,6092.16015625,26566.30078125,38942.0703125,12460.9599609375,11880.1201171875,5252.009765625
2025-06-26,8550.7998046875,8735.599609375,6141.02001953125,26752.0,39584.578125,12480.0498046875,11880.0,5244.02978515625
2025-06-27,8514.2001953125,8798.900390625,6173.06982421875,26692.30078125,40150.7890625,12583.58984375,11980.3798828125,5325.64013671875
2025-06-30,8542.2998046875,8761.0,6204.9501953125,26857.099609375,40487.390625,12602.8203125,11921.4599609375,5303.240234375
2025-07-01,8541.099609375,8785.2998046875,6198.009765625,,39986.328125,12745.2900390625,11963.3095703125,5282.43017578125
2025-07-02,8597.7001953125,8774.7001953125,6227.419921875,26869.69921875,39762.48046875,12784.2900390625,11992.240234375,5318.72021484375
2025-07-03,8595.7998046875,8823.2001953125,6279.35009765625,27034.30078125,39785.8984375,12704.48046875,11978.3603515625,5343.14990234375
2025-07-04,8603.0,8822.900390625,,27050.900390625,39810.87890625,12766.599609375,11972.41015625,5288.81005859375
2025-07-07,8589.2998046875,8806.5,6229.97998046875,27020.30078125,39587.6796875,12764.9501953125,11954.5400390625,5341.5400390625
2025-07-08,8590.7001953125,8854.2001953125,6225.52001953125,26903.599609375,39688.80859375,12859.01953125,11970.650390625,5371.9501953125
2025-07-09,8538.599609375,8867.0,6263.259765625,26972.30078125,39821.28125,12768.6103515625,12006.8603515625,5445.64990234375
2025-07-10,8589.2001953125,8975.7001953125,6280.4599609375,27082.30078125,39646.359375,12760.2001953125,12131.9404296875,5438.27001953125
2025-07-11,8580.099609375,8941.099609375,6259.75,27023.30078125,39569.6796875,12686.6796875,11937.419921875,5383.47998046875
2025-07-14,8570.400390625,8998.099609375,6268.56005859375,27198.900390625,39459.62109375,12678.6904296875,11939.8896484375,5370.85009765625
2025-07-15,8630.2998046875,8938.2998046875,6243.759765625,27054.099609375,39678.01953125,12689.6298828125,11901.3203125,5354.169921875
2025-07-16,8561.7998046875,8926.599609375,6263.7001953125,27153.0,39663.3984375,12754.58984375,11910.8095703125,5298.06982421875
2025-07-17,8639.0,8972.599609375,6297.35986328125,27386.900390625,39901.19140625,12905.41015625,11961.8701171875,5377.14990234375
2025-07-18,8757.2001953125,8992.099609375,6296.7900390625,27314.0,39819.109375,12880.400390625,11982.91015625,5359.22998046875
2025-07-21,8668.2001953125,9013.0,6305.60009765625,27317.0,,12961.509765625,11936.8896484375,5342.97998046875
2025-07-22,8677.2001953125,9023.7998046875,6309.6201171875,27364.400390625,39774.921875,12833.740234375,11893.8203125,5290.47998046875
2025-07-23,8737.2001953125,9061.5,6358.91015625,27416.400390625,41171.3203125,12794.0595703125,12077.0703125,5344.25
2025-07-24,8709.400390625,9138.400390625,6363.35009765625,27372.30078125,41826.33984375,12805.1298828125,12045.7802734375,5355.2001953125
2025-07-25,8666.900390625,9120.2998046875,6388.64013671875,27494.400390625,41456.23046875,12853.4599609375,11955.73046875,5352.16015625
2025-07-28,8697.7001953125,9081.400390625,6389.77001953125,27405.400390625,40998.26953125,12910.740234375,11914.9501953125,5337.580078125
2025-07-29,8704.599609375,9136.2998046875,6370.85986328125,27539.900390625,40674.55078125,12936.41015625,11958.91015625,5379.2001953125
2025-07-30,8756.400390625,9136.900390625,6362.89990234375,27370.0,40654.69921875,12855.9697265625,11931.98046875,5393.18017578125
2025-07-31,8742.7998046875,9132.7998046875,6339.39013671875,27259.80078125,41069.8203125,12823.740234375,11836.0,5319.919921875
2025-08-01,8662.0,9068.599609375,6238.009765625,27020.400390625,40799.6015625,12729.400390625,,
2025-08-04,8663.7001953125,9128.2998046875,6329.93994140625,,40290.69921875,12684.0400390625,11818.6298828125,5242.31982421875
2025-08-05,8770.400390625,9142.7001953125,6299.18994140625,27570.099609375,40549.5390625,12877.0400390625,11858.330078125,5249.58984375
2025-08-06,8843.7001953125,9164.2998046875,6345.06005859375,27920.900390625,40794.859375,12880.16015625,11755.3203125,5263.2900390625
2025-08-07,8831.400390625,9100.7998046875,6340.0,27761.30078125,41059.1484375,12887.099609375,11849.580078125,5332.06982421875
2025-08-08,8807.099609375,9095.7001953125,6389.4501953125,27758.69921875,41820.48046875,12844.6298828125,11866.849609375,5347.740234375
2025-08-11,8844.7998046875,9129.7001953125,6373.4501953125,27775.19921875,,12911.8603515625,11869.990234375,5331.85009765625
2025-08-12,8880.7998046875,9147.7998046875,6445.759765625,27921.30078125,42718.171875,12759.6796875,11886.41015625,5335.97021484375
2025-08-13,8827.099609375,9165.2001953125,6466.580078125,27993.400390625,43274.671875,12766.5400390625,11978.849609375,5388.25
2025-08-14,8873.7998046875,9177.2001953125,6468.5400390625,27916.0,42649.26171875,12834.080078125,12001.6103515625,5434.7001953125
2025-08-15,8938.599609375,9138.900390625,6449.7998046875,27905.5,43378.30859375,12889.3798828125,12074.330078125,5448.60986328125
2025-08-18,8959.2998046875,9157.7001953125,6449.14990234375,27922.900390625,43714.30859375,12970.6396484375,12071.8798828125,5434.64013671875
2025-08-19,8896.2001953125,9189.2001953125,6411.3701171875,27823.900390625,43546.2890625,12928.6796875,12212.1904296875,5483.27978515625
2025-08-20,8918.0,9288.099609375,6395.77978515625,27878.80078125,42888.55078125,13071.2998046875,12276.259765625,5472.31982421875
2025-08-21,9019.099609375,9309.2001953125,6370.169921875,28055.400390625,42610.171875,13194.0703125,12241.669921875,5462.16015625
2025-08-22,8967.400390625,9321.400390625,6466.91015625,28333.099609375,42633.2890625,13042.759765625,12264.849609375,5488.22998046875
2025-08-25,8972.400390625,,6439.31982421875,28169.900390625,42807.8203125,13079.5,12206.3603515625,5443.9599609375
2025-08-26,8935.599609375,9265.7998046875,6465.93994140625,28339.900390625,42394.3984375,12957.98046875,12160.8896484375,5383.68017578125
2025-08-27,8960.5,9255.5,6481.39990234375,28433.0,42520.26953125,12861.83984375,12207.1201171875,5393.06982421875
2025-08-28,8980.0,9216.7998046875,6501.85986328125,28434.80078125,42828.7890625,12903.080078125,12219.2001953125,5396.72998046875
2025-08-29,8973.099609375,9187.2998046875,6460.259765625,28564.5,42718.46875,12930.73046875,12187.580078125,5351.72998046875
2025-09-01,8927.7001953125,9196.2998046875,,,42188.7890625,13070.4501953125,12176.51953125,5367.080078125
2025-09-02,8900.599609375,9116.7001953125,6415.5400390625,28615.599609375,42310.48828125,13110.8203125,12088.3603515625,5291.0400390625
2025-09-03,8738.7998046875,9178.0,6448.259765625,28751.400390625,41938.890625,13074.8095703125,12200.0,5325.009765625
2025-09-04,8826.5,9216.900390625,6502.080078125,28915.900390625,42580.26953125,13133.2001953125,12383.4697265625,5346.7099609375
2025-09-05,8871.2001953125,9208.2001953125,6481.5,29050.599609375,43018.75,13223.5302734375,12370.5703125,5318.14990234375
2025-09-08,8849.599609375,9221.400390625,6495.14990234375,29027.69921875,43643.80859375,13281.1396484375,12312.650390625,5362.81005859375
2025-09-09,8803.5,9242.5,6512.60986328125,29063.0,43459.2890625,13253.73046875,12281.08984375,5368.81982421875
2025-09-10,8830.400390625,9225.400390625,6532.0400390625,29179.400390625,43837.671875,13276.240234375,12217.4599609375,5361.47021484375
2025-09-11,8805.0,9297.599609375,6587.47021484375,29407.900390625,44372.5,13229.150390625,12292.7197265625,5386.77001953125
2025-09-12,8864.900390625,9283.2998046875,6584.2900390625,29283.80078125,44768.12109375,13227.900390625,12193.8603515625,5390.7099609375
2025-09-15,8853.0,9277.0,6615.27978515625,29431.0,,13208.3095703125,12144.3203125,5440.39990234375
2025-09-16,8877.7001953125,9195.7001953125,6606.759765625,29315.19921875,44902.26953125,13234.8896484375,12018.66015625,5372.31005859375
2025-09-17,8818.5,9208.400390625,6600.35009765625,29321.69921875,44790.37890625,13228.3798828125,11998.9599609375,5369.7001953125
2025-09-18,8745.2001953125,9228.099609375,6631.9599609375,29453.5,45303.4296875,13120.0302734375,12049.1298828125,5456.669921875
2025-09-19,8773.5,9216.7001953125,6664.35986328125,29768.400390625,45045.80859375,13231.66015625,12109.669921875,5458.419921875
2025-09-22,8810.900390625,9226.7001953125,6693.75,29959.0,45493.66015625,13141.5400390625,12126.1396484375,5442.0498046875
2025-09-23,8845.900390625,9223.2998046875,6656.919921875,29815.599609375,,13136.5400390625,12102.6103515625,5472.39013671875
2025-09-24,8764.5,9250.400390625,6637.97021484375,29757.0,45630.30859375,13181.3095703125,11978.830078125,5464.56005859375
2025-09-25,8773.0,9214.0,6604.72021484375,29732.0,45754.9296875,13153.7900390625,11875.7998046875,5444.89013671875
2025-09-26,8787.7001953125,9284.7998046875,6643.7001953125,29761.30078125,45354.98828125,13111.73046875,11929.7998046875,5499.7001953125
2025-09-29,8862.7998046875,9299.7998046875,6661.2099609375,29971.900390625,45043.75,13132.5595703125,12006.7099609375,5506.85009765625
2025-09-30,8848.7998046875,9350.400390625,6688.4599609375,30022.80078125,44932.62890625,13292.3603515625,12109.419921875,5529.9599609375
2025-10-01,8845.7001953125,9446.400390625,6711.2001953125,30107.69921875,44550.8515625,13433.990234375,12360.1298828125,5581.2099609375
2025-10-02,8945.900390625,9427.7001953125,6715.35009765625,30160.599609375,44936.73046875,13451.759765625,12427.1796875,5645.81005859375
2025-10-03,8987.400390625,9491.2998046875,6715.7900390625,30471.69921875,45769.5,13514.08984375,12507.169921875,5651.7099609375
2025-10-06,8981.400390625,9479.099609375,6740.27978515625,30531.900390625,47944.76171875,13500.150390625,12551.3603515625,5628.72021484375
2025-10-07,8956.7998046875,9483.599609375,6714.58984375,30351.69921875,47950.87890625,13531.2900390625,12521.7900390625,5613.6201171875
2025-10-08,8947.599609375,9548.900390625,6753.72021484375,30502.0,47734.98828125,13568.48046875,12648.1103515625,5649.72998046875
2025-10-09,8969.7998046875,9509.400390625,6735.10986328125,30270.0,48580.44140625,13570.8603515625,12609.150390625,5625.56005859375
2025-10-10,8958.2998046875,9427.5,6552.509765625,29850.900390625,48088.80078125,13467.259765625,12481.41015625,5531.31982421875
2025-10-13,8882.7998046875,9442.900390625,6654.72021484375,,,13351.919921875,12484.7998046875,5568.18994140625
2025-10-14,8899.400390625,9452.7998046875,6644.31005859375,30353.599609375,46847.3203125,13276.990234375,12434.8095703125,5552.0498046875
2025-10-15,8990.900390625,9424.7998046875,6671.06005859375,30637.099609375,47672.671875,13286.0,12529.580078125,5605.02978515625
2025-10-16,9068.400390625,9436.099609375,6629.06982421875,30458.80078125,48277.73828125,13389.099609375,12702.080078125,5652.009765625
2025-10-17,8995.2998046875,9354.599609375,6664.009765625,30108.5,47582.1484375,13289.2099609375,12644.490234375,5607.39013671875
2025-10-20,9031.900390625,9403.599609375,6735.1298828125,30416.400390625,49185.5,13344.9599609375,12635.01953125,5680.93017578125
2025-10-21,9094.7001953125,9427.0,6735.35009765625,29888.80078125,49316.05859375,13291.8095703125,12622.7001953125,5686.830078125
2025-10-22,9030.0,9515.0,6699.39990234375,29983.0,49307.7890625,13306.4404296875,12614.4296875,5639.2099609375
2025-10-23,9032.7998046875,9578.599609375,6738.43994140625,30186.30078125,48641.609375,13377.099609375,12557.26953125,5668.330078125
2025-10-24,9019.0,9645.599609375,6791.68994140625,30353.099609375,49299.6484375,13391.58984375,12568.1796875,5674.5
2025-10-27,9055.599609375,9653.7998046875,6875.16015625,30275.80078125,50512.3203125,,12527.58984375,5711.06005859375
2025-10-28,9012.5,9696.7001953125,6890.89013671875,30419.69921875,50219.1796875,13413.98046875,12360.150390625,5704.35009765625
2025-10-29,8926.2001953125,9756.099609375,6890.58984375,30144.80078125,51307.6484375,13409.2099609375,12314.099609375,5705.81005859375
2025-10-30,8885.5,9760.099609375,6822.33984375,30179.0,51325.609375,13459.2900390625,12309.6298828125,5699.18017578125
2025-10-31,8881.900390625,9717.2998046875,6840.2001953125,30260.69921875,52411.33984375,13548.3203125,12234.5,5662.0400390625
2025-11-03,8894.7998046875,9701.400390625,6851.97021484375,30275.099609375,,13562.2900390625,12235.5400390625,5679.25
2025-11-04,8813.7001953125,9715.0,6771.5498046875,29777.80078125,51497.19921875,13569.4697265625,12306.8896484375,5660.2001953125
2025-11-05,8802.0,9777.099609375,6796.2900390625,30103.5,50212.26953125,13625.1396484375,12363.5302734375,5669.1298828125
2025-11-06,8831.7998046875,9735.7998046875,6720.31982421875,29868.599609375,50883.6796875,13576.8095703125,12298.8603515625,5611.18017578125
2025-11-07,8769.7001953125,9682.599609375,6728.7998046875,29912.19921875,50276.37109375,13599.2099609375,12298.349609375,5566.52978515625
2025-11-10,8830.900390625,9787.2001953125,6832.43017578125,30316.599609375,50911.76171875,13569.01953125,12455.2001953125,5664.4599609375
2025-11-11,8818.7998046875,9899.599609375,6846.60986328125,30409.30078125,50842.9296875,13570.08984375,12702.080078125,5725.7001953125
2025-11-12,8799.5,9911.400390625,6850.919921875,30827.599609375,51063.30859375,13681.5498046875,12793.740234375,5787.31005859375
2025-11-13,8753.400390625,9807.7001953125,6737.490234375,30253.599609375,51281.828125,13540.080078125,12740.91015625,5742.7900390625
2025-11-14,8634.5,9698.400390625,6734.10986328125,30326.5,50376.53125,13464.4599609375,12634.2998046875,5693.77001953125
2025-11-17,8636.400390625,9675.400390625,6672.41015625,30076.19921875,50323.91015625,13463.76953125,12597.8203125,5640.93994140625
2025-11-18,8469.099609375,9552.2998046875,6617.31982421875,30036.5,48702.98046875,13355.26953125,12481.9501953125,5534.7099609375
2025-11-19,8447.900390625,9507.400390625,6642.16015625,30278.400390625,48537.69921875,13377.6298828125,12530.6201171875,5542.0498046875
2025-11-20,8552.7001953125,9527.7001953125,6538.759765625,29906.599609375,49823.94140625,13296.0498046875,12543.0595703125,5569.919921875
2025-11-21,8416.5,9539.7001953125,6602.990234375,30160.69921875,48625.87890625,13419.400390625,12632.669921875,5515.08984375
2025-11-24,8525.099609375,9534.900390625,6705.1201171875,30604.400390625,,13518.6201171875,12654.1201171875,5528.669921875
2025-11-25,8537.0,9609.5,6765.8798828125,30900.69921875,48659.51953125,13572.01953125,12771.6298828125,5573.91015625
2025-11-26,8606.5,9691.599609375,6812.60986328125,31180.30078125,49559.0703125,13576.759765625,12822.240234375,5655.580078125
2025-11-27,8619.2001953125,9693.900390625,,31216.19921875,50167.1015625,13434.5,12831.0498046875,5653.169921875
2025-11-28,8614.099609375,9720.5,6849.08984375,31382.80078125,50253.91015625,13489.150390625,12833.9599609375,5668.169921875
2025-12-01,8565.2001953125,9702.5,6812.6298828125,31101.80078125,49303.28125,13462.1298828125,12850.73046875,5667.47998046875
2025-12-02,8579.7001953125,9701.7998046875,6829.3701171875,31049.30078125,49303.44921875,13482.4404296875,12890.25,5686.169921875
2025-12-03,8595.2001953125,9692.099609375,6849.72021484375,31160.5,49864.6796875,13553.66015625,12858.330078125,5694.56005859375
2025-12-04,8618.400390625,9710.900390625,6857.1201171875,31477.599609375,51028.421875,13462.1796875,12893.6103515625,5718.080078125
2025-12-05,8634.599609375,9667.0,6870.39990234375,31311.400390625,50491.87109375,13483.990234375,12936.2998046875,5723.93017578125
2025-12-08,8624.400390625,9645.099609375,6846.509765625,31170.0,50581.94140625,13508.080078125,12981.419921875,5725.58984375
2025-12-09,8585.900390625,9642.0,6840.509765625,31244.400390625,50655.1015625,13424.6201171875,12931.16015625,5718.31982421875
2025-12-10,8579.400390625,9655.5,6886.68017578125,31490.900390625,50602.80078125,13415.7900390625,12921.48046875,5708.1201171875
2025-12-11,8592.0,9703.2001953125,6901.0,31660.69921875,50148.8203125,13437.4697265625,12905.169921875,5753.9599609375
2025-12-12,8697.2998046875,9649.0,6827.41015625,31527.400390625,50836.55078125,13406.91015625,12887.48046875,5720.7099609375
2025-12-15,8635.0,9751.2998046875,6816.509765625,31483.400390625,50168.109375,13401.91015625,13036.7998046875,5752.52001953125
2025-12-16,8598.900390625,9684.7998046875,6800.259765625,31263.900390625,49383.2890625,13396.3095703125,13056.740234375,5717.830078125
2025-12-17,8585.2001953125,9774.2998046875,6721.43017578125,31250.0,49512.28125,13290.0595703125,13028.6201171875,5681.669921875
2025-12-18,8588.2001953125,9837.7998046875,6774.759765625,31440.900390625,49001.5,13359.0703125,13136.080078125,5741.7099609375
2025-12-19,8621.400390625,9897.400390625,6834.5,31755.80078125,49507.2109375,13333.400390625,13171.849609375,5760.35009765625
2025-12-22,8699.900390625,9866.0,6878.490234375,32000.099609375,50402.390625,13536.7900390625,13163.66015625,5743.68994140625
2025-12-23,8795.7001953125,9889.2001953125,6909.7900390625,32058.69921875,50412.87109375,13543.6904296875,13242.7998046875,5749.27978515625
2025-12-24,8762.7001953125,9870.7001953125,6932.0498046875,31999.80078125,50344.1015625,13529.0595703125,,
2025-12-25,,,,,50407.7890625,,,
2025-12-26,,,6929.93994140625,,50750.390625,,,
2025-12-29,8725.7001953125,9866.5,6905.740234375,31896.599609375,50526.921875,13540.91015625,13240.58984375,5751.7099609375
2025-12-30,8717.099609375,9940.7001953125,6896.240234375,31866.30078125,50339.48046875,13548.9697265625,13267.48046875,5796.22021484375
2025-12-31,8714.2998046875,9931.400390625,6845.5,31712.80078125,,13548.419921875,,
2026-01-02,8727.7998046875,9951.099609375,6858.47021484375,31883.400390625,,,,
2026-01-05,8728.599609375,10004.599609375,6902.0498046875,32220.0,51832.80078125,13570.150390625,13247.3203125,5923.68994140625
2026-01-06,8714.599609375,10122.7001953125,6944.81982421875,32407.0,52518.078125,13662.51953125,13322.150390625,5931.7900390625
2026-01-07,8695.599609375,10048.2001953125,6920.93017578125,32135.5,51961.98046875,13668.9599609375,13324.0302734375,5923.56982421875
2026-01-08,8720.7998046875,10044.7001953125,6921.4599609375,32378.599609375,51117.26171875,13732.48046875,13350.8203125,5904.31982421875
2026-01-09,8717.7998046875,10124.599609375,6966.27978515625,32612.900390625,51939.890625,13696.25,13421.8203125,5997.47021484375
2026-01-12,8759.400390625,10140.7001953125,6977.27001953125,32874.69921875,,13691.2099609375,13426.98046875,6016.2998046875
2026-01-13,8808.5,10137.400390625,6963.740234375,32870.3984375,53549.16015625,13597.759765625,13364.73046875,6029.830078125
2026-01-14,8820.599609375,10184.400390625,6926.60009765625,32916.5,54341.23046875,13722.1298828125,13464.83984375,6005.0498046875
2026-01-15,8861.7001953125,10238.900390625,6944.47021484375,33028.8984375,54110.5,13715.9296875,13476.3203125,6041.14013671875
2026-01-16,8903.900390625,10235.2998046875,6940.009765625,33040.6015625,53936.171875,13718.099609375,13413.58984375,6029.4501953125
2026-01-19,8874.5,10195.400390625,,33091.0,53583.5703125,13580.7001953125,13277.0400390625,5925.81982421875
2026-01-20,8815.900390625,10126.7998046875,6796.85986328125,32750.30078125,52991.1015625,13479.7900390625,13169.9599609375,5892.080078125
2026-01-21,8782.900390625,10138.099609375,6875.6201171875,32851.5,52774.640625,13466.5,13156.8095703125,5882.8798828125
2026-01-22,8848.7001953125,10150.099609375,6913.35009765625,33002.69921875,53688.890625,13511.23046875,13228.400390625,5956.169921875
2026-01-23,8860.099609375,10143.400390625,6915.60986328125,33145.0,53846.87109375,13448.240234375,13147.1298828125,5948.2001953125
2026-01-26,,10148.900390625,6950.22998046875,33093.30078125,52885.25,13428.8203125,13142.01953125,5957.7998046875
2026-01-27,8941.599609375,10207.7998046875,6978.60009765625,33096.3984375,53333.5390625,13499.099609375,13216.23046875,5994.58984375
2026-01-28,8933.900390625,10154.400390625,6978.02978515625,33176.1015625,53358.7109375,13414.1796875,13023.8095703125,5933.2001953125
2026-01-29,8966.099609375,10171.7998046875,6969.009765625,33016.1015625,53375.6015625,13339.76953125,13147.9296875,5891.9501953125
2026-01-30,8869.099609375,10223.5,6939.02978515625,31923.5,53322.8515625,13423.1796875,13188.259765625,5947.81005859375
2026-02-02,8778.599609375,10341.599609375,6976.43994140625,32183.900390625,52655.1796875,13451.2998046875,13409.1103515625,6007.509765625
2026-02-03,8857.099609375,10314.599609375,6917.81005859375,32388.599609375,54720.66015625,13306.1796875,13372.580078125,5995.35009765625
2026-02-04,8927.7998046875,10402.2998046875,6882.72021484375,32571.599609375,54293.359375,13425.0,13508.1201171875,5970.47021484375
2026-02-05,8889.2001953125,10309.2001953125,6798.39990234375,31994.599609375,53818.0390625,13444.01953125,13466.0400390625,5925.7001953125
2026-02-06,8708.7998046875,10369.7998046875,6932.2998046875,32471.0,54253.6796875,,13431.650390625,5998.39990234375
2026-02-09,8912.099609375,10386.2001953125,6964.81982421875,33023.30078125,56363.94140625,13433.1298828125,13517.73046875,6059.009765625
2026-02-10,8867.400390625,10353.7998046875,6941.81005859375,33256.80078125,57650.5390625,13460.7802734375,13518.2197265625,6047.06005859375
2026-02-11,9014.7998046875,10472.099609375,6941.47021484375,33254.19921875,,13534.8896484375,13547.080078125,6035.64013671875
2026-02-12,9043.5,10402.400390625,6832.759765625,32465.30078125,57639.83984375,13463.6103515625,13529.919921875,6011.2900390625
2026-02-13,8917.599609375,10446.400390625,6836.169921875,33073.69921875,56941.96875,13198.1796875,13600.669921875,5985.22998046875
2026-02-16,8966.7998046875,10473.7001953125,,,56806.41015625,13091.6201171875,13656.0,5978.8798828125
2026-02-17,8958.900390625,10556.2001953125,6843.22021484375,32896.6015625,56566.48828125,13094.5,13752.83984375,6021.85009765625
2026-02-18,9007.0,10686.2001953125,6881.31005859375,33389.69921875,57143.83984375,13277.0302734375,13807.0400390625,6103.3701171875
2026-02-19,9086.2001953125,10627.0,6861.89013671875,33595.0,57467.828125,13404.759765625,13799.58984375,6059.6201171875
2026-02-20,9081.400390625,10686.900390625,6909.509765625,33817.5,56825.69921875,13308.51953125,13859.759765625,6131.31005859375
2026-02-23,9026.0,10684.7001953125,6837.75,33776.5,,13382.7099609375,13871.0595703125,6113.919921875
2026-02-24,9022.2998046875,10680.599609375,6890.06982421875,33970.3984375,57321.08984375,13556.849609375,13997.1298828125,6116.60009765625
2026-02-25,9128.2998046875,10806.400390625,6946.1298828125,34127.30078125,58583.12109375,13517.48046875,13977.099609375,6173.31982421875
2026-02-26,9175.2998046875,10846.7001953125,6908.85986328125,34502.0,58753.390625,13646.7802734375,13913.73046875,6161.56005859375
2026-02-27,9198.599609375,10910.599609375,6878.8798828125,34340.0,58850.26953125,13722.9697265625,14014.2998046875,6138.41015625
2026-03-02,9167.5,10780.099609375,6881.6201171875,34541.30078125,58057.23828125,13599.25,13834.099609375,5986.93017578125
2026-03-03,9077.2998046875,10484.099609375,6816.6298828125,33784.8984375,56279.05078125,13513.48046875,13404.9296875,5771.72998046875
2026-03-04,8901.2001953125,10567.7001953125,6869.5,33942.8984375,54245.5390625,13579.830078125,13510.740234375,5870.919921875
2026-03-05,8940.2998046875,10413.900390625,6830.7099609375,33610.0,55278.05859375,13543.3701171875,13298.2998046875,5782.89013671875
2026-03-06,8851.0,10284.7998046875,6740.02001953125,33083.69921875,55620.83984375,13519.349609375,13095.5498046875,5719.89990234375
2026-03-09,8599.0,10249.5,6795.990234375,33189.30078125,52728.71875,13098.830078125,13000.08984375,5685.2001953125
2026-03-10,8692.599609375,10412.2001953125,6781.47998046875,33270.69921875,54248.390625,13094.3701171875,13065.1904296875,5837.169921875
2026-03-11,8743.5,10353.7998046875,6775.7998046875,33119.80078125,55025.37109375,13293.1298828125,12958.58984375,5794.68017578125
2026-03-12,8629.0,10305.2001953125,6672.6201171875,32840.6015625,54452.9609375,13199.2900390625,12842.16015625,5748.89013671875
2026-03-13,8617.099609375,10261.2001953125,6632.18994140625,32541.900390625,53819.609375,13187.33984375,12839.26953125,5716.60986328125
2026-03-16,8583.400390625,10317.7001953125,6699.3798828125,32876.69921875,53751.1484375,13164.580078125,12882.2001953125,5739.009765625
2026-03-17,8614.2998046875,10403.599609375,6716.08984375,32929.1015625,53700.390625,13182.23046875,12962.41015625,5769.25
2026-03-18,8640.599609375,10305.2998046875,6624.7001953125,32312.69921875,55239.3984375,13315.599609375,12765.48046875,5736.85009765625
2026-03-19,8497.7998046875,10063.5,6606.490234375,31855.0,53372.53125,13051.6103515625,12459.5400390625,5613.830078125
2026-03-20,8428.400390625,9918.2998046875,6506.47998046875,31317.400390625,,12989.990234375,12320.990234375,5501.27978515625
2026-03-23,8365.900390625,9894.2001953125,6581.0,31883.80078125,51515.48828125,12899.7197265625,12389.6796875,5574.31982421875
2026-03-24,8379.400390625,9965.2001953125,6556.3701171875,31941.599609375,52252.28125,12701.75,12515.9404296875,5581.2900390625
2026-03-25,8557.599609375,10106.7998046875,6591.89990234375,32382.599609375,53749.62109375,12929.2998046875,12718.3603515625,5649.330078125
2026-03-26,8525.7001953125,9972.2001953125,6477.16015625,31887.5,53603.6484375,12976.990234375,12641.9599609375,5565.93017578125
2026-03-27,8516.2998046875,9967.400390625,6368.85009765625,31960.69921875,53373.0703125,12935.3896484375,12570.259765625,5505.7998046875
2026-03-30,8461.0,10128.0,6343.72021484375,31934.900390625,51885.8515625,12748.919921875,12668.669921875,5541.7900390625
2026-03-31,8481.7998046875,10176.5,6528.52001953125,32768.0,51063.71875,12912.1103515625,12776.7900390625,5569.72998046875
2026-04-01,8671.7998046875,10364.7998046875,6575.31982421875,32958.0,53739.6796875,12825.8701171875,12991.25,5732.7099609375
2026-04-02,8579.5,10436.2998046875,6582.68994140625,33108.19921875,52463.26953125,12902.150390625,12981.9697265625,5692.85986328125
2026-04-03,,,,,53123.48828125,,,
2026-04-06,,,6611.830078125,33182.0,53413.6796875,,,
2026-04-07,8728.7998046875,10348.7998046875,6616.85009765625,33237.5,53429.55859375,13069.66015625,12790.349609375,5633.22021484375
2026-04-08,8951.7998046875,10608.900390625,6782.81005859375,33620.6015625,56308.421875,13253.9404296875,13113.4296875,5913.3701171875
2026-04-09,8973.2001953125,10603.5,6824.66015625,33477.69921875,55895.3203125,13273.8095703125,13159.5595703125,5896.2900390625
2026-04-10,8960.599609375,10600.5,6816.89013671875,33695.80078125,56924.109375,13181.4404296875,13183.2802734375,5926.10986328125
2026-04-13,8926.0,10583.0,6886.240234375,33879.19921875,56502.76953125,13020.1796875,13145.91015625,5905.02001953125
2026-04-14,8970.7998046875,10609.099609375,6967.3798828125,34102.3984375,57877.390625,13017.259765625,13269.76953125,5984.509765625
2026-04-15,8978.7001953125,10559.599609375,7022.9501953125,34156.0,58134.23828125,13076.580078125,13219.580078125,5940.33984375
2026-04-16,8955.0,10590.0,7041.27978515625,34052.19921875,59518.33984375,13066.0595703125,13173.169921875,5933.27978515625
2026-04-17,8946.900390625,10667.599609375,7126.06005859375,34346.30078125,58475.8984375,12905.669921875,13426.7197265625,6057.7099609375
2026-04-20,8953.2998046875,10609.099609375,7109.14013671875,34360.0,58824.890625,12915.4501953125,13284.2197265625,5982.6298828125
2026-04-21,8949.400390625,10498.099609375,7064.009765625,33808.30078125,59349.171875,12932.330078125,13134.1396484375,5930.25
2026-04-22,8843.599609375,10476.5,7137.89990234375,33955.1015625,59585.859375,12945.599609375,13067.6298828125,5906.22021484375
2026-04-23,8793.400390625,10457.0,7108.39990234375,33912.8984375,59140.23046875,12884.9296875,13248.0595703125,5894.72998046875
2026-04-24,8786.5,10379.099609375,7165.080078125,33904.1015625,59716.1796875,12874.9404296875,13169.7001953125,5883.47998046875
2026-04-27,8766.400390625,10321.099609375,7173.91015625,33818.19921875,60537.359375,,13165.23046875,5860.31982421875
2026-04-28,8710.7001953125,10332.7998046875,7138.7998046875,33584.30078125,59917.4609375,12764.400390625,13147.9404296875,5836.10009765625
2026-04-29,8687.0,10213.099609375,7135.9501953125,33318.3984375,,12770.2998046875,13031.900390625,5816.47998046875
2026-04-30,8665.7998046875,10378.7998046875,7209.009765625,33964.30078125,59284.921875,12903.3095703125,13136.26953125,5881.509765625
2026-05-01,8729.7998046875,10363.900390625,7230.1201171875,33891.19921875,59513.12109375,13039.2001953125,,
2026-05-04,8697.099609375,,7200.75,33638.8984375,,13024.25,13003.330078125,5763.60986328125
2026-05-05,8680.5,10219.099609375,7259.22021484375,33566.8984375,,13035.7001953125,13052.169921875,5869.6298828125
2026-05-06,8793.599609375,10438.7001953125,7365.1201171875,33981.80078125,,13145.1904296875,13283.259765625,6027.1298828125
2026-05-07,8878.099609375,10277.0,7337.10986328125,33856.6015625,62833.83984375,13270.6103515625,13135.4296875,5972.64990234375
2026-05-08,8744.400390625,10233.099609375,7398.93017578125,34077.80078125,62713.6484375,13175.1298828125,13100.6298828125,5911.52978515625
2026-05-11,8701.7998046875,10269.400390625,7412.83984375,34138.8984375,62417.87890625,13210.48046875,13101.330078125,5895.4501953125
2026-05-12,8670.7001953125,10265.2998046875,7400.9599609375,34290.69921875,62742.5703125,13080.330078125,13119.5302734375,5808.4501953125
2026-05-13,8630.400390625,10325.400390625,7444.25,34041.3984375,63272.109375,13063.0595703125,13212.9599609375,5861.06982421875
2026-05-14,8640.7001953125,10372.900390625,7501.240234375,34268.30078125,62654.05078125,13025.0703125,,
2026-05-15,8630.7998046875,10195.400390625,7408.5,33833.3984375,61409.2890625,12965.009765625,13220.169921875,5827.759765625
2026-05-18,8505.2998046875,10323.7998046875,7403.0498046875,,60815.94921875,12762.919921875,13240.7001953125,5849.0
2026-05-19,8604.7001953125,10330.599609375,7353.60986328125,33741.19921875,60550.58984375,12974.3203125,13364.7998046875,5851.16015625
2026-05-20,8496.599609375,10432.2998046875,7432.97021484375,34161.80078125,59804.41015625,12761.0302734375,13399.2900390625,5976.06982421875
2026-05-21,8621.7001953125,10443.5,7445.72021484375,34409.5,61684.140625,12878.0703125,13446.4296875,5960.31982421875
2026-05-22,8657.0,10466.2998046875,7473.47021484375,34471.3984375,63339.0703125,12991.3095703125,13503.2099609375,6019.4501953125
2026-05-25,8692.0,,,34724.80078125,65158.19140625,12970.2802734375,,
2026-05-26,8657.7998046875,10491.400390625,7519.1201171875,34653.8984375,64996.08984375,13069.740234375,13525.6796875,6064.14990234375
2026-05-27,8717.7001953125,10505.0,7520.35986328125,34412.1015625,64999.41015625,13227.8095703125,13627.41015625,6070.5400390625
2026-05-28,8592.900390625,10426.0,7563.6298828125,34517.69921875,64693.12109375,13206.1103515625,13504.759765625,6055.10986328125
2026-05-29,8731.7001953125,10409.2998046875,7580.06005859375,34769.1015625,66329.5,13244.5498046875,13542.66015625,6050.5400390625
2026-06-01,8729.400390625,10339.0,7599.9599609375,34734.8984375,66934.328125,,13305.400390625,6034.9501953125
2026-06-02,8724.400390625,10373.5,7609.77978515625,35169.5,66734.2421875,13170.7099609375,13305.7197265625,6107.85009765625
2026-06-03,8785.7001953125,10332.2998046875,7553.68017578125,34801.5,68402.1328125,13115.080078125,13218.3203125,6053.56982421875
2026-06-04,8686.099609375,10360.2998046875,7584.31005859375,35217.1015625,67470.6875,13101.6103515625,13341.26953125,6103.330078125
2026-06-05,8625.099609375,10368.099609375,7383.740234375,34413.5,66588.1171875,13161.9697265625,13388.23046875,6062.06982421875
2026-06-08,,10373.2001953125,7405.72998046875,34478.69921875,64024.6015625,13038.240234375,13320.990234375,6062.2900390625
2026-06-09,8604.2001953125,10227.2998046875,7386.64990234375,34411.69921875,65416.62890625,13204.080078125,13356.3095703125,6049.740234375
2026-06-10,8653.2998046875,10254.7998046875,7266.990234375,34151.30078125,64179.26953125,13253.650390625,13463.330078125,6009.9501953125
2026-06-11,8633.2001953125,10303.900390625,7394.2998046875,34671.5,64217.26953125,13202.16015625,13529.650390625,6056.9599609375
2026-06-12,8804.0,10471.7001953125,7431.4599609375,34937.8984375,66020.0390625,13393.8701171875,13708.01953125,6187.6298828125
2026-06-15,8914.0,10430.599609375,7554.2900390625,35275.6015625,69317.5,13360.58984375,13717.5400390625,6229.43017578125
2026-06-16,8917.7001953125,10494.2001953125,7511.35009765625,35389.6015625,69404.5,13426.1298828125,13761.5302734375,6257.419921875
2026-06-17,8966.2998046875,10508.599609375,7420.10009765625,35125.1015625,69902.25,13392.98046875,13815.240234375,6300.06982421875
2026-06-18,8911.099609375,10399.7001953125,7500.580078125,34969.30078125,71053.4921875,13363.3095703125,13765.830078125,6323.27001953125
2026-06-19,8828.7001953125,10363.2998046875,,34968.8984375,71250.0625,13495.6298828125,13774.01953125,6293.1298828125
2026-06-22,8816.099609375,10437.900390625,7472.7900390625,35002.19921875,72353.9609375,13446.0498046875,13848.509765625,6311.31982421875
2026-06-23,8787.0,10428.900390625,7365.4599609375,34927.3984375,69788.3828125,13435.76953125,13910.7001953125,6230.5498046875
2026-06-24,8808.400390625,10461.599609375,7358.22021484375,34736.1015625,69174.96875,13400.66015625,14117.75,6214.7001953125
2026-06-25,8748.7001953125,10529.900390625,7357.490234375,34850.19921875,72366.34375,13493.0498046875,14231.9599609375,6267.52978515625
2026-06-26,8764.2001953125,10508.0,7354.02001953125,34980.0,69360.8828125,13495.240234375,14172.7099609375,6221.5498046875
2026-06-29,8823.400390625,10484.2001953125,7440.43017578125,34823.80078125,69468.109375,13545.5595703125,14223.900390625,6231.6298828125
2026-06-30,8778.7001953125,10497.099609375,7499.35986328125,34857.0,70062.3203125,13621.66015625,14193.919921875,6328.08984375
2026-07-01,8722.900390625,10478.2998046875,7483.22998046875,,70474.9609375,13610.5,14114.0,6282.5
2026-07-02,8724.5,10652.900390625,7483.240234375,34966.69921875,68733.1484375,13582.1904296875,14352.98046875,6360.47021484375
2026-07-03,8844.400390625,10679.0,,35247.30078125,69744.0703125,13618.419921875,14424.240234375,6412.68017578125
2026-07-06,8831.0,10651.7998046875,7537.43017578125,35212.30078125,69737.6875,13763.099609375,14302.259765625,6398.009765625
2026-07-07,8803.900390625,10665.900390625,7503.85009765625,35272.6015625,68256.9609375,13762.7900390625,14360.4501953125,6319.85986328125
2026-07-08,8785.099609375,10489.0,7482.7099609375,34935.80078125,66819.046875,13665.1796875,14174.349609375,6204.91015625
2026-07-09,8762.5,10472.5,7543.64013671875,35200.5,67743.8515625,13785.669921875,14215.2998046875,6284.27001953125
2026-07-10,8806.0,10497.2998046875,7575.39013671875,35305.30078125,68557.7265625,,14235.08984375,6269.97021484375
2026-07-13,8808.5,10498.2998046875,7515.33984375,35252.69921875,67242.7265625,13723.2001953125,14266.1796875,6271.02001953125
2026-07-14,8808.5,10529.400390625,7543.58984375,35320.5,67743.5,13651.2197265625,14241.76953125,6280.18994140625
2026-07-15,8841.099609375,10515.900390625,7572.39990234375,35416.19921875,68751.5078125,13635.0703125,14307.3095703125,6265.580078125
2026-07-16,8840.7001953125,10572.2001953125,7533.77001953125,35340.19921875,66835.5390625,13614.7802734375,14267.1904296875,6283.60986328125
2026-07-17,8796.7001953125,10600.400390625,7457.68994140625,35263.8984375,64141.12109375,13694.6796875,14343.7001953125,6230.8701171875
2026-07-20,8791.2998046875,10524.7998046875,7443.27978515625,34960.30078125,,13696.0302734375,14254.3603515625,6227.39990234375
2026-07-21,8793.2998046875,10585.900390625,7509.2001953125,35369.1015625,66232.1875,13656.0302734375,14298.259765625,6285.6298828125
2026-07-22,8823.0,10717.0,7498.9599609375,35485.1015625,66115.6015625,13763.1796875,14315.8798828125,6316.990234375
2026-07-23,8839.0,10639.2001953125,7408.2998046875,35192.69921875,66422.6015625,13795.3095703125,14214.9501953125,6210.169921875
2026-07-24,8772.2998046875,10736.2001953125,7411.97998046875,35369.1015625,64611.1484375,13772.2900390625,14327.2001953125,6280.93994140625
2026-07-27,8894.0,10781.7998046875,7413.18017578125,35568.1015625,64931.19140625,13850.6904296875,14421.9697265625,6282.2099609375
2026-07-28,8947.7998046875,10871.0,7428.77978515625,35749.69921875,62364.921875,13861.9296875,14571.330078125,6289.509765625
2026-07-29,9038.599609375,10908.400390625,7316.14990234375,35333.80078125,61434.19140625,13976.669921875,14486.099609375,6248.83984375
2026-07-30,8967.7001953125,10897.2998046875,7437.6298828125,35505.80078125,61867.4296875,13762.7802734375,14392.490234375,6344.39990234375
2026-07-31,8976.7998046875,10868.099609375,7489.72021484375,35226.1015625,64362.01953125,13699.2802734375,14346.1396484375,6358.009765625
2026-08-03,9019.2998046875,10857.7001953125,7600.5,,63754.8984375,13774.9296875,14371.76953125,6426.5
2026-08-04,9145.7998046875,10879.400390625,7736.52001953125,35801.6015625,63957.53125,13903.4599609375,14463.23046875,6486.7001953125
2026-08-05,9227.7998046875,10888.2998046875,7723.5498046875,36146.3984375,66300.4375,13997.1796875,14551.5595703125,6476.97998046875
2026-08-06,9271.599609375,10867.900390625,7709.9599609375,36136.30078125,65683.2578125,13958.0595703125,14518.75,6502.56005859375
2026-08-07,9263.599609375,10901.099609375,7757.64013671875,36381.19921875,65606.7109375,13824.1298828125,14544.91015625,6523.85986328125
2026-08-10,9232.599609375,10862.5,7753.10986328125,36458.30078125,66970.21875,13888.240234375,14633.7001953125,6535.6201171875
2026-08-11,9250.599609375,10844.2001953125,7728.2001953125,36475.8984375,,13860.66015625,14575.25,6551.22021484375
2026-08-12,9209.400390625,10833.2001953125,7748.5,36662.1015625,67524.0625,13737.66015625,14449.4697265625,6533.990234375
2026-08-13,9188.5,10772.7001953125,7798.990234375,36759.30078125,68308.59375,13825.2998046875,14475.1298828125,6545.47021484375
2026-08-14,9115.2001953125,10750.099609375,7785.759765625,36730.30078125,68713.796875,13854.3798828125,14390.669921875,6539.58984375
2026-08-17,9073.2001953125,10720.2998046875,7745.06005859375,36667.8984375,69220.25,13721.98046875,14302.3896484375,6530.4501953125
2026-08-18,9070.0,10728.0,7691.759765625,36367.8984375,67460.7265625,13866.1796875,14320.900390625,6468.169921875
2026-08-19,9053.7998046875,10743.400390625,7707.97998046875,36401.80078125,65326.421875,13929.669921875,14386.580078125,6444.4599609375
2026-08-20,9083.7998046875,10748.2001953125,7641.16015625,36365.3984375,66216.7890625,13919.8203125,14368.16015625,6422.06005859375
2026-08-21,9058.900390625,10816.599609375,7674.3701171875,36620.19921875,66016.359375,13972.66015625,14456.98046875,6462.22021484375
2026-08-24,9103.099609375,10854.2998046875,7652.85986328125,36714.1015625,65528.08984375,13881.8798828125,14447.1904296875,6447.97998046875
2026-08-25,9164.599609375,10886.2001953125,7677.27978515625,36957.6015625,65856.4296875,13992.7197265625,14525.2900390625,6455.6298828125
2026-08-26,9127.7998046875,10878.099609375,7675.7001953125,36813.69921875,66262.15625,14013.2099609375,14542.900390625,6470.740234375
2026-08-27,9038.2001953125,10792.5,7730.990234375,36834.30078125,66131.9765625,13880.0498046875,14384.3701171875,6424.72998046875
2026-08-28,9092.2998046875,10824.2998046875,7711.759765625,36553.8984375,66405.5625,13768.1796875,14399.76953125,6485.669921875
2026-08-31,9076.0,,7686.14013671875,36270.5,66311.9296875,13917.2998046875,14286.4296875,6420.16015625
2026-09-01,9066.7001953125,10789.2998046875,7631.47021484375,35825.69921875,66215.34375,13786.900390625,14334.7900390625,6368.97998046875
2026-09-02,8978.400390625,10756.5,7666.60009765625,36091.6015625,64325.640625,13930.5703125,14362.9697265625,6362.14990234375
2026-09-03,9020.099609375,10831.5,7747.7099609375,36633.1015625,64214.48046875,13846.1796875,14394.76953125,6382.58984375
2026-09-04,9005.900390625,10831.099609375,7718.60009765625,36513.80078125,65020.94140625,13974.1796875,14395.9404296875,6392.93017578125
2026-09-07,9010.900390625,10822.099609375,,,66399.84375,13942.830078125,14279.3798828125,6403.990234375
2026-09-08,8920.7998046875,10811.7001953125,7673.52001953125,36123.1015625,65269.328125,13792.900390625,14057.6103515625,6413.169921875
2026-09-09,8911.400390625,10670.099609375,7636.35986328125,35906.6015625,65142.78125,13819.4296875,13804.7001953125,6311.56005859375
2026-09-10,8819.400390625,10608.900390625,7591.7001953125,35506.30078125,65270.94921875,13711.009765625,13740.099609375,6268.97021484375
2026-09-11,8741.2001953125,10650.400390625,7656.97998046875,35697.5,64011.33984375,13580.330078125,13775.26953125,6325.1298828125
2026-09-14,8749.900390625,10697.599609375,7619.97998046875,35702.5,63492.98828125,13560.6904296875,13878.5400390625,6260.3798828125
2026-09-15,8672.5,10658.099609375,7585.72998046875,35582.1015625,63484.1015625,13575.5302734375,13808.8701171875,6236.5
2026-09-16,8696.5,10688.5,7551.81005859375,35491.30078125,63923.0,13622.7197265625,13868.66015625,6266.5
2026-09-17,8732.400390625,10816.099609375,7637.759765625,35874.30078125,64136.25,13756.58984375,13947.3095703125,6322.89990234375
2026-09-18,8731.2001953125,10659.099609375,7650.5,35806.69921875,65018.94921875,13739.1396484375,13786.7197265625,6236.2001953125
2026-09-21,8731.900390625,10739.0,7764.7001953125,36009.3984375,,13821.2001953125,13956.580078125,6318.2001953125
2026-09-22,8757.7998046875,10708.2998046875,7764.64013671875,36335.6015625,,13875.48046875,13953.3896484375,6324.72021484375
2026-09-23,8765.2998046875,10705.2998046875,7706.02978515625,35751.3984375,,13821.759765625,13921.7197265625,6299.81982421875
2026-09-24,8702.0,10680.0,7704.1298828125,35706.5,65513.98828125,13824.830078125,13905.8203125,6272.5
2026-09-25,8665.0,10695.2998046875,7743.41015625,35800.8984375,66364.203125,13811.1103515625,13945.7099609375,6302.81982421875
2026-09-28,8679.7001953125,10684.900390625,7683.68994140625,35489.8984375,65877.6171875,13830.6796875,13942.91015625,6301.27978515625
2026-09-29,8709.2998046875,10636.7001953125,7670.83984375,35460.30078125,65481.26953125,13683.6298828125,13912.1904296875,6320.259765625
2026-09-30,8789.2998046875,10606.0,7651.5400390625,35235.8984375,66753.71875,13834.3896484375,13830.33984375,6269.02001953125
