symbol,task,horizon,bundle,model,fold,n,accuracy,balanced_accuracy,auc,brier,majority_accuracy,baseline_brier,persistence_accuracy,persistence_balanced_accuracy,positive_rate
EURUSD,direction,4,price,logistic,0,4550,0.5083516483516484,0.5075689935064935,0.5159744124922696,0.24973964387992845,0.5076923076923077,0.24995798547382242,0.48527472527472526,0.4851663961038961,0.5076923076923077
EURUSD,direction,4,price,hist_boost,0,4550,0.5125274725274725,0.5119318181818182,0.5212893282312925,0.2502333437603848,0.5076923076923077,0.24995798547382242,0.48527472527472526,0.4851663961038961,0.5076923076923077
EURUSD,direction,4,price,extra_trees,0,4550,0.5079120879120879,0.507521645021645,0.5143367346938776,0.25049616253165063,0.5076923076923077,0.24995798547382242,0.48527472527472526,0.4851663961038961,0.5076923076923077
EURUSD,direction,4,price,catboost,0,4550,0.5118681318681318,0.5118371212121212,0.5204854669140383,0.2500824016298294,0.5076923076923077,0.24995798547382242,0.48527472527472526,0.4851663961038961,0.5076923076923077
EURUSD,direction,4,price,xgboost,0,4550,0.5147252747252747,0.514745670995671,0.5272738868274582,0.24957858484854933,0.5076923076923077,0.24995798547382242,0.48527472527472526,0.4851663961038961,0.5076923076923077
EURUSD,direction,4,context,logistic,0,4550,0.5178021978021978,0.5170454545454546,0.5252077535559678,0.24977244787952685,0.5076923076923077,0.24995798547382242,0.48527472527472526,0.4851663961038961,0.5076923076923077
EURUSD,direction,4,context,hist_boost,0,4550,0.5068131868131868,0.5063041125541126,0.5169812925170068,0.2505879767926859,0.5076923076923077,0.24995798547382242,0.48527472527472526,0.4851663961038961,0.5076923076923077
EURUSD,direction,4,context,extra_trees,0,4550,0.5221978021978022,0.5216856060606061,0.5261460265924551,0.24952464444368241,0.5076923076923077,0.24995798547382242,0.48527472527472526,0.4851663961038961,0.5076923076923077
EURUSD,direction,4,context,catboost,0,4550,0.5171428571428571,0.5161931818181819,0.5240669449598021,0.2498110425534724,0.5076923076923077,0.24995798547382242,0.48527472527472526,0.4851663961038961,0.5076923076923077
EURUSD,direction,4,context,xgboost,0,4550,0.516043956043956,0.5154085497835498,0.526034419449598,0.25004762338279,0.5076923076923077,0.24995798547382242,0.48527472527472526,0.4851663961038961,0.5076923076923077
EURUSD,direction,4,fomc,logistic,0,4550,0.5215384615384615,0.5203260281385281,0.5250939239332096,0.24983560979374284,0.5076923076923077,0.24995798547382242,0.48527472527472526,0.4851663961038961,0.5076923076923077
EURUSD,direction,4,fomc,hist_boost,0,4550,0.4989010989010989,0.4984239718614719,0.514854089363018,0.2507707521374932,0.5076923076923077,0.24995798547382242,0.48527472527472526,0.4851663961038961,0.5076923076923077
EURUSD,direction,4,fomc,extra_trees,0,4550,0.529010989010989,0.5286728896103896,0.5314902210884354,0.24913240274748336,0.5076923076923077,0.24995798547382242,0.48527472527472526,0.4851663961038961,0.5076923076923077
EURUSD,direction,4,fomc,catboost,0,4550,0.5208791208791209,0.5201163419913419,0.5286537569573284,0.2497041764882148,0.5076923076923077,0.24995798547382242,0.48527472527472526,0.4851663961038961,0.5076923076923077
EURUSD,direction,4,fomc,xgboost,0,4550,0.5125274725274725,0.5119318181818182,0.5238466295609152,0.2502029399080559,0.5076923076923077,0.24995798547382242,0.48527472527472526,0.4851663961038961,0.5076923076923077
EURUSD,direction,4,cot_exploratory,logistic,0,4550,0.5195604395604395,0.5192099567099567,0.5272236394557823,0.24980584780694579,0.5076923076923077,0.24995798547382242,0.48527472527472526,0.4851663961038961,0.5076923076923077
EURUSD,direction,4,cot_exploratory,hist_boost,0,4550,0.5010989010989011,0.5007169913419913,0.5167223252937538,0.2508892783970604,0.5076923076923077,0.24995798547382242,0.48527472527472526,0.4851663961038961,0.5076923076923077
EURUSD,direction,4,cot_exploratory,extra_trees,0,4550,0.5210989010989011,0.5207251082251083,0.5284185606060605,0.24939135691045028,0.5076923076923077,0.24995798547382242,0.48527472527472526,0.4851663961038961,0.5076923076923077
EURUSD,direction,4,cot_exploratory,catboost,0,4550,0.5189010989010989,0.518256222943723,0.5259863945578231,0.2495715977607349,0.5076923076923077,0.24995798547382242,0.48527472527472526,0.4851663961038961,0.5076923076923077
EURUSD,direction,4,cot_exploratory,xgboost,0,4550,0.5184615384615384,0.5181074134199134,0.5234233920841064,0.25033895561931696,0.5076923076923077,0.24995798547382242,0.48527472527472526,0.4851663961038961,0.5076923076923077
EURUSD,high_volatility,4,price,logistic,0,4550,0.7307692307692307,0.5219119226638024,0.7438190578487035,0.1693112858949612,0.7307692307692307,0.1968152043012297,0.650989010989011,0.5570354457572503,0.2692307692307692
EURUSD,high_volatility,4,price,hist_boost,0,4550,0.7470329670329671,0.5833082706766918,0.7648966088691116,0.163758086579931,0.7307692307692307,0.1968152043012297,0.650989010989011,0.5570354457572503,0.2692307692307692
EURUSD,high_volatility,4,price,extra_trees,0,4550,0.7461538461538462,0.6059076262083781,0.7661404940923737,0.1632326830405613,0.7307692307692307,0.1968152043012297,0.650989010989011,0.5570354457572503,0.2692307692307692
EURUSD,high_volatility,4,price,catboost,0,4550,0.7463736263736264,0.5797636949516649,0.7644336964861133,0.1640770614803676,0.7307692307692307,0.1968152043012297,0.650989010989011,0.5570354457572503,0.2692307692307692
EURUSD,high_volatility,4,price,xgboost,0,4550,0.7492307692307693,0.5855853920515575,0.7624505754181372,0.16431517562597123,0.7307692307692307,0.1968152043012297,0.650989010989011,0.5570354457572503,0.2692307692307692
EURUSD,high_volatility,4,context,logistic,0,4550,0.7375824175824176,0.5871535982814178,0.7719478287555622,0.1632671064414691,0.7307692307692307,0.1968152043012297,0.650989010989011,0.5570354457572503,0.2692307692307692
EURUSD,high_volatility,4,context,hist_boost,0,4550,0.7613186813186813,0.6193770139634801,0.7878172165106643,0.15762670986926094,0.7307692307692307,0.1968152043012297,0.650989010989011,0.5570354457572503,0.2692307692307692
EURUSD,high_volatility,4,context,extra_trees,0,4550,0.7534065934065934,0.6090655209452203,0.7815598588307503,0.15908726328401315,0.7307692307692307,0.1968152043012297,0.650989010989011,0.5570354457572503,0.2692307692307692
EURUSD,high_volatility,4,context,catboost,0,4550,0.7617582417582418,0.6111707841031149,0.7863871106337272,0.15819539886658937,0.7307692307692307,0.1968152043012297,0.650989010989011,0.5570354457572503,0.2692307692307692
EURUSD,high_volatility,4,context,xgboost,0,4550,0.7586813186813187,0.6111278195488722,0.7862382077643086,0.1582152854346647,0.7307692307692307,0.1968152043012297,0.650989010989011,0.5570354457572503,0.2692307692307692
EURUSD,high_volatility,4,fomc,logistic,0,4550,0.7395604395604396,0.5983029001074114,0.7719797452815713,0.16312808685201544,0.7307692307692307,0.1968152043012297,0.650989010989011,0.5570354457572503,0.2692307692307692
EURUSD,high_volatility,4,fomc,hist_boost,0,4550,0.7613186813186813,0.6180880773361976,0.7881470615313795,0.1576044545370431,0.7307692307692307,0.1968152043012297,0.650989010989011,0.5570354457572503,0.2692307692307692
EURUSD,high_volatility,4,fomc,extra_trees,0,4550,0.7538461538461538,0.6075617615467239,0.7827407702930796,0.15879721117836934,0.7307692307692307,0.1968152043012297,0.650989010989011,0.5570354457572503,0.2692307692307692
EURUSD,high_volatility,4,fomc,catboost,0,4550,0.7604395604395604,0.6082062298603652,0.786401841338039,0.15812470153626343,0.7307692307692307,0.1968152043012297,0.650989010989011,0.5570354457572503,0.2692307692307692
EURUSD,high_volatility,4,fomc,xgboost,0,4550,0.7602197802197802,0.6116648764769066,0.7864714439159122,0.15826488171366307,0.7307692307692307,0.1968152043012297,0.650989010989011,0.5570354457572503,0.2692307692307692
EURUSD,high_volatility,4,cot_exploratory,logistic,0,4550,0.7417582417582418,0.5972287862513427,0.7716362743593679,0.16323912665203363,0.7307692307692307,0.1968152043012297,0.650989010989011,0.5570354457572503,0.2692307692307692
EURUSD,high_volatility,4,cot_exploratory,hist_boost,0,4550,0.7626373626373626,0.6207948442534909,0.7885191345711217,0.15744139730896298,0.7307692307692307,0.1968152043012297,0.650989010989011,0.5570354457572503,0.2692307692307692
EURUSD,high_volatility,4,cot_exploratory,extra_trees,0,4550,0.7531868131868132,0.6065950590762621,0.7816298296762315,0.15904777498969877,0.7307692307692307,0.1968152043012297,0.650989010989011,0.5570354457572503,0.2692307692307692
EURUSD,high_volatility,4,cot_exploratory,catboost,0,4550,0.7606593406593407,0.6052631578947368,0.7843137640018414,0.1587150114981746,0.7307692307692307,0.1968152043012297,0.650989010989011,0.5570354457572503,0.2692307692307692
EURUSD,high_volatility,4,cot_exploratory,xgboost,0,4550,0.7589010989010989,0.6089581095596134,0.7861233082706767,0.1583364823285188,0.7307692307692307,0.1968152043012297,0.650989010989011,0.5570354457572503,0.2692307692307692
EURUSD,direction,4,price,logistic,1,6105,0.5305487305487305,0.529926643019281,0.5392561269446039,0.2490272571577319,0.5028665028665029,0.24999496767422666,0.4846846846846847,0.4846752598618721,0.5028665028665029
EURUSD,direction,4,price,hist_boost,1,6105,0.5235053235053235,0.523105570730189,0.5338115042205754,0.2492453097273385,0.5028665028665029,0.24999496767422666,0.4846846846846847,0.4846752598618721,0.5028665028665029
EURUSD,direction,4,price,extra_trees,1,6105,0.5161343161343162,0.515911810634884,0.5271514201847072,0.24946956938018294,0.5028665028665029,0.24999496767422666,0.4846846846846847,0.4846752598618721,0.5028665028665029
EURUSD,direction,4,price,catboost,1,6105,0.5257985257985258,0.52553407853007,0.5364619074961496,0.24919512500237984,0.5028665028665029,0.24999496767422666,0.4846846846846847,0.4846752598618721,0.5028665028665029
EURUSD,direction,4,price,xgboost,1,6105,0.5218673218673219,0.5216083799752078,0.5297257833420088,0.24967741597757684,0.5028665028665029,0.24999496767422666,0.4846846846846847,0.4846752598618721,0.5028665028665029
EURUSD,direction,4,context,logistic,1,6105,0.5316953316953317,0.531408539890206,0.5400816747071355,0.2487557086281471,0.5028665028665029,0.24999496767422666,0.4846846846846847,0.4846752598618721,0.5028665028665029
EURUSD,direction,4,context,hist_boost,1,6105,0.5272727272727272,0.5269547998647699,0.5317843937987325,0.2494908538685659,0.5028665028665029,0.24999496767422666,0.4846846846846847,0.4846752598618721,0.5028665028665029
EURUSD,direction,4,context,extra_trees,1,6105,0.5256347256347257,0.5254031414174479,0.5363378392156652,0.24889636440588112,0.5028665028665029,0.24999496767422666,0.4846846846846847,0.4846752598618721,0.5028665028665029
EURUSD,direction,4,context,catboost,1,6105,0.5285831285831286,0.5284493074821974,0.5346678544022238,0.24908790656810642,0.5028665028665029,0.24999496767422666,0.4846846846846847,0.4846752598618721,0.5028665028665029
EURUSD,direction,4,context,xgboost,1,6105,0.5212121212121212,0.5209512795882993,0.5273493820734214,0.24955340977568158,0.5028665028665029,0.24999496767422666,0.4846846846846847,0.4846752598618721,0.5028665028665029
EURUSD,direction,4,fomc,logistic,1,6105,0.5292383292383293,0.5290538183730527,0.5411859467987485,0.24878404848908778,0.5028665028665029,0.24999496767422666,0.4846846846846847,0.4846752598618721,0.5028665028665029
EURUSD,direction,4,fomc,hist_boost,1,6105,0.5284193284193284,0.5280967432076373,0.5356115138798706,0.24935184500870702,0.5028665028665029,0.24999496767422666,0.4846846846846847,0.4846752598618721,0.5028665028665029
EURUSD,direction,4,fomc,extra_trees,1,6105,0.5344799344799345,0.5342786921314309,0.5391017928725134,0.24882911898348278,0.5028665028665029,0.24999496767422666,0.4846846846846847,0.4846752598618721,0.5028665028665029
EURUSD,direction,4,fomc,catboost,1,6105,0.53005733005733,0.5297517024507779,0.5355172284262326,0.24920098233006258,0.5028665028665029,0.24999496767422666,0.4846846846846847,0.4846752598618721,0.5028665028665029
EURUSD,direction,4,fomc,xgboost,1,6105,0.526945126945127,0.5266703872840746,0.5295701613638926,0.24958313283864214,0.5028665028665029,0.24999496767422666,0.4846846846846847,0.4846752598618721,0.5028665028665029
EURUSD,direction,4,cot_exploratory,logistic,1,6105,0.531040131040131,0.5316999286285411,0.5350840626995583,0.28346182948530607,0.5028665028665029,0.24999496767422666,0.4846846846846847,0.4846752598618721,0.5028665028665029
EURUSD,direction,4,cot_exploratory,hist_boost,1,6105,0.5228501228501229,0.5225780658871257,0.5316635452833125,0.249531784698404,0.5028665028665029,0.24999496767422666,0.4846846846846847,0.4846752598618721,0.5028665028665029
EURUSD,direction,4,cot_exploratory,extra_trees,1,6105,0.5305487305487305,0.5303248206322545,0.5374014349419637,0.2488955464899972,0.5028665028665029,0.24999496767422666,0.4846846846846847,0.4846752598618721,0.5028665028665029
EURUSD,direction,4,cot_exploratory,catboost,1,6105,0.5313677313677314,0.5309456986621877,0.5333008494813496,0.2493793797741586,0.5028665028665029,0.24999496767422666,0.4846846846846847,0.4846752598618721,0.5028665028665029
EURUSD,direction,4,cot_exploratory,xgboost,1,6105,0.5190827190827191,0.5188152337817751,0.5305998958942629,0.24951532124346198,0.5028665028665029,0.24999496767422666,0.4846846846846847,0.4846752598618721,0.5028665028665029
EURUSD,high_volatility,4,price,logistic,1,6105,0.7220311220311221,0.5394241833940912,0.7753529526383541,0.1677874620841325,0.7136773136773137,0.20446393413530906,0.6584766584766585,0.5822526311587812,0.2863226863226863
EURUSD,high_volatility,4,price,hist_boost,1,6105,0.7384111384111384,0.5815596853796384,0.7931799429519504,0.1622546662397902,0.7136773136773137,0.20446393413530906,0.6584766584766585,0.5822526311587812,0.2863226863226863
EURUSD,high_volatility,4,price,extra_trees,1,6105,0.743980343980344,0.6138944852676642,0.7928275286513877,0.16172048218931317,0.7136773136773137,0.20446393413530906,0.6584766584766585,0.5822526311587812,0.2863226863226863
EURUSD,high_volatility,4,price,catboost,1,6105,0.742014742014742,0.593676224744736,0.7935869788430622,0.1620019501404733,0.7136773136773137,0.20446393413530906,0.6584766584766585,0.5822526311587812,0.2863226863226863
EURUSD,high_volatility,4,price,xgboost,1,6105,0.7362817362817363,0.5768134499364237,0.7932725764426534,0.16216528231353233,0.7136773136773137,0.20446393413530906,0.6584766584766585,0.5822526311587812,0.2863226863226863
EURUSD,high_volatility,4,context,logistic,1,6105,0.741031941031941,0.6113149937841681,0.8022865175532259,0.1588248351361643,0.7136773136773137,0.20446393413530906,0.6584766584766585,0.5822526311587812,0.2863226863226863
EURUSD,high_volatility,4,context,hist_boost,1,6105,0.7613431613431614,0.6375348015686901,0.8146841086360411,0.15454794883903267,0.7136773136773137,0.20446393413530906,0.6584766584766585,0.5822526311587812,0.2863226863226863
EURUSD,high_volatility,4,context,extra_trees,1,6105,0.7559377559377559,0.6221005257853298,0.8088475422122479,0.1565914701326667,0.7136773136773137,0.20446393413530906,0.6584766584766585,0.5822526311587812,0.2863226863226863
EURUSD,high_volatility,4,context,catboost,1,6105,0.7595413595413596,0.627708298647748,0.8123859971250136,0.1556591142094094,0.7136773136773137,0.20446393413530906,0.6584766584766585,0.5822526311587812,0.2863226863226863
EURUSD,high_volatility,4,context,xgboost,1,6105,0.7593775593775594,0.628278674102906,0.8124236807704166,0.15539940822150394,0.7136773136773137,0.20446393413530906,0.6584766584766585,0.5822526311587812,0.2863226863226863
EURUSD,high_volatility,4,fomc,logistic,1,6105,0.7393939393939394,0.6058853319495864,0.8019788772006854,0.15900180852918885,0.7136773136773137,0.20446393413530906,0.6584766584766585,0.5822526311587812,0.2863226863226863
EURUSD,high_volatility,4,fomc,hist_boost,1,6105,0.7601965601965602,0.6365602132132779,0.814643798952631,0.1544926301170383,0.7136773136773137,0.20446393413530906,0.6584766584766585,0.5822526311587812,0.2863226863226863
EURUSD,high_volatility,4,fomc,extra_trees,1,6105,0.7575757575757576,0.6258173543297327,0.8096357475201009,0.15619502943211752,0.7136773136773137,0.20446393413530906,0.6584766584766585,0.5822526311587812,0.2863226863226863
EURUSD,high_volatility,4,fomc,catboost,1,6105,0.7585585585585586,0.6266771848242314,0.8127557432764236,0.15533672587743583,0.7136773136773137,0.20446393413530906,0.6584766584766585,0.5822526311587812,0.2863226863226863
EURUSD,high_volatility,4,fomc,xgboost,1,6105,0.7603603603603604,0.6310226212166015,0.8131700664230055,0.15513641405631085,0.7136773136773137,0.20446393413530906,0.6584766584766585,0.5822526311587812,0.2863226863226863
EURUSD,high_volatility,4,cot_exploratory,logistic,1,6105,0.7325143325143325,0.5846223022055043,0.7691883284165149,0.16948833121924034,0.7136773136773137,0.20446393413530906,0.6584766584766585,0.5822526311587812,0.2863226863226863
EURUSD,high_volatility,4,cot_exploratory,hist_boost,1,6105,0.7587223587223587,0.6333007091878242,0.8142475298173485,0.1547150781300152,0.7136773136773137,0.20446393413530906,0.6584766584766585,0.5822526311587812,0.2863226863226863
EURUSD,high_volatility,4,cot_exploratory,extra_trees,1,6105,0.7562653562653563,0.6228438914942104,0.8099724055926206,0.1561421563598101,0.7136773136773137,0.20446393413530906,0.6584766584766585,0.5822526311587812,0.2863226863226863
EURUSD,high_volatility,4,cot_exploratory,catboost,1,6105,0.7582309582309582,0.6261051024443687,0.8127641465980465,0.15576815033144487,0.7136773136773137,0.20446393413530906,0.6584766584766585,0.5822526311587812,0.2863226863226863
EURUSD,high_volatility,4,cot_exploratory,xgboost,1,6105,0.7567567567567568,0.6250722816961475,0.812380285492348,0.15562629806710648,0.7136773136773137,0.20446393413530906,0.6584766584766585,0.5822526311587812,0.2863226863226863
EURUSD,direction,24,price,logistic,0,4540,0.5033039647577092,0.5012897092651782,0.49275996618225093,0.25056523082833415,0.5052863436123348,0.2499741595774421,0.48325991189427314,0.48322543380424055,0.5052863436123348
EURUSD,direction,24,price,hist_boost,0,4540,0.513215859030837,0.5115031585746548,0.5206880429103449,0.2500056886182378,0.5052863436123348,0.2499741595774421,0.48325991189427314,0.48322543380424055,0.5052863436123348
EURUSD,direction,24,price,extra_trees,0,4540,0.5174008810572687,0.5152764073066833,0.5152896052344533,0.24992938380528112,0.5052863436123348,0.2499741595774421,0.48325991189427314,0.48322543380424055,0.5052863436123348
EURUSD,direction,24,price,catboost,0,4540,0.5116740088105727,0.5096560309483643,0.5125981984052245,0.25023805738636423,0.5052863436123348,0.2499741595774421,0.48325991189427314,0.48322543380424055,0.5052863436123348
EURUSD,direction,24,price,xgboost,0,4540,0.5055066079295154,0.5036742642737531,0.5056984964454875,0.25073088660172493,0.5052863436123348,0.2499741595774421,0.48325991189427314,0.48322543380424055,0.5052863436123348
EURUSD,direction,24,context,logistic,0,4540,0.49933920704845813,0.4980558287871648,0.4989336850710476,0.25201631885022385,0.5052863436123348,0.2499741595774421,0.48325991189427314,0.48322543380424055,0.5052863436123348
EURUSD,direction,24,context,hist_boost,0,4540,0.5050660792951542,0.503517830012243,0.5124113895011261,0.2513794067413619,0.5052863436123348,0.2499741595774421,0.48325991189427314,0.48322543380424055,0.5052863436123348
EURUSD,direction,24,context,extra_trees,0,4540,0.5110132158590308,0.5085363420468123,0.5062096250158181,0.25055722587581625,0.5052863436123348,0.2499741595774421,0.48325991189427314,0.48322543380424055,0.5052863436123348
EURUSD,direction,24,context,catboost,0,4540,0.512114537444934,0.5102084030429763,0.5164923634460876,0.25078769925872313,0.5052863436123348,0.2499741595774421,0.48325991189427314,0.48322543380424055,0.5052863436123348
EURUSD,direction,24,context,xgboost,0,4540,0.5090308370044053,0.507096409309663,0.5237459833659529,0.2502737160962802,0.5052863436123348,0.2499741595774421,0.48325991189427314,0.48322543380424055,0.5052863436123348
EURUSD,direction,24,fomc,logistic,0,4540,0.502863436123348,0.5012869920447549,0.511460071222229,0.2515294823432504,0.5052863436123348,0.2499741595774421,0.48325991189427314,0.48322543380424055,0.5052863436123348
EURUSD,direction,24,fomc,hist_boost,0,4540,0.5171806167400881,0.5162788675556894,0.5284254251091351,0.2504430805373979,0.5052863436123348,0.2499741595774421,0.48325991189427314,0.48322543380424055,0.5052863436123348
EURUSD,direction,24,fomc,extra_trees,0,4540,0.5008810572687225,0.49909710647078875,0.514477932676594,0.25042750252890267,0.5052863436123348,0.2499741595774421,0.48325991189427314,0.48322543380424055,0.5052863436123348
EURUSD,direction,24,fomc,catboost,0,4540,0.5006607929515419,0.4994101690809817,0.5200249440834854,0.2506905693456905,0.5052863436123348,0.2499741595774421,0.48325991189427314,0.48322543380424055,0.5052863436123348
EURUSD,direction,24,fomc,xgboost,0,4540,0.5204845814977973,0.5204519358642818,0.5319379177241182,0.24973768861144238,0.5052863436123348,0.2499741595774421,0.48325991189427314,0.48322543380424055,0.5052863436123348
EURUSD,direction,24,cot_exploratory,logistic,0,4540,0.5072687224669603,0.5057346937032687,0.5173698315556242,0.25136494600294856,0.5052863436123348,0.2499741595774421,0.48325991189427314,0.48322543380424055,0.5052863436123348
EURUSD,direction,24,cot_exploratory,hist_boost,0,4540,0.521806167400881,0.5204461132490892,0.5397123705729686,0.24979528548434096,0.5052863436123348,0.2499741595774421,0.48325991189427314,0.48322543380424055,0.5052863436123348
EURUSD,direction,24,cot_exploratory,extra_trees,0,4540,0.5099118942731278,0.5082291020518119,0.5282047479933327,0.24972605550955373,0.5052863436123348,0.2499741595774421,0.48325991189427314,0.48322543380424055,0.5052863436123348
EURUSD,direction,24,cot_exploratory,catboost,0,4540,0.5222466960352423,0.521287287057258,0.5292654343942655,0.2503211461426093,0.5052863436123348,0.2499741595774421,0.48325991189427314,0.48322543380424055,0.5052863436123348
EURUSD,direction,24,cot_exploratory,xgboost,0,4540,0.5262114537444934,0.5252152232662387,0.5463368569212651,0.2488191476915194,0.5052863436123348,0.2499741595774421,0.48325991189427314,0.48322543380424055,0.5052863436123348
EURUSD,high_volatility,24,price,logistic,0,4540,0.6790748898678414,0.5017099863201094,0.5168711983637464,0.21810276803422043,0.6779735682819383,0.21974289542433453,0.5962555066079295,0.5384883587597966,0.32202643171806167
EURUSD,high_volatility,24,price,hist_boost,0,4540,0.6777533039647577,0.5012739898080816,0.5344530577088716,0.21805032376362754,0.6779735682819383,0.21974289542433453,0.5962555066079295,0.5384883587597966,0.32202643171806167
EURUSD,high_volatility,24,price,extra_trees,0,4540,0.6781938325991189,0.5003419972640218,0.5345901677231026,0.21803256463987356,0.6779735682819383,0.21974289542433453,0.5962555066079295,0.5384883587597966,0.32202643171806167
EURUSD,high_volatility,24,price,catboost,0,4540,0.6781938325991189,0.5012397678596349,0.528515327432936,0.2180943509009373,0.6779735682819383,0.21974289542433453,0.5962555066079295,0.5384883587597966,0.32202643171806167
EURUSD,high_volatility,24,price,xgboost,0,4540,0.6773127753303965,0.5011286576374056,0.5232351474521537,0.21855678702925477,0.6779735682819383,0.21974289542433453,0.5962555066079295,0.5384883587597966,0.32202643171806167
EURUSD,high_volatility,24,context,logistic,0,4540,0.6931718061674009,0.564356596258341,0.6654111211554752,0.2037559461103074,0.6779735682819383,0.21974289542433453,0.5962555066079295,0.5384883587597966,0.32202643171806167
EURUSD,high_volatility,24,context,hist_boost,0,4540,0.681057268722467,0.5349530537089037,0.6640197989527195,0.20543498881035893,0.6779735682819383,0.21974289542433453,0.5962555066079295,0.5384883587597966,0.32202643171806167
EURUSD,high_volatility,24,context,extra_trees,0,4540,0.6779735682819383,0.5141847754106856,0.6588180627888309,0.2068005275298832,0.6779735682819383,0.21974289542433453,0.5962555066079295,0.5384883587597966,0.32202643171806167
EURUSD,high_volatility,24,context,catboost,0,4540,0.6843612334801762,0.5404421209074771,0.6664297796728738,0.20496799753603775,0.6779735682819383,0.21974289542433453,0.5962555066079295,0.5384883587597966,0.32202643171806167
EURUSD,high_volatility,24,context,xgboost,0,4540,0.6854625550660793,0.5340721718670696,0.6644591287714143,0.20608927734593913,0.6779735682819383,0.21974289542433453,0.5962555066079295,0.5384883587597966,0.32202643171806167
EURUSD,high_volatility,24,fomc,logistic,0,4540,0.6874449339207048,0.5865275300019822,0.667506437726276,0.20596154110234893,0.6779735682819383,0.21974289542433453,0.5962555066079295,0.5384883587597966,0.32202643171806167
EURUSD,high_volatility,24,fomc,hist_boost,0,4540,0.6894273127753304,0.5709318769894285,0.6662010037253034,0.20592044216754388,0.6779735682819383,0.21974289542433453,0.5962555066079295,0.5384883587597966,0.32202643171806167
EURUSD,high_volatility,24,fomc,extra_trees,0,4540,0.68215859030837,0.5300195376214768,0.659917387327568,0.2067478987824786,0.6779735682819383,0.21974289542433453,0.5962555066079295,0.5384883587597966,0.32202643171806167
EURUSD,high_volatility,24,fomc,catboost,0,4540,0.6914096916299559,0.5610819557887982,0.6652993442719124,0.20523613788330186,0.6779735682819383,0.21974289542433453,0.5962555066079295,0.5384883587597966,0.32202643171806167
EURUSD,high_volatility,24,fomc,xgboost,0,4540,0.6784140969162996,0.5497022690485143,0.6654048989830303,0.20604370644191758,0.6779735682819383,0.21974289542433453,0.5962555066079295,0.5384883587597966,0.32202643171806167
EURUSD,high_volatility,24,cot_exploratory,logistic,0,4540,0.690748898678414,0.5839366618400386,0.6662448922630841,0.20533299990653567,0.6779735682819383,0.21974289542433453,0.5962555066079295,0.5384883587597966,0.32202643171806167
EURUSD,high_volatility,24,cot_exploratory,hist_boost,0,4540,0.6751101321585903,0.5549864489972969,0.6509840143501074,0.20835613679306964,0.6779735682819383,0.21974289542433453,0.5962555066079295,0.5384883587597966,0.32202643171806167
EURUSD,high_volatility,24,cot_exploratory,extra_trees,0,4540,0.6801762114537445,0.5170660856935366,0.6504934627189649,0.20844603986343807,0.6779735682819383,0.21974289542433453,0.5962555066079295,0.5384883587597966,0.32202643171806167
EURUSD,high_volatility,24,cot_exploratory,catboost,0,4540,0.6786343612334802,0.5599197428642793,0.6575780727087518,0.20800466476971824,0.6779735682819383,0.21974289542433453,0.5962555066079295,0.5384883587597966,0.32202643171806167
EURUSD,high_volatility,24,cot_exploratory,xgboost,0,4540,0.6762114537444934,0.5389205775242687,0.6542057663538692,0.20748754592149016,0.6779735682819383,0.21974289542433453,0.5962555066079295,0.5384883587597966,0.32202643171806167
EURUSD,direction,24,price,logistic,1,6100,0.4911475409836066,0.4969604384240167,0.4857241449562425,0.25104234939245884,0.48737704918032787,0.2501979416841715,0.5098360655737705,0.5095317402513249,0.48737704918032787
EURUSD,direction,24,price,hist_boost,1,6100,0.5060655737704918,0.5100947973182801,0.5081107324410258,0.25129906456234996,0.48737704918032787,0.2501979416841715,0.5098360655737705,0.5095317402513249,0.48737704918032787
EURUSD,direction,24,price,extra_trees,1,6100,0.49540983606557376,0.5014987784205596,0.5033056812022412,0.2505535692762678,0.48737704918032787,0.2501979416841715,0.5098360655737705,0.5095317402513249,0.48737704918032787
EURUSD,direction,24,price,catboost,1,6100,0.5009836065573771,0.5051876654306195,0.5073260882964268,0.2505276063909334,0.48737704918032787,0.2501979416841715,0.5098360655737705,0.5095317402513249,0.48737704918032787
EURUSD,direction,24,price,xgboost,1,6100,0.5052459016393442,0.509485809337658,0.5092924584774322,0.25090632915876776,0.48737704918032787,0.2501979416841715,0.5098360655737705,0.5095317402513249,0.48737704918032787
EURUSD,direction,24,context,logistic,1,6100,0.5021311475409836,0.505619491315669,0.5005612284357318,0.25111117432767366,0.48737704918032787,0.2501979416841715,0.5098360655737705,0.5095317402513249,0.48737704918032787
EURUSD,direction,24,context,hist_boost,1,6100,0.5080327868852459,0.5090732378637242,0.5059670925979052,0.2527559850397164,0.48737704918032787,0.2501979416841715,0.5098360655737705,0.5095317402513249,0.48737704918032787
EURUSD,direction,24,context,extra_trees,1,6100,0.5036065573770492,0.5068597873344914,0.501997241778716,0.25112603533425076,0.48737704918032787,0.2501979416841715,0.5098360655737705,0.5095317402513249,0.48737704918032787
EURUSD,direction,24,context,catboost,1,6100,0.5003278688524591,0.5016657216945904,0.49708403238140164,0.2526637075994564,0.48737704918032787,0.2501979416841715,0.5098360655737705,0.5095317402513249,0.48737704918032787
EURUSD,direction,24,context,xgboost,1,6100,0.5132786885245901,0.5138255277133903,0.5095052250985874,0.25259528173358675,0.48737704918032787,0.2501979416841715,0.5098360655737705,0.5095317402513249,0.48737704918032787
EURUSD,direction,24,fomc,logistic,1,6100,0.5011475409836066,0.5033597333898703,0.5166757721744932,0.25057276928037353,0.48737704918032787,0.2501979416841715,0.5098360655737705,0.5095317402513249,0.48737704918032787
EURUSD,direction,24,fomc,hist_boost,1,6100,0.5201639344262295,0.520748295258542,0.5206457305602249,0.25175515454077524,0.48737704918032787,0.2501979416841715,0.5098360655737705,0.5095317402513249,0.48737704918032787
EURUSD,direction,24,fomc,extra_trees,1,6100,0.5132786885245901,0.5157967921720815,0.5131590991990488,0.2507361495342237,0.48737704918032787,0.2501979416841715,0.5098360655737705,0.5095317402513249,0.48737704918032787
EURUSD,direction,24,fomc,catboost,1,6100,0.5134426229508197,0.5158407331047113,0.5143690076696021,0.2516979283571906,0.48737704918032787,0.2501979416841715,0.5098360655737705,0.5095317402513249,0.48737704918032787
EURUSD,direction,24,fomc,xgboost,1,6100,0.5170491803278688,0.5178344789707947,0.5270294821606805,0.2509803342291814,0.48737704918032787,0.2501979416841715,0.5098360655737705,0.5095317402513249,0.48737704918032787
EURUSD,direction,24,cot_exploratory,logistic,1,6100,0.5122950819672131,0.5116568786491277,0.5261421657512215,0.28269607617480197,0.48737704918032787,0.2501979416841715,0.5098360655737705,0.5095317402513249,0.48737704918032787
EURUSD,direction,24,cot_exploratory,hist_boost,1,6100,0.5162295081967213,0.5181448622293101,0.5202947409318984,0.2517553807964204,0.48737704918032787,0.2501979416841715,0.5098360655737705,0.5095317402513249,0.48737704918032787
EURUSD,direction,24,cot_exploratory,extra_trees,1,6100,0.5108196721311475,0.5131167179812858,0.5210709411029076,0.24994434164456916,0.48737704918032787,0.2501979416841715,0.5098360655737705,0.5095317402513249,0.48737704918032787
EURUSD,direction,24,cot_exploratory,catboost,1,6100,0.5154098360655738,0.5162603501871819,0.5091469747286392,0.2531172061026448,0.48737704918032787,0.2501979416841715,0.5098360655737705,0.5095317402513249,0.48737704918032787
EURUSD,direction,24,cot_exploratory,xgboost,1,6100,0.5109836065573771,0.5130032890621714,0.5212939803288761,0.2523274937490334,0.48737704918032787,0.2501979416841715,0.5098360655737705,0.5095317402513249,0.48737704918032787
EURUSD,high_volatility,24,price,logistic,1,6100,0.6386885245901639,0.501905757223971,0.574140816273376,0.2287065610228549,0.6373770491803279,0.23130249481623907,0.6257377049180328,0.5951290287172847,0.3626229508196721
EURUSD,high_volatility,24,price,hist_boost,1,6100,0.6426229508196721,0.5098641249748845,0.5516035220346929,0.2291520579412229,0.6373770491803279,0.23130249481623907,0.6257377049180328,0.5951290287172847,0.3626229508196721
EURUSD,high_volatility,24,price,extra_trees,1,6100,0.6404918032786885,0.5047819506768171,0.5677861217154466,0.2289669162322977,0.6373770491803279,0.23130249481623907,0.6257377049180328,0.5951290287172847,0.3626229508196721
EURUSD,high_volatility,24,price,catboost,1,6100,0.6418032786885246,0.5084416091800058,0.569213521085884,0.2284184609390841,0.6373770491803279,0.23130249481623907,0.6257377049180328,0.5951290287172847,0.3626229508196721
EURUSD,high_volatility,24,price,xgboost,1,6100,0.6411475409836066,0.5084144006876075,0.555261727092775,0.22915657337143042,0.6373770491803279,0.23130249481623907,0.6257377049180328,0.5951290287172847,0.3626229508196721
EURUSD,high_volatility,24,context,logistic,1,6100,0.6752459016393443,0.5761851740227268,0.681498318189598,0.20869573475953082,0.6373770491803279,0.23130249481623907,0.6257377049180328,0.5951290287172847,0.3626229508196721
EURUSD,high_volatility,24,context,hist_boost,1,6100,0.659016393442623,0.561602352302071,0.6584813289278831,0.21510471820260121,0.6373770491803279,0.23130249481623907,0.6257377049180328,0.5951290287172847,0.3626229508196721
EURUSD,high_volatility,24,context,extra_trees,1,6100,0.649344262295082,0.5236139482359595,0.6549942234277677,0.21717274996958708,0.6373770491803279,0.23130249481623907,0.6257377049180328,0.5951290287172847,0.3626229508196721
EURUSD,high_volatility,24,context,catboost,1,6100,0.6545901639344263,0.5474118444846293,0.6609031173025548,0.21494948199483704,0.6373770491803279,0.23130249481623907,0.6257377049180328,0.5951290287172847,0.3626229508196721
EURUSD,high_volatility,24,context,xgboost,1,6100,0.6650819672131147,0.5590526607580053,0.6602874379553354,0.2152601892460401,0.6373770491803279,0.23130249481623907,0.6257377049180328,0.5951290287172847,0.3626229508196721
EURUSD,high_volatility,24,fomc,logistic,1,6100,0.6742622950819672,0.5779469820433252,0.6850242597429657,0.20797734602151374,0.6373770491803279,0.23130249481623907,0.6257377049180328,0.5951290287172847,0.3626229508196721
EURUSD,high_volatility,24,fomc,hist_boost,1,6100,0.6595081967213114,0.5684191261283386,0.6579513447041576,0.21555616437725303,0.6373770491803279,0.23130249481623907,0.6257377049180328,0.5951290287172847,0.3626229508196721
EURUSD,high_volatility,24,fomc,extra_trees,1,6100,0.6562295081967213,0.5372000554402101,0.6615237965009413,0.21613995133923433,0.6373770491803279,0.23130249481623907,0.6257377049180328,0.5951290287172847,0.3626229508196721
EURUSD,high_volatility,24,fomc,catboost,1,6100,0.6693442622950819,0.5672682301550094,0.6729726417446178,0.2131402413677365,0.6373770491803279,0.23130249481623907,0.6257377049180328,0.5951290287172847,0.3626229508196721
EURUSD,high_volatility,24,fomc,xgboost,1,6100,0.6649180327868852,0.5635036910529174,0.6583179035600801,0.21573355349556864,0.6373770491803279,0.23130249481623907,0.6257377049180328,0.5951290287172847,0.3626229508196721
EURUSD,high_volatility,24,cot_exploratory,logistic,1,6100,0.6668852459016393,0.562026293170808,0.6170303535150582,0.23656245778058704,0.6373770491803279,0.23130249481623907,0.6257377049180328,0.5951290287172847,0.3626229508196721
EURUSD,high_volatility,24,cot_exploratory,hist_boost,1,6100,0.6491803278688525,0.5495989886812672,0.6512401491304445,0.21662529327625366,0.6373770491803279,0.23130249481623907,0.6257377049180328,0.5951290287172847,0.3626229508196721
EURUSD,high_volatility,24,cot_exploratory,extra_trees,1,6100,0.6468852459016393,0.5187617670915843,0.6563462762038711,0.2169944152502867,0.6373770491803279,0.23130249481623907,0.6257377049180328,0.5951290287172847,0.3626229508196721
EURUSD,high_volatility,24,cot_exploratory,catboost,1,6100,0.66,0.5504864041256446,0.6677633782064162,0.21441908749690194,0.6373770491803279,0.23130249481623907,0.6257377049180328,0.5951290287172847,0.3626229508196721
EURUSD,high_volatility,24,cot_exploratory,xgboost,1,6100,0.6468852459016393,0.539613704522284,0.6478403084745383,0.21776348542615295,0.6373770491803279,0.23130249481623907,0.6257377049180328,0.5951290287172847,0.3626229508196721
EURUSD,direction,72,price,logistic,0,4516,0.478963684676705,0.47913660908948985,0.47785153733965047,0.2514103283578329,0.4991142604074402,0.25001722420139716,0.4849424269264836,0.4849345343027074,0.4991142604074402
EURUSD,direction,72,price,hist_boost,0,4516,0.5104074402125776,0.5106039994131663,0.5069003959558682,0.25090236298045876,0.4991142604074402,0.25001722420139716,0.4849424269264836,0.4849345343027074,0.4991142604074402
EURUSD,direction,72,price,extra_trees,0,4516,0.48782108060230295,0.4880905308727112,0.4847572289208614,0.25102528416603576,0.4991142604074402,0.25001722420139716,0.4849424269264836,0.4849345343027074,0.4991142604074402
EURUSD,direction,72,price,catboost,0,4516,0.4975642161204606,0.4977756412217753,0.4960851599318081,0.25086484650616586,0.4991142604074402,0.25001722420139716,0.4849424269264836,0.4849345343027074,0.4991142604074402
EURUSD,direction,72,price,xgboost,0,4516,0.50022143489814,0.5004069786143035,0.49656696377086185,0.25147815426606807,0.4991142604074402,0.25001722420139716,0.4849424269264836,0.4849345343027074,0.4991142604074402
EURUSD,direction,72,context,logistic,0,4516,0.48294951284322407,0.48301810633144965,0.47824400201782935,0.25335450990076314,0.4991142604074402,0.25001722420139716,0.4849424269264836,0.4849345343027074,0.4991142604074402
EURUSD,direction,72,context,hist_boost,0,4516,0.4895925597874225,0.4898635846911709,0.4915538698468662,0.2541894522404098,0.4991142604074402,0.25001722420139716,0.4849424269264836,0.4849345343027074,0.4991142604074402
EURUSD,direction,72,context,extra_trees,0,4516,0.4842781222320638,0.4845914954610607,0.48472153248336586,0.2527405248838555,0.4991142604074402,0.25001722420139716,0.4849424269264836,0.4849345343027074,0.4991142604074402
EURUSD,direction,72,context,catboost,0,4516,0.4953498671390611,0.4956122802021281,0.5003644174772895,0.2531583454656585,0.4991142604074402,0.25001722420139716,0.4849424269264836,0.4849345343027074,0.4991142604074402
EURUSD,direction,72,context,xgboost,0,4516,0.49069973427812225,0.4909099610320429,0.5000516813806598,0.2527472203490953,0.4991142604074402,0.25001722420139716,0.4849424269264836,0.4849345343027074,0.4991142604074402
EURUSD,direction,72,fomc,logistic,0,4516,0.4980070859167405,0.4976920880219231,0.5107954264625929,0.25215114235200237,0.4991142604074402,0.25001722420139716,0.4849424269264836,0.4849345343027074,0.4991142604074402
EURUSD,direction,72,fomc,hist_boost,0,4516,0.5017714791851196,0.5014325647223484,0.5090462029581755,0.2549348375267839,0.4991142604074402,0.25001722420139716,0.4849424269264836,0.4849345343027074,0.4991142604074402
EURUSD,direction,72,fomc,extra_trees,0,4516,0.5048715677590788,0.5045059887638599,0.508597153542538,0.25158796743689593,0.4991142604074402,0.25001722420139716,0.4849424269264836,0.4849345343027074,0.4991142604074402
EURUSD,direction,72,fomc,catboost,0,4516,0.49269264836138177,0.4922834893385333,0.5138721847867275,0.2546037910985942,0.4991142604074402,0.25001722420139716,0.4849424269264836,0.4849345343027074,0.4991142604074402
EURUSD,direction,72,fomc,xgboost,0,4516,0.4980070859167405,0.49754381051232627,0.5096508849186082,0.25601476884087626,0.4991142604074402,0.25001722420139716,0.4849424269264836,0.4849345343027074,0.4991142604074402
EURUSD,direction,72,cot_exploratory,logistic,0,4516,0.5066430469441984,0.5064987129669074,0.5259285584837095,0.2529014242713957,0.4991142604074402,0.25001722420139716,0.4849424269264836,0.4849345343027074,0.4991142604074402
EURUSD,direction,72,cot_exploratory,hist_boost,0,4516,0.48294951284322407,0.48265957288231864,0.4808515090963153,0.26234001460350337,0.4991142604074402,0.25001722420139716,0.4849424269264836,0.4849345343027074,0.4991142604074402
EURUSD,direction,72,cot_exploratory,extra_trees,0,4516,0.5046501328609388,0.5043602609997984,0.5131076533946528,0.25119137551086534,0.4991142604074402,0.25001722420139716,0.4849424269264836,0.4849345343027074,0.4991142604074402
EURUSD,direction,72,cot_exploratory,catboost,0,4516,0.49822852081488045,0.4979978613518986,0.5039965299924606,0.2553904237283721,0.4991142604074402,0.25001722420139716,0.4849424269264836,0.4849345343027074,0.4991142604074402
EURUSD,direction,72,cot_exploratory,xgboost,0,4516,0.4893711248892825,0.4890258952156575,0.48390463324067945,0.26172513080386123,0.4991142604074402,0.25001722420139716,0.4849424269264836,0.4849345343027074,0.4991142604074402
EURUSD,high_volatility,72,price,logistic,0,4516,0.6131532329495128,0.5001370848685598,0.49324417647764257,0.23810322582577745,0.6133746678476528,0.23725865944494154,0.6065101860053145,0.5902107343861782,0.38662533215234723
EURUSD,high_volatility,72,price,hist_boost,0,4516,0.6073959255978743,0.5061361502929853,0.5245821289300765,0.23790324405572777,0.6133746678476528,0.23725865944494154,0.6065101860053145,0.5902107343861782,0.38662533215234723
EURUSD,high_volatility,72,price,extra_trees,0,4516,0.6127103631532329,0.4998819374661423,0.5413452512395532,0.23632526219551048,0.6133746678476528,0.23725865944494154,0.6065101860053145,0.5902107343861782,0.38662533215234723
EURUSD,high_volatility,72,price,catboost,0,4516,0.6120460584588131,0.5027280509136923,0.5410384127102278,0.23641558708756252,0.6133746678476528,0.23725865944494154,0.6065101860053145,0.5902107343861782,0.38662533215234723
EURUSD,high_volatility,72,price,xgboost,0,4516,0.6116031886625333,0.5045901720694232,0.5300698657271288,0.23735996526463948,0.6133746678476528,0.23725865944494154,0.6065101860053145,0.5902107343861782,0.38662533215234723
EURUSD,high_volatility,72,context,logistic,0,4516,0.6388396811337467,0.591898346297468,0.6492922450903769,0.22230007048646178,0.6133746678476528,0.23725865944494154,0.6065101860053145,0.5902107343861782,0.38662533215234723
EURUSD,high_volatility,72,context,hist_boost,0,4516,0.6507971656333038,0.5999518238697219,0.6728601941105198,0.21666665706459007,0.6133746678476528,0.23725865944494154,0.6065101860053145,0.5902107343861782,0.38662533215234723
EURUSD,high_volatility,72,context,extra_trees,0,4516,0.6476970770593445,0.5953074794992991,0.6753365092361705,0.21961271537785762,0.6133746678476528,0.23725865944494154,0.6065101860053145,0.5902107343861782,0.38662533215234723
EURUSD,high_volatility,72,context,catboost,0,4516,0.654118689105403,0.606788078785548,0.6758358455221011,0.2171801361421938,0.6133746678476528,0.23725865944494154,0.6065101860053145,0.5902107343861782,0.38662533215234723
EURUSD,high_volatility,72,context,xgboost,0,4516,0.6514614703277236,0.6025047452454502,0.6786356437199416,0.2162321604113299,0.6133746678476528,0.23725865944494154,0.6065101860053145,0.5902107343861782,0.38662533215234723
EURUSD,high_volatility,72,fomc,logistic,0,4516,0.6129317980513729,0.6010561531049826,0.650827471559542,0.2277506444242705,0.6133746678476528,0.23725865944494154,0.6065101860053145,0.5902107343861782,0.38662533215234723
EURUSD,high_volatility,72,fomc,hist_boost,0,4516,0.6211248892825509,0.617474288833476,0.6530200023984684,0.23037750050134648,0.6133746678476528,0.23725865944494154,0.6065101860053145,0.5902107343861782,0.38662533215234723
EURUSD,high_volatility,72,fomc,extra_trees,0,4516,0.6392825509300266,0.5905655422812741,0.6650704446677502,0.22187496746605453,0.6133746678476528,0.23725865944494154,0.6065101860053145,0.5902107343861782,0.38662533215234723
EURUSD,high_volatility,72,fomc,catboost,0,4516,0.6428255093002657,0.6269064721426179,0.673905905607867,0.22438417257329607,0.6133746678476528,0.23725865944494154,0.6065101860053145,0.5902107343861782,0.38662533215234723
EURUSD,high_volatility,72,fomc,xgboost,0,4516,0.6286536758193091,0.6073085050512569,0.6567870449630098,0.225922043137774,0.6133746678476528,0.23725865944494154,0.6065101860053145,0.5902107343861782,0.38662533215234723
EURUSD,high_volatility,72,cot_exploratory,logistic,0,4516,0.6127103631532329,0.5998170134107459,0.644976863051596,0.22867252008721203,0.6133746678476528,0.23725865944494154,0.6065101860053145,0.5902107343861782,0.38662533215234723
EURUSD,high_volatility,72,cot_exploratory,hist_boost,0,4516,0.5992028343666962,0.5853126899648914,0.64239799273016,0.23151653835072822,0.6133746678476528,0.23725865944494154,0.6065101860053145,0.5902107343861782,0.38662533215234723
EURUSD,high_volatility,72,cot_exploratory,extra_trees,0,4516,0.6419397697077059,0.585003577025982,0.6493739170708912,0.2244609307090401,0.6133746678476528,0.23725865944494154,0.6065101860053145,0.5902107343861782,0.38662533215234723
EURUSD,high_volatility,72,cot_exploratory,catboost,0,4516,0.6131532329495128,0.58175778778518,0.6285659640808697,0.23021748101001666,0.6133746678476528,0.23725865944494154,0.6065101860053145,0.5902107343861782,0.38662533215234723
EURUSD,high_volatility,72,cot_exploratory,xgboost,0,4516,0.6231178033658105,0.5952795662907688,0.6509315774891345,0.2264499969762352,0.6133746678476528,0.23725865944494154,0.6065101860053145,0.5902107343861782,0.38662533215234723
EURUSD,direction,72,price,logistic,1,6088,0.48291721419185285,0.4842723166887736,0.4733140237279563,0.25103020812694116,0.4781537450722733,0.2500751500437561,0.4944152431011827,0.49341945560061273,0.4781537450722733
EURUSD,direction,72,price,hist_boost,1,6088,0.48981603153745074,0.4968648653090688,0.47993614357402004,0.2539143872760721,0.4781537450722733,0.2500751500437561,0.4944152431011827,0.49341945560061273,0.4781537450722733
EURUSD,direction,72,price,extra_trees,1,6088,0.49030880420499345,0.49766777422791586,0.48503646150454244,0.2507667555879835,0.4781537450722733,0.2500751500437561,0.4944152431011827,0.49341945560061273,0.4781537450722733
EURUSD,direction,72,price,catboost,1,6088,0.49178712220762155,0.4975885700284605,0.49029670163437455,0.2514041319474193,0.4781537450722733,0.2500751500437561,0.4944152431011827,0.49341945560061273,0.4781537450722733
EURUSD,direction,72,price,xgboost,1,6088,0.49490801576872534,0.5008232911599355,0.49019522294333184,0.2521776984407829,0.4781537450722733,0.2500751500437561,0.4944152431011827,0.49341945560061273,0.4781537450722733
EURUSD,direction,72,context,logistic,1,6088,0.5205321944809461,0.5232175892361006,0.5147835043765592,0.250511462110739,0.4781537450722733,0.2500751500437561,0.4944152431011827,0.49341945560061273,0.4781537450722733
EURUSD,direction,72,context,hist_boost,1,6088,0.4980289093298292,0.49867947947324504,0.5065445375756076,0.2544102376657887,0.4781537450722733,0.2500751500437561,0.4944152431011827,0.49341945560061273,0.4781537450722733
EURUSD,direction,72,context,extra_trees,1,6088,0.5050919842312747,0.5078772766341556,0.5063759650883026,0.2520527748690953,0.4781537450722733,0.2500751500437561,0.4944152431011827,0.49341945560061273,0.4781537450722733
EURUSD,direction,72,context,catboost,1,6088,0.4940867279894875,0.49399632168128726,0.5074095663751196,0.2527898946185157,0.4781537450722733,0.2500751500437561,0.4944152431011827,0.49341945560061273,0.4781537450722733
EURUSD,direction,72,context,xgboost,1,6088,0.5159329829172142,0.516265460903023,0.5141114310636383,0.25395443210146257,0.4781537450722733,0.2500751500437561,0.4944152431011827,0.49341945560061273,0.4781537450722733
EURUSD,direction,72,fomc,logistic,1,6088,0.5405716162943496,0.5437555355085132,0.5444530190424196,0.24996071238673362,0.4781537450722733,0.2500751500437561,0.4944152431011827,0.49341945560061273,0.4781537450722733
EURUSD,direction,72,fomc,hist_boost,1,6088,0.5287450722733246,0.5285699549330808,0.5516530321908574,0.2500428044761317,0.4781537450722733,0.2500751500437561,0.4944152431011827,0.49341945560061273,0.4781537450722733
EURUSD,direction,72,fomc,extra_trees,1,6088,0.5407358738501971,0.5394979178216153,0.5592618795756644,0.24814667562126375,0.4781537450722733,0.2500751500437561,0.4944152431011827,0.49341945560061273,0.4781537450722733
EURUSD,direction,72,fomc,catboost,1,6088,0.5284165571616294,0.5297508273730146,0.5520262380535468,0.24964497077426906,0.4781537450722733,0.2500751500437561,0.4944152431011827,0.49341945560061273,0.4781537450722733
EURUSD,direction,72,fomc,xgboost,1,6088,0.5246386333771353,0.523830083690455,0.5311521740282239,0.25323315176730865,0.4781537450722733,0.2500751500437561,0.4944152431011827,0.49341945560061273,0.4781537450722733
EURUSD,direction,72,cot_exploratory,logistic,1,6088,0.5039421813403416,0.513635394902407,0.5225873616913562,0.2914590554013279,0.4781537450722733,0.2500751500437561,0.4944152431011827,0.49341945560061273,0.4781537450722733
EURUSD,direction,72,cot_exploratory,hist_boost,1,6088,0.5236530880420499,0.5279910884733074,0.5115120195211049,0.2667476252704539,0.4781537450722733,0.2500751500437561,0.4944152431011827,0.49341945560061273,0.4781537450722733
EURUSD,direction,72,cot_exploratory,extra_trees,1,6088,0.5326872536136662,0.5313404259207177,0.5469962037129847,0.24882990737817284,0.4781537450722733,0.2500751500437561,0.4944152431011827,0.49341945560061273,0.4781537450722733
EURUSD,direction,72,cot_exploratory,catboost,1,6088,0.5108409986859396,0.5155284023015388,0.5144686879578367,0.2590765309763747,0.4781537450722733,0.2500751500437561,0.4944152431011827,0.49341945560061273,0.4781537450722733
EURUSD,direction,72,cot_exploratory,xgboost,1,6088,0.5111695137976346,0.5162889788735098,0.5115183450442014,0.2656072147214709,0.4781537450722733,0.2500751500437561,0.4944152431011827,0.49341945560061273,0.4781537450722733
EURUSD,high_volatility,72,price,logistic,1,6088,0.5928055190538765,0.5,0.5317413292996722,0.24077698430546907,0.5928055190538765,0.24156351133685822,0.6210578186596584,0.6104102949117279,0.40719448094612354
EURUSD,high_volatility,72,price,hist_boost,1,6088,0.6018396846254928,0.5193029036033465,0.5349062353752122,0.23961396903095955,0.5928055190538765,0.24156351133685822,0.6210578186596584,0.6104102949117279,0.40719448094612354
EURUSD,high_volatility,72,price,extra_trees,1,6088,0.6011826544021025,0.5109179227986687,0.5426156047736426,0.23908438184423844,0.5928055190538765,0.24156351133685822,0.6210578186596584,0.6104102949117279,0.40719448094612354
EURUSD,high_volatility,72,price,catboost,1,6088,0.6066031537450722,0.5205419622920646,0.5374760624323285,0.23880567798941355,0.5928055190538765,0.24156351133685822,0.6210578186596584,0.6104102949117279,0.40719448094612354
EURUSD,high_volatility,72,price,xgboost,1,6088,0.6049605781865965,0.5204195709462394,0.5327067678837508,0.23930728160097475,0.5928055190538765,0.24156351133685822,0.6210578186596584,0.6104102949117279,0.40719448094612354
EURUSD,high_volatility,72,context,logistic,1,6088,0.6453679369250985,0.6194841322135028,0.6933466387815589,0.21594241787082297,0.5928055190538765,0.24156351133685822,0.6210578186596584,0.6104102949117279,0.40719448094612354
EURUSD,high_volatility,72,context,hist_boost,1,6088,0.6392904073587385,0.6130318728301383,0.6686819882747972,0.2225066605848441,0.5928055190538765,0.24156351133685822,0.6210578186596584,0.6104102949117279,0.40719448094612354
EURUSD,high_volatility,72,context,extra_trees,1,6088,0.636826544021025,0.5942816863090805,0.6700754053640494,0.2221506455618781,0.5928055190538765,0.24156351133685822,0.6210578186596584,0.6104102949117279,0.40719448094612354
EURUSD,high_volatility,72,context,catboost,1,6088,0.6332128777923784,0.6072742821356362,0.6734176391748878,0.2212571515195068,0.5928055190538765,0.24156351133685822,0.6210578186596584,0.6104102949117279,0.40719448094612354
EURUSD,high_volatility,72,context,xgboost,1,6088,0.6360052562417872,0.6008514190298535,0.659922959398152,0.2246439992690138,0.5928055190538765,0.24156351133685822,0.6210578186596584,0.6104102949117279,0.40719448094612354
EURUSD,high_volatility,72,fomc,logistic,1,6088,0.6741130091984231,0.645749929778664,0.7203922201130674,0.20958640900154368,0.5928055190538765,0.24156351133685822,0.6210578186596584,0.6104102949117279,0.40719448094612354
EURUSD,high_volatility,72,fomc,hist_boost,1,6088,0.6456964520367937,0.6148985364565815,0.6862819755773938,0.21744928151368043,0.5928055190538765,0.24156351133685822,0.6210578186596584,0.6104102949117279,0.40719448094612354
EURUSD,high_volatility,72,fomc,extra_trees,1,6088,0.6494743758212878,0.603686427336258,0.6961378321038871,0.2178075217676989,0.5928055190538765,0.24156351133685822,0.6210578186596584,0.6104102949117279,0.40719448094612354
EURUSD,high_volatility,72,fomc,catboost,1,6088,0.6466819973718791,0.6174348875245886,0.6857840831116597,0.2174096552710857,0.5928055190538765,0.24156351133685822,0.6210578186596584,0.6104102949117279,0.40719448094612354
EURUSD,high_volatility,72,fomc,xgboost,1,6088,0.6580157687253614,0.6249734679034563,0.6904602708190754,0.21669931746142967,0.5928055190538765,0.24156351133685822,0.6210578186596584,0.6104102949117279,0.40719448094612354
EURUSD,high_volatility,72,cot_exploratory,logistic,1,6088,0.6545663600525624,0.6139806572493511,0.6317976516733357,0.2497378103462966,0.5928055190538765,0.24156351133685822,0.6210578186596584,0.6104102949117279,0.40719448094612354
EURUSD,high_volatility,72,cot_exploratory,hist_boost,1,6088,0.6294349540078844,0.6014354325293396,0.646317847977877,0.22707110362638674,0.5928055190538765,0.24156351133685822,0.6210578186596584,0.6104102949117279,0.40719448094612354
EURUSD,high_volatility,72,cot_exploratory,extra_trees,1,6088,0.6407687253613666,0.5908494752987997,0.6836914705303435,0.22105228795545565,0.5928055190538765,0.24156351133685822,0.6210578186596584,0.6104102949117279,0.40719448094612354
EURUSD,high_volatility,72,cot_exploratory,catboost,1,6088,0.6302562417871223,0.5833720905928447,0.6623271948764189,0.22286994623009312,0.5928055190538765,0.24156351133685822,0.6210578186596584,0.6104102949117279,0.40719448094612354
EURUSD,high_volatility,72,cot_exploratory,xgboost,1,6088,0.6312417871222076,0.5936129489373245,0.6640422385388328,0.22331297315667376,0.5928055190538765,0.24156351133685822,0.6210578186596584,0.6104102949117279,0.40719448094612354
GBPUSD,direction,4,price,logistic,0,4671,0.5210875615499893,0.5211015501899445,0.5258416351926686,0.2495704229390242,0.4883322628987369,0.2500175045513684,0.4932562620423892,0.4930851366298639,0.5116677371012631
GBPUSD,direction,4,price,hist_boost,0,4671,0.50974095482766,0.5092938940749396,0.523223775082132,0.24956434848849843,0.4883322628987369,0.2500175045513684,0.4932562620423892,0.4930851366298639,0.5116677371012631
GBPUSD,direction,4,price,extra_trees,0,4671,0.5031042603296939,0.5033883692647466,0.5044577820415695,0.2502241691073308,0.4883322628987369,0.2500175045513684,0.4932562620423892,0.4930851366298639,0.5116677371012631
GBPUSD,direction,4,price,catboost,0,4671,0.5093127809890816,0.510425031963152,0.5239339348703773,0.24917637361744233,0.4883322628987369,0.2500175045513684,0.4932562620423892,0.4930851366298639,0.5116677371012631
GBPUSD,direction,4,price,xgboost,0,4671,0.5195889531149647,0.5197070946274389,0.5280867600094651,0.2495167318335758,0.4883322628987369,0.2500175045513684,0.4932562620423892,0.4930851366298639,0.5116677371012631
GBPUSD,direction,4,context,logistic,0,4671,0.5172339970027832,0.5177457402335832,0.5219136068559814,0.24981400535304332,0.4883322628987369,0.2500175045513684,0.4932562620423892,0.4930851366298639,0.5116677371012631
GBPUSD,direction,4,context,hist_boost,0,4671,0.5215157353885678,0.5218998494017342,0.5306796732696333,0.24927201534618046,0.4883322628987369,0.2500175045513684,0.4932562620423892,0.4930851366298639,0.5116677371012631
GBPUSD,direction,4,context,extra_trees,0,4671,0.5099550417469493,0.5103828424367937,0.515945806636229,0.2496801448651948,0.4883322628987369,0.2500175045513684,0.4932562620423892,0.4930851366298639,0.5116677371012631
GBPUSD,direction,4,context,catboost,0,4671,0.5230143438235924,0.523024383711908,0.536647656922109,0.24877395740891958,0.4883322628987369,0.2500175045513684,0.4932562620423892,0.4930851366298639,0.5116677371012631
GBPUSD,direction,4,context,xgboost,0,4671,0.5114536501819739,0.5115773563309054,0.5306969159456232,0.2493825833096846,0.4883322628987369,0.2500175045513684,0.4932562620423892,0.4930851366298639,0.5116677371012631
GBPUSD,direction,4,fomc,logistic,0,4671,0.5176621708413616,0.5178342465225741,0.5237257387294348,0.2496426127509311,0.4883322628987369,0.2500175045513684,0.4932562620423892,0.4930851366298639,0.5116677371012631
GBPUSD,direction,4,fomc,hist_boost,0,4671,0.5215157353885678,0.5218198727343766,0.5295648608937943,0.24937972662596025,0.4883322628987369,0.2500175045513684,0.4932562620423892,0.4930851366298639,0.5116677371012631
GBPUSD,direction,4,fomc,extra_trees,0,4671,0.5084564333119247,0.5091383431255836,0.5210718340887704,0.24937910174343658,0.4883322628987369,0.2500175045513684,0.4932562620423892,0.4930851366298639,0.5116677371012631
GBPUSD,direction,4,fomc,catboost,0,4671,0.5223720830657247,0.5226866840683178,0.536867959622789,0.24873335341604463,0.4883322628987369,0.2500175045513684,0.4932562620423892,0.4930851366298639,0.5116677371012631
GBPUSD,direction,4,fomc,xgboost,0,4671,0.50974095482766,0.510243616999811,0.5296052160929197,0.24942800604405155,0.4883322628987369,0.2500175045513684,0.4932562620423892,0.4930851366298639,0.5116677371012631
GBPUSD,direction,4,cot_exploratory,logistic,0,4671,0.5129522586169984,0.511372278546259,0.5186000781423401,0.2498742272833325,0.4883322628987369,0.2500175045513684,0.4932562620423892,0.4930851366298639,0.5116677371012631
GBPUSD,direction,4,cot_exploratory,hist_boost,0,4671,0.5114536501819739,0.5119172571671751,0.524617313481021,0.2498093745945443,0.4883322628987369,0.2500175045513684,0.4932562620423892,0.4930851366298639,0.5116677371012631
GBPUSD,direction,4,cot_exploratory,extra_trees,0,4671,0.513380432455577,0.5143899302772219,0.5203256297703973,0.24958473939092307,0.4883322628987369,0.2500175045513684,0.4932562620423892,0.4930851366298639,0.5116677371012631
GBPUSD,direction,4,cot_exploratory,catboost,0,4671,0.5202312138728323,0.5208645551114446,0.5309210707334925,0.24930314340870025,0.4883322628987369,0.2500175045513684,0.4932562620423892,0.4930851366298639,0.5116677371012631
GBPUSD,direction,4,cot_exploratory,xgboost,0,4671,0.5165917362449154,0.5173980435065733,0.5265743572058794,0.24971268312477793,0.4883322628987369,0.2500175045513684,0.4932562620423892,0.4930851366298639,0.5116677371012631
GBPUSD,high_volatility,4,price,logistic,0,4671,0.7244701348747592,0.6242204544449329,0.7659819814290111,0.165732853341738,0.7165489188610575,0.2033256957651013,0.6647398843930635,0.588019482658863,0.2834510811389424
GBPUSD,high_volatility,4,price,hist_boost,0,4671,0.7161207450224791,0.6391656369007914,0.7729983427464013,0.16321636369103548,0.7165489188610575,0.2033256957651013,0.6647398843930635,0.588019482658863,0.2834510811389424
GBPUSD,high_volatility,4,price,extra_trees,0,4671,0.7278955255833869,0.651262301903585,0.7745886878902242,0.1622174516053585,0.7165489188610575,0.2033256957651013,0.6647398843930635,0.588019482658863,0.2834510811389424
GBPUSD,high_volatility,4,price,catboost,0,4671,0.7236137871976023,0.6466767597262102,0.7761825307778892,0.1621379173897039,0.7165489188610575,0.2033256957651013,0.6647398843930635,0.588019482658863,0.2834510811389424
GBPUSD,high_volatility,4,price,xgboost,0,4671,0.7167630057803468,0.6412115913876971,0.7711728589520127,0.16371336855599958,0.7165489188610575,0.2033256957651013,0.6647398843930635,0.588019482658863,0.2834510811389424
GBPUSD,high_volatility,4,context,logistic,0,4671,0.7495183044315993,0.6464921691156891,0.8035827277347167,0.1558450663391982,0.7165489188610575,0.2033256957651013,0.6647398843930635,0.588019482658863,0.2834510811389424
GBPUSD,high_volatility,4,context,hist_boost,0,4671,0.7587240419610362,0.6679807276570893,0.8085658844056588,0.1549177791640288,0.7165489188610575,0.2033256957651013,0.6647398843930635,0.588019482658863,0.2834510811389424
GBPUSD,high_volatility,4,context,extra_trees,0,4671,0.7433097837722115,0.6585943628103628,0.7974400125647986,0.15824414831870715,0.7165489188610575,0.2033256957651013,0.6647398843930635,0.588019482658863,0.2834510811389424
GBPUSD,high_volatility,4,context,catboost,0,4671,0.7516591736244915,0.6559750039941978,0.8039640946439839,0.15614894362035328,0.7165489188610575,0.2033256957651013,0.6647398843930635,0.588019482658863,0.2834510811389424
GBPUSD,high_volatility,4,context,xgboost,0,4671,0.7548704774138301,0.6659765204353991,0.8056980729462376,0.15575293897040512,0.7165489188610575,0.2033256957651013,0.6647398843930635,0.588019482658863,0.2834510811389424
GBPUSD,high_volatility,4,fomc,logistic,0,4671,0.7518732605437808,0.6643416072651975,0.8040712835681861,0.15581604335715585,0.7165489188610575,0.2033256957651013,0.6647398843930635,0.588019482658863,0.2834510811389424
GBPUSD,high_volatility,4,fomc,hist_boost,0,4671,0.7555127381716977,0.677380970648739,0.8093272642588349,0.15474369321951933,0.7165489188610575,0.2033256957651013,0.6647398843930635,0.588019482658863,0.2834510811389424
GBPUSD,high_volatility,4,fomc,extra_trees,0,4671,0.7396703061442946,0.6601633829997915,0.7970852736409121,0.15834872100829944,0.7165489188610575,0.2033256957651013,0.6647398843930635,0.588019482658863,0.2834510811389424
GBPUSD,high_volatility,4,fomc,catboost,0,4671,0.7540141297366731,0.6715418822104298,0.8065343722159087,0.1558545603234277,0.7165489188610575,0.2033256957651013,0.6647398843930635,0.588019482658863,0.2834510811389424
GBPUSD,high_volatility,4,fomc,xgboost,0,4671,0.755726825090987,0.6763890781933047,0.8051069542368735,0.1559779449084949,0.7165489188610575,0.2033256957651013,0.6647398843930635,0.588019482658863,0.2834510811389424
GBPUSD,high_volatility,4,cot_exploratory,logistic,0,4671,0.7499464782701777,0.6659644475776205,0.8032654485190778,0.15627702109893513,0.7165489188610575,0.2033256957651013,0.6647398843930635,0.588019482658863,0.2834510811389424
GBPUSD,high_volatility,4,cot_exploratory,hist_boost,0,4671,0.7550845643331192,0.6768539396330031,0.8087085020900712,0.1549879395610686,0.7165489188610575,0.2033256957651013,0.6647398843930635,0.588019482658863,0.2834510811389424
GBPUSD,high_volatility,4,cot_exploratory,extra_trees,0,4671,0.7381716977092699,0.6566068544947588,0.7978227334394239,0.1581300005930024,0.7165489188610575,0.2033256957651013,0.6647398843930635,0.588019482658863,0.2834510811389424
GBPUSD,high_volatility,4,cot_exploratory,catboost,0,4671,0.7490901305930208,0.6687907374327192,0.8034590655653212,0.1564260695448928,0.7165489188610575,0.2033256957651013,0.6647398843930635,0.588019482658863,0.2834510811389424
GBPUSD,high_volatility,4,cot_exploratory,xgboost,0,4671,0.7544423035752515,0.6713841452461825,0.8055497009090523,0.15579225839751745,0.7165489188610575,0.2033256957651013,0.6647398843930635,0.588019482658863,0.2834510811389424
GBPUSD,direction,4,price,logistic,1,6237,0.5161135161135161,0.5160153747597693,0.5236228577186908,0.24959113760514076,0.500561167227834,0.25000400757380664,0.5036075036075036,0.5036115569823435,0.500561167227834
GBPUSD,direction,4,price,hist_boost,1,6237,0.5002405002405003,0.5001979428341095,0.5105283993982538,0.25027117714873365,0.500561167227834,0.25000400757380664,0.5036075036075036,0.5036115569823435,0.500561167227834
GBPUSD,direction,4,price,extra_trees,1,6237,0.497675164341831,0.4976916266582211,0.5000258096890189,0.25030809286975464,0.500561167227834,0.25000400757380664,0.5036075036075036,0.5036115569823435,0.500561167227834
GBPUSD,direction,4,price,catboost,1,6237,0.4973544973544973,0.4973248925710255,0.5082894345827211,0.2501392589408942,0.500561167227834,0.25000400757380664,0.5036075036075036,0.5036115569823435,0.500561167227834
GBPUSD,direction,4,price,xgboost,1,6237,0.5095398428731762,0.5094742638326051,0.5139648412395643,0.2502407668539182,0.500561167227834,0.25000400757380664,0.5036075036075036,0.5036115569823435,0.500561167227834
GBPUSD,direction,4,context,logistic,1,6237,0.5159531826198492,0.5159160434466527,0.5250789971856128,0.24945675814054297,0.500561167227834,0.25000400757380664,0.5036075036075036,0.5036115569823435,0.500561167227834
GBPUSD,direction,4,context,hist_boost,1,6237,0.5146705146705147,0.5146614457744603,0.5163874558741721,0.25009213787457363,0.500561167227834,0.25000400757380664,0.5036075036075036,0.5036115569823435,0.500561167227834
GBPUSD,direction,4,context,extra_trees,1,6237,0.5042488375821709,0.5042618891664088,0.511122125073136,0.249813156632814,0.500561167227834,0.25000400757380664,0.5036075036075036,0.5036115569823435,0.500561167227834
GBPUSD,direction,4,context,catboost,1,6237,0.5076158409491743,0.507620439217154,0.5190940285017115,0.24984771243824944,0.500561167227834,0.25000400757380664,0.5036075036075036,0.5036115569823435,0.500561167227834
GBPUSD,direction,4,context,xgboost,1,6237,0.5130671797338464,0.5130563093378633,0.515884732489257,0.2503641388849719,0.500561167227834,0.25000400757380664,0.5036075036075036,0.5036115569823435,0.500561167227834
GBPUSD,direction,4,fomc,logistic,1,6237,0.5164341831008498,0.516424216686221,0.5230055845586081,0.2496733295973979,0.500561167227834,0.25000400757380664,0.5036075036075036,0.5036115569823435,0.500561167227834
GBPUSD,direction,4,fomc,hist_boost,1,6237,0.5100208433541766,0.5099997120831503,0.5188510472461267,0.24998215167995166,0.500561167227834,0.25000400757380664,0.5036075036075036,0.5036115569823435,0.500561167227834
GBPUSD,direction,4,fomc,extra_trees,1,6237,0.5151515151515151,0.5151822153761993,0.5222461010403052,0.24951819507137493,0.500561167227834,0.25000400757380664,0.5036075036075036,0.5036115569823435,0.500561167227834
GBPUSD,direction,4,fomc,catboost,1,6237,0.5092191758858425,0.5092331334710536,0.5206004505898697,0.2498871257125611,0.500561167227834,0.25000400757380664,0.5036075036075036,0.5036115569823435,0.500561167227834
GBPUSD,direction,4,fomc,xgboost,1,6237,0.5100208433541766,0.5100238251193056,0.5190978845309475,0.25020025849853844,0.500561167227834,0.25000400757380664,0.5036075036075036,0.5036115569823435,0.500561167227834
GBPUSD,direction,4,cot_exploratory,logistic,1,6237,0.5188391855058522,0.5188909442952876,0.5260818732692856,0.24971020454978207,0.500561167227834,0.25000400757380664,0.5036075036075036,0.5036115569823435,0.500561167227834
GBPUSD,direction,4,cot_exploratory,hist_boost,1,6237,0.5114638447971781,0.5114436150839637,0.5170531093477346,0.2500235652811545,0.500561167227834,0.25000400757380664,0.5036075036075036,0.5036115569823435,0.500561167227834
GBPUSD,direction,4,cot_exploratory,extra_trees,1,6237,0.5088985088985089,0.5089498952702459,0.5149456608360077,0.24981413112858059,0.500561167227834,0.25000400757380664,0.5036075036075036,0.5036115569823435,0.500561167227834
GBPUSD,direction,4,cot_exploratory,catboost,1,6237,0.5100208433541766,0.510011948549259,0.5170509499713625,0.24999312111478436,0.500561167227834,0.25000400757380664,0.5036075036075036,0.5036115569823435,0.500561167227834
GBPUSD,direction,4,cot_exploratory,xgboost,1,6237,0.5119448452781786,0.512012250861951,0.5187280142066399,0.25031240376198194,0.500561167227834,0.25000400757380664,0.5036075036075036,0.5036115569823435,0.500561167227834
GBPUSD,high_volatility,4,price,logistic,1,6237,0.7202180535513869,0.6143071384898806,0.7757918945326159,0.16485569128092448,0.7101170434503767,0.20586929065756038,0.6554433221099888,0.5824457842218523,0.2898829565496232
GBPUSD,high_volatility,4,price,hist_boost,1,6237,0.7436267436267436,0.6718671637258056,0.7945087261752288,0.15996540423928712,0.7101170434503767,0.20586929065756038,0.6554433221099888,0.5824457842218523,0.2898829565496232
GBPUSD,high_volatility,4,price,extra_trees,1,6237,0.74330607663941,0.6798241977153795,0.7935277245507786,0.1608080159580132,0.7101170434503767,0.20586929065756038,0.6554433221099888,0.5824457842218523,0.2898829565496232
GBPUSD,high_volatility,4,price,catboost,1,6237,0.7384960718294051,0.6728369885129586,0.7959918737524402,0.15978723605451312,0.7101170434503767,0.20586929065756038,0.6554433221099888,0.5824457842218523,0.2898829565496232
GBPUSD,high_volatility,4,price,xgboost,1,6237,0.7434664101330768,0.6747000861178436,0.7938669009764685,0.1600998704740034,0.7101170434503767,0.20586929065756038,0.6554433221099888,0.5824457842218523,0.2898829565496232
GBPUSD,high_volatility,4,context,logistic,1,6237,0.7543690877024211,0.6627379979499558,0.813372167951774,0.15450400751998272,0.7101170434503767,0.20586929065756038,0.6554433221099888,0.5824457842218523,0.2898829565496232
GBPUSD,high_volatility,4,context,hist_boost,1,6237,0.7670354337021004,0.6872038450318396,0.8241033054466038,0.15114723739299327,0.7101170434503767,0.20586929065756038,0.6554433221099888,0.5824457842218523,0.2898829565496232
GBPUSD,high_volatility,4,context,extra_trees,1,6237,0.7619047619047619,0.6783542875097157,0.8189578392213828,0.15360980573889768,0.7101170434503767,0.20586929065756038,0.6554433221099888,0.5824457842218523,0.2898829565496232
GBPUSD,high_volatility,4,context,catboost,1,6237,0.7726471059804393,0.6918097010452029,0.8248562121735865,0.15150961348118225,0.7101170434503767,0.20586929065756038,0.6554433221099888,0.5824457842218523,0.2898829565496232
GBPUSD,high_volatility,4,context,xgboost,1,6237,0.7687991021324355,0.6902458804300697,0.8237393401694783,0.151162040748196,0.7101170434503767,0.20586929065756038,0.6554433221099888,0.5824457842218523,0.2898829565496232
GBPUSD,high_volatility,4,fomc,logistic,1,6237,0.7534070867404201,0.6604240804272724,0.8129981497651242,0.1547974388005716,0.7101170434503767,0.20586929065756038,0.6554433221099888,0.5824457842218523,0.2898829565496232
GBPUSD,high_volatility,4,fomc,hist_boost,1,6237,0.7659130992464326,0.6844497224647687,0.8238341871854251,0.15132255911225165,0.7101170434503767,0.20586929065756038,0.6554433221099888,0.5824457842218523,0.2898829565496232
GBPUSD,high_volatility,4,fomc,extra_trees,1,6237,0.7617444284110951,0.6775867697216855,0.818751910677214,0.15387174990548141,0.7101170434503767,0.20586929065756038,0.6554433221099888,0.5824457842218523,0.2898829565496232
GBPUSD,high_volatility,4,fomc,catboost,1,6237,0.7691197691197691,0.6849073483896363,0.8246752598021486,0.15155052012411419,0.7101170434503767,0.20586929065756038,0.6554433221099888,0.5824457842218523,0.2898829565496232
GBPUSD,high_volatility,4,fomc,xgboost,1,6237,0.7689594356261023,0.6903587727308148,0.8236600408210567,0.1512425323294104,0.7101170434503767,0.20586929065756038,0.6554433221099888,0.5824457842218523,0.2898829565496232
GBPUSD,high_volatility,4,cot_exploratory,logistic,1,6237,0.7545294211960879,0.6625235775070583,0.8124729008525865,0.15501217635805825,0.7101170434503767,0.20586929065756038,0.6554433221099888,0.5824457842218523,0.2898829565496232
GBPUSD,high_volatility,4,cot_exploratory,hist_boost,1,6237,0.7670354337021004,0.6868765322881971,0.8241648092719546,0.1511871266058462,0.7101170434503767,0.20586929065756038,0.6554433221099888,0.5824457842218523,0.2898829565496232
GBPUSD,high_volatility,4,cot_exploratory,extra_trees,1,6237,0.7630270963604296,0.6794718463585739,0.8187836304165825,0.15407389208066538,0.7101170434503767,0.20586929065756038,0.6554433221099888,0.5824457842218523,0.2898829565496232
GBPUSD,high_volatility,4,cot_exploratory,catboost,1,6237,0.768318101651435,0.6859794506041237,0.8231577075470002,0.15201443325122882,0.7101170434503767,0.20586929065756038,0.6554433221099888,0.5824457842218523,0.2898829565496232
GBPUSD,high_volatility,4,cot_exploratory,xgboost,1,6237,0.7654320987654321,0.68623857839621,0.8228845306577526,0.15150818623302176,0.7101170434503767,0.20586929065756038,0.6554433221099888,0.5824457842218523,0.2898829565496232
GBPUSD,direction,24,price,logistic,0,4666,0.49507072438919847,0.49412780408791995,0.49496745038553913,0.2503552084601832,0.5023574796399486,0.25001669993932324,0.5015002143163309,0.5014810478785794,0.4976425203600514
GBPUSD,direction,24,price,hist_boost,0,4666,0.5137162451778825,0.513326491226523,0.5128283072142703,0.25083369256941596,0.5023574796399486,0.25001669993932324,0.5015002143163309,0.5014810478785794,0.4976425203600514
GBPUSD,direction,24,price,extra_trees,0,4666,0.5042863266180883,0.5031445396900989,0.5021290637410964,0.2501040595419065,0.5023574796399486,0.25001669993932324,0.5015002143163309,0.5014810478785794,0.4976425203600514
GBPUSD,direction,24,price,catboost,0,4666,0.5,0.4994219852839584,0.4985674568528366,0.25050936304457005,0.5023574796399486,0.25001669993932324,0.5015002143163309,0.5014810478785794,0.4976425203600514
GBPUSD,direction,24,price,xgboost,0,4666,0.5117873981997428,0.5112733079932857,0.5105106445837853,0.250494928482031,0.5023574796399486,0.25001669993932324,0.5015002143163309,0.5014810478785794,0.4976425203600514
GBPUSD,direction,24,context,logistic,0,4666,0.4944277753964852,0.49405578191096877,0.5017015239304707,0.2510213440774208,0.5023574796399486,0.25001669993932324,0.5015002143163309,0.5014810478785794,0.4976425203600514
GBPUSD,direction,24,context,hist_boost,0,4666,0.4954993570510073,0.49525168076243564,0.504210541400993,0.2513515188109179,0.5023574796399486,0.25001669993932324,0.5015002143163309,0.5014810478785794,0.4976425203600514
GBPUSD,direction,24,context,extra_trees,0,4666,0.5154307758251179,0.5150835016300529,0.5267828795936185,0.24964090800379435,0.5023574796399486,0.25001669993932324,0.5015002143163309,0.5014810478785794,0.4976425203600514
GBPUSD,direction,24,context,catboost,0,4666,0.4942134590655808,0.4939556490374015,0.4912886237296905,0.25139462750246866,0.5023574796399486,0.25001669993932324,0.5015002143163309,0.5014810478785794,0.4976425203600514
GBPUSD,direction,24,context,xgboost,0,4666,0.5023574796399486,0.5021342081823073,0.4977313932910607,0.2520331627394037,0.5023574796399486,0.25001669993932324,0.5015002143163309,0.5014810478785794,0.4976425203600514
GBPUSD,direction,24,fomc,logistic,0,4666,0.5205743677668239,0.5200069155988276,0.5154189926890141,0.25050126638881476,0.5023574796399486,0.25001669993932324,0.5015002143163309,0.5014810478785794,0.4976425203600514
GBPUSD,direction,24,fomc,hist_boost,0,4666,0.5049292756108016,0.5043604651162791,0.4953220493689976,0.2533425872088002,0.5023574796399486,0.25001669993932324,0.5015002143163309,0.5014810478785794,0.4976425203600514
GBPUSD,direction,24,fomc,extra_trees,0,4666,0.5250750107158165,0.5242398720650963,0.5228370931849382,0.24994664426280266,0.5023574796399486,0.25001669993932324,0.5015002143163309,0.5014810478785794,0.4976425203600514
GBPUSD,direction,24,fomc,catboost,0,4666,0.4984997856836691,0.49779744424160643,0.4952141998336141,0.252043549661955,0.5023574796399486,0.25001669993932324,0.5015002143163309,0.5014810478785794,0.4976425203600514
GBPUSD,direction,24,fomc,xgboost,0,4666,0.5055722246035148,0.5049923127349907,0.49860778559732843,0.2526372738701091,0.5023574796399486,0.25001669993932324,0.5015002143163309,0.5014810478785794,0.4976425203600514
GBPUSD,direction,24,cot_exploratory,logistic,0,4666,0.5081440205743678,0.5083099261258243,0.5184057082719675,0.25153315260416964,0.5023574796399486,0.25001669993932324,0.5015002143163309,0.5014810478785794,0.4976425203600514
GBPUSD,direction,24,cot_exploratory,hist_boost,0,4666,0.497428204029147,0.49759185032321784,0.49784640829813065,0.25358001169025046,0.5023574796399486,0.25001669993932324,0.5015002143163309,0.5014810478785794,0.4976425203600514
GBPUSD,direction,24,cot_exploratory,extra_trees,0,4666,0.5122160308615517,0.5117949175860518,0.5239267042063891,0.24981347438348836,0.5023574796399486,0.25001669993932324,0.5015002143163309,0.5014810478785794,0.4976425203600514
GBPUSD,direction,24,cot_exploratory,catboost,0,4666,0.49378482640377197,0.49379378286930475,0.49965936449982806,0.2521690194328383,0.5023574796399486,0.25001669993932324,0.5015002143163309,0.5014810478785794,0.4976425203600514
GBPUSD,direction,24,cot_exploratory,xgboost,0,4666,0.5068581225889413,0.5070017682179362,0.5024102625722794,0.25239099093321576,0.5023574796399486,0.25001669993932324,0.5015002143163309,0.5014810478785794,0.4976425203600514
GBPUSD,high_volatility,24,price,logistic,0,4666,0.6433776253750536,0.4966327844598482,0.45474690833741765,0.2347643405636173,0.6538791255893699,0.2277934800231622,0.638448349764252,0.6006939814687973,0.3461208744106301
GBPUSD,high_volatility,24,price,hist_boost,0,4666,0.633304757822546,0.49694481736181506,0.46363177885137385,0.23943107187185153,0.6538791255893699,0.2277934800231622,0.638448349764252,0.6006939814687973,0.3461208744106301
GBPUSD,high_volatility,24,price,extra_trees,0,4666,0.6405915130732962,0.49843668979261735,0.45878415745535395,0.2339579554064408,0.6538791255893699,0.2277934800231622,0.638448349764252,0.6006939814687973,0.3461208744106301
GBPUSD,high_volatility,24,price,catboost,0,4666,0.634804972138877,0.4961976634570404,0.4636701360666401,0.23715209250064298,0.6538791255893699,0.2277934800231622,0.638448349764252,0.6006939814687973,0.3461208744106301
GBPUSD,high_volatility,24,price,xgboost,0,4666,0.6352336048006858,0.4988568941005994,0.46645996389551003,0.23798463555734126,0.6538791255893699,0.2277934800231622,0.638448349764252,0.6006939814687973,0.3461208744106301
GBPUSD,high_volatility,24,context,logistic,0,4666,0.6768109729961423,0.5707218767028625,0.6685364286997209,0.2093880974266044,0.6538791255893699,0.2277934800231622,0.638448349764252,0.6006939814687973,0.3461208744106301
GBPUSD,high_volatility,24,context,hist_boost,0,4666,0.6643806258036863,0.5497051669604343,0.6266272135309643,0.21792010104368853,0.6538791255893699,0.2277934800231622,0.638448349764252,0.6006939814687973,0.3461208744106301
GBPUSD,high_volatility,24,context,extra_trees,0,4666,0.6485212173167595,0.5206748434508099,0.6003612478474804,0.22131274232158746,0.6538791255893699,0.2277934800231622,0.638448349764252,0.6006939814687973,0.3461208744106301
GBPUSD,high_volatility,24,context,catboost,0,4666,0.6564509215602229,0.5376671912878385,0.6243641378302601,0.21896410788382106,0.6538791255893699,0.2277934800231622,0.638448349764252,0.6006939814687973,0.3461208744106301
GBPUSD,high_volatility,24,context,xgboost,0,4666,0.6652378911273039,0.5461349017172464,0.6342604008430469,0.2161915568762473,0.6538791255893699,0.2277934800231622,0.638448349764252,0.6006939814687973,0.3461208744106301
GBPUSD,high_volatility,24,fomc,logistic,0,4666,0.6763823403343335,0.5918144890829073,0.6738715317416103,0.20981822270105677,0.6538791255893699,0.2277934800231622,0.638448349764252,0.6006939814687973,0.3461208744106301
GBPUSD,high_volatility,24,fomc,hist_boost,0,4666,0.6525932276039434,0.5612378015430154,0.6231689757101412,0.22081129680910352,0.6538791255893699,0.2277934800231622,0.638448349764252,0.6006939814687973,0.3461208744106301
GBPUSD,high_volatility,24,fomc,extra_trees,0,4666,0.6489498499785684,0.5249369592063913,0.6081368033421515,0.22094509493637363,0.6538791255893699,0.2277934800231622,0.638448349764252,0.6006939814687973,0.3461208744106301
GBPUSD,high_volatility,24,fomc,catboost,0,4666,0.6543077582511787,0.5577401917657815,0.6234610182115593,0.22079514935759006,0.6538791255893699,0.2277934800231622,0.638448349764252,0.6006939814687973,0.3461208744106301
GBPUSD,high_volatility,24,fomc,xgboost,0,4666,0.6551650235747964,0.5684501757024292,0.6353142095217221,0.21861697325860766,0.6538791255893699,0.2277934800231622,0.638448349764252,0.6006939814687973,0.3461208744106301
GBPUSD,high_volatility,24,cot_exploratory,logistic,0,4666,0.6705957993999143,0.5927812329713751,0.6658512206828598,0.2121459959518805,0.6538791255893699,0.2277934800231622,0.638448349764252,0.6006939814687973,0.3461208744106301
GBPUSD,high_volatility,24,cot_exploratory,hist_boost,0,4666,0.6463780540077154,0.5572138455340735,0.6240393191898712,0.22128872831178642,0.6538791255893699,0.2277934800231622,0.638448349764252,0.6006939814687973,0.3461208744106301
GBPUSD,high_volatility,24,cot_exploratory,extra_trees,0,4666,0.6558079725675097,0.5317840265537462,0.611412793653403,0.22047939588626472,0.6538791255893699,0.2277934800231622,0.638448349764252,0.6006939814687973,0.3461208744106301
GBPUSD,high_volatility,24,cot_exploratory,catboost,0,4666,0.6528075439348479,0.5494529023118847,0.6238585937920167,0.2212704914969878,0.6538791255893699,0.2277934800231622,0.638448349764252,0.6006939814687973,0.3461208744106301
GBPUSD,high_volatility,24,cot_exploratory,xgboost,0,4666,0.6560222888984141,0.5660456450861667,0.6386790911572413,0.21799132968002505,0.6538791255893699,0.2277934800231622,0.638448349764252,0.6006939814687973,0.3461208744106301
GBPUSD,direction,24,price,logistic,1,6232,0.5022464698331194,0.4997375769332236,0.5045929444815803,0.2500828428090043,0.5068998716302953,0.24995328092482205,0.5040115532734275,0.503901579452073,0.49310012836970474
GBPUSD,direction,24,price,hist_boost,1,6232,0.498395378690629,0.4987427900614436,0.49605191063049836,0.25094425329109415,0.5068998716302953,0.24995328092482205,0.5040115532734275,0.503901579452073,0.49310012836970474
GBPUSD,direction,24,price,extra_trees,1,6232,0.4906931964056483,0.49014880804301203,0.4962885291915917,0.2501543893329848,0.5068998716302953,0.24995328092482205,0.5040115532734275,0.503901579452073,0.49310012836970474
GBPUSD,direction,24,price,catboost,1,6232,0.49117458279845955,0.4910178687703365,0.49818848249625264,0.25042480757705154,0.5068998716302953,0.24995328092482205,0.5040115532734275,0.503901579452073,0.49310012836970474
GBPUSD,direction,24,price,xgboost,1,6232,0.4945442875481386,0.49450559751749323,0.49546546332170227,0.2508628816089466,0.5068998716302953,0.24995328092482205,0.5040115532734275,0.503901579452073,0.49310012836970474
GBPUSD,direction,24,context,logistic,1,6232,0.5157252888318357,0.5147515757487917,0.5079559772042688,0.2509324056107051,0.5068998716302953,0.24995328092482205,0.5040115532734275,0.503901579452073,0.49310012836970474
GBPUSD,direction,24,context,hist_boost,1,6232,0.491816431322208,0.4917882955088726,0.48386852702215905,0.2523867375229682,0.5068998716302953,0.24995328092482205,0.5040115532734275,0.503901579452073,0.49310012836970474
GBPUSD,direction,24,context,extra_trees,1,6232,0.5006418485237484,0.4998867383073913,0.4963863905903896,0.2508964974995977,0.5068998716302953,0.24995328092482205,0.5040115532734275,0.503901579452073,0.49310012836970474
GBPUSD,direction,24,context,catboost,1,6232,0.491816431322208,0.49131876681864023,0.49404987243509135,0.25117911852288116,0.5068998716302953,0.24995328092482205,0.5040115532734275,0.503901579452073,0.49310012836970474
GBPUSD,direction,24,context,xgboost,1,6232,0.4860397946084724,0.4858732435295331,0.4898133494691328,0.2517991700666949,0.5068998716302953,0.24995328092482205,0.5040115532734275,0.503901579452073,0.49310012836970474
GBPUSD,direction,24,fomc,logistic,1,6232,0.511392811296534,0.5104692124433962,0.5106202795395405,0.25118015733522997,0.5068998716302953,0.24995328092482205,0.5040115532734275,0.503901579452073,0.49310012836970474
GBPUSD,direction,24,fomc,hist_boost,1,6232,0.49310012836970474,0.4927621709449095,0.49815433401867215,0.2515476084915117,0.5068998716302953,0.24995328092482205,0.5040115532734275,0.503901579452073,0.49310012836970474
GBPUSD,direction,24,fomc,extra_trees,1,6232,0.5096277278562259,0.5089319128802804,0.5115726254678419,0.2502856548976144,0.5068998716302953,0.24995328092482205,0.5040115532734275,0.503901579452073,0.49310012836970474
GBPUSD,direction,24,fomc,catboost,1,6232,0.49598844672657255,0.4956643279852594,0.5002057664674724,0.2512481098005757,0.5068998716302953,0.24995328092482205,0.5040115532734275,0.503901579452073,0.49310012836970474
GBPUSD,direction,24,fomc,xgboost,1,6232,0.5,0.49970543718961846,0.5017483196425236,0.25121318303871154,0.5068998716302953,0.24995328092482205,0.5040115532734275,0.503901579452073,0.49310012836970474
GBPUSD,direction,24,cot_exploratory,logistic,1,6232,0.5024069319640565,0.5009589386962204,0.5023024726897164,0.2525267563731736,0.5068998716302953,0.24995328092482205,0.5040115532734275,0.503901579452073,0.49310012836970474
GBPUSD,direction,24,cot_exploratory,hist_boost,1,6232,0.4862002567394095,0.48533608746213147,0.48882057133132806,0.25251217001773507,0.5068998716302953,0.24995328092482205,0.5040115532734275,0.503901579452073,0.49310012836970474
GBPUSD,direction,24,cot_exploratory,extra_trees,1,6232,0.49245827984595636,0.4917304027655837,0.5009942203057869,0.25058128752005693,0.5068998716302953,0.24995328092482205,0.5040115532734275,0.503901579452073,0.49310012836970474
GBPUSD,direction,24,cot_exploratory,catboost,1,6232,0.4926187419768934,0.49215002214242914,0.49054138677018966,0.25297922851885934,0.5068998716302953,0.24995328092482205,0.5040115532734275,0.503901579452073,0.49310012836970474
GBPUSD,direction,24,cot_exploratory,xgboost,1,6232,0.5170089858793325,0.5154419621643109,0.5053830465118746,0.25123229981702994,0.5068998716302953,0.24995328092482205,0.5040115532734275,0.503901579452073,0.49310012836970474
GBPUSD,high_volatility,24,price,logistic,1,6232,0.6408857509627728,0.5070853732979532,0.5586099409678287,0.22841664557818672,0.6360718870346598,0.23158756300701963,0.6458600770218228,0.6183355223466223,0.36392811296534017
GBPUSD,high_volatility,24,price,hist_boost,1,6232,0.6453786906290115,0.5167481762671806,0.5376999699233134,0.22888648110959603,0.6360718870346598,0.23158756300701963,0.6458600770218228,0.6183355223466223,0.36392811296534017
GBPUSD,high_volatility,24,price,extra_trees,1,6232,0.6447368421052632,0.5138855519783875,0.5503453034986839,0.22860678619471417,0.6360718870346598,0.23158756300701963,0.6458600770218228,0.6183355223466223,0.36392811296534017
GBPUSD,high_volatility,24,price,catboost,1,6232,0.6455391527599487,0.5158367547789008,0.5566247016802011,0.22781214553820653,0.6360718870346598,0.23158756300701963,0.6458600770218228,0.6183355223466223,0.36392811296534017
GBPUSD,high_volatility,24,price,xgboost,1,6232,0.646181001283697,0.5174731756887828,0.5397794769326051,0.2285816072830449,0.6360718870346598,0.23158756300701963,0.6458600770218228,0.6183355223466223,0.36392811296534017
GBPUSD,high_volatility,24,context,logistic,1,6232,0.6789152759948652,0.5956485352297664,0.7128616321140708,0.20152182598202434,0.6360718870346598,0.23158756300701963,0.6458600770218228,0.6183355223466223,0.36392811296534017
GBPUSD,high_volatility,24,context,hist_boost,1,6232,0.6781129653401797,0.5974702659028256,0.7056564081139427,0.20447385039841953,0.6360718870346598,0.23158756300701963,0.6458600770218228,0.6183355223466223,0.36392811296534017
GBPUSD,high_volatility,24,context,extra_trees,1,6232,0.6758664955070603,0.5730667720240542,0.6965683879785798,0.20876417748267706,0.6360718870346598,0.23158756300701963,0.6458600770218228,0.6183355223466223,0.36392811296534017
GBPUSD,high_volatility,24,context,catboost,1,6232,0.6835686777920411,0.5934584096373534,0.7020123350008988,0.20615318112128056,0.6360718870346598,0.23158756300701963,0.6458600770218228,0.6183355223466223,0.36392811296534017
GBPUSD,high_volatility,24,context,xgboost,1,6232,0.6787548138639281,0.5921267598865985,0.6988885418501967,0.20637170253727058,0.6360718870346598,0.23158756300701963,0.6458600770218228,0.6183355223466223,0.36392811296534017
GBPUSD,high_volatility,24,fomc,logistic,1,6232,0.6872593068035944,0.6044713265954437,0.7173046172163225,0.20057239664704668,0.6360718870346598,0.23158756300701963,0.6458600770218228,0.6183355223466223,0.36392811296534017
GBPUSD,high_volatility,24,fomc,hist_boost,1,6232,0.6907894736842105,0.6077179180525969,0.7158555082159186,0.20268444464549762,0.6360718870346598,0.23158756300701963,0.6458600770218228,0.6183355223466223,0.36392811296534017
GBPUSD,high_volatility,24,fomc,extra_trees,1,6232,0.6774711168164314,0.5715927474252398,0.7046289177553894,0.20789694044848475,0.6360718870346598,0.23158756300701963,0.6458600770218228,0.6183355223466223,0.36392811296534017
GBPUSD,high_volatility,24,fomc,catboost,1,6232,0.686777920410783,0.5940003239027793,0.7106111084415828,0.20469212540180048,0.6360718870346598,0.23158756300701963,0.6458600770218228,0.6183355223466223,0.36392811296534017
GBPUSD,high_volatility,24,fomc,xgboost,1,6232,0.6870988446726572,0.5971766177787032,0.7116175762639771,0.20367340381945961,0.6360718870346598,0.23158756300701963,0.6458600770218228,0.6183355223466223,0.36392811296534017
GBPUSD,high_volatility,24,cot_exploratory,logistic,1,6232,0.6862965340179717,0.6049407186726393,0.7168942884550016,0.20060535515520406,0.6360718870346598,0.23158756300701963,0.6458600770218228,0.6183355223466223,0.36392811296534017
GBPUSD,high_volatility,24,cot_exploratory,hist_boost,1,6232,0.6758664955070603,0.5836309857500573,0.7022749498573582,0.20683473857762197,0.6360718870346598,0.23158756300701963,0.6458600770218228,0.6183355223466223,0.36392811296534017
GBPUSD,high_volatility,24,cot_exploratory,extra_trees,1,6232,0.6745827984595636,0.56705855343595,0.7023316773358819,0.20903343276328562,0.6360718870346598,0.23158756300701963,0.6458600770218228,0.6183355223466223,0.36392811296534017
GBPUSD,high_volatility,24,cot_exploratory,catboost,1,6232,0.668806161745828,0.5720443426464281,0.6988967728961003,0.20871508549581205,0.6360718870346598,0.23158756300701963,0.6458600770218228,0.6183355223466223,0.36392811296534017
GBPUSD,high_volatility,24,cot_exploratory,xgboost,1,6232,0.6716944801026957,0.5790309433935401,0.7026640892369953,0.20707579725740802,0.6360718870346598,0.23158756300701963,0.6458600770218228,0.6183355223466223,0.36392811296534017
GBPUSD,direction,72,price,logistic,0,4654,0.5116029222174474,0.508008917884533,0.5058507454967269,0.25047559433983124,0.50709067468844,0.2499606782525497,0.5171895143962183,0.517064966825765,0.49290932531155995
GBPUSD,direction,72,price,hist_boost,0,4654,0.5083798882681564,0.5054526916199962,0.5071002283037549,0.25056701987255353,0.50709067468844,0.2499606782525497,0.5171895143962183,0.517064966825765,0.49290932531155995
GBPUSD,direction,72,price,extra_trees,0,4654,0.5116029222174474,0.5081491141223236,0.5128407932262498,0.2497914557381929,0.50709067468844,0.2499606782525497,0.5171895143962183,0.517064966825765,0.49290932531155995
GBPUSD,direction,72,price,catboost,0,4654,0.5152556940266437,0.512726087213512,0.5157723538191006,0.24972387370566387,0.50709067468844,0.2499606782525497,0.5171895143962183,0.517064966825765,0.49290932531155995
GBPUSD,direction,72,price,xgboost,0,4654,0.5034379028792436,0.5011832636354232,0.511220870952965,0.2500502621175201,0.50709067468844,0.2499606782525497,0.5171895143962183,0.517064966825765,0.49290932531155995
GBPUSD,direction,72,context,logistic,0,4654,0.515900300816502,0.5147209743915594,0.5262504987217945,0.2495652462785778,0.50709067468844,0.2499606782525497,0.5171895143962183,0.517064966825765,0.49290932531155995
GBPUSD,direction,72,context,hist_boost,0,4654,0.515040825096691,0.513647983686256,0.516330183381851,0.2511329694403491,0.50709067468844,0.2499606782525497,0.5171895143962183,0.517064966825765,0.49290932531155995
GBPUSD,direction,72,context,extra_trees,0,4654,0.5277180919639021,0.5262759889468474,0.5453463715218773,0.24817918278935797,0.50709067468844,0.2499606782525497,0.5171895143962183,0.517064966825765,0.49290932531155995
GBPUSD,direction,72,context,catboost,0,4654,0.5171895143962183,0.516235980376221,0.5290241307463833,0.25016427451076206,0.50709067468844,0.2499606782525497,0.5171895143962183,0.517064966825765,0.49290932531155995
GBPUSD,direction,72,context,xgboost,0,4654,0.5066609368285346,0.5052633620498573,0.5152052886675631,0.25113891136011346,0.50709067468844,0.2499606782525497,0.5171895143962183,0.517064966825765,0.49290932531155995
GBPUSD,direction,72,fomc,logistic,0,4654,0.5494198538891276,0.5463393820282831,0.572054770735744,0.2462656717126532,0.50709067468844,0.2499606782525497,0.5171895143962183,0.517064966825765,0.49290932531155995
GBPUSD,direction,72,fomc,hist_boost,0,4654,0.5350236355822948,0.533016121643787,0.5390103881902679,0.25384716129694684,0.50709067468844,0.2499606782525497,0.5171895143962183,0.517064966825765,0.49290932531155995
GBPUSD,direction,72,fomc,extra_trees,0,4654,0.5378169316716803,0.5340514311468385,0.5721240376516483,0.2467527543063498,0.50709067468844,0.2499606782525497,0.5171895143962183,0.517064966825765,0.49290932531155995
GBPUSD,direction,72,fomc,catboost,0,4654,0.5283626987537602,0.5253145641540939,0.5339339544574646,0.25111238050063034,0.50709067468844,0.2499606782525497,0.5171895143962183,0.517064966825765,0.49290932531155995
GBPUSD,direction,72,fomc,xgboost,0,4654,0.5326600773528147,0.5298200537880691,0.5386973017303799,0.2520059609480616,0.50709067468844,0.2499606782525497,0.5171895143962183,0.517064966825765,0.49290932531155995
GBPUSD,direction,72,cot_exploratory,logistic,0,4654,0.5436183927804039,0.5440142301952033,0.5751738137809762,0.24597870952687664,0.50709067468844,0.2499606782525497,0.5171895143962183,0.517064966825765,0.49290932531155995
GBPUSD,direction,72,cot_exploratory,hist_boost,0,4654,0.5500644606789858,0.5497484225614351,0.5646401629896709,0.24769732163131555,0.50709067468844,0.2499606782525497,0.5171895143962183,0.517064966825765,0.49290932531155995
GBPUSD,direction,72,cot_exploratory,extra_trees,0,4654,0.5457670820799312,0.543091225451805,0.5681865367280895,0.2466398687364408,0.50709067468844,0.2499606782525497,0.5171895143962183,0.517064966825765,0.49290932531155995
GBPUSD,direction,72,cot_exploratory,catboost,0,4654,0.5485603781693167,0.5476863002970165,0.5630837815672425,0.24649961598340497,0.50709067468844,0.2499606782525497,0.5171895143962183,0.517064966825765,0.49290932531155995
GBPUSD,direction,72,cot_exploratory,xgboost,0,4654,0.553932101418135,0.5533181623394855,0.5736116139376117,0.2452312469116368,0.50709067468844,0.2499606782525497,0.5171895143962183,0.517064966825765,0.49290932531155995
GBPUSD,high_volatility,72,price,logistic,0,4654,0.5992694456381608,0.5046166470816584,0.41472983498924537,0.24848894662971405,0.6138805328749463,0.23776859170093206,0.6413837559088956,0.6240853918043704,0.38611946712505374
GBPUSD,high_volatility,72,price,hist_boost,0,4654,0.5984099699183498,0.50247135339516,0.44387497616394456,0.2513614824354386,0.6138805328749463,0.23776859170093206,0.6413837559088956,0.6240853918043704,0.38611946712505374
GBPUSD,high_volatility,72,price,extra_trees,0,4654,0.6048560378169316,0.5065860555131262,0.42862749703984926,0.24636025238637682,0.6138805328749463,0.23776859170093206,0.6413837559088956,0.6240853918043704,0.38611946712505374
GBPUSD,high_volatility,72,price,catboost,0,4654,0.6052857756768372,0.5077619351195718,0.43081038303445507,0.2501066370666662,0.6138805328749463,0.23776859170093206,0.6413837559088956,0.6240853918043704,0.38611946712505374
GBPUSD,high_volatility,72,price,xgboost,0,4654,0.5996991834980662,0.5033149403713925,0.4415966485580818,0.2504896468362202,0.6138805328749463,0.23776859170093206,0.6413837559088956,0.6240853918043704,0.38611946712505374
GBPUSD,high_volatility,72,context,logistic,0,4654,0.6811345079501504,0.6219822677277436,0.6982545287531488,0.2111969605150794,0.6138805328749463,0.23776859170093206,0.6413837559088956,0.6240853918043704,0.38611946712505374
GBPUSD,high_volatility,72,context,hist_boost,0,4654,0.6364417705199829,0.5658629898662434,0.6187744556955171,0.22667261476262746,0.6138805328749463,0.23776859170093206,0.6413837559088956,0.6240853918043704,0.38611946712505374
GBPUSD,high_volatility,72,context,extra_trees,0,4654,0.62913622690159,0.5459762693198655,0.6040774214559365,0.2283575747623785,0.6138805328749463,0.23776859170093206,0.6413837559088956,0.6240853918043704,0.38611946712505374
GBPUSD,high_volatility,72,context,catboost,0,4654,0.6265577997421573,0.5490378024744309,0.6259834138061939,0.22613384471115175,0.6138805328749463,0.23776859170093206,0.6413837559088956,0.6240853918043704,0.38611946712505374
GBPUSD,high_volatility,72,context,xgboost,0,4654,0.6388053287494628,0.5627296807244369,0.6347184638029898,0.2233418959138827,0.6138805328749463,0.23776859170093206,0.6413837559088956,0.6240853918043704,0.38611946712505374
GBPUSD,high_volatility,72,fomc,logistic,0,4654,0.6725397507520413,0.6360414014022905,0.6983032234527697,0.21080870512468738,0.6138805328749463,0.23776859170093206,0.6413837559088956,0.6240853918043704,0.38611946712505374
GBPUSD,high_volatility,72,fomc,hist_boost,0,4654,0.6325741297808337,0.5877983938150719,0.6423173690682308,0.22824725444637445,0.6138805328749463,0.23776859170093206,0.6413837559088956,0.6240853918043704,0.38611946712505374
GBPUSD,high_volatility,72,fomc,extra_trees,0,4654,0.6302105715513536,0.5732789004503092,0.6298918451765659,0.22722463707395008,0.6138805328749463,0.23776859170093206,0.6413837559088956,0.6240853918043704,0.38611946712505374
GBPUSD,high_volatility,72,fomc,catboost,0,4654,0.6168886978942845,0.5738871946379734,0.6352044369052066,0.23094586819033902,0.6138805328749463,0.23776859170093206,0.6413837559088956,0.6240853918043704,0.38611946712505374
GBPUSD,high_volatility,72,fomc,xgboost,0,4654,0.6297808336914482,0.5837683230850469,0.6352525472684318,0.22876250287845754,0.6138805328749463,0.23776859170093206,0.6413837559088956,0.6240853918043704,0.38611946712505374
GBPUSD,high_volatility,72,cot_exploratory,logistic,0,4654,0.6583584013751611,0.6314074190075669,0.686957942777495,0.2150920533262344,0.6138805328749463,0.23776859170093206,0.6413837559088956,0.6240853918043704,0.38611946712505374
GBPUSD,high_volatility,72,cot_exploratory,hist_boost,0,4654,0.625268586162441,0.5951651227525205,0.6330775498151646,0.2302659567350997,0.6138805328749463,0.23776859170093206,0.6413837559088956,0.6240853918043704,0.38611946712505374
GBPUSD,high_volatility,72,cot_exploratory,extra_trees,0,4654,0.6259131929522991,0.5579069576739828,0.6051477309536039,0.23042367225403715,0.6138805328749463,0.23776859170093206,0.6413837559088956,0.6240853918043704,0.38611946712505374
GBPUSD,high_volatility,72,cot_exploratory,catboost,0,4654,0.6360120326600773,0.5861595250046309,0.6274123110718697,0.2264613396577348,0.6138805328749463,0.23776859170093206,0.6413837559088956,0.6240853918043704,0.38611946712505374
GBPUSD,high_volatility,72,cot_exploratory,xgboost,0,4654,0.6278470133218736,0.5867354859117468,0.6273109287072589,0.23015502602957652,0.6138805328749463,0.23776859170093206,0.6413837559088956,0.6240853918043704,0.38611946712505374
GBPUSD,direction,72,price,logistic,1,6220,0.5072347266881029,0.5008216206775675,0.507256045601034,0.2498662991254614,0.5135048231511254,0.24982980903343485,0.4901929260450161,0.48980770289302356,0.4864951768488746
GBPUSD,direction,72,price,hist_boost,1,6220,0.5064308681672026,0.5029417351850648,0.501357934842304,0.2510058825239376,0.5135048231511254,0.24982980903343485,0.4901929260450161,0.48980770289302356,0.4864951768488746
GBPUSD,direction,72,price,extra_trees,1,6220,0.5151125401929261,0.5125075478187167,0.5098237524836928,0.24998632637795776,0.5135048231511254,0.24982980903343485,0.4901929260450161,0.48980770289302356,0.4864951768488746
GBPUSD,direction,72,price,catboost,1,6220,0.5162379421221865,0.5136120435664855,0.5101543252156948,0.24998101030817466,0.5135048231511254,0.24982980903343485,0.4901929260450161,0.48980770289302356,0.4864951768488746
GBPUSD,direction,72,price,xgboost,1,6220,0.5086816720257235,0.5055244445860774,0.5024421513238843,0.2511506531498465,0.5135048231511254,0.24982980903343485,0.4901929260450161,0.48980770289302356,0.4864951768488746
GBPUSD,direction,72,context,logistic,1,6220,0.5152733118971061,0.5126988557941381,0.5184087108139395,0.2507686613761586,0.5135048231511254,0.24982980903343485,0.4901929260450161,0.48980770289302356,0.4864951768488746
GBPUSD,direction,72,context,hist_boost,1,6220,0.509967845659164,0.5100185782910042,0.5002767705972161,0.25205389218558805,0.5135048231511254,0.24982980903343485,0.4901929260450161,0.48980770289302356,0.4864951768488746
GBPUSD,direction,72,context,extra_trees,1,6220,0.5107717041800643,0.5082982550312238,0.5033319041279067,0.25063240616421706,0.5135048231511254,0.24982980903343485,0.4901929260450161,0.48980770289302356,0.4864951768488746
GBPUSD,direction,72,context,catboost,1,6220,0.5027331189710611,0.5031913977836003,0.5124377085091387,0.2506895428147479,0.5135048231511254,0.24982980903343485,0.4901929260450161,0.48980770289302356,0.4864951768488746
GBPUSD,direction,72,context,xgboost,1,6220,0.48665594855305466,0.4866853166938505,0.4780055321010438,0.2541237345446535,0.5135048231511254,0.24982980903343485,0.4901929260450161,0.48980770289302356,0.4864951768488746
GBPUSD,direction,72,fomc,logistic,1,6220,0.5127009646302251,0.5110458886684841,0.5249727781891111,0.25160438426015436,0.5135048231511254,0.24982980903343485,0.4901929260450161,0.48980770289302356,0.4864951768488746
GBPUSD,direction,72,fomc,hist_boost,1,6220,0.4985530546623794,0.4975481746384186,0.5099389614780854,0.2524102120989374,0.5135048231511254,0.24982980903343485,0.4901929260450161,0.48980770289302356,0.4864951768488746
GBPUSD,direction,72,fomc,extra_trees,1,6220,0.5268488745980707,0.5247782627787313,0.5384934098592826,0.24893572614764276,0.5135048231511254,0.24982980903343485,0.4901929260450161,0.48980770289302356,0.4864951768488746
GBPUSD,direction,72,fomc,catboost,1,6220,0.522668810289389,0.5217684472000335,0.5305486452001666,0.2501031946359691,0.5135048231511254,0.24982980903343485,0.4901929260450161,0.48980770289302356,0.4864951768488746
GBPUSD,direction,72,fomc,xgboost,1,6220,0.509967845659164,0.5091407757688429,0.5092520013359484,0.2531402127384439,0.5135048231511254,0.24982980903343485,0.4901929260450161,0.48980770289302356,0.4864951768488746
GBPUSD,direction,72,cot_exploratory,logistic,1,6220,0.512540192926045,0.5097073536343962,0.507389309350273,0.2566899401286763,0.5135048231511254,0.24982980903343485,0.4901929260450161,0.48980770289302356,0.4864951768488746
GBPUSD,direction,72,cot_exploratory,hist_boost,1,6220,0.5017684887459807,0.5001575781755365,0.501959018500071,0.25800719514976306,0.5135048231511254,0.24982980903343485,0.4901929260450161,0.48980770289302356,0.4864951768488746
GBPUSD,direction,72,cot_exploratory,extra_trees,1,6220,0.5353697749196141,0.5325796757883358,0.5366658961925057,0.2492406682184943,0.5135048231511254,0.24982980903343485,0.4901929260450161,0.48980770289302356,0.4864951768488746
GBPUSD,direction,72,cot_exploratory,catboost,1,6220,0.5167202572347267,0.516332672670709,0.5125474855572307,0.25597667445418343,0.5135048231511254,0.24982980903343485,0.4901929260450161,0.48980770289302356,0.4864951768488746
GBPUSD,direction,72,cot_exploratory,xgboost,1,6220,0.5118971061093247,0.5093245307522656,0.5114798235786614,0.25601698653495314,0.5135048231511254,0.24982980903343485,0.4901929260450161,0.48980770289302356,0.4864951768488746
GBPUSD,high_volatility,72,price,logistic,1,6220,0.6109324758842444,0.5017215207251545,0.5448275307766632,0.2364840397219642,0.6096463022508039,0.2382045290964451,0.6336012861736334,0.6189061424728379,0.39035369774919615
GBPUSD,high_volatility,72,price,hist_boost,1,6220,0.6236334405144695,0.5253974812142445,0.5317257262319355,0.23567416288866466,0.6096463022508039,0.2382045290964451,0.6336012861736334,0.6189061424728379,0.39035369774919615
GBPUSD,high_volatility,72,price,extra_trees,1,6220,0.6231511254019293,0.5207796783656219,0.5469581977839413,0.23489682922802727,0.6096463022508039,0.2382045290964451,0.6336012861736334,0.6189061424728379,0.39035369774919615
GBPUSD,high_volatility,72,price,catboost,1,6220,0.6254019292604501,0.5260330862163646,0.5300445010392121,0.23532332385992744,0.6096463022508039,0.2382045290964451,0.6336012861736334,0.6189061424728379,0.39035369774919615
GBPUSD,high_volatility,72,price,xgboost,1,6220,0.6239549839228296,0.5238834118824682,0.5319317113458317,0.23539735092912623,0.6096463022508039,0.2382045290964451,0.6336012861736334,0.6189061424728379,0.39035369774919615
GBPUSD,high_volatility,72,context,logistic,1,6220,0.6744372990353698,0.6296569036348091,0.7402617319736686,0.19969666787856719,0.6096463022508039,0.2382045290964451,0.6336012861736334,0.6189061424728379,0.39035369774919615
GBPUSD,high_volatility,72,context,hist_boost,1,6220,0.6553054662379422,0.6120400444184931,0.7164609748086668,0.20624451464276747,0.6096463022508039,0.2382045290964451,0.6336012861736334,0.6189061424728379,0.39035369774919615
GBPUSD,high_volatility,72,context,extra_trees,1,6220,0.6487138263665595,0.5779671848824196,0.6993381974711349,0.21145944394199054,0.6096463022508039,0.2382045290964451,0.6336012861736334,0.6189061424728379,0.39035369774919615
GBPUSD,high_volatility,72,context,catboost,1,6220,0.6491961414790997,0.6014739258579581,0.7105028839002078,0.20786725648952434,0.6096463022508039,0.2382045290964451,0.6336012861736334,0.6189061424728379,0.39035369774919615
GBPUSD,high_volatility,72,context,xgboost,1,6220,0.6517684887459807,0.6029169620948289,0.7136818864304632,0.20681277275318952,0.6096463022508039,0.2382045290964451,0.6336012861736334,0.6189061424728379,0.39035369774919615
GBPUSD,high_volatility,72,fomc,logistic,1,6220,0.6871382636655948,0.6445180263313384,0.757247222106368,0.1947116262543304,0.6096463022508039,0.2382045290964451,0.6336012861736334,0.6189061424728379,0.39035369774919615
GBPUSD,high_volatility,72,fomc,hist_boost,1,6220,0.6758842443729903,0.6172139473373234,0.7324673160872799,0.20274250631624005,0.6096463022508039,0.2382045290964451,0.6336012861736334,0.6189061424728379,0.39035369774919615
GBPUSD,high_volatility,72,fomc,extra_trees,1,6220,0.6678456591639872,0.5928432962136536,0.7267213469438825,0.20782824166491226,0.6096463022508039,0.2382045290964451,0.6336012861736334,0.6189061424728379,0.39035369774919615
GBPUSD,high_volatility,72,fomc,catboost,1,6220,0.6755627009646302,0.6191724622720859,0.7288791672749011,0.20303550475455062,0.6096463022508039,0.2382045290964451,0.6336012861736334,0.6189061424728379,0.39035369774919615
GBPUSD,high_volatility,72,fomc,xgboost,1,6220,0.6715434083601286,0.6133575236863873,0.7265812901000285,0.2038305542513056,0.6096463022508039,0.2382045290964451,0.6336012861736334,0.6189061424728379,0.39035369774919615
GBPUSD,high_volatility,72,cot_exploratory,logistic,1,6220,0.6911575562700965,0.6468514743603111,0.7581470832551318,0.19442677299251934,0.6096463022508039,0.2382045290964451,0.6336012861736334,0.6189061424728379,0.39035369774919615
GBPUSD,high_volatility,72,cot_exploratory,hist_boost,1,6220,0.6686495176848875,0.6057248329961977,0.720265970064438,0.20659382747565197,0.6096463022508039,0.2382045290964451,0.6336012861736334,0.6189061424728379,0.39035369774919615
GBPUSD,high_volatility,72,cot_exploratory,extra_trees,1,6220,0.6655948553054662,0.5915898987897872,0.7191126597918795,0.20955469884833897,0.6096463022508039,0.2382045290964451,0.6336012861736334,0.6189061424728379,0.39035369774919615
GBPUSD,high_volatility,72,cot_exploratory,catboost,1,6220,0.6620578778135048,0.6055779878214085,0.7101841038794932,0.20875422531083526,0.6096463022508039,0.2382045290964451,0.6336012861736334,0.6189061424728379,0.39035369774919615
GBPUSD,high_volatility,72,cot_exploratory,xgboost,1,6220,0.6615755627009646,0.5968861002787451,0.7131331720643129,0.2072020371383139,0.6096463022508039,0.2382045290964451,0.6336012861736334,0.6189061424728379,0.39035369774919615
USDJPY,direction,4,price,logistic,0,4550,0.4942857142857143,0.494190984732907,0.4979389733625784,0.2509267406567898,0.5015384615384615,0.24999769326832122,0.4938461538461538,0.49383392302615203,0.5015384615384615
USDJPY,direction,4,price,hist_boost,0,4550,0.5101098901098902,0.5098760022072906,0.5215845540670256,0.2508476304130569,0.5015384615384615,0.24999769326832122,0.4938461538461538,0.49383392302615203,0.5015384615384615
USDJPY,direction,4,price,extra_trees,0,4550,0.5129670329670329,0.5124349444390344,0.5155615529556518,0.2508637034876015,0.5015384615384615,0.24999769326832122,0.4938461538461538,0.49383392302615203,0.5015384615384615
USDJPY,direction,4,price,catboost,0,4550,0.5173626373626373,0.5170862141721038,0.5168236347026882,0.2509725989233757,0.5015384615384615,0.24999769326832122,0.4938461538461538,0.49383392302615203,0.5015384615384615
USDJPY,direction,4,price,xgboost,0,4550,0.5147252747252747,0.5144082513714416,0.5134945366467423,0.25131994849589107,0.5015384615384615,0.24999769326832122,0.4938461538461538,0.49383392302615203,0.5015384615384615
USDJPY,direction,4,context,logistic,0,4550,0.4956043956043956,0.4954893909392887,0.49111074786651765,0.2524989357735607,0.5015384615384615,0.24999769326832122,0.4938461538461538,0.49383392302615203,0.5015384615384615
USDJPY,direction,4,context,hist_boost,0,4550,0.5131868131868131,0.5129340193246124,0.5240181962355495,0.25062155248649376,0.5015384615384615,0.24999769326832122,0.4938461538461538,0.49383392302615203,0.5015384615384615
USDJPY,direction,4,context,extra_trees,0,4550,0.5162637362637362,0.5159487562350548,0.5249896823078244,0.2506131802282147,0.5015384615384615,0.24999769326832122,0.4938461538461538,0.49383392302615203,0.5015384615384615
USDJPY,direction,4,context,catboost,0,4550,0.5175824175824176,0.5172945001677108,0.5192461669966782,0.25075454098968464,0.5015384615384615,0.24999769326832122,0.4938461538461538,0.49383392302615203,0.5015384615384615
USDJPY,direction,4,context,xgboost,0,4550,0.5145054945054945,0.5142161954534142,0.5211427674910001,0.25091347107206213,0.5015384615384615,0.24999769326832122,0.4938461538461538,0.49383392302615203,0.5015384615384615
USDJPY,direction,4,fomc,logistic,0,4550,0.4958241758241758,0.4959343655662674,0.49119035253274224,0.25254462372261677,0.5015384615384615,0.24999769326832122,0.4938461538461538,0.49383392302615203,0.5015384615384615
USDJPY,direction,4,fomc,hist_boost,0,4550,0.5118681318681318,0.5117762737905887,0.5207117043590898,0.2508239873370925,0.5015384615384615,0.24999769326832122,0.4938461538461538,0.49383392302615203,0.5015384615384615
USDJPY,direction,4,fomc,extra_trees,0,4550,0.5107692307692308,0.5104278248450027,0.5238437229015669,0.25059839802829786,0.5015384615384615,0.24999769326832122,0.4938461538461538,0.49383392302615203,0.5015384615384615
USDJPY,direction,4,fomc,catboost,0,4550,0.5096703296703297,0.5095919758496446,0.5158098344995803,0.2506941639597244,0.5015384615384615,0.24999769326832122,0.4938461538461538,0.49383392302615203,0.5015384615384615
USDJPY,direction,4,fomc,xgboost,0,4550,0.5098901098901099,0.5097894417935318,0.5187177233992892,0.2509806555556616,0.5015384615384615,0.24999769326832122,0.4938461538461538,0.49383392302615203,0.5015384615384615
USDJPY,direction,4,cot_exploratory,logistic,0,4550,0.4969230769230769,0.4970623559580615,0.4914656842059705,0.2527102154082741,0.5015384615384615,0.24999769326832122,0.4938461538461538,0.49383392302615203,0.5015384615384615
USDJPY,direction,4,cot_exploratory,hist_boost,0,4550,0.5182417582417582,0.5180316161911254,0.5226340024762461,0.2505682138691758,0.5015384615384615,0.24999769326832122,0.4938461538461538,0.49383392302615203,0.5015384615384615
USDJPY,direction,4,cot_exploratory,extra_trees,0,4550,0.5215384615384615,0.5211694311898811,0.5318391614769061,0.25038774348678866,0.5015384615384615,0.24999769326832122,0.4938461538461538,0.49383392302615203,0.5015384615384615
USDJPY,direction,4,cot_exploratory,catboost,0,4550,0.5195604395604395,0.5193137923199272,0.5215094899582191,0.2505573830836462,0.5015384615384615,0.24999769326832122,0.4938461538461538,0.49383392302615203,0.5015384615384615
USDJPY,direction,4,cot_exploratory,xgboost,0,4550,0.516043956043956,0.5159054760281754,0.5217695576299141,0.25091119348477114,0.5015384615384615,0.24999769326832122,0.4938461538461538,0.49383392302615203,0.5015384615384615
USDJPY,high_volatility,4,price,logistic,0,4550,0.727912087912088,0.5148916485784436,0.6111684399055854,0.19382569591138152,0.7246153846153847,0.1995747375354976,0.6483516483516484,0.5594437468970437,0.2753846153846154
USDJPY,high_volatility,4,price,hist_boost,0,4550,0.727912087912088,0.524787219801987,0.6384720347235788,0.18862023083617255,0.7246153846153847,0.1995747375354976,0.6483516483516484,0.5594437468970437,0.2753846153846154
USDJPY,high_volatility,4,price,extra_trees,0,4550,0.729010989010989,0.5178764171932161,0.6361174794082313,0.18861216485175186,0.7246153846153847,0.1995747375354976,0.6483516483516484,0.5594437468970437,0.2753846153846154
USDJPY,high_volatility,4,price,catboost,0,4550,0.7274725274725274,0.5222574102408996,0.6393103019238511,0.188215005242807,0.7246153846153847,0.1995747375354976,0.6483516483516484,0.5594437468970437,0.2753846153846154
USDJPY,high_volatility,4,price,xgboost,0,4550,0.7283516483516483,0.5243483579960113,0.6348185646532035,0.1890380762034072,0.7246153846153847,0.1995747375354976,0.6483516483516484,0.5594437468970437,0.2753846153846154
USDJPY,high_volatility,4,context,logistic,0,4550,0.7305494505494505,0.5434295270967512,0.681753539760565,0.18335502506573584,0.7246153846153847,0.1995747375354976,0.6483516483516484,0.5594437468970437,0.2753846153846154
USDJPY,high_volatility,4,context,hist_boost,0,4550,0.7415384615384616,0.5656081455462305,0.6944844051558637,0.1791017788947978,0.7246153846153847,0.1995747375354976,0.6483516483516484,0.5594437468970437,0.2753846153846154
USDJPY,high_volatility,4,context,extra_trees,0,4550,0.738021978021978,0.5456170583381201,0.686809043796859,0.1806186162226555,0.7246153846153847,0.1995747375354976,0.6483516483516484,0.5594437468970437,0.2753846153846154
USDJPY,high_volatility,4,context,catboost,0,4550,0.7382417582417582,0.5576433968242672,0.6943754764119646,0.17917376583601868,0.7246153846153847,0.1995747375354976,0.6483516483516484,0.5594437468970437,0.2753846153846154
USDJPY,high_volatility,4,context,xgboost,0,4550,0.7369230769230769,0.557228257278074,0.6926651741008114,0.17948268435095313,0.7246153846153847,0.1995747375354976,0.6483516483516484,0.5594437468970437,0.2753846153846154
USDJPY,high_volatility,4,fomc,logistic,0,4550,0.7307692307692307,0.5411072873087605,0.6815114758852336,0.18351023289039534,0.7246153846153847,0.1995747375354976,0.6483516483516484,0.5594437468970437,0.2753846153846154
USDJPY,high_volatility,4,fomc,hist_boost,0,4550,0.7395604395604396,0.5632537112628206,0.694056436224278,0.179086708991984,0.7246153846153847,0.1995747375354976,0.6483516483516484,0.5594437468970437,0.2753846153846154
USDJPY,high_volatility,4,fomc,extra_trees,0,4550,0.7382417582417582,0.546510879197781,0.6882757088174913,0.18031721701997003,0.7246153846153847,0.1995747375354976,0.6483516483516484,0.5594437468970437,0.2753846153846154
USDJPY,high_volatility,4,fomc,catboost,0,4550,0.7373626373626374,0.554068113385624,0.6940160115570978,0.17946081252087953,0.7246153846153847,0.1995747375354976,0.6483516483516484,0.5594437468970437,0.2753846153846154
USDJPY,high_volatility,4,fomc,xgboost,0,4550,0.7375824175824176,0.5574358270511706,0.6926902277119081,0.1795616052929944,0.7246153846153847,0.1995747375354976,0.6483516483516484,0.5594437468970437,0.2753846153846154
USDJPY,high_volatility,4,cot_exploratory,logistic,0,4550,0.7316483516483516,0.5419612886609293,0.6808978439612688,0.18369742907101066,0.7246153846153847,0.1995747375354976,0.6483516483516484,0.5594437468970437,0.2753846153846154
USDJPY,high_volatility,4,cot_exploratory,hist_boost,0,4550,0.7408791208791209,0.5624319044060708,0.6951727137853683,0.17899263946661967,0.7246153846153847,0.1995747375354976,0.6483516483516484,0.5594437468970437,0.2753846153846154
USDJPY,high_volatility,4,cot_exploratory,extra_trees,0,4550,0.7375824175824176,0.546550698705273,0.686149903864332,0.18075241358445965,0.7246153846153847,0.1995747375354976,0.6483516483516484,0.5594437468970437,0.2753846153846154
USDJPY,high_volatility,4,cot_exploratory,catboost,0,4550,0.7389010989010989,0.5568614094750094,0.6947804492753938,0.1792120789842308,0.7246153846153847,0.1995747375354976,0.6483516483516484,0.5594437468970437,0.2753846153846154
USDJPY,high_volatility,4,cot_exploratory,xgboost,0,4550,0.7367032967032967,0.5533657650513503,0.6928139223522025,0.17952536993620838,0.7246153846153847,0.1995747375354976,0.6483516483516484,0.5594437468970437,0.2753846153846154
USDJPY,direction,4,price,logistic,1,5443,0.5041337497703472,0.5034227208137902,0.5037662763310378,0.25023850612689236,0.5124012493110417,0.2499674865204313,0.49347786147345213,0.49314327764662713,0.5124012493110417
USDJPY,direction,4,price,hist_boost,1,5443,0.5122175270990262,0.510590439942902,0.5223852155753453,0.2498671058972938,0.5124012493110417,0.2499674865204313,0.49347786147345213,0.49314327764662713,0.5124012493110417
USDJPY,direction,4,price,extra_trees,1,5443,0.5182803600955356,0.5151842622121625,0.5242103289297523,0.24969898676693955,0.5124012493110417,0.2499674865204313,0.49347786147345213,0.49314327764662713,0.5124012493110417
USDJPY,direction,4,price,catboost,1,5443,0.5190152489435973,0.5168497566740691,0.5256064369577652,0.24962896958160177,0.5124012493110417,0.2499674865204313,0.49347786147345213,0.49314327764662713,0.5124012493110417
USDJPY,direction,4,price,xgboost,1,5443,0.5136873047951497,0.5116872372165059,0.5248013173726149,0.24992310993447084,0.5124012493110417,0.2499674865204313,0.49347786147345213,0.49314327764662713,0.5124012493110417
USDJPY,direction,4,context,logistic,1,5443,0.5092779717067794,0.5083147730493599,0.5150175506477568,0.25024531376457476,0.5124012493110417,0.2499674865204313,0.49347786147345213,0.49314327764662713,0.5124012493110417
USDJPY,direction,4,context,hist_boost,1,5443,0.512952415947088,0.5117452620276179,0.5210881347569835,0.24983903912982716,0.5124012493110417,0.2499674865204313,0.49347786147345213,0.49314327764662713,0.5124012493110417
USDJPY,direction,4,context,extra_trees,1,5443,0.5208524710637517,0.5189799224696656,0.5259331051609524,0.24972132981799647,0.5124012493110417,0.2499674865204313,0.49347786147345213,0.49314327764662713,0.5124012493110417
USDJPY,direction,4,context,catboost,1,5443,0.5153408047032886,0.5134739825933673,0.5219382421467911,0.24975590310882864,0.5124012493110417,0.2499674865204313,0.49347786147345213,0.49314327764662713,0.5124012493110417
USDJPY,direction,4,context,xgboost,1,5443,0.5107477494029028,0.5091197575359977,0.5223346887316763,0.24977432002244554,0.5124012493110417,0.2499674865204313,0.49347786147345213,0.49314327764662713,0.5124012493110417
USDJPY,direction,4,fomc,logistic,1,5443,0.5076244717986405,0.5063912404286082,0.5120760507354358,0.25036004430518943,0.5124012493110417,0.2499674865204313,0.49347786147345213,0.49314327764662713,0.5124012493110417
USDJPY,direction,4,fomc,hist_boost,1,5443,0.5136873047951497,0.5123255776879942,0.5243189481337898,0.249581780682384,0.5124012493110417,0.2499674865204313,0.49347786147345213,0.49314327764662713,0.5124012493110417
USDJPY,direction,4,fomc,extra_trees,1,5443,0.5232408598199523,0.5211463622158642,0.5272639606074353,0.24955220453068536,0.5124012493110417,0.2499674865204313,0.49347786147345213,0.49314327764662713,0.5124012493110417
USDJPY,direction,4,fomc,catboost,1,5443,0.5208524710637517,0.5193446884533732,0.5268729855123058,0.24943657486208987,0.5124012493110417,0.2499674865204313,0.49347786147345213,0.49314327764662713,0.5124012493110417
USDJPY,direction,4,fomc,xgboost,1,5443,0.5032151387102701,0.50124966124048,0.5184649944893316,0.250063410543263,0.5124012493110417,0.2499674865204313,0.49347786147345213,0.49314327764662713,0.5124012493110417
USDJPY,direction,4,cot_exploratory,logistic,1,5443,0.5230571376079368,0.5203561034670872,0.5184941757680284,0.2500602833909,0.5124012493110417,0.2499674865204313,0.49347786147345213,0.49314327764662713,0.5124012493110417
USDJPY,direction,4,cot_exploratory,hist_boost,1,5443,0.5162594157633658,0.5151546080886722,0.5283612982750893,0.24939986293980632,0.5124012493110417,0.2499674865204313,0.49347786147345213,0.49314327764662713,0.5124012493110417
USDJPY,direction,4,cot_exploratory,extra_trees,1,5443,0.5219548043358442,0.5191254235676113,0.5303385325545534,0.2492398089812341,0.5124012493110417,0.2499674865204313,0.49347786147345213,0.49314327764662713,0.5124012493110417
USDJPY,direction,4,cot_exploratory,catboost,1,5443,0.5212199154877825,0.5196302867087652,0.5255940078946166,0.2495986409022694,0.5124012493110417,0.2499674865204313,0.49347786147345213,0.49314327764662713,0.5124012493110417
USDJPY,direction,4,cot_exploratory,xgboost,1,5443,0.515891971339335,0.5135740905911181,0.5190862449989908,0.25003942145171465,0.5124012493110417,0.2499674865204313,0.49347786147345213,0.49314327764662713,0.5124012493110417
USDJPY,high_volatility,4,price,logistic,1,5443,0.7347051258497153,0.5132689966061297,0.6426988609376754,0.18535384406951236,0.7336027925776226,0.19545662829066351,0.6913466838140732,0.6064784061763258,0.2663972074223774
USDJPY,high_volatility,4,price,hist_boost,1,5443,0.7394819033621165,0.5248698152801886,0.680867034551845,0.17970309421101158,0.7336027925776226,0.19545662829066351,0.6913466838140732,0.6064784061763258,0.2663972074223774
USDJPY,high_volatility,4,price,extra_trees,1,5443,0.7389307367260702,0.5227372902579515,0.6701831653669784,0.18128370387842324,0.7336027925776226,0.19545662829066351,0.6913466838140732,0.6064784061763258,0.2663972074223774
USDJPY,high_volatility,4,price,catboost,1,5443,0.7378284034539776,0.5226448008152197,0.6801064794424726,0.1799292887311434,0.7336027925776226,0.19545662829066351,0.6913466838140732,0.6064784061763258,0.2663972074223774
USDJPY,high_volatility,4,price,xgboost,1,5443,0.7387470145140548,0.5226120711244678,0.6805507914712817,0.18015933727928052,0.7336027925776226,0.19545662829066351,0.6913466838140732,0.6064784061763258,0.2663972074223774
USDJPY,high_volatility,4,context,logistic,1,5443,0.7565680690795518,0.5850486627460124,0.7491304610654853,0.16546906494883443,0.7336027925776226,0.19545662829066351,0.6913466838140732,0.6064784061763258,0.2663972074223774
USDJPY,high_volatility,4,context,hist_boost,1,5443,0.7617122910159838,0.5953626605179755,0.7602407661683808,0.16347688619696069,0.7336027925776226,0.19545662829066351,0.6913466838140732,0.6064784061763258,0.2663972074223774
USDJPY,high_volatility,4,context,extra_trees,1,5443,0.7574866801396288,0.5718394258918625,0.7519085986683592,0.16700699049569048,0.7336027925776226,0.19545662829066351,0.6913466838140732,0.6064784061763258,0.2663972074223774
USDJPY,high_volatility,4,context,catboost,1,5443,0.7598750688958295,0.5846673057160375,0.7609563287477223,0.16384441479453474,0.7336027925776226,0.19545662829066351,0.6913466838140732,0.6064784061763258,0.2663972074223774
USDJPY,high_volatility,4,context,xgboost,1,5443,0.7624471798640455,0.5934478440719535,0.7591826213114329,0.16382138931117338,0.7336027925776226,0.19545662829066351,0.6913466838140732,0.6064784061763258,0.2663972074223774
USDJPY,high_volatility,4,fomc,logistic,1,5443,0.7552820135954437,0.5837329119061807,0.7488510065027592,0.16555139957760495,0.7336027925776226,0.19545662829066351,0.6913466838140732,0.6064784061763258,0.2663972074223774
USDJPY,high_volatility,4,fomc,hist_boost,1,5443,0.7604262355318758,0.5936076927726971,0.7614483104052782,0.16328710158490112,0.7336027925776226,0.19545662829066351,0.6913466838140732,0.6064784061763258,0.2663972074223774
USDJPY,high_volatility,4,fomc,extra_trees,1,5443,0.7560169024435054,0.5679827629385907,0.7515179149718905,0.16720520138540143,0.7336027925776226,0.19545662829066351,0.6913466838140732,0.6064784061763258,0.2663972074223774
USDJPY,high_volatility,4,fomc,catboost,1,5443,0.7595076244717986,0.5874913857871965,0.7612855255317494,0.16366046543775517,0.7336027925776226,0.19545662829066351,0.6913466838140732,0.6064784061763258,0.2663972074223774
USDJPY,high_volatility,4,fomc,xgboost,1,5443,0.7620797354400147,0.5918797550886465,0.7594622485902053,0.163830665894218,0.7336027925776226,0.19545662829066351,0.6913466838140732,0.6064784061763258,0.2663972074223774
USDJPY,high_volatility,4,cot_exploratory,logistic,1,5443,0.7562006246555208,0.5869943090062782,0.7492886689637901,0.1654720188385801,0.7336027925776226,0.19545662829066351,0.6913466838140732,0.6064784061763258,0.2663972074223774
USDJPY,high_volatility,4,cot_exploratory,hist_boost,1,5443,0.7622634576520302,0.5959579263711495,0.7604299765969758,0.16356885866050486,0.7336027925776226,0.19545662829066351,0.6913466838140732,0.6064784061763258,0.2663972074223774
USDJPY,high_volatility,4,cot_exploratory,extra_trees,1,5443,0.7563843468675363,0.568233201205558,0.7553033325561112,0.16659300101455823,0.7336027925776226,0.19545662829066351,0.6913466838140732,0.6064784061763258,0.2663972074223774
USDJPY,high_volatility,4,cot_exploratory,catboost,1,5443,0.7593239022597832,0.5845112567683101,0.7607447515911466,0.16380543409570544,0.7336027925776226,0.19545662829066351,0.6913466838140732,0.6064784061763258,0.2663972074223774
USDJPY,high_volatility,4,cot_exploratory,xgboost,1,5443,0.7631820687121073,0.5943879375113345,0.7588257036019931,0.16413694857032227,0.7336027925776226,0.19545662829066351,0.6913466838140732,0.6064784061763258,0.2663972074223774
USDJPY,direction,24,price,logistic,0,4540,0.49801762114537446,0.4987633370182216,0.5052515479635817,0.2501722063161795,0.4960352422907489,0.25000903641732597,0.48325991189427314,0.4832344054701959,0.5039647577092511
USDJPY,direction,24,price,hist_boost,0,4540,0.49823788546255504,0.4983879907836391,0.4970605964861071,0.25194084917781306,0.4960352422907489,0.25000903641732597,0.48325991189427314,0.4832344054701959,0.5039647577092511
USDJPY,direction,24,price,extra_trees,0,4540,0.49757709251101323,0.4984415562235278,0.4950708150641543,0.250536987716457,0.4960352422907489,0.25000903641732597,0.48325991189427314,0.4832344054701959,0.5039647577092511
USDJPY,direction,24,price,catboost,0,4540,0.5077092511013216,0.5079420468519048,0.5034297407743235,0.2506420937009217,0.4960352422907489,0.25000903641732597,0.48325991189427314,0.4832344054701959,0.5039647577092511
USDJPY,direction,24,price,xgboost,0,4540,0.49823788546255504,0.4985102597225155,0.5008705354370319,0.251680792544092,0.4960352422907489,0.25000903641732597,0.48325991189427314,0.4832344054701959,0.5039647577092511
USDJPY,direction,24,context,logistic,0,4540,0.48436123348017623,0.4843480232023749,0.4800228080090425,0.2520239306794596,0.4960352422907489,0.25000903641732597,0.48325991189427314,0.4832344054701959,0.5039647577092511
USDJPY,direction,24,context,hist_boost,0,4540,0.5171806167400881,0.5168183836589698,0.520617163143251,0.25074051615729626,0.4960352422907489,0.25000903641732597,0.48325991189427314,0.4832344054701959,0.5039647577092511
USDJPY,direction,24,context,extra_trees,0,4540,0.5017621145374449,0.5012137618154493,0.5107517094362121,0.25061729513368297,0.4960352422907489,0.25000903641732597,0.48325991189427314,0.4832344054701959,0.5039647577092511
USDJPY,direction,24,context,catboost,0,4540,0.5070484581497797,0.5065283850252766,0.5151120526897613,0.2509376075888107,0.4960352422907489,0.25000903641732597,0.48325991189427314,0.4832344054701959,0.5039647577092511
USDJPY,direction,24,context,xgboost,0,4540,0.5240088105726872,0.5235893657851917,0.5229216415245501,0.2510392154061243,0.4960352422907489,0.25000903641732597,0.48325991189427314,0.4832344054701959,0.5039647577092511
USDJPY,direction,24,fomc,logistic,0,4540,0.4790748898678414,0.480916341651244,0.48248177222422334,0.25241453872222724,0.4960352422907489,0.25000903641732597,0.48325991189427314,0.4832344054701959,0.5039647577092511
USDJPY,direction,24,fomc,hist_boost,0,4540,0.510352422907489,0.5113539324795986,0.5207176953818827,0.2513468624005183,0.4960352422907489,0.25000903641732597,0.48325991189427314,0.4832344054701959,0.5039647577092511
USDJPY,direction,24,fomc,extra_trees,0,4540,0.5037444933920705,0.5054477604988262,0.5092322752735718,0.2504021403053895,0.4960352422907489,0.25000903641732597,0.48325991189427314,0.4832344054701959,0.5039647577092511
USDJPY,direction,24,fomc,catboost,0,4540,0.5061674008810573,0.507289169533841,0.5090255825435666,0.25109861345729767,0.4960352422907489,0.25000903641732597,0.48325991189427314,0.4832344054701959,0.5039647577092511
USDJPY,direction,24,fomc,xgboost,0,4540,0.505726872246696,0.5064818063818952,0.5176280757430846,0.25183167776308846,0.4960352422907489,0.25000903641732597,0.48325991189427314,0.4832344054701959,0.5039647577092511
USDJPY,direction,24,cot_exploratory,logistic,0,4540,0.49911894273127755,0.5006769429504776,0.4985399536076712,0.2525196042571782,0.4960352422907489,0.25000903641732597,0.48325991189427314,0.4832344054701959,0.5039647577092511
USDJPY,direction,24,cot_exploratory,hist_boost,0,4540,0.5151982378854626,0.5157633773863792,0.512216898887081,0.2526888974121109,0.4960352422907489,0.25000903641732597,0.48325991189427314,0.4832344054701959,0.5039647577092511
USDJPY,direction,24,cot_exploratory,extra_trees,0,4540,0.5017621145374449,0.5029988883230446,0.5078125970388404,0.25034786173246704,0.4960352422907489,0.25000903641732597,0.48325991189427314,0.4832344054701959,0.5039647577092511
USDJPY,direction,24,cot_exploratory,catboost,0,4540,0.4911894273127753,0.4916360282701313,0.5031656010508142,0.2513853231306785,0.4960352422907489,0.25000903641732597,0.48325991189427314,0.4832344054701959,0.5039647577092511
USDJPY,direction,24,cot_exploratory,xgboost,0,4540,0.5055066079295154,0.5059174284862562,0.5132196012247078,0.25316122222945886,0.4960352422907489,0.25000903641732597,0.48325991189427314,0.4832344054701959,0.5039647577092511
USDJPY,high_volatility,24,price,logistic,0,4540,0.6814977973568281,0.5124745668701317,0.5533777951998606,0.21574997033221546,0.6779735682819383,0.21864042806014716,0.6497797356828194,0.6027405114092421,0.32202643171806167
USDJPY,high_volatility,24,price,hist_boost,0,4540,0.6746696035242291,0.5187507388829778,0.5212467189151376,0.21954815248773626,0.6779735682819383,0.21864042806014716,0.6497797356828194,0.6027405114092421,0.32202643171806167
USDJPY,high_volatility,24,price,extra_trees,0,4540,0.6788546255506608,0.5195029550874705,0.5339097287221701,0.21687343349568033,0.6779735682819383,0.21864042806014716,0.6497797356828194,0.6027405114092421,0.32202643171806167
USDJPY,high_volatility,24,price,catboost,0,4540,0.6779735682819383,0.5197509531034863,0.5221804892227528,0.21782349987727376,0.6779735682819383,0.21864042806014716,0.6497797356828194,0.6027405114092421,0.32202643171806167
USDJPY,high_volatility,24,price,xgboost,0,4540,0.6762114537444934,0.5180922997060468,0.5249931333882663,0.21895084270447374,0.6779735682819383,0.21864042806014716,0.6497797356828194,0.6027405114092421,0.32202643171806167
USDJPY,high_volatility,24,context,logistic,0,4540,0.7092511013215859,0.5927339247952683,0.6991341847043001,0.19481649558971603,0.6779735682819383,0.21864042806014716,0.6497797356828194,0.6027405114092421,0.32202643171806167
USDJPY,high_volatility,24,context,hist_boost,0,4540,0.6936123348017621,0.5722227555512889,0.685114296863403,0.19959333990423986,0.6779735682819383,0.21864042806014716,0.6497797356828194,0.6027405114092421,0.32202643171806167
USDJPY,high_volatility,24,context,extra_trees,0,4540,0.6960352422907489,0.5524631358504688,0.6801218923581944,0.20094016972041975,0.6779735682819383,0.21864042806014716,0.6497797356828194,0.6027405114092421,0.32202643171806167
USDJPY,high_volatility,24,context,catboost,0,4540,0.6964757709251101,0.5746936246732248,0.6880613843978137,0.19904606309531148,0.6779735682819383,0.21864042806014716,0.6497797356828194,0.6027405114092421,0.32202643171806167
USDJPY,high_volatility,24,context,xgboost,0,4540,0.689647577092511,0.5594233023913586,0.682110987556544,0.2002684927984185,0.6779735682819383,0.21864042806014716,0.6497797356828194,0.6027405114092421,0.32202643171806167
USDJPY,high_volatility,24,fomc,logistic,0,4540,0.707488986784141,0.5829953360373117,0.7016008316377913,0.1940923386867508,0.6779735682819383,0.21864042806014716,0.6497797356828194,0.6027405114092421,0.32202643171806167
USDJPY,high_volatility,24,fomc,hist_boost,0,4540,0.6898678414096916,0.5662292479437943,0.6894567065685697,0.19874675545924603,0.6779735682819383,0.21864042806014716,0.6497797356828194,0.6027405114092421,0.32202643171806167
USDJPY,high_volatility,24,fomc,extra_trees,0,4540,0.6964757709251101,0.552069805663777,0.6810845513235894,0.2005658927893964,0.6779735682819383,0.21864042806014716,0.6497797356828194,0.6027405114092421,0.32202643171806167
USDJPY,high_volatility,24,fomc,catboost,0,4540,0.6920704845814978,0.5698287747031356,0.6983413021584716,0.19709188673722103,0.6779735682819383,0.21864042806014716,0.6497797356828194,0.6027405114092421,0.32202643171806167
USDJPY,high_volatility,24,fomc,xgboost,0,4540,0.6870044052863437,0.552626023436257,0.6869158380066294,0.19930962850811157,0.6779735682819383,0.21864042806014716,0.6497797356828194,0.6027405114092421,0.32202643171806167
USDJPY,high_volatility,24,cot_exploratory,logistic,0,4540,0.7015418502202643,0.5760956134573145,0.6982326363611313,0.1949747769994615,0.6779735682819383,0.21864042806014716,0.6497797356828194,0.6027405114092421,0.32202643171806167
USDJPY,high_volatility,24,cot_exploratory,hist_boost,0,4540,0.6837004405286343,0.5636559351969629,0.6853821836091978,0.19972966473540835,0.6779735682819383,0.21864042806014716,0.6497797356828194,0.6027405114092421,0.32202643171806167
USDJPY,high_volatility,24,cot_exploratory,extra_trees,0,4540,0.6931718061674009,0.5469398467034485,0.6782774626691874,0.20111581521820326,0.6779735682819383,0.21864042806014716,0.6497797356828194,0.6027405114092421,0.32202643171806167
USDJPY,high_volatility,24,cot_exploratory,catboost,0,4540,0.6762114537444934,0.5563373270791612,0.6792754546852514,0.20204068085462543,0.6779735682819383,0.21864042806014716,0.6497797356828194,0.6027405114092421,0.32202643171806167
USDJPY,high_volatility,24,cot_exploratory,xgboost,0,4540,0.6837004405286343,0.5537804586452197,0.6838721956891012,0.19939640912057882,0.6779735682819383,0.21864042806014716,0.6497797356828194,0.6027405114092421,0.32202643171806167
USDJPY,direction,24,price,logistic,1,5408,0.4870562130177515,0.499236548562377,0.49650020679098295,0.2503800120876628,0.5314349112426036,0.24999072872831615,0.5048076923076923,0.5028659637420985,0.5314349112426036
USDJPY,direction,24,price,hist_boost,1,5408,0.4907544378698225,0.4893872011485825,0.49104983635226196,0.25136710556092823,0.5314349112426036,0.24999072872831615,0.5048076923076923,0.5028659637420985,0.5314349112426036
USDJPY,direction,24,price,extra_trees,1,5408,0.48409763313609466,0.4915976402210384,0.4857123358922687,0.25049686448665387,0.5314349112426036,0.24999072872831615,0.5048076923076923,0.5028659637420985,0.5314349112426036
USDJPY,direction,24,price,catboost,1,5408,0.48761094674556216,0.4887172587809273,0.4949452923881695,0.25073718405232726,0.5314349112426036,0.24999072872831615,0.5048076923076923,0.5028659637420985,0.5314349112426036
USDJPY,direction,24,price,xgboost,1,5408,0.49297337278106507,0.4914515408811767,0.49436700538645195,0.2509423587773685,0.5314349112426036,0.24999072872831615,0.5048076923076923,0.5028659637420985,0.5314349112426036
USDJPY,direction,24,context,logistic,1,5408,0.5070266272189349,0.505957392818833,0.5080831107515383,0.2500417687556464,0.5314349112426036,0.24999072872831615,0.5048076923076923,0.5028659637420985,0.5314349112426036
USDJPY,direction,24,context,hist_boost,1,5408,0.49204881656804733,0.4894378690587413,0.5001376546881685,0.2520204983240077,0.5314349112426036,0.24999072872831615,0.5048076923076923,0.5028659637420985,0.5314349112426036
USDJPY,direction,24,context,extra_trees,1,5408,0.5077662721893491,0.50200804205464,0.5131062367391506,0.24952761984555827,0.5314349112426036,0.24999072872831615,0.5048076923076923,0.5028659637420985,0.5314349112426036
USDJPY,direction,24,context,catboost,1,5408,0.5099852071005917,0.5037455806322806,0.5180030362298901,0.2495858751131853,0.5314349112426036,0.24999072872831615,0.5048076923076923,0.5028659637420985,0.5314349112426036
USDJPY,direction,24,context,xgboost,1,5408,0.4948224852071006,0.4915806136062425,0.5050905458897477,0.2517550350700202,0.5314349112426036,0.24999072872831615,0.5048076923076923,0.5028659637420985,0.5314349112426036
USDJPY,direction,24,fomc,logistic,1,5408,0.5014792899408284,0.4957894829346634,0.49277522287014897,0.25088327444731695,0.5314349112426036,0.24999072872831615,0.5048076923076923,0.5028659637420985,0.5314349112426036
USDJPY,direction,24,fomc,hist_boost,1,5408,0.49870562130177515,0.4927597066808592,0.5017650695152742,0.2518340680542351,0.5314349112426036,0.24999072872831615,0.5048076923076923,0.5028659637420985,0.5314349112426036
USDJPY,direction,24,fomc,extra_trees,1,5408,0.49981508875739644,0.4940603203530112,0.49939473130628736,0.2501091007755377,0.5314349112426036,0.24999072872831615,0.5048076923076923,0.5028659637420985,0.5314349112426036
USDJPY,direction,24,fomc,catboost,1,5408,0.5011094674556213,0.49623519577036923,0.49859187149409645,0.2517930559541767,0.5314349112426036,0.24999072872831615,0.5048076923076923,0.5028659637420985,0.5314349112426036
USDJPY,direction,24,fomc,xgboost,1,5408,0.5029585798816568,0.49790490251164543,0.5032183734749508,0.2523429230308811,0.5314349112426036,0.24999072872831615,0.5048076923076923,0.5028659637420985,0.5314349112426036
USDJPY,direction,24,cot_exploratory,logistic,1,5408,0.5194156804733728,0.513155119600984,0.51899936781827,0.2496470030227906,0.5314349112426036,0.24999072872831615,0.5048076923076923,0.5028659637420985,0.5314349112426036
USDJPY,direction,24,cot_exploratory,hist_boost,1,5408,0.5105399408284024,0.5042208154210599,0.5042634506137545,0.25204427567800897,0.5314349112426036,0.24999072872831615,0.5048076923076923,0.5028659637420985,0.5314349112426036
USDJPY,direction,24,cot_exploratory,extra_trees,1,5408,0.5123890532544378,0.5079680437902563,0.5113680802601667,0.24981448909159124,0.5314349112426036,0.24999072872831615,0.5048076923076923,0.5028659637420985,0.5314349112426036
USDJPY,direction,24,cot_exploratory,catboost,1,5408,0.5061020710059172,0.5040370927549557,0.5164968673775003,0.25044089856696233,0.5314349112426036,0.24999072872831615,0.5048076923076923,0.5028659637420985,0.5314349112426036
USDJPY,direction,24,cot_exploratory,xgboost,1,5408,0.5035133136094675,0.5035155840211262,0.5108460909364034,0.25214445872566194,0.5314349112426036,0.24999072872831615,0.5048076923076923,0.5028659637420985,0.5314349112426036
USDJPY,high_volatility,24,price,logistic,1,5408,0.6686390532544378,0.5098216859911293,0.5449486154581862,0.22072413293522192,0.6662352071005917,0.22236771105307973,0.6919378698224852,0.6558657259301459,0.3337647928994083
USDJPY,high_volatility,24,price,hist_boost,1,5408,0.6723372781065089,0.5178500833792707,0.5818602226676293,0.2173062558039145,0.6662352071005917,0.22236771105307973,0.6919378698224852,0.6558657259301459,0.3337647928994083
USDJPY,high_volatility,24,price,extra_trees,1,5408,0.6728920118343196,0.5163311121925942,0.5997804230546567,0.21604736731147126,0.6662352071005917,0.22236771105307973,0.6919378698224852,0.6558657259301459,0.3337647928994083
USDJPY,high_volatility,24,price,catboost,1,5408,0.6721523668639053,0.5186789555948682,0.5949335848934751,0.21656068062615114,0.6662352071005917,0.22236771105307973,0.6919378698224852,0.6558657259301459,0.3337647928994083
USDJPY,high_volatility,24,price,xgboost,1,5408,0.6730769230769231,0.5177140010286904,0.5728737132721808,0.21764697146251408,0.6662352071005917,0.22236771105307973,0.6919378698224852,0.6558657259301459,0.3337647928994083
USDJPY,high_volatility,24,context,logistic,1,5408,0.7370562130177515,0.6546146908970134,0.7733756803156495,0.1782244219272136,0.6662352071005917,0.22236771105307973,0.6919378698224852,0.6558657259301459,0.3337647928994083
USDJPY,high_volatility,24,context,hist_boost,1,5408,0.7239275147928994,0.6355000411322359,0.7555251356402751,0.18513707809405935,0.6662352071005917,0.22236771105307973,0.6919378698224852,0.6558657259301459,0.3337647928994083
USDJPY,high_volatility,24,context,extra_trees,1,5408,0.7144970414201184,0.5957991301493138,0.7444847053432697,0.18989022633240477,0.6662352071005917,0.22236771105307973,0.6919378698224852,0.6558657259301459,0.3337647928994083
USDJPY,high_volatility,24,context,catboost,1,5408,0.7248520710059172,0.6360556722890973,0.7581472195761766,0.18465905180229053,0.6662352071005917,0.22236771105307973,0.6919378698224852,0.6558657259301459,0.3337647928994083
USDJPY,high_volatility,24,context,xgboost,1,5408,0.7252218934911243,0.6287302901629375,0.7557797710894968,0.1858157287464073,0.6662352071005917,0.22236771105307973,0.6919378698224852,0.6558657259301459,0.3337647928994083
USDJPY,high_volatility,24,fomc,logistic,1,5408,0.7396449704142012,0.6645751501326611,0.7686544684600322,0.17978464298971744,0.6662352071005917,0.22236771105307973,0.6919378698224852,0.6558657259301459,0.3337647928994083
USDJPY,high_volatility,24,fomc,hist_boost,1,5408,0.7259615384615384,0.6363353714932847,0.7567255049846888,0.18607299965333823,0.6662352071005917,0.22236771105307973,0.6919378698224852,0.6558657259301459,0.3337647928994083
USDJPY,high_volatility,24,fomc,extra_trees,1,5408,0.7100591715976331,0.5898421060319847,0.7437560112648508,0.19106583539460772,0.6662352071005917,0.22236771105307973,0.6919378698224852,0.6558657259301459,0.3337647928994083
USDJPY,high_volatility,24,fomc,catboost,1,5408,0.7237426035502958,0.6384024393337961,0.7542117487504643,0.1863357908420267,0.6662352071005917,0.22236771105307973,0.6919378698224852,0.6558657259301459,0.3337647928994083
USDJPY,high_volatility,24,fomc,xgboost,1,5408,0.7272559171597633,0.6312244413127565,0.7598340256619023,0.18581286215619586,0.6662352071005917,0.22236771105307973,0.6919378698224852,0.6558657259301459,0.3337647928994083
USDJPY,high_volatility,24,cot_exploratory,logistic,1,5408,0.7350221893491125,0.6656675761888178,0.7691365228883594,0.1802407451969203,0.6662352071005917,0.22236771105307973,0.6919378698224852,0.6558657259301459,0.3337647928994083
USDJPY,high_volatility,24,cot_exploratory,hist_boost,1,5408,0.7061760355029586,0.6176160524893459,0.7462757643484231,0.18900197104281,0.6662352071005917,0.22236771105307973,0.6919378698224852,0.6558657259301459,0.3337647928994083
USDJPY,high_volatility,24,cot_exploratory,extra_trees,1,5408,0.7139423076923077,0.5949681052185659,0.7450448725784838,0.1903358702073711,0.6662352071005917,0.22236771105307973,0.6919378698224852,0.6558657259301459,0.3337647928994083
USDJPY,high_volatility,24,cot_exploratory,catboost,1,5408,0.7194896449704142,0.6318930131323313,0.7534178581560611,0.1872001822281284,0.6662352071005917,0.22236771105307973,0.6919378698224852,0.6558657259301459,0.3337647928994083
USDJPY,high_volatility,24,cot_exploratory,xgboost,1,5408,0.7041420118343196,0.6144307260108728,0.7447341896526671,0.1898914098198249,0.6662352071005917,0.22236771105307973,0.6919378698224852,0.6558657259301459,0.3337647928994083
USDJPY,direction,72,price,logistic,0,4516,0.5128432240921169,0.51497159180086,0.5095604969080578,0.25089219448743083,0.491585473870682,0.2500135314230177,0.5053144375553588,0.5051742945035628,0.508414526129318
USDJPY,direction,72,price,hist_boost,0,4516,0.5186005314437555,0.517793185171234,0.5380434441410051,0.24942559736519798,0.491585473870682,0.2500135314230177,0.5053144375553588,0.5051742945035628,0.508414526129318
USDJPY,direction,72,price,extra_trees,0,4516,0.5194862710363153,0.5222353015035942,0.5296410522020277,0.24937385431976264,0.491585473870682,0.2500135314230177,0.5053144375553588,0.5051742945035628,0.508414526129318
USDJPY,direction,72,price,catboost,0,4516,0.5279007971656333,0.5279757980977493,0.5358798694164548,0.24903779555809616,0.491585473870682,0.2500135314230177,0.5053144375553588,0.5051742945035628,0.508414526129318
USDJPY,direction,72,price,xgboost,0,4516,0.5223649247121346,0.5215772828577706,0.5379672246288101,0.24907952090008126,0.491585473870682,0.2500135314230177,0.5053144375553588,0.5051742945035628,0.508414526129318
USDJPY,direction,72,context,logistic,0,4516,0.48272807794508416,0.48304375804375804,0.47911232225256617,0.25420580406853766,0.491585473870682,0.2500135314230177,0.5053144375553588,0.5051742945035628,0.508414526129318
USDJPY,direction,72,context,hist_boost,0,4516,0.5050930026572188,0.5035624038672819,0.5036483347458958,0.2563737855226972,0.491585473870682,0.2500135314230177,0.5053144375553588,0.5051742945035628,0.508414526129318
USDJPY,direction,72,context,extra_trees,0,4516,0.5022143489813995,0.5016036506890166,0.5111355039708698,0.25102378192838304,0.491585473870682,0.2500135314230177,0.5053144375553588,0.5051742945035628,0.508414526129318
USDJPY,direction,72,context,catboost,0,4516,0.5099645704162976,0.5087782904856075,0.502904581410679,0.2551628605330843,0.491585473870682,0.2500135314230177,0.5053144375553588,0.5051742945035628,0.508414526129318
USDJPY,direction,72,context,xgboost,0,4516,0.516386182462356,0.5147879586903977,0.513516358257212,0.25486156896992157,0.491585473870682,0.2500135314230177,0.5053144375553588,0.5051742945035628,0.508414526129318
USDJPY,direction,72,fomc,logistic,0,4516,0.47519929140832595,0.4787483912483912,0.47565566437517653,0.2554449340550741,0.491585473870682,0.2500135314230177,0.5053144375553588,0.5051742945035628,0.508414526129318
USDJPY,direction,72,fomc,hist_boost,0,4516,0.5121789193976971,0.5136547697523307,0.5233463210597358,0.2546893597594638,0.491585473870682,0.2500135314230177,0.5053144375553588,0.5051742945035628,0.508414526129318
USDJPY,direction,72,fomc,extra_trees,0,4516,0.49379982285208146,0.49651921084847916,0.5024894450199329,0.25144313681887226,0.491585473870682,0.2500135314230177,0.5053144375553588,0.5051742945035628,0.508414526129318
USDJPY,direction,72,fomc,catboost,0,4516,0.4966784765279008,0.49955151144175536,0.490597239225288,0.25671203571819934,0.491585473870682,0.2500135314230177,0.5053144375553588,0.5051742945035628,0.508414526129318
USDJPY,direction,72,fomc,xgboost,0,4516,0.5148361381753764,0.5161785478858649,0.5233759456320433,0.2533032437408123,0.491585473870682,0.2500135314230177,0.5053144375553588,0.5051742945035628,0.508414526129318
USDJPY,direction,72,cot_exploratory,logistic,0,4516,0.47940655447298497,0.48280401481620994,0.5016350409643092,0.255089856910522,0.491585473870682,0.2500135314230177,0.5053144375553588,0.5051742945035628,0.508414526129318
USDJPY,direction,72,cot_exploratory,hist_boost,0,4516,0.4893711248892825,0.48965141099287446,0.5108371982609787,0.25783509768253127,0.491585473870682,0.2500135314230177,0.5053144375553588,0.5051742945035628,0.508414526129318
USDJPY,direction,72,cot_exploratory,extra_trees,0,4516,0.503985828166519,0.5063949838340083,0.5053506686128637,0.250900755985892,0.491585473870682,0.2500135314230177,0.5053144375553588,0.5051742945035628,0.508414526129318
USDJPY,direction,72,cot_exploratory,catboost,0,4516,0.4980070859167405,0.4982488150171077,0.49817445930250814,0.2581458691567199,0.491585473870682,0.2500135314230177,0.5053144375553588,0.5051742945035628,0.508414526129318
USDJPY,direction,72,cot_exploratory,xgboost,0,4516,0.5017714791851196,0.5019210848479141,0.5183236808236809,0.2558873396421153,0.491585473870682,0.2500135314230177,0.5053144375553588,0.5051742945035628,0.508414526129318
USDJPY,high_volatility,72,price,logistic,0,4516,0.6277679362267493,0.5056239394385841,0.5165665199506211,0.2341445180023566,0.6317537643932684,0.23299451875285312,0.6299822852081488,0.6054450179458952,0.36824623560673164
USDJPY,high_volatility,72,price,hist_boost,0,4516,0.6111603188662533,0.5023870601548432,0.4810154369054612,0.24138118331626496,0.6317537643932684,0.23299451875285312,0.6299822852081488,0.6054450179458952,0.36824623560673164
USDJPY,high_volatility,72,price,extra_trees,0,4516,0.6257750221434898,0.5064293917702015,0.49756530613406275,0.23538152216668426,0.6317537643932684,0.23299451875285312,0.6299822852081488,0.6054450179458952,0.36824623560673164
USDJPY,high_volatility,72,price,catboost,0,4516,0.6211248892825509,0.508266978098399,0.4975712076557912,0.23752292487896576,0.6317537643932684,0.23299451875285312,0.6299822852081488,0.6054450179458952,0.36824623560673164
USDJPY,high_volatility,72,price,xgboost,0,4516,0.6107174490699734,0.5017857372444404,0.4908933196670952,0.23978569997973637,0.6317537643932684,0.23299451875285312,0.6299822852081488,0.6054450179458952,0.36824623560673164
USDJPY,high_volatility,72,context,logistic,0,4516,0.6578830823737821,0.6092175657108099,0.6940530997848263,0.2084177705487285,0.6317537643932684,0.23299451875285312,0.6299822852081488,0.6054450179458952,0.36824623560673164
USDJPY,high_volatility,72,context,hist_boost,0,4516,0.633303808680248,0.5732105901121268,0.6675631710478089,0.21594572103357376,0.6317537643932684,0.23299451875285312,0.6299822852081488,0.6054450179458952,0.36824623560673164
USDJPY,high_volatility,72,context,extra_trees,0,4516,0.6379539415411869,0.5605879728251786,0.6820740645192294,0.21246463562551104,0.6317537643932684,0.23299451875285312,0.6299822852081488,0.6054450179458952,0.36824623560673164
USDJPY,high_volatility,72,context,catboost,0,4516,0.6372896368467671,0.5724775368059994,0.6769846343343369,0.21397668255862032,0.6317537643932684,0.23299451875285312,0.6299822852081488,0.6054450179458952,0.36824623560673164
USDJPY,high_volatility,72,context,xgboost,0,4516,0.6339681133746679,0.5685946516616261,0.6688412720392856,0.2145562411451851,0.6317537643932684,0.23299451875285312,0.6299822852081488,0.6054450179458952,0.36824623560673164
USDJPY,high_volatility,72,fomc,logistic,0,4516,0.662754650132861,0.6065519748072468,0.7088558024288556,0.20530492963228358,0.6317537643932684,0.23299451875285312,0.6299822852081488,0.6054450179458952,0.36824623560673164
USDJPY,high_volatility,72,fomc,hist_boost,0,4516,0.6372896368467671,0.5863977511829916,0.6796315722138653,0.2130367235616613,0.6317537643932684,0.23299451875285312,0.6299822852081488,0.6054450179458952,0.36824623560673164
USDJPY,high_volatility,72,fomc,extra_trees,0,4516,0.645482728077945,0.5718137209958649,0.6962193797964353,0.20988598244407872,0.6317537643932684,0.23299451875285312,0.6299822852081488,0.6054450179458952,0.36824623560673164
USDJPY,high_volatility,72,fomc,catboost,0,4516,0.6468113374667848,0.5914255315426852,0.6970826881178551,0.20935954077045515,0.6317537643932684,0.23299451875285312,0.6299822852081488,0.6054450179458952,0.36824623560673164
USDJPY,high_volatility,72,fomc,xgboost,0,4516,0.6344109831709478,0.5849972989999661,0.6801062231757395,0.2124740397429615,0.6317537643932684,0.23299451875285312,0.6299822852081488,0.6054450179458952,0.36824623560673164
USDJPY,high_volatility,72,cot_exploratory,logistic,0,4516,0.66651904340124,0.6151746249741018,0.7130656951075751,0.20393691858952234,0.6317537643932684,0.23299451875285312,0.6299822852081488,0.6054450179458952,0.36824623560673164
USDJPY,high_volatility,72,cot_exploratory,hist_boost,0,4516,0.6244464127546502,0.5934138174435915,0.6824599818865436,0.2192509395710523,0.6317537643932684,0.23299451875285312,0.6299822852081488,0.6054450179458952,0.36824623560673164
USDJPY,high_volatility,72,cot_exploratory,extra_trees,0,4516,0.633303808680248,0.5513897135211661,0.6851898572232201,0.21288346744977937,0.6317537643932684,0.23299451875285312,0.6299822852081488,0.6054450179458952,0.36824623560673164
USDJPY,high_volatility,72,cot_exploratory,catboost,0,4516,0.6288751107174491,0.5858830541808172,0.6845929604541137,0.22092607100883263,0.6317537643932684,0.23299451875285312,0.6299822852081488,0.6054450179458952,0.36824623560673164
USDJPY,high_volatility,72,cot_exploratory,xgboost,0,4516,0.6100531443755536,0.5808936337123586,0.674686940079953,0.2214029175004648,0.6317537643932684,0.23299451875285312,0.6299822852081488,0.6054450179458952,0.36824623560673164
USDJPY,direction,72,price,logistic,1,5324,0.49812171299774605,0.5045004841875781,0.5042772856964792,0.25079438457705244,0.5347483095416979,0.24991711779079695,0.4667543200601052,0.46438934722098735,0.5347483095416979
USDJPY,direction,72,price,hist_boost,1,5324,0.5259203606311045,0.526557713471844,0.5439763420943705,0.2481690968752082,0.5347483095416979,0.24991711779079695,0.4667543200601052,0.46438934722098735,0.5347483095416979
USDJPY,direction,72,price,extra_trees,1,5324,0.5001878287002254,0.5121250382337313,0.5341643293927597,0.2486762802054711,0.5347483095416979,0.24991711779079695,0.4667543200601052,0.46438934722098735,0.5347483095416979
USDJPY,direction,72,price,catboost,1,5324,0.5191585274229902,0.5221503231911315,0.5440778023995682,0.2478513767127374,0.5347483095416979,0.24991711779079695,0.4667543200601052,0.46438934722098735,0.5347483095416979
USDJPY,direction,72,price,xgboost,1,5324,0.5137114951164538,0.5186312600689249,0.544786110190571,0.24788459043590866,0.5347483095416979,0.24991711779079695,0.4667543200601052,0.46438934722098735,0.5347483095416979
USDJPY,direction,72,context,logistic,1,5324,0.5155897821187078,0.5143012944236254,0.5271644900559684,0.24887338882388027,0.5347483095416979,0.24991711779079695,0.4667543200601052,0.46438934722098735,0.5347483095416979
USDJPY,direction,72,context,hist_boost,1,5324,0.5302404207362885,0.5253503287498233,0.540024920522761,0.25233452276813245,0.5347483095416979,0.24991711779079695,0.4667543200601052,0.46438934722098735,0.5347483095416979
USDJPY,direction,72,context,extra_trees,1,5324,0.5484598046581518,0.5431465797241897,0.5524390958107175,0.2479777938867119,0.5347483095416979,0.24991711779079695,0.4667543200601052,0.46438934722098735,0.5347483095416979
USDJPY,direction,72,context,catboost,1,5324,0.5396318557475582,0.5340528010488912,0.543223862556241,0.2507150143303175,0.5347483095416979,0.24991711779079695,0.4667543200601052,0.46438934722098735,0.5347483095416979
USDJPY,direction,72,context,xgboost,1,5324,0.5165289256198347,0.5115854055413067,0.521272205874658,0.2542726278576757,0.5347483095416979,0.24991711779079695,0.4667543200601052,0.46438934722098735,0.5347483095416979
USDJPY,direction,72,fomc,logistic,1,5324,0.5050713749060857,0.5020528872653349,0.5141269471905847,0.24977868913893528,0.5347483095416979,0.24991711779079695,0.4667543200601052,0.46438934722098735,0.5347483095416979
USDJPY,direction,72,fomc,hist_boost,1,5324,0.5398196844477836,0.5302409139850587,0.5347581309693012,0.2523245933174129,0.5347483095416979,0.24991711779079695,0.4667543200601052,0.46438934722098735,0.5347483095416979
USDJPY,direction,72,fomc,extra_trees,1,5324,0.5379413974455297,0.5302685656405633,0.5373402992816667,0.24876933131264445,0.5347483095416979,0.24991711779079695,0.4667543200601052,0.46438934722098735,0.5347483095416979
USDJPY,direction,72,fomc,catboost,1,5324,0.5441397445529677,0.5330735070339431,0.5429930066836177,0.2509413371588216,0.5347483095416979,0.24991711779079695,0.4667543200601052,0.46438934722098735,0.5347483095416979
USDJPY,direction,72,fomc,xgboost,1,5324,0.5161532682193839,0.5085320955601509,0.5058199644669137,0.25649381289958767,0.5347483095416979,0.24991711779079695,0.4667543200601052,0.46438934722098735,0.5347483095416979
USDJPY,direction,72,cot_exploratory,logistic,1,5324,0.5413223140495868,0.536971326934882,0.550274042086387,0.24682771209688917,0.5347483095416979,0.24991711779079695,0.4667543200601052,0.46438934722098735,0.5347483095416979
USDJPY,direction,72,cot_exploratory,hist_boost,1,5324,0.5469571750563486,0.5487984363059714,0.5607975531546356,0.25176560924511693,0.5347483095416979,0.24991711779079695,0.4667543200601052,0.46438934722098735,0.5347483095416979
USDJPY,direction,72,cot_exploratory,extra_trees,1,5324,0.5345604808414726,0.5326688711417256,0.5419030351449705,0.24848873325380313,0.5347483095416979,0.24991711779079695,0.4667543200601052,0.46438934722098735,0.5347483095416979
USDJPY,direction,72,cot_exploratory,catboost,1,5324,0.5426371149511645,0.5438409198840786,0.5446623867576079,0.2547372179553062,0.5347483095416979,0.24991711779079695,0.4667543200601052,0.46438934722098735,0.5347483095416979
USDJPY,direction,72,cot_exploratory,xgboost,1,5324,0.53099173553719,0.5325587608314726,0.5463820361232719,0.2526712773709348,0.5347483095416979,0.24991711779079695,0.4667543200601052,0.46438934722098735,0.5347483095416979
USDJPY,high_volatility,72,price,logistic,1,5324,0.6205860255447032,0.5002020315452975,0.5036570200188583,0.23730753091794726,0.6275356874530428,0.23383178010663272,0.6634109691960932,0.6481870819656395,0.37246431254695717
USDJPY,high_volatility,72,price,hist_boost,1,5324,0.6324192336589031,0.5179318279002167,0.5400396787841821,0.23393377850026179,0.6275356874530428,0.23383178010663272,0.6634109691960932,0.6481870819656395,0.37246431254695717
USDJPY,high_volatility,72,price,extra_trees,1,5324,0.6311044327573253,0.5093001678590076,0.5482147490424067,0.23177842712667407,0.6275356874530428,0.23383178010663272,0.6634109691960932,0.6481870819656395,0.37246431254695717
USDJPY,high_volatility,72,price,catboost,1,5324,0.6282870022539444,0.5083876675175085,0.5280149151656183,0.23390621732289502,0.6275356874530428,0.23383178010663272,0.6634109691960932,0.6481870819656395,0.37246431254695717
USDJPY,high_volatility,72,price,xgboost,1,5324,0.6288504883546205,0.5139610061759617,0.5379172532524663,0.23397580625936004,0.6275356874530428,0.23383178010663272,0.6634109691960932,0.6481870819656395,0.37246431254695717
USDJPY,high_volatility,72,context,logistic,1,5324,0.6985349361382419,0.6799647497593659,0.7519737885767425,0.19557475368276625,0.6275356874530428,0.23383178010663272,0.6634109691960932,0.6481870819656395,0.37246431254695717
USDJPY,high_volatility,72,context,hist_boost,1,5324,0.6795642374154771,0.6459918284768029,0.7137025084363453,0.20786197113318983,0.6275356874530428,0.23383178010663272,0.6634109691960932,0.6481870819656395,0.37246431254695717
USDJPY,high_volatility,72,context,extra_trees,1,5324,0.6998497370398197,0.6383775712231006,0.7249880494227876,0.20664578470286135,0.6275356874530428,0.23383178010663272,0.6634109691960932,0.6481870819656395,0.37246431254695717
USDJPY,high_volatility,72,context,catboost,1,5324,0.6925244177310294,0.6621598613657573,0.7256746698931339,0.20617685544732006,0.6275356874530428,0.23383178010663272,0.6634109691960932,0.6481870819656395,0.37246431254695717
USDJPY,high_volatility,72,context,xgboost,1,5324,0.6838842975206612,0.6463592889153735,0.7206736910552023,0.20752842746828914,0.6275356874530428,0.23383178010663272,0.6634109691960932,0.6481870819656395,0.37246431254695717
USDJPY,high_volatility,72,fomc,logistic,1,5324,0.6891435011269722,0.6777088188844931,0.7496078233376395,0.19726477680528634,0.6275356874530428,0.23383178010663272,0.6634109691960932,0.6481870819656395,0.37246431254695717
USDJPY,high_volatility,72,fomc,hist_boost,1,5324,0.6891435011269722,0.6470650786096668,0.7244098784595732,0.2066178487384273,0.6275356874530428,0.23383178010663272,0.6634109691960932,0.6481870819656395,0.37246431254695717
USDJPY,high_volatility,72,fomc,extra_trees,1,5324,0.7094290007513148,0.6457025543217317,0.7276439680414322,0.2071689298470258,0.6275356874530428,0.23383178010663272,0.6634109691960932,0.6481870819656395,0.37246431254695717
USDJPY,high_volatility,72,fomc,catboost,1,5324,0.6923365890308039,0.6601654319120486,0.7223020939886672,0.20811527088924076,0.6275356874530428,0.23383178010663272,0.6634109691960932,0.6481870819656395,0.37246431254695717
USDJPY,high_volatility,72,fomc,xgboost,1,5324,0.6836964688204358,0.6410852618402787,0.7204291702458023,0.20719931737722871,0.6275356874530428,0.23383178010663272,0.6634109691960932,0.6481870819656395,0.37246431254695717
USDJPY,high_volatility,72,cot_exploratory,logistic,1,5324,0.6793764087152517,0.6752560638519303,0.7405539120839015,0.2016119761762318,0.6275356874530428,0.23383178010663272,0.6634109691960932,0.6481870819656395,0.37246431254695717
USDJPY,high_volatility,72,cot_exploratory,hist_boost,1,5324,0.6658527422990232,0.6325047700425179,0.7081024536153836,0.20974932684278277,0.6275356874530428,0.23383178010663272,0.6634109691960932,0.6481870819656395,0.37246431254695717
USDJPY,high_volatility,72,cot_exploratory,extra_trees,1,5324,0.6987227648384673,0.6336876017232981,0.7281361793744282,0.20912273091277184,0.6275356874530428,0.23383178010663272,0.6634109691960932,0.6481870819656395,0.37246431254695717
USDJPY,high_volatility,72,cot_exploratory,catboost,1,5324,0.6705484598046582,0.6437277469082834,0.7087076426186488,0.21181442140163123,0.6275356874530428,0.23383178010663272,0.6634109691960932,0.6481870819656395,0.37246431254695717
USDJPY,high_volatility,72,cot_exploratory,xgboost,1,5324,0.6592787377911344,0.6336210377251836,0.702702317196922,0.21292227468401764,0.6275356874530428,0.23383178010663272,0.6634109691960932,0.6481870819656395,0.37246431254695717
AUDUSD,direction,4,price,logistic,0,4284,0.5051353874883286,0.5062827184039305,0.516403131722997,0.2498685622781701,0.49159663865546216,0.2500864716745201,0.511204481792717,0.5110899201808292,0.49159663865546216
AUDUSD,direction,4,price,hist_boost,0,4284,0.4869281045751634,0.48843917025735206,0.49057821153780756,0.2515510035062506,0.49159663865546216,0.2500864716745201,0.511204481792717,0.5110899201808292,0.49159663865546216
AUDUSD,direction,4,price,extra_trees,0,4284,0.49603174603174605,0.49860100617676373,0.5059441431495304,0.2507791900076492,0.49159663865546216,0.2500864716745201,0.511204481792717,0.5110899201808292,0.49159663865546216
AUDUSD,direction,4,price,catboost,0,4284,0.49556489262371617,0.4969724439421409,0.5001789892362283,0.25067078746459787,0.49159663865546216,0.2500864716745201,0.511204481792717,0.5110899201808292,0.49159663865546216
AUDUSD,direction,4,price,xgboost,0,4284,0.484593837535014,0.48539003084457627,0.4879847207288285,0.25125318992707163,0.49159663865546216,0.2500864716745201,0.511204481792717,0.5110899201808292,0.49159663865546216
AUDUSD,direction,4,context,logistic,0,4284,0.515172735760971,0.516507342264918,0.5142312793827946,0.25043848103587074,0.49159663865546216,0.2500864716745201,0.511204481792717,0.5110899201808292,0.49159663865546216
AUDUSD,direction,4,context,hist_boost,0,4284,0.5014005602240896,0.5032061092667154,0.5060902123191685,0.25117605537305876,0.49159663865546216,0.2500864716745201,0.511204481792717,0.5110899201808292,0.49159663865546216
AUDUSD,direction,4,context,extra_trees,0,4284,0.5011671335200747,0.5029608438699348,0.5098502943620788,0.25073321449270125,0.49159663865546216,0.2500864716745201,0.511204481792717,0.5110899201808292,0.49159663865546216
AUDUSD,direction,4,context,catboost,0,4284,0.5014005602240896,0.5024448054751085,0.5038714870364702,0.250657510205662,0.49159663865546216,0.2500864716745201,0.511204481792717,0.5110899201808292,0.49159663865546216
AUDUSD,direction,4,context,xgboost,0,4284,0.4943977591036415,0.4954164802649651,0.5012335214355416,0.2510680173121464,0.49159663865546216,0.2500864716745201,0.511204481792717,0.5110899201808292,0.49159663865546216
AUDUSD,direction,4,fomc,logistic,0,4284,0.5086367880485527,0.5083920008162433,0.5147821999673852,0.25028147034478404,0.49159663865546216,0.2500864716745201,0.511204481792717,0.5110899201808292,0.49159663865546216
AUDUSD,direction,4,fomc,hist_boost,0,4284,0.49859943977591037,0.4996271965968936,0.49887940965382044,0.25134642495615805,0.49159663865546216,0.2500864716745201,0.511204481792717,0.5110899201808292,0.49159663865546216
AUDUSD,direction,4,fomc,extra_trees,0,4284,0.5070028011204482,0.5078131744798412,0.5113665795483977,0.2504926902280552,0.49159663865546216,0.2500864716745201,0.511204481792717,0.5110899201808292,0.49159663865546216
AUDUSD,direction,4,fomc,catboost,0,4284,0.5063025210084033,0.5070224388406207,0.5109536616270622,0.2501096414008016,0.49159663865546216,0.2500864716745201,0.511204481792717,0.5110899201808292,0.49159663865546216
AUDUSD,direction,4,fomc,xgboost,0,4284,0.5021008403361344,0.5013911453305393,0.4985932666909098,0.2510160541890057,0.49159663865546216,0.2500864716745201,0.511204481792717,0.5110899201808292,0.49159663865546216
AUDUSD,direction,4,cot_exploratory,logistic,0,4284,0.5184407096171803,0.519485845243421,0.5174855696741218,0.25064220987270497,0.49159663865546216,0.2500864716745201,0.511204481792717,0.5110899201808292,0.49159663865546216
AUDUSD,direction,4,cot_exploratory,hist_boost,0,4284,0.5030345471521942,0.5038398750519963,0.5026098418354311,0.25150915548849984,0.49159663865546216,0.2500864716745201,0.511204481792717,0.5110899201808292,0.49159663865546216
AUDUSD,direction,4,cot_exploratory,extra_trees,0,4284,0.5028011204481793,0.5043245194760346,0.5117587861695606,0.2504341216575603,0.49159663865546216,0.2500864716745201,0.511204481792717,0.5110899201808292,0.49159663865546216
AUDUSD,direction,4,cot_exploratory,catboost,0,4284,0.496265172735761,0.4976846946543916,0.5046543741829937,0.25068245168436804,0.49159663865546216,0.2500864716745201,0.511204481792717,0.5110899201808292,0.49159663865546216
AUDUSD,direction,4,cot_exploratory,xgboost,0,4284,0.4995331465919701,0.4997135300165603,0.5057538172016286,0.2510827688892185,0.49159663865546216,0.2500864716745201,0.511204481792717,0.5110899201808292,0.49159663865546216
AUDUSD,high_volatility,4,price,logistic,0,4284,0.7198879551820728,0.50365419329658,0.612531373154879,0.1946790344125592,0.7212885154061625,0.201533335463706,0.6302521008403361,0.5407002650794426,0.27871148459383754
AUDUSD,high_volatility,4,price,hist_boost,0,4284,0.7208216619981326,0.5073848205428437,0.644523317775501,0.19039318983218162,0.7212885154061625,0.201533335463706,0.6302521008403361,0.5407002650794426,0.27871148459383754
AUDUSD,high_volatility,4,price,extra_trees,0,4284,0.7236227824463118,0.5070140345741653,0.6459002130393066,0.19059732457723833,0.7212885154061625,0.201533335463706,0.6302521008403361,0.5407002650794426,0.27871148459383754
AUDUSD,high_volatility,4,price,catboost,0,4284,0.723155929038282,0.5120863215755151,0.6421086012587208,0.1906745366582535,0.7212885154061625,0.201533335463706,0.6302521008403361,0.5407002650794426,0.27871148459383754
AUDUSD,high_volatility,4,price,xgboost,0,4284,0.7219887955182073,0.5084508302027939,0.6430676847018263,0.19063205902507666,0.7212885154061625,0.201533335463706,0.6302521008403361,0.5407002650794426,0.27871148459383754
AUDUSD,high_volatility,4,context,logistic,0,4284,0.7271241830065359,0.5325665544551235,0.6675079821979368,0.18647963754379046,0.7212885154061625,0.201533335463706,0.6302521008403361,0.5407002650794426,0.27871148459383754
AUDUSD,high_volatility,4,context,hist_boost,0,4284,0.7373949579831933,0.5563879266884585,0.7048158809148222,0.18027003063806976,0.7212885154061625,0.201533335463706,0.6302521008403361,0.5407002650794426,0.27871148459383754
AUDUSD,high_volatility,4,context,extra_trees,0,4284,0.734827264239029,0.5386772047941976,0.7022648300835352,0.18172912608703895,0.7212885154061625,0.201533335463706,0.6302521008403361,0.5407002650794426,0.27871148459383754
AUDUSD,high_volatility,4,context,catboost,0,4284,0.7345938375350141,0.5446821486071133,0.7028443186807826,0.1808533237073463,0.7212885154061625,0.201533335463706,0.6302521008403361,0.5407002650794426,0.27871148459383754
AUDUSD,high_volatility,4,context,xgboost,0,4284,0.734827264239029,0.5471564944463417,0.7041358355965371,0.18070335793103795,0.7212885154061625,0.201533335463706,0.6302521008403361,0.5407002650794426,0.27871148459383754
AUDUSD,high_volatility,4,fomc,logistic,0,4284,0.7245564892623716,0.5307866191800426,0.668742309172616,0.18634760741358494,0.7212885154061625,0.201533335463706,0.6302521008403361,0.5407002650794426,0.27871148459383754
AUDUSD,high_volatility,4,fomc,hist_boost,0,4284,0.7352941176470589,0.5567302532077865,0.7057813338537346,0.18015265524733182,0.7212885154061625,0.201533335463706,0.6302521008403361,0.5407002650794426,0.27871148459383754
AUDUSD,high_volatility,4,fomc,extra_trees,0,4284,0.734360410830999,0.5386105283700053,0.7012606180850315,0.18184600737586246,0.7212885154061625,0.201533335463706,0.6302521008403361,0.5407002650794426,0.27871148459383754
AUDUSD,high_volatility,4,fomc,catboost,0,4284,0.7366946778711485,0.5512774227122669,0.7017929453090695,0.1810859810479522,0.7212885154061625,0.201533335463706,0.6302521008403361,0.5407002650794426,0.27871148459383754
AUDUSD,high_volatility,4,fomc,xgboost,0,4284,0.7338935574229691,0.5459953489128491,0.7048180492538203,0.18057398766445512,0.7212885154061625,0.201533335463706,0.6302521008403361,0.5407002650794426,0.27871148459383754
AUDUSD,high_volatility,4,cot_exploratory,logistic,0,4284,0.7250233426704015,0.5298255029191263,0.6634873396106747,0.1870894915585717,0.7212885154061625,0.201533335463706,0.6302521008403361,0.5407002650794426,0.27871148459383754
AUDUSD,high_volatility,4,cot_exploratory,hist_boost,0,4284,0.7341269841269841,0.5538656063488966,0.7010574718251451,0.18094343051413195,0.7212885154061625,0.201533335463706,0.6302521008403361,0.5407002650794426,0.27871148459383754
AUDUSD,high_volatility,4,cot_exploratory,extra_trees,0,4284,0.7294584500466853,0.5272470768079882,0.6988190683731494,0.18262140474051808,0.7212885154061625,0.201533335463706,0.6302521008403361,0.5407002650794426,0.27871148459383754
AUDUSD,high_volatility,4,cot_exploratory,catboost,0,4284,0.734827264239029,0.5427883755346311,0.7001135667550265,0.1813647238647666,0.7212885154061625,0.201533335463706,0.6302521008403361,0.5407002650794426,0.27871148459383754
AUDUSD,high_volatility,4,cot_exploratory,xgboost,0,4284,0.734827264239029,0.5466425981037876,0.6994695700725851,0.18146361293349567,0.7212885154061625,0.201533335463706,0.6302521008403361,0.5407002650794426,0.27871148459383754
AUDUSD,direction,4,price,logistic,1,6110,0.5170212765957447,0.5169147909967846,0.5234962486602358,0.24965211659735215,0.5090016366612111,0.24998708166943134,0.4970540098199673,0.49694694533762057,0.5090016366612111
AUDUSD,direction,4,price,hist_boost,1,6110,0.5135842880523731,0.5130964630225081,0.5131916934619507,0.25025372515352157,0.5090016366612111,0.24998708166943134,0.4970540098199673,0.49694694533762057,0.5090016366612111
AUDUSD,direction,4,price,extra_trees,1,6110,0.5153846153846153,0.5146645230439443,0.5164076098606645,0.2501268313430633,0.5090016366612111,0.24998708166943134,0.4970540098199673,0.49694694533762057,0.5090016366612111
AUDUSD,direction,4,price,catboost,1,6110,0.5086743044189853,0.5076543408360129,0.5104499464094319,0.25027835316424507,0.5090016366612111,0.24998708166943134,0.4970540098199673,0.49694694533762057,0.5090016366612111
AUDUSD,direction,4,price,xgboost,1,6110,0.5134206219312603,0.5130594855305466,0.5153489281886388,0.25021721639463435,0.5090016366612111,0.24998708166943134,0.4970540098199673,0.49694694533762057,0.5090016366612111
AUDUSD,direction,4,context,logistic,1,6110,0.5160392798690671,0.5161270096463022,0.5165862808145767,0.2502551058447044,0.5090016366612111,0.24998708166943134,0.4970540098199673,0.49694694533762057,0.5090016366612111
AUDUSD,direction,4,context,hist_boost,1,6110,0.51620294599018,0.5166355841371918,0.5153334405144694,0.25022400508551995,0.5090016366612111,0.24998708166943134,0.4970540098199673,0.49694694533762057,0.5090016366612111
AUDUSD,direction,4,context,extra_trees,1,6110,0.5157119476268412,0.5159056806002144,0.5163851018220793,0.24989736394549608,0.5090016366612111,0.24998708166943134,0.4970540098199673,0.49694694533762057,0.5090016366612111
AUDUSD,direction,4,context,catboost,1,6110,0.5098199672667758,0.5096345123258307,0.5097615219721329,0.25049217658830897,0.5090016366612111,0.24998708166943134,0.4970540098199673,0.49694694533762057,0.5090016366612111
AUDUSD,direction,4,context,xgboost,1,6110,0.5122749590834698,0.5128242229367631,0.5125704180064309,0.25031559836928957,0.5090016366612111,0.24998708166943134,0.4970540098199673,0.49694694533762057,0.5090016366612111
AUDUSD,direction,4,fomc,logistic,1,6110,0.5108019639934533,0.5106463022508039,0.5122978563772775,0.2505700648061447,0.5090016366612111,0.24998708166943134,0.4970540098199673,0.49694694533762057,0.5090016366612111
AUDUSD,direction,4,fomc,hist_boost,1,6110,0.5073649754500819,0.5073113612004287,0.5148894426580922,0.2500116896116683,0.5090016366612111,0.24998708166943134,0.4970540098199673,0.49694694533762057,0.5090016366612111
AUDUSD,direction,4,fomc,extra_trees,1,6110,0.5158756137479542,0.514857984994641,0.5156685959271168,0.24991043554624037,0.5090016366612111,0.24998708166943134,0.4970540098199673,0.49694694533762057,0.5090016366612111
AUDUSD,direction,4,fomc,catboost,1,6110,0.5130932896890343,0.5121425509110397,0.5118932475884244,0.2500935249021477,0.5090016366612111,0.24998708166943134,0.4970540098199673,0.49694694533762057,0.5090016366612111
AUDUSD,direction,4,fomc,xgboost,1,6110,0.5086743044189853,0.5079372990353698,0.5096849946409432,0.25029217571863377,0.5090016366612111,0.24998708166943134,0.4970540098199673,0.49694694533762057,0.5090016366612111
AUDUSD,direction,4,cot_exploratory,logistic,1,6110,0.504582651391162,0.5052090032154342,0.5108350482315113,0.2506845823884893,0.5090016366612111,0.24998708166943134,0.4970540098199673,0.49694694533762057,0.5090016366612111
AUDUSD,direction,4,cot_exploratory,hist_boost,1,6110,0.5129296235679215,0.5132315112540193,0.517150857449089,0.24999378232638647,0.5090016366612111,0.24998708166943134,0.4970540098199673,0.49694694533762057,0.5090016366612111
AUDUSD,direction,4,cot_exploratory,extra_trees,1,6110,0.5094926350245499,0.509336548767417,0.5177818863879957,0.24987495172020327,0.5090016366612111,0.24998708166943134,0.4970540098199673,0.49694694533762057,0.5090016366612111
AUDUSD,direction,4,cot_exploratory,catboost,1,6110,0.5130932896890343,0.5120305466237942,0.5169836012861737,0.24997054238738003,0.5090016366612111,0.24998708166943134,0.4970540098199673,0.49694694533762057,0.5090016366612111
AUDUSD,direction,4,cot_exploratory,xgboost,1,6110,0.5096563011456628,0.5096623794212218,0.5139859056806002,0.25012411600136364,0.5090016366612111,0.24998708166943134,0.4970540098199673,0.49694694533762057,0.5090016366612111
AUDUSD,high_volatility,4,price,logistic,1,6110,0.7121112929623568,0.5130867792307281,0.6471893741017224,0.19575823756531738,0.7075286415711948,0.206938817759847,0.6322422258592472,0.5561121969512508,0.29247135842880523
AUDUSD,high_volatility,4,price,hist_boost,1,6110,0.7168576104746317,0.5231705945256311,0.6873726651254769,0.1891087505730059,0.7075286415711948,0.206938817759847,0.6322422258592472,0.5561121969512508,0.29247135842880523
AUDUSD,high_volatility,4,price,extra_trees,1,6110,0.7135842880523732,0.5162615186323307,0.6848005637652664,0.18975119582450722,0.7075286415711948,0.206938817759847,0.6322422258592472,0.5561121969512508,0.29247135842880523
AUDUSD,high_volatility,4,price,catboost,1,6110,0.7162029459901801,0.5222155384694845,0.6865127522248289,0.18943321641991803,0.7075286415711948,0.206938817759847,0.6322422258592472,0.5561121969512508,0.29247135842880523
AUDUSD,high_volatility,4,price,xgboost,1,6110,0.7168576104746317,0.5228423182775438,0.6855571136595668,0.18946353651209258,0.7075286415711948,0.206938817759847,0.6322422258592472,0.5561121969512508,0.29247135842880523
AUDUSD,high_volatility,4,context,logistic,1,6110,0.7212765957446808,0.5491086251348023,0.6914670569736632,0.18778602678102044,0.7075286415711948,0.206938817759847,0.6322422258592472,0.5561121969512508,0.29247135842880523
AUDUSD,high_volatility,4,context,hist_boost,1,6110,0.7274959083469722,0.5697533954132714,0.7204998937891712,0.1820165532741946,0.7075286415711948,0.206938817759847,0.6322422258592472,0.5561121969512508,0.29247135842880523
AUDUSD,high_volatility,4,context,extra_trees,1,6110,0.7230769230769231,0.5474264035330602,0.7188818776365818,0.18334921878563368,0.7075286415711948,0.206938817759847,0.6322422258592472,0.5561121969512508,0.29247135842880523
AUDUSD,high_volatility,4,context,catboost,1,6110,0.7297872340425532,0.5616884919887521,0.7200867653799559,0.18200690470123454,0.7075286415711948,0.206938817759847,0.6322422258592472,0.5561121969512508,0.29247135842880523
AUDUSD,high_volatility,4,context,xgboost,1,6110,0.7281505728314239,0.5641429265076727,0.719101742465989,0.18217272488159092,0.7075286415711948,0.206938817759847,0.6322422258592472,0.5561121969512508,0.29247135842880523
AUDUSD,high_volatility,4,fomc,logistic,1,6110,0.7180032733224223,0.5454823117223746,0.6913040838678502,0.18783723983046963,0.7075286415711948,0.206938817759847,0.6322422258592472,0.5561121969512508,0.29247135842880523
AUDUSD,high_volatility,4,fomc,hist_boost,1,6110,0.727823240589198,0.567850920642712,0.7203020995829105,0.1821408258630233,0.7075286415711948,0.206938817759847,0.6322422258592472,0.5561121969512508,0.29247135842880523
AUDUSD,high_volatility,4,fomc,extra_trees,1,6110,0.725531914893617,0.5499820004683373,0.7207584631131281,0.18305800713353376,0.7075286415711948,0.206938817759847,0.6322422258592472,0.5561121969512508,0.29247135842880523
AUDUSD,high_volatility,4,fomc,catboost,1,6110,0.7281505728314239,0.5598753352825383,0.7217902809260238,0.18176268338988139,0.7075286415711948,0.206938817759847,0.6322422258592472,0.5561121969512508,0.29247135842880523
AUDUSD,high_volatility,4,fomc,xgboost,1,6110,0.7286415711947627,0.5630126646542919,0.7204374358673644,0.18210382902670533,0.7075286415711948,0.206938817759847,0.6322422258592472,0.5561121969512508,0.29247135842880523
AUDUSD,high_volatility,4,cot_exploratory,logistic,1,6110,0.7171849427168576,0.5332502028102569,0.6901763462206355,0.1887665123103226,0.7075286415711948,0.206938817759847,0.6322422258592472,0.5561121969512508,0.29247135842880523
AUDUSD,high_volatility,4,cot_exploratory,hist_boost,1,6110,0.7271685761047463,0.5601662015007765,0.7222553820929708,0.18214236421629107,0.7075286415711948,0.206938817759847,0.6322422258592472,0.5561121969512508,0.29247135842880523
AUDUSD,high_volatility,4,cot_exploratory,extra_trees,1,6110,0.7235679214402618,0.5443264841911557,0.7221801736938624,0.18299561000325107,0.7075286415711948,0.206938817759847,0.6322422258592472,0.5561121969512508,0.29247135842880523
AUDUSD,high_volatility,4,cot_exploratory,catboost,1,6110,0.72569558101473,0.5492769702691231,0.7192339720351613,0.1827044456837759,0.7075286415711948,0.206938817759847,0.6322422258592472,0.5561121969512508,0.29247135842880523
AUDUSD,high_volatility,4,cot_exploratory,xgboost,1,6110,0.7270049099836334,0.5570960548469872,0.7221678115559712,0.18192287633359858,0.7075286415711948,0.206938817759847,0.6322422258592472,0.5561121969512508,0.29247135842880523
AUDUSD,direction,24,price,logistic,0,4264,0.5215759849906192,0.5196570167037549,0.5164121697276133,0.2497921699920656,0.5084427767354597,0.24993893827967092,0.4826454033771107,0.4824820075490831,0.5084427767354597
AUDUSD,direction,24,price,hist_boost,0,4264,0.5354127579737336,0.5336205318160052,0.5453682202614011,0.24840216547095806,0.5084427767354597,0.24993893827967092,0.4826454033771107,0.4824820075490831,0.5084427767354597
AUDUSD,direction,24,price,extra_trees,0,4264,0.5325984990619137,0.5283416312216558,0.5351757256837836,0.2493342806663846,0.5084427767354597,0.24993893827967092,0.4826454033771107,0.4824820075490831,0.5084427767354597
AUDUSD,direction,24,price,catboost,0,4264,0.5318949343339587,0.5290123869750148,0.5440905273795104,0.2488364834645986,0.5084427767354597,0.24993893827967092,0.4826454033771107,0.4824820075490831,0.5084427767354597
AUDUSD,direction,24,price,xgboost,0,4264,0.5330675422138836,0.5311954240725614,0.54252091930509,0.24926178596240056,0.5084427767354597,0.24993893827967092,0.4826454033771107,0.4824820075490831,0.5084427767354597
AUDUSD,direction,24,context,logistic,0,4264,0.526735459662289,0.5257131841356582,0.5402697723303569,0.2483969489589096,0.5084427767354597,0.24993893827967092,0.4826454033771107,0.4824820075490831,0.5084427767354597
AUDUSD,direction,24,context,hist_boost,0,4264,0.5225140712945591,0.5212053885806034,0.529899795956452,0.2511058271813902,0.5084427767354597,0.24993893827967092,0.4826454033771107,0.4824820075490831,0.5084427767354597
AUDUSD,direction,24,context,extra_trees,0,4264,0.5302532833020638,0.5291012929213261,0.534839907678657,0.24946535064700404,0.5084427767354597,0.24993893827967092,0.4826454033771107,0.4824820075490831,0.5084427767354597
AUDUSD,direction,24,context,catboost,0,4264,0.5297842401500938,0.5291391439677755,0.5380403016816427,0.24964697874845967,0.5084427767354597,0.24993893827967092,0.4826454033771107,0.4824820075490831,0.5084427767354597
AUDUSD,direction,24,context,xgboost,0,4264,0.5213414634146342,0.5202186206022366,0.5252216706923749,0.25170108808035235,0.5084427767354597,0.24993893827967092,0.4826454033771107,0.4824820075490831,0.5084427767354597
AUDUSD,direction,24,fomc,logistic,0,4264,0.5354127579737336,0.5358308568772711,0.5484066469958593,0.24809714161021793,0.5084427767354597,0.24993893827967092,0.4826454033771107,0.4824820075490831,0.5084427767354597
AUDUSD,direction,24,fomc,hist_boost,0,4264,0.49953095684803,0.4996258908199769,0.508336913044703,0.2569788129644309,0.5084427767354597,0.24993893827967092,0.4826454033771107,0.4824820075490831,0.5084427767354597
AUDUSD,direction,24,fomc,extra_trees,0,4264,0.5075046904315197,0.5077841117151629,0.5137342081913185,0.25150728060984756,0.5084427767354597,0.24993893827967092,0.4826454033771107,0.4824820075490831,0.5084427767354597
AUDUSD,direction,24,fomc,catboost,0,4264,0.5110225140712945,0.5106968817779781,0.5175543030478015,0.25223088223736223,0.5084427767354597,0.24993893827967092,0.4826454033771107,0.4824820075490831,0.5084427767354597
AUDUSD,direction,24,fomc,xgboost,0,4264,0.5133677298311444,0.5148490535477874,0.5113227444297344,0.25443623078873145,0.5084427767354597,0.24993893827967092,0.4826454033771107,0.4824820075490831,0.5084427767354597
AUDUSD,direction,24,cot_exploratory,logistic,0,4264,0.5424484052532833,0.5421396580378017,0.5593037872172615,0.2473238581416319,0.5084427767354597,0.24993893827967092,0.4826454033771107,0.4824820075490831,0.5084427767354597
AUDUSD,direction,24,cot_exploratory,hist_boost,0,4264,0.5281425891181989,0.527683199064815,0.5360294648390187,0.25056516548280483,0.5084427767354597,0.24993893827967092,0.4826454033771107,0.4824820075490831,0.5084427767354597
AUDUSD,direction,24,cot_exploratory,extra_trees,0,4264,0.5192307692307693,0.519632369510718,0.5239194406495592,0.24992704099277854,0.5084427767354597,0.24993893827967092,0.4826454033771107,0.4824820075490831,0.5084427767354597
AUDUSD,direction,24,cot_exploratory,catboost,0,4264,0.5262664165103189,0.526424431706149,0.5361811991211516,0.24966748992315763,0.5084427767354597,0.24993893827967092,0.4826454033771107,0.4824820075490831,0.5084427767354597
AUDUSD,direction,24,cot_exploratory,xgboost,0,4264,0.5276735459662288,0.5266119264246077,0.5323335962367257,0.25061034084262074,0.5084427767354597,0.24993893827967092,0.4826454033771107,0.4824820075490831,0.5084427767354597
AUDUSD,high_volatility,24,price,logistic,0,4264,0.6409474671669794,0.5038751337561694,0.5151106519895883,0.2300766865330817,0.6648686679174484,0.22406702435873796,0.601782363977486,0.5563271759212978,0.3351313320825516
AUDUSD,high_volatility,24,price,hist_boost,0,4264,0.62687617260788,0.4945078204933581,0.5158079736572856,0.23099314518215688,0.6648686679174484,0.22406702435873796,0.601782363977486,0.5563271759212978,0.3351313320825516
AUDUSD,high_volatility,24,price,extra_trees,0,4264,0.6364915572232646,0.5029535583769313,0.512091064038813,0.2302078765929784,0.6648686679174484,0.22406702435873796,0.601782363977486,0.5563271759212978,0.3351313320825516
AUDUSD,high_volatility,24,price,catboost,0,4264,0.6238273921200751,0.4949915025492352,0.5147988936652337,0.23072814354171936,0.6648686679174484,0.22406702435873796,0.601782363977486,0.5563271759212978,0.3351313320825516
AUDUSD,high_volatility,24,price,xgboost,0,4264,0.6282833020637899,0.4978218880015008,0.5152207424192494,0.2314219929157901,0.6648686679174484,0.22406702435873796,0.601782363977486,0.5563271759212978,0.3351313320825516
AUDUSD,high_volatility,24,context,logistic,0,4264,0.6606472795497186,0.5612043547429598,0.6436802292645539,0.21200065609680932,0.6648686679174484,0.22406702435873796,0.601782363977486,0.5563271759212978,0.3351313320825516
AUDUSD,high_volatility,24,context,hist_boost,0,4264,0.6592401500938087,0.5684755067306968,0.6345060679327067,0.21508998039825264,0.6648686679174484,0.22406702435873796,0.601782363977486,0.5563271759212978,0.3351313320825516
AUDUSD,high_volatility,24,context,extra_trees,0,4264,0.6604127579737336,0.547839845577191,0.6209127385241218,0.21598720986780498,0.6648686679174484,0.22406702435873796,0.601782363977486,0.5563271759212978,0.3351313320825516
AUDUSD,high_volatility,24,context,catboost,0,4264,0.6585365853658537,0.570375800839995,0.6388288451736084,0.21419533419279377,0.6648686679174484,0.22406702435873796,0.601782363977486,0.5563271759212978,0.3351313320825516
AUDUSD,high_volatility,24,context,xgboost,0,4264,0.6575984990619137,0.5627292059295792,0.6337254379241782,0.21542955251014997,0.6648686679174484,0.22406702435873796,0.601782363977486,0.5563271759212978,0.3351313320825516
AUDUSD,high_volatility,24,fomc,logistic,0,4264,0.6618198874296435,0.5692008446848661,0.6489384048982836,0.21124086847190782,0.6648686679174484,0.22406702435873796,0.601782363977486,0.5563271759212978,0.3351313320825516
AUDUSD,high_volatility,24,fomc,hist_boost,0,4264,0.6580675422138836,0.5786994765767801,0.6425152701103249,0.21463725299966255,0.6648686679174484,0.22406702435873796,0.601782363977486,0.5563271759212978,0.3351313320825516
AUDUSD,high_volatility,24,fomc,extra_trees,0,4264,0.6653377110694184,0.5562288103692349,0.6195975775168685,0.21655710721635732,0.6648686679174484,0.22406702435873796,0.601782363977486,0.5563271759212978,0.3351313320825516
AUDUSD,high_volatility,24,fomc,catboost,0,4264,0.6613508442776735,0.5933155855712422,0.6482334312052063,0.21516898810531673,0.6648686679174484,0.22406702435873796,0.601782363977486,0.5563271759212978,0.3351313320825516
AUDUSD,high_volatility,24,fomc,xgboost,0,4264,0.6564258911819888,0.5729531757756623,0.6398560678709968,0.21539831520950722,0.6648686679174484,0.22406702435873796,0.601782363977486,0.5563271759212978,0.3351313320825516
AUDUSD,high_volatility,24,cot_exploratory,logistic,0,4264,0.6622889305816135,0.5695535783709331,0.6411101360949739,0.2127069449161434,0.6648686679174484,0.22406702435873796,0.601782363977486,0.5563271759212978,0.3351313320825516
AUDUSD,high_volatility,24,cot_exploratory,hist_boost,0,4264,0.6468105065666041,0.5770014674609962,0.6318847555609861,0.2188346355873311,0.6648686679174484,0.22406702435873796,0.601782363977486,0.5563271759212978,0.3351313320825516
AUDUSD,high_volatility,24,cot_exploratory,extra_trees,0,4264,0.6547842401500938,0.5378806111253044,0.6149061454403185,0.21726820596650062,0.6648686679174484,0.22406702435873796,0.601782363977486,0.5563271759212978,0.3351313320825516
AUDUSD,high_volatility,24,cot_exploratory,catboost,0,4264,0.6533771106941839,0.5734368578315394,0.6300272881098634,0.2185819654456062,0.6648686679174484,0.22406702435873796,0.601782363977486,0.5563271759212978,0.3351313320825516
AUDUSD,high_volatility,24,cot_exploratory,xgboost,0,4264,0.6559568480300187,0.5693034065089115,0.6303389230144537,0.21708341467821227,0.6648686679174484,0.22406702435873796,0.601782363977486,0.5563271759212978,0.3351313320825516
AUDUSD,direction,24,price,logistic,1,6100,0.4859016393442623,0.4858048850545058,0.48136758134590973,0.25088763852724977,0.5003278688524591,0.25003103968644325,0.5127868852459017,0.5127868907441615,0.5003278688524591
AUDUSD,direction,24,price,hist_boost,1,6100,0.49311475409836064,0.49303197765416934,0.48090329735159243,0.25424558668920455,0.5003278688524591,0.25003103968644325,0.5127868852459017,0.5127868907441615,0.5003278688524591
AUDUSD,direction,24,price,extra_trees,1,6100,0.49934426229508194,0.49919741970327103,0.48862756834294796,0.25117605617695155,0.5003278688524591,0.25003103968644325,0.5127868852459017,0.5127868907441615,0.5003278688524591
AUDUSD,direction,24,price,catboost,1,6100,0.49131147540983605,0.49120945604276534,0.4804986747642783,0.2528541247557916,0.5003278688524591,0.25003103968644325,0.5127868852459017,0.5127868907441615,0.5003278688524591
AUDUSD,direction,24,price,xgboost,1,6100,0.49836065573770494,0.4982828264586193,0.4869540927510208,0.2536812113510633,0.5003278688524591,0.25003103968644325,0.5127868852459017,0.5127868907441615,0.5003278688524591
AUDUSD,direction,24,context,logistic,1,6100,0.5109836065573771,0.5109568442706129,0.5077540479458417,0.2518338631015308,0.5003278688524591,0.25003103968644325,0.5127868852459017,0.5127868907441615,0.5003278688524591
AUDUSD,direction,24,context,hist_boost,1,6100,0.5059016393442622,0.5058657375396882,0.49931217385097504,0.2534843438593963,0.5003278688524591,0.25003103968644325,0.5127868852459017,0.5127868907441615,0.5003278688524591
AUDUSD,direction,24,context,extra_trees,1,6100,0.4960655737704918,0.49601139307127895,0.49256102878195274,0.2518525134174665,0.5003278688524591,0.25003103968644325,0.5127868852459017,0.5127868907441615,0.5003278688524591
AUDUSD,direction,24,context,catboost,1,6100,0.4977049180327869,0.49766277781791035,0.49115688950578423,0.2534384275723847,0.5003278688524591,0.25003103968644325,0.5127868852459017,0.5127868907441615,0.5003278688524591
AUDUSD,direction,24,context,xgboost,1,6100,0.5073770491803279,0.5073397505357702,0.49630529268703794,0.2534180895771723,0.5003278688524591,0.25003103968644325,0.5127868852459017,0.5127868907441615,0.5003278688524591
AUDUSD,direction,24,fomc,logistic,1,6100,0.508360655737705,0.5083306673821736,0.5064445069366329,0.25235935993116715,0.5003278688524591,0.25003103968644325,0.5127868852459017,0.5127868907441615,0.5003278688524591
AUDUSD,direction,24,fomc,hist_boost,1,6100,0.5065573770491804,0.5065330853138771,0.49596699638462627,0.2536058777401077,0.5003278688524591,0.25003103968644325,0.5127868852459017,0.5127868907441615,0.5003278688524591
AUDUSD,direction,24,fomc,extra_trees,1,6100,0.48737704918032787,0.48730964248734965,0.4866083253354798,0.25236667663337814,0.5003278688524591,0.25003103968644325,0.5127868852459017,0.5127868907441615,0.5003278688524591
AUDUSD,direction,24,fomc,catboost,1,6100,0.49688524590163935,0.4968451477968924,0.4976780425382607,0.2531564066869206,0.5003278688524591,0.25003103968644325,0.5127868852459017,0.5127868907441615,0.5003278688524591
AUDUSD,direction,24,fomc,xgboost,1,6100,0.5019672131147541,0.5019136799413835,0.4974713775743628,0.2534785301449049,0.5003278688524591,0.25003103968644325,0.5127868852459017,0.5127868907441615,0.5003278688524591
AUDUSD,direction,24,cot_exploratory,logistic,1,6100,0.4962295081967213,0.49622531415224475,0.4994576724354409,0.2534416080952071,0.5003278688524591,0.25003103968644325,0.5127868852459017,0.5127868907441615,0.5003278688524591
AUDUSD,direction,24,cot_exploratory,hist_boost,1,6100,0.4911475409836066,0.4910679886344482,0.48873452888343094,0.25659941446788564,0.5003278688524591,0.25003103968644325,0.5127868852459017,0.5127868907441615,0.5003278688524591
AUDUSD,direction,24,cot_exploratory,extra_trees,1,6100,0.49491803278688523,0.49485428426951217,0.49852845945862273,0.2521326915075077,0.5003278688524591,0.25003103968644325,0.5127868852459017,0.5127868907441615,0.5003278688524591
AUDUSD,direction,24,cot_exploratory,catboost,1,6100,0.4963934426229508,0.4963121725609987,0.4972509528625436,0.25562064148674923,0.5003278688524591,0.25003103968644325,0.5127868852459017,0.5127868907441615,0.5003278688524591
AUDUSD,direction,24,cot_exploratory,xgboost,1,6100,0.49754098360655735,0.4974770212209712,0.5005242141463968,0.255324091634342,0.5003278688524591,0.25003103968644325,0.5127868852459017,0.5127868907441615,0.5003278688524591
AUDUSD,high_volatility,24,price,logistic,1,6100,0.6532786885245901,0.5252434062958519,0.5735490032553512,0.22566390306976766,0.638360655737705,0.23085650434588179,0.6301639344262295,0.6003796900734375,0.3616393442622951
AUDUSD,high_volatility,24,price,hist_boost,1,6100,0.6486885245901639,0.5213533757911956,0.5706299670180919,0.22609561705471803,0.638360655737705,0.23085650434588179,0.6301639344262295,0.6003796900734375,0.3616393442622951
AUDUSD,high_volatility,24,price,extra_trees,1,6100,0.6486885245901639,0.5188970781000223,0.5752327895020397,0.22572445842670474,0.638360655737705,0.23085650434588179,0.6301639344262295,0.6003796900734375,0.3616393442622951
AUDUSD,high_volatility,24,price,catboost,1,6100,0.6542622950819672,0.5289613795499132,0.5719823276947914,0.22549694447395544,0.638360655737705,0.23085650434588179,0.6301639344262295,0.6003796900734375,0.3616393442622951
AUDUSD,high_volatility,24,price,xgboost,1,6100,0.6514754098360656,0.5259925188855533,0.5708954450695004,0.22560992870824917,0.638360655737705,0.23085650434588179,0.6301639344262295,0.6003796900734375,0.3616393442622951
AUDUSD,high_volatility,24,context,logistic,1,6100,0.6811475409836065,0.604352722485857,0.6956715843841864,0.2040205576063769,0.638360655737705,0.23085650434588179,0.6301639344262295,0.6003796900734375,0.3616393442622951
AUDUSD,high_volatility,24,context,hist_boost,1,6100,0.6680327868852459,0.5911329515944049,0.6835100005075573,0.20805053963686096,0.638360655737705,0.23085650434588179,0.6301639344262295,0.6003796900734375,0.3616393442622951
AUDUSD,high_volatility,24,context,extra_trees,1,6100,0.658360655737705,0.5650858353810242,0.6706052410640821,0.21083349379553198,0.638360655737705,0.23085650434588179,0.6301639344262295,0.6003796900734375,0.3616393442622951
AUDUSD,high_volatility,24,context,catboost,1,6100,0.6611475409836065,0.5832837417306584,0.6839570234049082,0.20785206175956797,0.638360655737705,0.23085650434588179,0.6301639344262295,0.6003796900734375,0.3616393442622951
AUDUSD,high_volatility,24,context,xgboost,1,6100,0.6627868852459017,0.5840765089001794,0.6844138249281388,0.20794172252699653,0.638360655737705,0.23085650434588179,0.6301639344262295,0.6003796900734375,0.3616393442622951
AUDUSD,high_volatility,24,fomc,logistic,1,6100,0.6791803278688524,0.6024188828059627,0.6965813458276234,0.20369645177526732,0.638360655737705,0.23085650434588179,0.6301639344262295,0.6003796900734375,0.3616393442622951
AUDUSD,high_volatility,24,fomc,hist_boost,1,6100,0.6698360655737705,0.5924471290652891,0.6907389661012293,0.20652767807776332,0.638360655737705,0.23085650434588179,0.6301639344262295,0.6003796900734375,0.3616393442622951
AUDUSD,high_volatility,24,fomc,extra_trees,1,6100,0.6591803278688525,0.564155818212551,0.6749059738556795,0.21014485601128358,0.638360655737705,0.23085650434588179,0.6301639344262295,0.6003796900734375,0.3616393442622951
AUDUSD,high_volatility,24,fomc,catboost,1,6100,0.6665573770491803,0.5870297703280171,0.6900952065641588,0.20638918352714575,0.638360655737705,0.23085650434588179,0.6301639344262295,0.6003796900734375,0.3616393442622951
AUDUSD,high_volatility,24,fomc,xgboost,1,6100,0.6695081967213115,0.5902252855707993,0.6910469928164351,0.2062590616811832,0.638360655737705,0.23085650434588179,0.6301639344262295,0.6003796900734375,0.3616393442622951
AUDUSD,high_volatility,24,cot_exploratory,logistic,1,6100,0.6819672131147541,0.596053812243864,0.6956472542317004,0.20392027541108046,0.638360655737705,0.23085650434588179,0.6301639344262295,0.6003796900734375,0.3616393442622951
AUDUSD,high_volatility,24,cot_exploratory,hist_boost,1,6100,0.6649180327868852,0.5776890871932131,0.6840354852363704,0.20812961431128427,0.638360655737705,0.23085650434588179,0.6301639344262295,0.6003796900734375,0.3616393442622951
AUDUSD,high_volatility,24,cot_exploratory,extra_trees,1,6100,0.660327868852459,0.5571944842962253,0.6708855616726294,0.21129528637703315,0.638360655737705,0.23085650434588179,0.6301639344262295,0.6003796900734375,0.3616393442622951
AUDUSD,high_volatility,24,cot_exploratory,catboost,1,6100,0.6608196721311476,0.5688786616879491,0.6782311723035788,0.20922141414829393,0.638360655737705,0.23085650434588179,0.6301639344262295,0.6003796900734375,0.3616393442622951
AUDUSD,high_volatility,24,cot_exploratory,xgboost,1,6100,0.660327868852459,0.5654476445385676,0.6805191961410748,0.20905341601126573,0.638360655737705,0.23085650434588179,0.6301639344262295,0.6003796900734375,0.3616393442622951
AUDUSD,direction,72,price,logistic,0,4216,0.482685009487666,0.483318399860996,0.48261899119048923,0.25216755611144864,0.49407020872865276,0.25011639700599914,0.4852941176470588,0.4852273410159128,0.49407020872865276
AUDUSD,direction,72,price,hist_boost,0,4216,0.49573055028463,0.49749394502276484,0.48824003120386744,0.25290165539641174,0.49407020872865276,0.25011639700599914,0.4852941176470588,0.4852273410159128,0.49407020872865276
AUDUSD,direction,72,price,extra_trees,0,4216,0.5123339658444023,0.5144710636120907,0.5093817542452362,0.24995037981269022,0.49407020872865276,0.25011639700599914,0.4852941176470588,0.4852273410159128,0.49407020872865276
AUDUSD,direction,72,price,catboost,0,4216,0.5054554079696395,0.5071442091775471,0.5051477153362822,0.2507575734815923,0.49407020872865276,0.25011639700599914,0.4852941176470588,0.4852273410159128,0.49407020872865276
AUDUSD,direction,72,price,xgboost,0,4216,0.48980075901328274,0.49139732962055926,0.4821858417177972,0.253468207781081,0.49407020872865276,0.25011639700599914,0.4852941176470588,0.4852273410159128,0.49407020872865276
AUDUSD,direction,72,context,logistic,0,4216,0.5194497153700189,0.5200404497912352,0.5288483850805721,0.2501820669024213,0.49407020872865276,0.25011639700599914,0.4852941176470588,0.4852273410159128,0.49407020872865276
AUDUSD,direction,72,context,hist_boost,0,4216,0.5075901328273245,0.5076671620483187,0.5119447522292737,0.2572117998070396,0.49407020872865276,0.25011639700599914,0.4852941176470588,0.4852273410159128,0.49407020872865276
AUDUSD,direction,72,context,extra_trees,0,4216,0.5125711574952562,0.5131356038063136,0.5191466921627292,0.252047131863596,0.49407020872865276,0.25011639700599914,0.4852941176470588,0.4852273410159128,0.49407020872865276
AUDUSD,direction,72,context,catboost,0,4216,0.5061669829222012,0.5063338404186863,0.5019330237704418,0.25833882517319035,0.49407020872865276,0.25011639700599914,0.4852941176470588,0.4852273410159128,0.49407020872865276
AUDUSD,direction,72,context,xgboost,0,4216,0.4995256166982922,0.4996802863985664,0.49300422526113324,0.2594220886208827,0.49407020872865276,0.25011639700599914,0.4852941176470588,0.4852273410159128,0.49407020872865276
AUDUSD,direction,72,fomc,logistic,0,4216,0.5277514231499051,0.5267762673251348,0.5368102778301068,0.24919519135603407,0.49407020872865276,0.25011639700599914,0.4852941176470588,0.4852273410159128,0.49407020872865276
AUDUSD,direction,72,fomc,hist_boost,0,4216,0.4971537001897533,0.49580005937377547,0.4835891604822735,0.2690798518668541,0.49407020872865276,0.25011639700599914,0.4852941176470588,0.4852273410159128,0.49407020872865276
AUDUSD,direction,72,fomc,extra_trees,0,4216,0.517314990512334,0.5170135801193733,0.5034027385309919,0.25649947341841656,0.49407020872865276,0.25011639700599914,0.4852941176470588,0.4852273410159128,0.49407020872865276
AUDUSD,direction,72,fomc,catboost,0,4216,0.49620493358633777,0.49666860903089083,0.4857197967427249,0.26856051307602397,0.49407020872865276,0.25011639700599914,0.4852941176470588,0.4852273410159128,0.49407020872865276
AUDUSD,direction,72,fomc,xgboost,0,4216,0.4836337760910816,0.4806436540394986,0.473811393507912,0.26968190786575585,0.49407020872865276,0.25011639700599914,0.4852941176470588,0.4852273410159128,0.49407020872865276
AUDUSD,direction,72,cot_exploratory,logistic,0,4216,0.5135199240986718,0.5136174811879887,0.5255018018072765,0.2520003136670951,0.49407020872865276,0.25011639700599914,0.4852941176470588,0.4852273410159128,0.49407020872865276
AUDUSD,direction,72,cot_exploratory,hist_boost,0,4216,0.545303605313093,0.5447979412289652,0.5507544498258962,0.2510269520548098,0.49407020872865276,0.25011639700599914,0.4852941176470588,0.4852273410159128,0.49407020872865276
AUDUSD,direction,72,cot_exploratory,extra_trees,0,4216,0.5315464895635673,0.5315903146472494,0.53143332750399,0.25081080288131286,0.49407020872865276,0.25011639700599914,0.4852941176470588,0.4852273410159128,0.49407020872865276
AUDUSD,direction,72,cot_exploratory,catboost,0,4216,0.5379506641366224,0.5375311807976477,0.5433902335766128,0.25170722213235797,0.49407020872865276,0.25011639700599914,0.4852941176470588,0.4852273410159128,0.49407020872865276
AUDUSD,direction,72,cot_exploratory,xgboost,0,4216,0.5187381404174574,0.51820060548647,0.5197434683782879,0.2559596703767538,0.49407020872865276,0.25011639700599914,0.4852941176470588,0.4852273410159128,0.49407020872865276
AUDUSD,high_volatility,72,price,logistic,0,4216,0.5592979127134725,0.48034716556209234,0.4755514521693076,0.24910739800721735,0.6190702087286527,0.23623661163418103,0.6027039848197343,0.5835489996803176,0.38092979127134724
AUDUSD,high_volatility,72,price,hist_boost,0,4216,0.5723434535104365,0.4878895234823435,0.48156673012601214,0.24949058550184985,0.6190702087286527,0.23623661163418103,0.6027039848197343,0.5835489996803176,0.38092979127134724
AUDUSD,high_volatility,72,price,extra_trees,0,4216,0.5661764705882353,0.4819505875953679,0.4731729195593154,0.24915944842122528,0.6190702087286527,0.23623661163418103,0.6027039848197343,0.5835489996803176,0.38092979127134724
AUDUSD,high_volatility,72,price,catboost,0,4216,0.5652277039848197,0.48393882137387095,0.4786888726661991,0.2492168650140488,0.6190702087286527,0.23623661163418103,0.6027039848197343,0.5835489996803176,0.38092979127134724
AUDUSD,high_volatility,72,price,xgboost,0,4216,0.5652277039848197,0.48441786786142005,0.4803464498551886,0.24942868883486627,0.6190702087286527,0.23623661163418103,0.6027039848197343,0.5835489996803176,0.38092979127134724
AUDUSD,high_volatility,72,context,logistic,0,4216,0.6252371916508539,0.5742030603627202,0.6455805098695983,0.22240571947607357,0.6190702087286527,0.23623661163418103,0.6027039848197343,0.5835489996803176,0.38092979127134724
AUDUSD,high_volatility,72,context,hist_boost,0,4216,0.6083965844402277,0.5662303240243722,0.632233053253365,0.22586073176961458,0.6190702087286527,0.23623661163418103,0.6027039848197343,0.5835489996803176,0.38092979127134724
AUDUSD,high_volatility,72,context,extra_trees,0,4216,0.6233396584440227,0.565245272755901,0.6302374238368571,0.22571280463192434,0.6190702087286527,0.23623661163418103,0.6027039848197343,0.5835489996803176,0.38092979127134724
AUDUSD,high_volatility,72,context,catboost,0,4216,0.6129032258064516,0.572864211314849,0.6389659466655215,0.2242787623280593,0.6190702087286527,0.23623661163418103,0.6027039848197343,0.5835489996803176,0.38092979127134724
AUDUSD,high_volatility,72,context,xgboost,0,4216,0.6098197343453511,0.5689366503962631,0.6275223896976376,0.22710382517830274,0.6190702087286527,0.23623661163418103,0.6027039848197343,0.5835489996803176,0.38092979127134724
AUDUSD,high_volatility,72,fomc,logistic,0,4216,0.6435009487666035,0.6040439825749226,0.6621350491213505,0.22023304534971697,0.6190702087286527,0.23623661163418103,0.6027039848197343,0.5835489996803176,0.38092979127134724
AUDUSD,high_volatility,72,fomc,hist_boost,0,4216,0.6276091081593927,0.6103705930347405,0.6645734625422862,0.22351395441749858,0.6190702087286527,0.23623661163418103,0.6027039848197343,0.5835489996803176,0.38092979127134724
AUDUSD,high_volatility,72,fomc,extra_trees,0,4216,0.6354364326375711,0.586153218533946,0.6488338748848905,0.22362889275149728,0.6190702087286527,0.23623661163418103,0.6027039848197343,0.5835489996803176,0.38092979127134724
AUDUSD,high_volatility,72,fomc,catboost,0,4216,0.6136148007590133,0.6167926310817193,0.651683342637523,0.23145038952262115,0.6190702087286527,0.23623661163418103,0.6027039848197343,0.5835489996803176,0.38092979127134724
AUDUSD,high_volatility,72,fomc,xgboost,0,4216,0.6257115749525617,0.6136284908604228,0.6574426360916678,0.22657763454126106,0.6190702087286527,0.23623661163418103,0.6027039848197343,0.5835489996803176,0.38092979127134724
AUDUSD,high_volatility,72,cot_exploratory,logistic,0,4216,0.635673624288425,0.5967640505193647,0.6577654199052403,0.22124188272580028,0.6190702087286527,0.23623661163418103,0.6027039848197343,0.5835489996803176,0.38092979127134724
AUDUSD,high_volatility,72,cot_exploratory,hist_boost,0,4216,0.6240512333965844,0.5898920713989206,0.6350902744974546,0.22823981604029372,0.6190702087286527,0.23623661163418103,0.6027039848197343,0.5835489996803176,0.38092979127134724
AUDUSD,high_volatility,72,cot_exploratory,extra_trees,0,4216,0.6157495256166983,0.5593545278004418,0.6238976920838045,0.22780263435527406,0.6190702087286527,0.23623661163418103,0.6027039848197343,0.5835489996803176,0.38092979127134724
AUDUSD,high_volatility,72,cot_exploratory,catboost,0,4216,0.6264231499051234,0.6006701402308393,0.632424862703559,0.23140485341628309,0.6190702087286527,0.23623661163418103,0.6027039848197343,0.5835489996803176,0.38092979127134724
AUDUSD,high_volatility,72,cot_exploratory,xgboost,0,4216,0.6202561669829222,0.5936533497468783,0.6317742851280879,0.22977462663719259,0.6190702087286527,0.23623661163418103,0.6027039848197343,0.5835489996803176,0.38092979127134724
AUDUSD,direction,72,price,logistic,1,6076,0.5187623436471362,0.518836748182419,0.5132924490481401,0.2498664927486016,0.4980250164581962,0.2500171085528231,0.48123765635286375,0.48121265968166604,0.4980250164581962
AUDUSD,direction,72,price,hist_boost,1,6076,0.49637919684002635,0.4968173100885225,0.49194895604217004,0.2537768252836687,0.4980250164581962,0.2500171085528231,0.48123765635286375,0.48121265968166604,0.4980250164581962
AUDUSD,direction,72,price,extra_trees,1,6076,0.5075707702435813,0.5081273769408298,0.5042680376626613,0.2504533798715201,0.4980250164581962,0.2500171085528231,0.48123765635286375,0.48121265968166604,0.4980250164581962
AUDUSD,direction,72,price,catboost,1,6076,0.49637919684002635,0.4967041920839067,0.4927889439069051,0.25242992976279965,0.4980250164581962,0.2500171085528231,0.48123765635286375,0.48121265968166604,0.4980250164581962
AUDUSD,direction,72,price,xgboost,1,6076,0.4878209348255431,0.4881626992296274,0.48636559652411343,0.2529851675316753,0.4980250164581962,0.2500171085528231,0.48123765635286375,0.48121265968166604,0.4980250164581962
AUDUSD,direction,72,context,logistic,1,6076,0.5187623436471362,0.5187873403183341,0.516861517124809,0.2528055121648136,0.4980250164581962,0.2500171085528231,0.48123765635286375,0.48121265968166604,0.4980250164581962
AUDUSD,direction,72,context,hist_boost,1,6076,0.5013166556945359,0.5011775540940266,0.49910935823951985,0.25704478418680515,0.4980250164581962,0.2500171085528231,0.48123765635286375,0.48121265968166604,0.4980250164581962
AUDUSD,direction,72,context,extra_trees,1,6076,0.5041145490454246,0.504071056309796,0.5079557496234818,0.25265567787763005,0.4980250164581962,0.2500171085528231,0.48123765635286375,0.48121265968166604,0.4980250164581962
AUDUSD,direction,72,context,catboost,1,6076,0.5032916392363397,0.503166870726924,0.499666496917426,0.25651340939800354,0.4980250164581962,0.2500171085528231,0.48123765635286375,0.48121265968166604,0.4980250164581962
AUDUSD,direction,72,context,xgboost,1,6076,0.5082290980908493,0.5081044066180533,0.5054161745744531,0.2555269622127083,0.4980250164581962,0.2500171085528231,0.48123765635286375,0.48121265968166604,0.4980250164581962
AUDUSD,direction,72,fomc,logistic,1,6076,0.5004937458854509,0.5005711159026145,0.5068670430043448,0.25477831542141716,0.4980250164581962,0.2500171085528231,0.48123765635286375,0.48121265968166604,0.4980250164581962
AUDUSD,direction,72,fomc,hist_boost,1,6076,0.4965437788018433,0.49681481802520233,0.4966721203124831,0.2564219370727784,0.4980250164581962,0.2500171085528231,0.48123765635286375,0.48121265968166604,0.4980250164581962
AUDUSD,direction,72,fomc,extra_trees,1,6076,0.49292297564186965,0.4931679542327154,0.4988861560465041,0.2527735019717659,0.4980250164581962,0.2500171085528231,0.48123765635286375,0.48121265968166604,0.4980250164581962
AUDUSD,direction,72,fomc,catboost,1,6076,0.5016458196181699,0.5017173566792714,0.5018670971796344,0.25512349919909727,0.4980250164581962,0.2500171085528231,0.48123765635286375,0.48121265968166604,0.4980250164581962
AUDUSD,direction,72,fomc,xgboost,1,6076,0.4924292297564187,0.4928789832381654,0.4952358250354848,0.256467078208145,0.4980250164581962,0.2500171085528231,0.48123765635286375,0.48121265968166604,0.4980250164581962
AUDUSD,direction,72,cot_exploratory,logistic,1,6076,0.49193548387096775,0.49182158993639824,0.4968796116715244,0.2562277630186432,0.4980250164581962,0.2500171085528231,0.48123765635286375,0.48121265968166604,0.4980250164581962
AUDUSD,direction,72,cot_exploratory,hist_boost,1,6076,0.5176102699144174,0.5177711202366376,0.5205846055497166,0.25510315668947114,0.4980250164581962,0.2500171085528231,0.48123765635286375,0.48121265968166604,0.4980250164581962
AUDUSD,direction,72,cot_exploratory,extra_trees,1,6076,0.5153061224489796,0.5153811231621033,0.521402056493992,0.2512678734591829,0.4980250164581962,0.2500171085528231,0.48123765635286375,0.48121265968166604,0.4980250164581962
AUDUSD,direction,72,cot_exploratory,catboost,1,6076,0.5011520737327189,0.5017846423889135,0.5087476298310815,0.25834455811847384,0.4980250164581962,0.2500171085528231,0.48123765635286375,0.48121265968166604,0.4980250164581962
AUDUSD,direction,72,cot_exploratory,xgboost,1,6076,0.4925938117182357,0.4929076961416359,0.5040212150433944,0.25730674308116686,0.4980250164581962,0.2500171085528231,0.48123765635286375,0.48121265968166604,0.4980250164581962
AUDUSD,high_volatility,72,price,logistic,1,6076,0.6025345622119815,0.525173448220019,0.5985394998794633,0.23434870034752722,0.587393021724819,0.2426360928166905,0.5929888084265964,0.5819727737957144,0.41260697827518106
AUDUSD,high_volatility,72,price,hist_boost,1,6076,0.6046741277156024,0.5266386088691087,0.5862393368056693,0.23464253747716554,0.587393021724819,0.2426360928166905,0.5929888084265964,0.5819727737957144,0.41260697827518106
AUDUSD,high_volatility,72,price,extra_trees,1,6076,0.6073074391046741,0.5298296738870585,0.5952083954783709,0.23486489740552757,0.587393021724819,0.2426360928166905,0.5929888084265964,0.5819727737957144,0.41260697827518106
AUDUSD,high_volatility,72,price,catboost,1,6076,0.6120803159973667,0.535138708841358,0.587338472730264,0.234415734676939,0.587393021724819,0.2426360928166905,0.5929888084265964,0.5819727737957144,0.41260697827518106
AUDUSD,high_volatility,72,price,xgboost,1,6076,0.6082949308755761,0.5307889380734224,0.5901629542073452,0.23449321954526808,0.587393021724819,0.2426360928166905,0.5929888084265964,0.5819727737957144,0.41260697827518106
AUDUSD,high_volatility,72,context,logistic,1,6076,0.6584924292297564,0.625802083110971,0.706143057215085,0.21037851013293563,0.587393021724819,0.2426360928166905,0.5929888084265964,0.5819727737957144,0.41260697827518106
AUDUSD,high_volatility,72,context,hist_boost,1,6076,0.6459842001316656,0.6201399320903991,0.6892660762808938,0.21618036809278277,0.587393021724819,0.2426360928166905,0.5929888084265964,0.5819727737957144,0.41260697827518106
AUDUSD,high_volatility,72,context,extra_trees,1,6076,0.6339697169190257,0.5938301307753253,0.6828924961355053,0.21749469253240233,0.587393021724819,0.2426360928166905,0.5929888084265964,0.5819727737957144,0.41260697827518106
AUDUSD,high_volatility,72,context,catboost,1,6076,0.6469716919025674,0.6204463869895032,0.6892915024258778,0.2158646069538399,0.587393021724819,0.2426360928166905,0.5929888084265964,0.5819727737957144,0.41260697827518106
AUDUSD,high_volatility,72,context,xgboost,1,6076,0.6389071757735352,0.6095461706940377,0.6886835660933919,0.2164192752080964,0.587393021724819,0.2426360928166905,0.5929888084265964,0.5819727737957144,0.41260697827518106
AUDUSD,high_volatility,72,fomc,logistic,1,6076,0.6691902567478605,0.6361545475973522,0.7165697883974744,0.20773138332100458,0.587393021724819,0.2426360928166905,0.5929888084265964,0.5819727737957144,0.41260697827518106
AUDUSD,high_volatility,72,fomc,hist_boost,1,6076,0.6398946675444371,0.6064698865591586,0.6994078111129131,0.21396412369180878,0.587393021724819,0.2426360928166905,0.5929888084265964,0.5819727737957144,0.41260697827518106
AUDUSD,high_volatility,72,fomc,extra_trees,1,6076,0.6405529953917051,0.5977128987001149,0.691630372474583,0.21583762550165067,0.587393021724819,0.2426360928166905,0.5929888084265964,0.5819727737957144,0.41260697827518106
AUDUSD,high_volatility,72,fomc,catboost,1,6076,0.6464779460171165,0.6132606231271968,0.70417177657672,0.2122408366925608,0.587393021724819,0.2426360928166905,0.5929888084265964,0.5819727737957144,0.41260697827518106
AUDUSD,high_volatility,72,fomc,xgboost,1,6076,0.6464779460171165,0.6139727787132985,0.6988301626278586,0.21361357272832274,0.587393021724819,0.2426360928166905,0.5929888084265964,0.5819727737957144,0.41260697827518106
AUDUSD,high_volatility,72,cot_exploratory,logistic,1,6076,0.6658986175115207,0.6335306811982766,0.7158961911411288,0.20780659884498898,0.587393021724819,0.2426360928166905,0.5929888084265964,0.5819727737957144,0.41260697827518106
AUDUSD,high_volatility,72,cot_exploratory,hist_boost,1,6076,0.6333113890717578,0.5944566756930413,0.6922760847939023,0.21511659717799592,0.587393021724819,0.2426360928166905,0.5929888084265964,0.5819727737957144,0.41260697827518106
AUDUSD,high_volatility,72,cot_exploratory,extra_trees,1,6076,0.6392363396971692,0.5918444326745298,0.6935911473651304,0.21611901444547904,0.587393021724819,0.2426360928166905,0.5929888084265964,0.5819727737957144,0.41260697827518106
AUDUSD,high_volatility,72,cot_exploratory,catboost,1,6076,0.6338051349572087,0.6013457080611385,0.6813453571244561,0.21668810781020778,0.587393021724819,0.2426360928166905,0.5929888084265964,0.5819727737957144,0.41260697827518106
AUDUSD,high_volatility,72,cot_exploratory,xgboost,1,6076,0.6390717577353522,0.6008436674313882,0.6929739905624855,0.21533154050404282,0.587393021724819,0.2426360928166905,0.5929888084265964,0.5819727737957144,0.41260697827518106
USDCAD,direction,4,price,logistic,0,4551,0.5119753900241705,0.5127603587190328,0.5103338015502151,0.250140426473327,0.4937376400791035,0.2500129651278227,0.4926389804438585,0.49257314150348613,0.5062623599208965
USDCAD,direction,4,price,hist_boost,0,4551,0.5238409140848165,0.5244075433911882,0.5336860219490184,0.24955386217125514,0.4937376400791035,0.2500129651278227,0.4926389804438585,0.49257314150348613,0.5062623599208965
USDCAD,direction,4,price,extra_trees,0,4551,0.5291144803339926,0.5293351204383623,0.5371992904119072,0.249323902864638,0.4937376400791035,0.2500129651278227,0.4926389804438585,0.49257314150348613,0.5062623599208965
USDCAD,direction,4,price,catboost,0,4551,0.5277960887716985,0.5282257129876873,0.5350917349676112,0.24921627456743586,0.4937376400791035,0.2500129651278227,0.4926389804438585,0.49257314150348613,0.5062623599208965
USDCAD,direction,4,price,xgboost,0,4551,0.5170292243462975,0.5173498113225041,0.5268808449846709,0.24956875487867375,0.4937376400791035,0.2500129651278227,0.4926389804438585,0.49257314150348613,0.5062623599208965
USDCAD,direction,4,context,logistic,0,4551,0.5084596791913865,0.5092881364968106,0.5185550255278644,0.25004184492485276,0.4937376400791035,0.2500129651278227,0.4926389804438585,0.49257314150348613,0.5062623599208965
USDCAD,direction,4,context,hist_boost,0,4551,0.5308723357503845,0.5315336536678534,0.5368565301574939,0.24945455326772314,0.4937376400791035,0.2500129651278227,0.4926389804438585,0.49257314150348613,0.5062623599208965
USDCAD,direction,4,context,extra_trees,0,4551,0.5280158206987475,0.5293895912142116,0.5403050904292143,0.2490747987977978,0.4937376400791035,0.2500129651278227,0.4926389804438585,0.49257314150348613,0.5062623599208965
USDCAD,direction,4,context,catboost,0,4551,0.5203252032520326,0.5207096151349948,0.5412784175196559,0.2485255758498469,0.4937376400791035,0.2500129651278227,0.4926389804438585,0.49257314150348613,0.5062623599208965
USDCAD,direction,4,context,xgboost,0,4551,0.5203252032520326,0.5206875950341195,0.531676011688424,0.2492243702226975,0.4937376400791035,0.2500129651278227,0.4926389804438585,0.49257314150348613,0.5062623599208965
USDCAD,direction,4,fomc,logistic,0,4551,0.5058228960667985,0.5062160426865451,0.5183016012090195,0.24999206188265974,0.4937376400791035,0.2500129651278227,0.4926389804438585,0.49257314150348613,0.5062623599208965
USDCAD,direction,4,fomc,hist_boost,0,4551,0.5269171610635025,0.5272200318016614,0.5354762175184196,0.24943970529109108,0.4937376400791035,0.2500129651278227,0.4926389804438585,0.49257314150348613,0.5062623599208965
USDCAD,direction,4,fomc,extra_trees,0,4551,0.5291144803339926,0.5302489546246848,0.5370584776615734,0.24928530832213017,0.4937376400791035,0.2500129651278227,0.4926389804438585,0.49257314150348613,0.5062623599208965
USDCAD,direction,4,fomc,catboost,0,4551,0.5194462755438365,0.5199791852099096,0.5364455848538793,0.24894227729528867,0.4937376400791035,0.2500129651278227,0.4926389804438585,0.49257314150348613,0.5062623599208965
USDCAD,direction,4,fomc,xgboost,0,4551,0.5214238628872775,0.5212166569314641,0.5306579683405034,0.24916739359761347,0.4937376400791035,0.2500129651278227,0.4926389804438585,0.49257314150348613,0.5062623599208965
USDCAD,direction,4,cot_exploratory,logistic,0,4551,0.5152713689299055,0.5153934992026405,0.5224369375216338,0.24994239356731315,0.4937376400791035,0.2500129651278227,0.4926389804438585,0.49257314150348613,0.5062623599208965
USDCAD,direction,4,cot_exploratory,hist_boost,0,4551,0.5255987695012085,0.5264409258641152,0.5391462343309599,0.24934933545139865,0.4937376400791035,0.2500129651278227,0.4926389804438585,0.49257314150348613,0.5062623599208965
USDCAD,direction,4,cot_exploratory,extra_trees,0,4551,0.5238409140848165,0.5248314303330366,0.5369201759753746,0.2491420158095933,0.4937376400791035,0.2500129651278227,0.4926389804438585,0.49257314150348613,0.5062623599208965
USDCAD,direction,4,cot_exploratory,catboost,0,4551,0.5218633267413755,0.5220360364745587,0.5366982365376057,0.24881193442073948,0.4937376400791035,0.2500129651278227,0.4926389804438585,0.49257314150348613,0.5062623599208965
USDCAD,direction,4,cot_exploratory,xgboost,0,4551,0.5223027905954736,0.5224315290758048,0.5332095958191168,0.24892196732050567,0.4937376400791035,0.2500129651278227,0.4926389804438585,0.49257314150348613,0.5062623599208965
USDCAD,high_volatility,4,price,logistic,0,4551,0.7646671061305208,0.626737173619171,0.7674413530186168,0.15526830905795697,0.7532410459239728,0.18698115637936288,0.6789716545814107,0.5686551795438747,0.24675895407602724
USDCAD,high_volatility,4,price,hist_boost,0,4551,0.7796088771698528,0.6432418166459029,0.778194165486471,0.15174030013936698,0.7532410459239728,0.18698115637936288,0.6789716545814107,0.5686551795438747,0.24675895407602724
USDCAD,high_volatility,4,price,extra_trees,0,4551,0.7872994946165678,0.6654113990800188,0.7753714369432602,0.15243408731358918,0.7532410459239728,0.18698115637936288,0.6789716545814107,0.5686551795438747,0.24675895407602724
USDCAD,high_volatility,4,price,catboost,0,4551,0.7813667325862448,0.650695622764079,0.7780620753503441,0.15188495237838953,0.7532410459239728,0.18698115637936288,0.6789716545814107,0.5686551795438747,0.24675895407602724
USDCAD,high_volatility,4,price,xgboost,0,4551,0.7796088771698528,0.641445546653145,0.7774696829109393,0.15198404700160253,0.7532410459239728,0.18698115637936288,0.6789716545814107,0.5686551795438747,0.24675895407602724
USDCAD,high_volatility,4,context,logistic,0,4551,0.7688420127444517,0.6289097121707877,0.786641050445184,0.14987786570709405,0.7532410459239728,0.18698115637936288,0.6789716545814107,0.5686551795438747,0.24675895407602724
USDCAD,high_volatility,4,context,hist_boost,0,4551,0.7872994946165678,0.6543344007913459,0.7938550941333795,0.14786869875145367,0.7532410459239728,0.18698115637936288,0.6789716545814107,0.5686551795438747,0.24675895407602724
USDCAD,high_volatility,4,context,extra_trees,0,4551,0.7899362777411558,0.6647666641382943,0.790402956740935,0.14850290842012284,0.7532410459239728,0.18698115637936288,0.6789716545814107,0.5686551795438747,0.24675895407602724
USDCAD,high_volatility,4,context,catboost,0,4551,0.7879586903977148,0.6550713520522937,0.7932702348580805,0.1477362563353384,0.7532410459239728,0.18698115637936288,0.6789716545814107,0.5686551795438747,0.24675895407602724
USDCAD,high_volatility,4,context,xgboost,0,4551,0.7875192265436168,0.6496902051202657,0.7927994121014827,0.14802626975198294,0.7532410459239728,0.18698115637936288,0.6789716545814107,0.5686551795438747,0.24675895407602724
USDCAD,high_volatility,4,fomc,logistic,0,4551,0.7699406723796968,0.6275433520606062,0.7865792265466626,0.14984896226972722,0.7532410459239728,0.18698115637936288,0.6789716545814107,0.5686551795438747,0.24675895407602724
USDCAD,high_volatility,4,fomc,hist_boost,0,4551,0.7886178861788617,0.6558083033132415,0.7934866185029058,0.14790236930973197,0.7532410459239728,0.18698115637936288,0.6789716545814107,0.5686551795438747,0.24675895407602724
USDCAD,high_volatility,4,fomc,extra_trees,0,4551,0.7888376181059108,0.6664324025806022,0.790407632497966,0.14836244293159823,0.7532410459239728,0.18698115637936288,0.6789716545814107,0.5686551795438747,0.24675895407602724
USDCAD,high_volatility,4,fomc,catboost,0,4551,0.7894968138870578,0.6593855172062664,0.7929639727725473,0.14774593364855645,0.7532410459239728,0.18698115637936288,0.6789716545814107,0.5686551795438747,0.24675895407602724
USDCAD,high_volatility,4,fomc,xgboost,0,4551,0.7888376181059108,0.6508647293100349,0.7931510030537887,0.14789604127811423,0.7532410459239728,0.18698115637936288,0.6789716545814107,0.5686551795438747,0.24675895407602724
USDCAD,high_volatility,4,cot_exploratory,logistic,0,4551,0.7684025488903538,0.6214329169138757,0.785817597679162,0.15003011159283788,0.7532410459239728,0.18698115637936288,0.6789716545814107,0.5686551795438747,0.24675895407602724
USDCAD,high_volatility,4,cot_exploratory,hist_boost,0,4551,0.7866402988354207,0.6559924761874085,0.7932138660094284,0.14807865912811202,0.7532410459239728,0.18698115637936288,0.6789716545814107,0.5686551795438747,0.24675895407602724
USDCAD,high_volatility,4,cot_exploratory,extra_trees,0,4551,0.7914744012304988,0.6654882893067515,0.7904050348551712,0.14834703011315434,0.7532410459239728,0.18698115637936288,0.6789716545814107,0.5686551795438747,0.24675895407602724
USDCAD,high_volatility,4,cot_exploratory,catboost,0,4551,0.7877389584706658,0.6567217644021109,0.7922322167971895,0.14789328132991017,0.7532410459239728,0.18698115637936288,0.6789716545814107,0.5686551795438747,0.24675895407602724
USDCAD,high_volatility,4,cot_exploratory,xgboost,0,4551,0.7875192265436168,0.6502889617845182,0.7928112313761999,0.14806307390777423,0.7532410459239728,0.18698115637936288,0.6789716545814107,0.5686551795438747,0.24675895407602724
USDCAD,direction,4,price,logistic,1,6237,0.5138688472021805,0.5137916533137733,0.5145643898800769,0.2499207630409404,0.4931858265191599,0.2500161098652234,0.49510982844316176,0.4950138513556598,0.4931858265191599
USDCAD,direction,4,price,hist_boost,1,6237,0.5196408529741863,0.5194336021464458,0.5353761340360349,0.24880249898930776,0.4931858265191599,0.2500161098652234,0.49510982844316176,0.4950138513556598,0.4931858265191599
USDCAD,direction,4,price,extra_trees,1,6237,0.5201218534551868,0.5203190069643482,0.5306474099775014,0.24919674688417182,0.4931858265191599,0.2500161098652234,0.49510982844316176,0.4950138513556598,0.4931858265191599
USDCAD,direction,4,price,catboost,1,6237,0.5204425204425205,0.5209850403713332,0.5332029377873786,0.24901996765015622,0.4931858265191599,0.2500161098652234,0.49510982844316176,0.4950138513556598,0.4931858265191599
USDCAD,direction,4,price,xgboost,1,6237,0.5135481802148468,0.5140916048936794,0.5263603084405233,0.24949468661921345,0.4931858265191599,0.2500161098652234,0.49510982844316176,0.4950138513556598,0.4931858265191599
USDCAD,direction,4,context,logistic,1,6237,0.5137085137085137,0.5137340078961365,0.5151854794021249,0.25024241120955876,0.4931858265191599,0.2500161098652234,0.49510982844316176,0.4950138513556598,0.4931858265191599
USDCAD,direction,4,context,hist_boost,1,6237,0.5180375180375181,0.5177032111531592,0.537980205355501,0.24841657179168983,0.4931858265191599,0.2500161098652234,0.49510982844316176,0.4950138513556598,0.4931858265191599
USDCAD,direction,4,context,extra_trees,1,6237,0.5315055315055315,0.531081936096172,0.541857772453533,0.2487267091088377,0.4931858265191599,0.2500161098652234,0.49510982844316176,0.4950138513556598,0.4931858265191599
USDCAD,direction,4,context,catboost,1,6237,0.5242905242905243,0.5249255494775608,0.5373085668187011,0.24892670783819482,0.4931858265191599,0.2500161098652234,0.49510982844316176,0.4950138513556598,0.4931858265191599
USDCAD,direction,4,context,xgboost,1,6237,0.5209235209235209,0.5212497670528619,0.5306292575846149,0.2495009498190129,0.4931858265191599,0.2500161098652234,0.49510982844316176,0.4950138513556598,0.4931858265191599
USDCAD,direction,4,fomc,logistic,1,6237,0.5105018438351772,0.510255742018398,0.516361013966955,0.250207967495113,0.4931858265191599,0.2500161098652234,0.49510982844316176,0.4950138513556598,0.4931858265191599
USDCAD,direction,4,fomc,hist_boost,1,6237,0.5225268558601892,0.5219748343041349,0.5385984151778276,0.24842420934785545,0.4931858265191599,0.2500161098652234,0.49510982844316176,0.4950138513556598,0.4931858265191599
USDCAD,direction,4,fomc,extra_trees,1,6237,0.53006253006253,0.5294834970579754,0.5407594755490868,0.24879248502152715,0.4931858265191599,0.2500161098652234,0.49510982844316176,0.4950138513556598,0.4931858265191599
USDCAD,direction,4,fomc,catboost,1,6237,0.5238095238095238,0.5241800157889822,0.5356789653156624,0.2489912060072103,0.4931858265191599,0.2500161098652234,0.49510982844316176,0.4950138513556598,0.4931858265191599
USDCAD,direction,4,fomc,xgboost,1,6237,0.5257335257335257,0.5260038427535854,0.5333195656260941,0.24935871308517502,0.4931858265191599,0.2500161098652234,0.49510982844316176,0.4950138513556598,0.4931858265191599
USDCAD,direction,4,cot_exploratory,logistic,1,6237,0.5129068462401796,0.5124273441475657,0.5188103014263976,0.25004180310521995,0.4931858265191599,0.2500161098652234,0.49510982844316176,0.4950138513556598,0.4931858265191599
USDCAD,direction,4,cot_exploratory,hist_boost,1,6237,0.5250921917588585,0.5248553567968524,0.5390689889662248,0.2484558642633099,0.4931858265191599,0.2500161098652234,0.49510982844316176,0.4950138513556598,0.4931858265191599
USDCAD,direction,4,cot_exploratory,extra_trees,1,6237,0.527336860670194,0.5263923450999235,0.5384203366039866,0.24898924746478296,0.4931858265191599,0.2500161098652234,0.49510982844316176,0.4950138513556598,0.4931858265191599
USDCAD,direction,4,cot_exploratory,catboost,1,6237,0.5270161936828603,0.5273697974624909,0.5342909500499629,0.24911124403742335,0.4931858265191599,0.2500161098652234,0.49510982844316176,0.4950138513556598,0.4931858265191599
USDCAD,direction,4,cot_exploratory,xgboost,1,6237,0.5191598524931859,0.5195098113426435,0.5292115711271432,0.24955764599024702,0.4931858265191599,0.2500161098652234,0.49510982844316176,0.4950138513556598,0.4931858265191599
USDCAD,high_volatility,4,price,logistic,1,6237,0.7551707551707552,0.6147897415064459,0.7614675454150484,0.17046971181090723,0.7144460477793811,0.20423596344492279,0.6600929934263268,0.5836421528058491,0.2855539522206189
USDCAD,high_volatility,4,price,hist_boost,1,6237,0.7705627705627706,0.6557291230896245,0.7670427396909528,0.16523264923627087,0.7144460477793811,0.20423596344492279,0.6600929934263268,0.5836421528058491,0.2855539522206189
USDCAD,high_volatility,4,price,extra_trees,1,6237,0.7687991021324355,0.6544948322458184,0.7627701944623932,0.16602881942318723,0.7144460477793811,0.20423596344492279,0.6600929934263268,0.5836421528058491,0.2855539522206189
USDCAD,high_volatility,4,price,catboost,1,6237,0.7694404361071028,0.656628994261187,0.7678806159571863,0.16534357536595665,0.7144460477793811,0.20423596344492279,0.6600929934263268,0.5836421528058491,0.2855539522206189
USDCAD,high_volatility,4,price,xgboost,1,6237,0.7663940997274331,0.6479242543222545,0.767172651779153,0.16550030057491494,0.7144460477793811,0.20423596344492279,0.6600929934263268,0.5836421528058491,0.2855539522206189
USDCAD,high_volatility,4,context,logistic,1,6237,0.7598204264870931,0.6527615580176549,0.7839011327426849,0.16204308974297096,0.7144460477793811,0.20423596344492279,0.6600929934263268,0.5836421528058491,0.2855539522206189
USDCAD,high_volatility,4,context,hist_boost,1,6237,0.7745711079044413,0.663084717802215,0.7923437803989246,0.15826769591464712,0.7144460477793811,0.20423596344492279,0.6600929934263268,0.5836421528058491,0.2855539522206189
USDCAD,high_volatility,4,context,extra_trees,1,6237,0.7694404361071028,0.654101000789301,0.7850317837295127,0.16098569342637395,0.7144460477793811,0.20423596344492279,0.6600929934263268,0.5836421528058491,0.2855539522206189
USDCAD,high_volatility,4,context,catboost,1,6237,0.7737694404361071,0.6616810120189472,0.7922815334817851,0.1583286541666166,0.7144460477793811,0.20423596344492279,0.6600929934263268,0.5836421528058491,0.2855539522206189
USDCAD,high_volatility,4,context,xgboost,1,6237,0.7713644380311047,0.6524139077253717,0.7927112766212676,0.15832943728980756,0.7144460477793811,0.20423596344492279,0.6600929934263268,0.5836421528058491,0.2855539522206189
USDCAD,high_volatility,4,fomc,logistic,1,6237,0.7598204264870931,0.6544468869989123,0.7837794110383189,0.16206800107311195,0.7144460477793811,0.20423596344492279,0.6600929934263268,0.5836421528058491,0.2855539522206189
USDCAD,high_volatility,4,fomc,hist_boost,1,6237,0.7745711079044413,0.6629161849040894,0.7921983065814397,0.15828261893377246,0.7144460477793811,0.20423596344492279,0.6600929934263268,0.5836421528058491,0.2855539522206189
USDCAD,high_volatility,4,fomc,extra_trees,1,6237,0.7691197691197691,0.6543821829666225,0.7854246701417416,0.16099820961046446,0.7144460477793811,0.20423596344492279,0.6600929934263268,0.5836421528058491,0.2855539522206189
USDCAD,high_volatility,4,fomc,catboost,1,6237,0.7760141093474426,0.6646001908233428,0.7930903653868834,0.15802190981849076,0.7144460477793811,0.20423596344492279,0.6600929934263268,0.5836421528058491,0.2855539522206189
USDCAD,high_volatility,4,fomc,xgboost,1,6237,0.7710437710437711,0.6518524254120646,0.7920254264795866,0.1585620499101184,0.7144460477793811,0.20423596344492279,0.6600929934263268,0.5836421528058491,0.2855539522206189
USDCAD,high_volatility,4,cot_exploratory,logistic,1,6237,0.7562930896264229,0.6484391144506596,0.7834964017753729,0.1621459353853807,0.7144460477793811,0.20423596344492279,0.6600929934263268,0.5836421528058491,0.2855539522206189
USDCAD,high_volatility,4,cot_exploratory,hist_boost,1,6237,0.7752124418791085,0.6635335508363264,0.7921590557419882,0.15829814459054126,0.7144460477793811,0.20423596344492279,0.6600929934263268,0.5836421528058491,0.2855539522206189
USDCAD,high_volatility,4,cot_exploratory,extra_trees,1,6237,0.7696007696007696,0.6542132090478289,0.7854944774131896,0.16078152195411075,0.7144460477793811,0.20423596344492279,0.6600929934263268,0.5836421528058491,0.2855539522206189
USDCAD,high_volatility,4,cot_exploratory,catboost,1,6237,0.7756934423601091,0.664375774306287,0.7908630850076157,0.15864292136991626,0.7144460477793811,0.20423596344492279,0.6600929934263268,0.5836421528058491,0.2855539522206189
USDCAD,high_volatility,4,cot_exploratory,xgboost,1,6237,0.7707231040564374,0.6511224102006317,0.7914665272873347,0.15871422921479336,0.7144460477793811,0.20423596344492279,0.6600929934263268,0.5836421528058491,0.2855539522206189
USDCAD,direction,24,price,logistic,0,4546,0.4978002639683238,0.496584303212382,0.4976878434702472,0.25067031231017883,0.5131984161900572,0.2499863979652868,0.5149582050153981,0.5146141850875734,0.5131984161900572
USDCAD,direction,24,price,hist_boost,0,4546,0.49824021117465905,0.4980937177327056,0.4943475883553696,0.25181604676167674,0.5131984161900572,0.2499863979652868,0.5149582050153981,0.5146141850875734,0.5131984161900572
USDCAD,direction,24,price,extra_trees,0,4546,0.4958205015398152,0.4968751265028049,0.4914760594228586,0.25074908544573976,0.5131984161900572,0.2499863979652868,0.5149582050153981,0.5146141850875734,0.5131984161900572
USDCAD,direction,24,price,catboost,0,4546,0.49384073911130666,0.49426062221657513,0.4974548361985997,0.2507320006512827,0.5131984161900572,0.2499863979652868,0.5149582050153981,0.5146141850875734,0.5131984161900572
USDCAD,direction,24,price,xgboost,0,4546,0.4997800263968324,0.4988734108100267,0.4948602818283962,0.2514457530829808,0.5131984161900572,0.2499863979652868,0.5149582050153981,0.5146141850875734,0.5131984161900572
USDCAD,direction,24,context,logistic,0,4546,0.5138583369995601,0.5152044508068966,0.5099686631367583,0.25158045820069946,0.5131984161900572,0.2499863979652868,0.5149582050153981,0.5146141850875734,0.5131984161900572
USDCAD,direction,24,context,hist_boost,0,4546,0.5070391553013638,0.5059226071092591,0.5140714698962546,0.2507169076108513,0.5131984161900572,0.2499863979652868,0.5149582050153981,0.5146141850875734,0.5131984161900572
USDCAD,direction,24,context,extra_trees,0,4546,0.5120985481742191,0.5108518827200607,0.5171062782385735,0.2503657214581004,0.5131984161900572,0.2499863979652868,0.5149582050153981,0.5146141850875734,0.5131984161900572
USDCAD,direction,24,context,catboost,0,4546,0.5048394192696877,0.5029194668375258,0.5136030342466457,0.25052880996728394,0.5131984161900572,0.2499863979652868,0.5149582050153981,0.5146141850875734,0.5131984161900572
USDCAD,direction,24,context,xgboost,0,4546,0.5068191816981962,0.504743722022906,0.5110881826962951,0.25125012262658725,0.5131984161900572,0.2499863979652868,0.5149582050153981,0.5146141850875734,0.5131984161900572
USDCAD,direction,24,fomc,logistic,0,4546,0.5057193136823581,0.5021032634769914,0.5114178405319926,0.25120820976807945,0.5131984161900572,0.2499863979652868,0.5149582050153981,0.5146141850875734,0.5131984161900572
USDCAD,direction,24,fomc,hist_boost,0,4546,0.5222173339199296,0.5175843014691854,0.5111257582662865,0.2514425494162035,0.5131984161900572,0.2499863979652868,0.5149582050153981,0.5146141850875734,0.5131984161900572
USDCAD,direction,24,fomc,extra_trees,0,4546,0.5246370435547735,0.5200347515915869,0.5199354862327179,0.25056002014193557,0.5131984161900572,0.2499863979652868,0.5149582050153981,0.5146141850875734,0.5131984161900572
USDCAD,direction,24,fomc,catboost,0,4546,0.5180378354597448,0.5125477224265529,0.5198572360766534,0.2505302744938692,0.5131984161900572,0.2499863979652868,0.5149582050153981,0.5146141850875734,0.5131984161900572
USDCAD,direction,24,fomc,xgboost,0,4546,0.5079190497140343,0.5024335023782043,0.5084528568957659,0.251780738990379,0.5131984161900572,0.2499863979652868,0.5149582050153981,0.5146141850875734,0.5131984161900572
USDCAD,direction,24,cot_exploratory,logistic,0,4546,0.5070391553013638,0.5011694911938553,0.515437264390039,0.2515243280296029,0.5131984161900572,0.2499863979652868,0.5149582050153981,0.5146141850875734,0.5131984161900572
USDCAD,direction,24,cot_exploratory,hist_boost,0,4546,0.5072591289045315,0.5049050645476628,0.4990083148538358,0.2534751381146255,0.5131984161900572,0.2499863979652868,0.5149582050153981,0.5146141850875734,0.5131984161900572
USDCAD,direction,24,cot_exploratory,extra_trees,0,4546,0.5178178618565772,0.5143322714683856,0.516953361163789,0.2508255491089646,0.5131984161900572,0.2499863979652868,0.5149582050153981,0.5146141850875734,0.5131984161900572
USDCAD,direction,24,cot_exploratory,catboost,0,4546,0.5114386273647162,0.5080589913206244,0.5119996808013435,0.25138943900843164,0.5131984161900572,0.2499863979652868,0.5149582050153981,0.5146141850875734,0.5131984161900572
USDCAD,direction,24,cot_exploratory,xgboost,0,4546,0.5129784425868896,0.5086062581918133,0.5073393416798875,0.2523097341816329,0.5131984161900572,0.2499863979652868,0.5149582050153981,0.5146141850875734,0.5131984161900572
USDCAD,high_volatility,24,price,logistic,0,4546,0.6777386713594369,0.49790749471659795,0.5015948877478894,0.22175428080866505,0.6849978002639683,0.21864418879152228,0.6110866695996481,0.5505327355643821,0.31500219973603166
USDCAD,high_volatility,24,price,hist_boost,0,4546,0.6680598328200615,0.49536895010100357,0.5082108014624886,0.22296182544105142,0.6849978002639683,0.21864418879152228,0.6110866695996481,0.5505327355643821,0.31500219973603166
USDCAD,high_volatility,24,price,extra_trees,0,4546,0.6797184337879455,0.4987867909566815,0.5055913014929871,0.22160569599373786,0.6849978002639683,0.21864418879152228,0.6110866695996481,0.5505327355643821,0.31500219973603166
USDCAD,high_volatility,24,price,catboost,0,4546,0.6737791465024197,0.4952059181278996,0.5070511889000118,0.22201737757036671,0.6849978002639683,0.21864418879152228,0.6110866695996481,0.5505327355643821,0.31500219973603166
USDCAD,high_volatility,24,price,xgboost,0,4546,0.6680598328200615,0.49272859459711593,0.5055431992120645,0.2231345176106626,0.6849978002639683,0.21864418879152228,0.6110866695996481,0.5505327355643821,0.31500219973603166
USDCAD,high_volatility,24,context,logistic,0,4546,0.6711394632644083,0.5264721764745984,0.6145125814935611,0.2095835352796575,0.6849978002639683,0.21864418879152228,0.6110866695996481,0.5505327355643821,0.31500219973603166
USDCAD,high_volatility,24,context,hist_boost,0,4546,0.6698196216454025,0.537201788283585,0.5864147946021392,0.2152820163619316,0.6849978002639683,0.21864418879152228,0.6110866695996481,0.5505327355643821,0.31500219973603166
USDCAD,high_volatility,24,context,extra_trees,0,4546,0.670699516058073,0.5204931414444767,0.5884299325805606,0.21437679907834764,0.6849978002639683,0.21864418879152228,0.6110866695996481,0.5505327355643821,0.31500219973603166
USDCAD,high_volatility,24,context,catboost,0,4546,0.6702595688517378,0.5309220299027998,0.5904215239879012,0.2140895805233309,0.6849978002639683,0.21864418879152228,0.6110866695996481,0.5505327355643821,0.31500219973603166
USDCAD,high_volatility,24,context,xgboost,0,4546,0.6687197536295645,0.5324384290804189,0.5930425937288081,0.2144354045471107,0.6849978002639683,0.21864418879152228,0.6110866695996481,0.5505327355643821,0.31500219973603166
USDCAD,high_volatility,24,fomc,logistic,0,4546,0.6641003079630444,0.5271805918845509,0.6149480809320316,0.210852627940083,0.6849978002639683,0.21864418879152228,0.6110866695996481,0.5505327355643821,0.31500219973603166
USDCAD,high_volatility,24,fomc,hist_boost,0,4546,0.6663000439947206,0.5357643261823518,0.5845336478258218,0.21612996085634842,0.6849978002639683,0.21864418879152228,0.6110866695996481,0.5505327355643821,0.31500219973603166
USDCAD,high_volatility,24,fomc,extra_trees,0,4546,0.6663000439947206,0.5159616599031944,0.5831880173518046,0.2150543120480768,0.6849978002639683,0.21864418879152228,0.6110866695996481,0.5505327355643821,0.31500219973603166
USDCAD,high_volatility,24,fomc,catboost,0,4546,0.6684997800263969,0.5324664607126582,0.5837385586089852,0.21545317485689222,0.6849978002639683,0.21864418879152228,0.6110866695996481,0.5505327355643821,0.31500219973603166
USDCAD,high_volatility,24,fomc,xgboost,0,4546,0.6698196216454025,0.5309780931672784,0.5888823631249036,0.21501524931344795,0.6849978002639683,0.21864418879152228,0.6110866695996481,0.5505327355643821,0.31500219973603166
USDCAD,high_volatility,24,cot_exploratory,logistic,0,4546,0.6654201495820502,0.5270124020911149,0.6007790999738072,0.21305522576596697,0.6849978002639683,0.21864418879152228,0.6110866695996481,0.5505327355643821,0.31500219973603166
USDCAD,high_volatility,24,cot_exploratory,hist_boost,0,4546,0.6630004399472064,0.5201540708209097,0.5608503945059795,0.21903335566176826,0.6849978002639683,0.21864418879152228,0.6110866695996481,0.5505327355643821,0.31500219973603166
USDCAD,high_volatility,24,cot_exploratory,extra_trees,0,4546,0.6720193576770788,0.516930208860328,0.5789758721649929,0.2154219071045918,0.6849978002639683,0.21864418879152228,0.6110866695996481,0.5505327355643821,0.31500219973603166
USDCAD,high_volatility,24,cot_exploratory,catboost,0,4546,0.6667399912010559,0.5245810504372037,0.5775390828229334,0.2168912801799784,0.6849978002639683,0.21864418879152228,0.6110866695996481,0.5505327355643821,0.31500219973603166
USDCAD,high_volatility,24,cot_exploratory,xgboost,0,4546,0.6559612846458425,0.5138844038277306,0.5636424572035463,0.2188214899044379,0.6849978002639683,0.21864418879152228,0.6110866695996481,0.5505327355643821,0.31500219973603166
USDCAD,direction,24,price,logistic,1,6232,0.5022464698331194,0.5068212871121281,0.5026739544436627,0.25042448078419305,0.48539794608472403,0.25013788931281966,0.47528883183568676,0.47485031452375615,0.48539794608472403
USDCAD,direction,24,price,hist_boost,1,6232,0.49663029525032093,0.4978656193708494,0.4999810332253567,0.25074402939174206,0.48539794608472403,0.25013788931281966,0.47528883183568676,0.47485031452375615,0.48539794608472403
USDCAD,direction,24,price,extra_trees,1,6232,0.49502567394094993,0.49623148742291523,0.49636842959744565,0.2504104735752365,0.48539794608472403,0.25013788931281966,0.47528883183568676,0.47485031452375615,0.48539794608472403
USDCAD,direction,24,price,catboost,1,6232,0.4910141206675225,0.4922774818514252,0.4977145551956335,0.2506648881981394,0.48539794608472403,0.25013788931281966,0.47528883183568676,0.47485031452375615,0.48539794608472403
USDCAD,direction,24,price,xgboost,1,6232,0.49213735558408217,0.49350954910101097,0.49205323066535755,0.25124152433256075,0.48539794608472403,0.25013788931281966,0.47528883183568676,0.47485031452375615,0.48539794608472403
USDCAD,direction,24,context,logistic,1,6232,0.4996790757381258,0.5017096382654679,0.500045922272302,0.2522445597180157,0.48539794608472403,0.25013788931281966,0.47528883183568676,0.47485031452375615,0.48539794608472403
USDCAD,direction,24,context,hist_boost,1,6232,0.5008023106546855,0.5034107208662868,0.501263403659866,0.25405235842389545,0.48539794608472403,0.25013788931281966,0.47528883183568676,0.47485031452375615,0.48539794608472403
USDCAD,direction,24,context,extra_trees,1,6232,0.49743260590500643,0.5005868876708234,0.5083053341476677,0.2509696218564428,0.48539794608472403,0.25013788931281966,0.47528883183568676,0.47485031452375615,0.48539794608472403
USDCAD,direction,24,context,catboost,1,6232,0.5022464698331194,0.5053673395233051,0.5061986821184032,0.2532674360897745,0.48539794608472403,0.25013788931281966,0.47528883183568676,0.47485031452375615,0.48539794608472403
USDCAD,direction,24,context,xgboost,1,6232,0.5134788189987163,0.5158494718423283,0.5178685056191648,0.2510248870357011,0.48539794608472403,0.25013788931281966,0.47528883183568676,0.47485031452375615,0.48539794608472403
USDCAD,direction,24,fomc,logistic,1,6232,0.49582798459563543,0.4966827214229204,0.49787000028347084,0.25260776506561494,0.48539794608472403,0.25013788931281966,0.47528883183568676,0.47485031452375615,0.48539794608472403
USDCAD,direction,24,fomc,hist_boost,1,6232,0.506578947368421,0.5060029841745974,0.5017505096032182,0.2546473488369712,0.48539794608472403,0.25013788931281966,0.47528883183568676,0.47485031452375615,0.48539794608472403
USDCAD,direction,24,fomc,extra_trees,1,6232,0.5123555840821566,0.5144485590662987,0.5141241138315719,0.2513382789910353,0.48539794608472403,0.25013788931281966,0.47528883183568676,0.47485031452375615,0.48539794608472403
USDCAD,direction,24,fomc,catboost,1,6232,0.5077021822849808,0.5091580143642394,0.5028546542042588,0.25426288893149923,0.48539794608472403,0.25013788931281966,0.47528883183568676,0.47485031452375615,0.48539794608472403
USDCAD,direction,24,fomc,xgboost,1,6232,0.5134788189987163,0.5133261692526936,0.5167655979816878,0.25095169566151315,0.48539794608472403,0.25013788931281966,0.47528883183568676,0.47485031452375615,0.48539794608472403
USDCAD,direction,24,cot_exploratory,logistic,1,6232,0.5001604621309371,0.5007327978311906,0.5056986395977807,0.2530459246345345,0.48539794608472403,0.25013788931281966,0.47528883183568676,0.47485031452375615,0.48539794608472403
USDCAD,direction,24,cot_exploratory,hist_boost,1,6232,0.5088254172015404,0.5117220852113276,0.5199340801500849,0.2525411472460384,0.48539794608472403,0.25013788931281966,0.47528883183568676,0.47485031452375615,0.48539794608472403
USDCAD,direction,24,cot_exploratory,extra_trees,1,6232,0.5149229781771502,0.514607405803936,0.5191843256100421,0.2502840808486099,0.48539794608472403,0.25013788931281966,0.47528883183568676,0.47485031452375615,0.48539794608472403
USDCAD,direction,24,cot_exploratory,catboost,1,6232,0.5171694480102695,0.5177750633299575,0.5174902009292689,0.25161759347517026,0.48539794608472403,0.25013788931281966,0.47528883183568676,0.47485031452375615,0.48539794608472403
USDCAD,direction,24,cot_exploratory,xgboost,1,6232,0.5125160462130937,0.5134694508654879,0.5268313889812317,0.25086854183655277,0.48539794608472403,0.25013788931281966,0.47528883183568676,0.47485031452375615,0.48539794608472403
USDCAD,high_volatility,24,price,logistic,1,6232,0.6447368421052632,0.5070015412004382,0.6007769124934433,0.22432187213902458,0.6397625160462131,0.230514534236433,0.6383183568677792,0.6082472936821954,0.3602374839537869
USDCAD,high_volatility,24,price,hist_boost,1,6232,0.6458600770218228,0.5086578708195846,0.5844896805486428,0.22569087852061423,0.6397625160462131,0.230514534236433,0.6383183568677792,0.6082472936821954,0.3602374839537869
USDCAD,high_volatility,24,price,extra_trees,1,6232,0.6418485237483954,0.5028953229398664,0.5930877802747571,0.22567186413361295,0.6397625160462131,0.230514534236433,0.6383183568677792,0.6082472936821954,0.3602374839537869
USDCAD,high_volatility,24,price,catboost,1,6232,0.6439345314505777,0.5057906458797328,0.5966370660101902,0.2250073779454093,0.6397625160462131,0.230514534236433,0.6383183568677792,0.6082472936821954,0.3602374839537869
USDCAD,high_volatility,24,price,xgboost,1,6232,0.646181001283697,0.5089086859688196,0.5847323958768,0.2254511472318848,0.6397625160462131,0.230514534236433,0.6383183568677792,0.6082472936821954,0.3602374839537869
USDCAD,high_volatility,24,context,logistic,1,6232,0.6986521181001284,0.6055780395416507,0.708621170250977,0.2029089190015209,0.6397625160462131,0.230514534236433,0.6383183568677792,0.6082472936821954,0.3602374839537869
USDCAD,high_volatility,24,context,hist_boost,1,6232,0.6810012836970475,0.5802033669559699,0.6903683072435304,0.20839193753317944,0.6397625160462131,0.230514534236433,0.6383183568677792,0.6082472936821954,0.3602374839537869
USDCAD,high_volatility,24,context,extra_trees,1,6232,0.6741014120667522,0.55826821356491,0.6791190522874173,0.2119982341938123,0.6397625160462131,0.230514534236433,0.6383183568677792,0.6082472936821954,0.3602374839537869
USDCAD,high_volatility,24,context,catboost,1,6232,0.6792362002567394,0.5741530240542342,0.6909327251205616,0.20879997123873584,0.6397625160462131,0.230514534236433,0.6383183568677792,0.6082472936821954,0.3602374839537869
USDCAD,high_volatility,24,context,xgboost,1,6232,0.6808408215661104,0.576866743419454,0.6920877037454131,0.2085460779376011,0.6397625160462131,0.230514534236433,0.6383183568677792,0.6082472936821954,0.3602374839537869
USDCAD,high_volatility,24,fomc,logistic,1,6232,0.6999358151476252,0.6088194203544594,0.7100920977586958,0.20285394678580046,0.6397625160462131,0.230514534236433,0.6383183568677792,0.6082472936821954,0.3602374839537869
USDCAD,high_volatility,24,fomc,hist_boost,1,6232,0.6784338896020539,0.5738179149049556,0.6886189693340774,0.20908780695398033,0.6397625160462131,0.230514534236433,0.6383183568677792,0.6082472936821954,0.3602374839537869
USDCAD,high_volatility,24,fomc,extra_trees,1,6232,0.6758664955070603,0.557117647946025,0.6813549380698852,0.2118010607854719,0.6397625160462131,0.230514534236433,0.6383183568677792,0.6082472936821954,0.3602374839537869
USDCAD,high_volatility,24,fomc,catboost,1,6232,0.673620025673941,0.5627574695712066,0.6897551787183626,0.2096561818333242,0.6397625160462131,0.230514534236433,0.6383183568677792,0.6082472936821954,0.3602374839537869
USDCAD,high_volatility,24,fomc,xgboost,1,6232,0.6779525032092426,0.5727605251588822,0.6894391181138254,0.2090607868510029,0.6397625160462131,0.230514534236433,0.6383183568677792,0.6082472936821954,0.3602374839537869
USDCAD,high_volatility,24,cot_exploratory,logistic,1,6232,0.6991335044929397,0.6077058346083569,0.7098189382754532,0.20286825479348414,0.6397625160462131,0.230514534236433,0.6383183568677792,0.6082472936821954,0.3602374839537869
USDCAD,high_volatility,24,cot_exploratory,hist_boost,1,6232,0.6760269576379975,0.565903607660308,0.6852589959685236,0.211096062701957,0.6397625160462131,0.230514534236433,0.6383183568677792,0.6082472936821954,0.3602374839537869
USDCAD,high_volatility,24,cot_exploratory,extra_trees,1,6232,0.6652759948652118,0.5419317682244578,0.681449119437727,0.21236484238828274,0.6397625160462131,0.230514534236433,0.6383183568677792,0.6082472936821954,0.3602374839537869
USDCAD,high_volatility,24,cot_exploratory,catboost,1,6232,0.66704107830552,0.5496363738944443,0.6762923823137893,0.21234732371761167,0.6397625160462131,0.230514534236433,0.6383183568677792,0.6082472936821954,0.3602374839537869
USDCAD,high_volatility,24,cot_exploratory,xgboost,1,6232,0.6742618741976893,0.5659837679585602,0.6870671553372515,0.21046838966096737,0.6397625160462131,0.230514534236433,0.6383183568677792,0.6082472936821954,0.3602374839537869
USDCAD,direction,72,price,logistic,0,4534,0.5143361270401412,0.5132164702732072,0.5145129161976731,0.24984785334259005,0.4944861049845611,0.25000938209589246,0.5088222320247022,0.5087600590347997,0.5055138950154389
USDCAD,direction,72,price,hist_boost,0,4534,0.5061755624172916,0.5060303611989421,0.5135720101567256,0.25134677876363687,0.4944861049845611,0.25000938209589246,0.5088222320247022,0.5087600590347997,0.5055138950154389
USDCAD,direction,72,price,extra_trees,0,4534,0.5013233348037054,0.5007786070465008,0.5100199195744263,0.24974005082934653,0.4944861049845611,0.25000938209589246,0.5088222320247022,0.5087600590347997,0.5055138950154389
USDCAD,direction,72,price,catboost,0,4534,0.49382443758270844,0.4931814962021257,0.5058476288778562,0.2503839805032985,0.4944861049845611,0.25000938209589246,0.5088222320247022,0.5087600590347997,0.5055138950154389
USDCAD,direction,72,price,xgboost,0,4534,0.5028672254080282,0.5023299830461769,0.5169010855739935,0.25103651111504105,0.4944861049845611,0.25000938209589246,0.5088222320247022,0.5087600590347997,0.5055138950154389
USDCAD,direction,72,context,logistic,0,4534,0.5035288928098809,0.5038601473067708,0.5157305478622459,0.25049446130915853,0.4944861049845611,0.25000938209589246,0.5088222320247022,0.5087600590347997,0.5055138950154389
USDCAD,direction,72,context,hist_boost,0,4534,0.48963387737097486,0.4891728667217783,0.4974948741540603,0.254534341076547,0.4944861049845611,0.25000938209589246,0.5088222320247022,0.5087600590347997,0.5055138950154389
USDCAD,direction,72,context,extra_trees,0,4534,0.5026466696074107,0.5020923726478322,0.5094407807165442,0.25078093238011256,0.4944861049845611,0.25000938209589246,0.5088222320247022,0.5087600590347997,0.5055138950154389
USDCAD,direction,72,context,catboost,0,4534,0.5068372298191443,0.5062080338391457,0.5090447633859696,0.25431197547222223,0.4944861049845611,0.25000938209589246,0.5088222320247022,0.5087600590347997,0.5055138950154389
USDCAD,direction,72,context,xgboost,0,4534,0.5057344508160565,0.5054967594689981,0.5074290710581583,0.25606343579552593,0.4944861049845611,0.25000938209589246,0.5088222320247022,0.5087600590347997,0.5055138950154389
USDCAD,direction,72,fomc,logistic,0,4534,0.5063961182179091,0.5045165435996594,0.5239355988249086,0.250055447858022,0.4944861049845611,0.25000938209589246,0.5088222320247022,0.5087600590347997,0.5055138950154389
USDCAD,direction,72,fomc,hist_boost,0,4534,0.5288928098808998,0.5255029322796743,0.530489831598252,0.2540296219539844,0.4944861049845611,0.25000938209589246,0.5088222320247022,0.5087600590347997,0.5055138950154389
USDCAD,direction,72,fomc,extra_trees,0,4534,0.5277900308778121,0.5243489358323487,0.5568822946976101,0.2481210938374336,0.4944861049845611,0.25000938209589246,0.5088222320247022,0.5087600590347997,0.5055138950154389
USDCAD,direction,72,fomc,catboost,0,4534,0.5359505955006617,0.5326540127939869,0.5381367608390041,0.25125230734372767,0.4944861049845611,0.25000938209589246,0.5088222320247022,0.5087600590347997,0.5055138950154389
USDCAD,direction,72,fomc,xgboost,0,4534,0.5339655932951036,0.5316198918629433,0.5478465803562949,0.25077262661115995,0.4944861049845611,0.25000938209589246,0.5088222320247022,0.5087600590347997,0.5055138950154389
USDCAD,direction,72,cot_exploratory,logistic,0,4534,0.5141155712395236,0.5106387574669213,0.5363596452307448,0.2527283402687705,0.4944861049845611,0.25000938209589246,0.5088222320247022,0.5087600590347997,0.5055138950154389
USDCAD,direction,72,cot_exploratory,hist_boost,0,4534,0.478606087340097,0.47725342618236954,0.4804014234049939,0.2596361869725547,0.4944861049845611,0.25000938209589246,0.5088222320247022,0.5087600590347997,0.5055138950154389
USDCAD,direction,72,cot_exploratory,extra_trees,0,4534,0.5044111160123511,0.5010644790163358,0.5358025938259439,0.24941943202576478,0.4944861049845611,0.25000938209589246,0.5088222320247022,0.5087600590347997,0.5055138950154389
USDCAD,direction,72,cot_exploratory,catboost,0,4534,0.4768416409351566,0.47516280496253505,0.4757135317662334,0.2568615006453091,0.4944861049845611,0.25000938209589246,0.5088222320247022,0.5087600590347997,0.5055138950154389
USDCAD,direction,72,cot_exploratory,xgboost,0,4534,0.4717688575209528,0.4707291622880967,0.4869805653765259,0.25798322939272,0.4944861049845611,0.25000938209589246,0.5088222320247022,0.5087600590347997,0.5055138950154389
USDCAD,high_volatility,72,price,logistic,0,4534,0.6076312307013675,0.4985878135252408,0.5106918556196424,0.2387227287916059,0.6210851345390384,0.23557411131669265,0.5531539479488311,0.5261097404487247,0.37891486546096165
USDCAD,high_volatility,72,price,hist_boost,0,4534,0.5877812086457874,0.49962959043285005,0.5098654619536459,0.24194513404750717,0.6210851345390384,0.23557411131669265,0.5531539479488311,0.5261097404487247,0.37891486546096165
USDCAD,high_volatility,72,price,extra_trees,0,4534,0.5979267754741949,0.49985365514869295,0.5084617502513493,0.23920696474284014,0.6210851345390384,0.23557411131669265,0.5531539479488311,0.5261097404487247,0.37891486546096165
USDCAD,high_volatility,72,price,catboost,0,4534,0.591971768857521,0.4997122711398032,0.5123450563551699,0.23994447497138832,0.6210851345390384,0.23557411131669265,0.5531539479488311,0.5261097404487247,0.37891486546096165
USDCAD,high_volatility,72,price,xgboost,0,4534,0.5886634318482576,0.4988645871917663,0.5117832409514236,0.2410872799141239,0.6210851345390384,0.23557411131669265,0.5531539479488311,0.5261097404487247,0.37891486546096165
USDCAD,high_volatility,72,context,logistic,0,4534,0.6166740185266872,0.5363935667795534,0.6094390775478886,0.22880798184892773,0.6210851345390384,0.23557411131669265,0.5531539479488311,0.5261097404487247,0.37891486546096165
USDCAD,high_volatility,72,context,hist_boost,0,4534,0.6054256726951919,0.5301751508096095,0.5797988709122659,0.23276288080172644,0.6210851345390384,0.23557411131669265,0.5531539479488311,0.5261097404487247,0.37891486546096165
USDCAD,high_volatility,72,context,extra_trees,0,4534,0.6056462284958094,0.521955241626098,0.5664953384617419,0.2333069085488463,0.6210851345390384,0.23557411131669265,0.5531539479488311,0.5261097404487247,0.37891486546096165
USDCAD,high_volatility,72,context,catboost,0,4534,0.6102779003087782,0.5331735666472642,0.5812366884061806,0.23182986429298894,0.6210851345390384,0.23557411131669265,0.5531539479488311,0.5261097404487247,0.37891486546096165
USDCAD,high_volatility,72,context,xgboost,0,4534,0.6100573445081605,0.5342442818023071,0.5805845443300879,0.23268231510073697,0.6210851345390384,0.23557411131669265,0.5531539479488311,0.5261097404487247,0.37891486546096165
USDCAD,high_volatility,72,fomc,logistic,0,4534,0.6129245699161888,0.5414321290612764,0.6188456615779447,0.22760823629875454,0.6210851345390384,0.23557411131669265,0.5531539479488311,0.5261097404487247,0.37891486546096165
USDCAD,high_volatility,72,fomc,hist_boost,0,4534,0.615350683722982,0.5434987333315695,0.5897223127116626,0.23262359042798048,0.6210851345390384,0.23557411131669265,0.5531539479488311,0.5261097404487247,0.37891486546096165
USDCAD,high_volatility,72,fomc,extra_trees,0,4534,0.6045434494927217,0.5205000611837232,0.5765542732696581,0.23270454466446502,0.6210851345390384,0.23557411131669265,0.5531539479488311,0.5261097404487247,0.37891486546096165
USDCAD,high_volatility,72,fomc,catboost,0,4534,0.6089545655050728,0.5390304612260557,0.5892620912265849,0.23371375489748267,0.6210851345390384,0.23557411131669265,0.5531539479488311,0.5261097404487247,0.37891486546096165
USDCAD,high_volatility,72,fomc,xgboost,0,4534,0.623290692545214,0.5585152033283945,0.5984669343316753,0.23077444485688076,0.6210851345390384,0.23557411131669265,0.5531539479488311,0.5261097404487247,0.37891486546096165
USDCAD,high_volatility,72,cot_exploratory,logistic,0,4534,0.6043228936921041,0.538706146153032,0.5934597907185946,0.235124727408099,0.6210851345390384,0.23557411131669265,0.5531539479488311,0.5261097404487247,0.37891486546096165
USDCAD,high_volatility,72,cot_exploratory,hist_boost,0,4534,0.5917512130569034,0.5461746944121071,0.5968536270372526,0.2326480946692365,0.6210851345390384,0.23557411131669265,0.5531539479488311,0.5261097404487247,0.37891486546096165
USDCAD,high_volatility,72,cot_exploratory,extra_trees,0,4534,0.6089545655050728,0.5240511975473595,0.5659258750926024,0.23324823109679374,0.6210851345390384,0.23557411131669265,0.5531539479488311,0.5261097404487247,0.37891486546096165
USDCAD,high_volatility,72,cot_exploratory,catboost,0,4534,0.6093956771063079,0.551073939702614,0.5923642713514659,0.23109020839522043,0.6210851345390384,0.23557411131669265,0.5531539479488311,0.5261097404487247,0.37891486546096165
USDCAD,high_volatility,72,cot_exploratory,xgboost,0,4534,0.6036612262902514,0.5591671407027199,0.5955266016906552,0.23312200290214893,0.6210851345390384,0.23557411131669265,0.5531539479488311,0.5261097404487247,0.37891486546096165
USDCAD,direction,72,price,logistic,1,6220,0.5016077170418006,0.504373770761097,0.49883340941645227,0.25029419478820875,0.48858520900321545,0.2500240267300002,0.4860128617363344,0.48574850944842685,0.48858520900321545
USDCAD,direction,72,price,hist_boost,1,6220,0.4995176848874598,0.5001784410336173,0.495196315652982,0.25219345879368493,0.48858520900321545,0.2500240267300002,0.4860128617363344,0.48574850944842685,0.48858520900321545
USDCAD,direction,72,price,extra_trees,1,6220,0.5003215434083601,0.500369450522646,0.49526748517827396,0.25093845185771824,0.48858520900321545,0.2500240267300002,0.4860128617363344,0.48574850944842685,0.48858520900321545
USDCAD,direction,72,price,catboost,1,6220,0.49790996784565916,0.4971450469061997,0.4951469728280339,0.25151629064090586,0.48858520900321545,0.2500240267300002,0.4860128617363344,0.48574850944842685,0.48858520900321545
USDCAD,direction,72,price,xgboost,1,6220,0.5035369774919615,0.5042622580455959,0.49776245288251575,0.2522317104683646,0.48858520900321545,0.2500240267300002,0.4860128617363344,0.48574850944842685,0.48858520900321545
USDCAD,direction,72,context,logistic,1,6220,0.5014469453376206,0.5034380673584385,0.5012393117700016,0.25274834192127116,0.48858520900321545,0.2500240267300002,0.4860128617363344,0.48574850944842685,0.48858520900321545
USDCAD,direction,72,context,hist_boost,1,6220,0.4942122186495177,0.4962546520094685,0.48711583326428437,0.2591405704672872,0.48858520900321545,0.2500240267300002,0.4860128617363344,0.48574850944842685,0.48858520900321545
USDCAD,direction,72,context,extra_trees,1,6220,0.5051446945337621,0.5076628786479942,0.5003170043753742,0.2527241632730755,0.48858520900321545,0.2500240267300002,0.4860128617363344,0.48574850944842685,0.48858520900321545
USDCAD,direction,72,context,catboost,1,6220,0.4953376205787781,0.49817017771382177,0.49293885555058675,0.2554850179998214,0.48858520900321545,0.2500240267300002,0.4860128617363344,0.48574850944842685,0.48858520900321545
USDCAD,direction,72,context,xgboost,1,6220,0.49903536977491963,0.5014475446979272,0.5042957739266927,0.25593561843286455,0.48858520900321545,0.2500240267300002,0.4860128617363344,0.48574850944842685,0.48858520900321545
USDCAD,direction,72,fomc,logistic,1,6220,0.5069131832797428,0.5077099974252769,0.4997230284826026,0.25371878244751106,0.48858520900321545,0.2500240267300002,0.4860128617363344,0.48574850944842685,0.48858520900321545
USDCAD,direction,72,fomc,hist_boost,1,6220,0.48938906752411576,0.48839569511265013,0.4655564324165188,0.26581111502293236,0.48858520900321545,0.2500240267300002,0.4860128617363344,0.48574850944842685,0.48858520900321545
USDCAD,direction,72,fomc,extra_trees,1,6220,0.4872990353697749,0.48772573954498466,0.48332874558849803,0.25937520107010287,0.48858520900321545,0.2500240267300002,0.4860128617363344,0.48574850944842685,0.48858520900321545
USDCAD,direction,72,fomc,catboost,1,6220,0.4844051446945338,0.48411792045543534,0.47146758905681657,0.2599296731037342,0.48858520900321545,0.2500240267300002,0.4860128617363344,0.48574850944842685,0.48858520900321545
USDCAD,direction,72,fomc,xgboost,1,6220,0.48633440514469456,0.4854973472283556,0.4814013755372756,0.2603515061496721,0.48858520900321545,0.2500240267300002,0.4860128617363344,0.48574850944842685,0.48858520900321545
USDCAD,direction,72,cot_exploratory,logistic,1,6220,0.5159163987138263,0.5168794873394276,0.5201137181432327,0.25380079695695834,0.48858520900321545,0.2500240267300002,0.4860128617363344,0.48574850944842685,0.48858520900321545
USDCAD,direction,72,cot_exploratory,hist_boost,1,6220,0.5003215434083601,0.49978923269217657,0.5059063464906959,0.2592460468124948,0.48858520900321545,0.2500240267300002,0.4860128617363344,0.48574850944842685,0.48858520900321545
USDCAD,direction,72,cot_exploratory,extra_trees,1,6220,0.5228295819935691,0.5237485361369988,0.5127020017153097,0.254599318196464,0.48858520900321545,0.2500240267300002,0.4860128617363344,0.48574850944842685,0.48858520900321545
USDCAD,direction,72,cot_exploratory,catboost,1,6220,0.4918006430868167,0.4909517465446316,0.5048022878519723,0.25716023227615387,0.48858520900321545,0.2500240267300002,0.4860128617363344,0.48574850944842685,0.48858520900321545
USDCAD,direction,72,cot_exploratory,xgboost,1,6220,0.4914790996784566,0.4916435805346797,0.5025549652691682,0.2578418639240151,0.48858520900321545,0.2500240267300002,0.4860128617363344,0.48574850944842685,0.48858520900321545
USDCAD,high_volatility,72,price,logistic,1,6220,0.6209003215434084,0.5127833115564531,0.6040927264349572,0.23128091984096655,0.6112540192926045,0.23762383561133565,0.612379421221865,0.5933554844017928,0.3887459807073955
USDCAD,high_volatility,72,price,hist_boost,1,6220,0.6286173633440515,0.5289565067186354,0.5882622288821913,0.23126380191602233,0.6112540192926045,0.23762383561133565,0.612379421221865,0.5933554844017928,0.3887459807073955
USDCAD,high_volatility,72,price,extra_trees,1,6220,0.6254019292604501,0.5212830389647345,0.5943788454903148,0.23142879043187448,0.6112540192926045,0.23762383561133565,0.612379421221865,0.5933554844017928,0.3887459807073955
USDCAD,high_volatility,72,price,catboost,1,6220,0.6303858520900322,0.5292740227706545,0.5937980924236037,0.23071898794646115,0.6112540192926045,0.23762383561133565,0.612379421221865,0.5933554844017928,0.3887459807073955
USDCAD,high_volatility,72,price,xgboost,1,6220,0.6266881028938907,0.5260987534748374,0.5869061231540232,0.2314821224920581,0.6112540192926045,0.23762383561133565,0.612379421221865,0.5933554844017928,0.3887459807073955
USDCAD,high_volatility,72,context,logistic,1,6220,0.6868167202572347,0.6484484897374547,0.718237408459872,0.2078767028134801,0.6112540192926045,0.23762383561133565,0.612379421221865,0.5933554844017928,0.3887459807073955
USDCAD,high_volatility,72,context,hist_boost,1,6220,0.6726688102893891,0.6254341779108031,0.6969175489457684,0.21414596318592016,0.6112540192926045,0.23762383561133565,0.612379421221865,0.5933554844017928,0.3887459807073955
USDCAD,high_volatility,72,context,extra_trees,1,6220,0.6681672025723473,0.6062457223985113,0.6911952439815534,0.21744159358273044,0.6112540192926045,0.23762383561133565,0.612379421221865,0.5933554844017928,0.3887459807073955
USDCAD,high_volatility,72,context,catboost,1,6220,0.6885852090032154,0.6448518236668785,0.7202761900162249,0.20971884584424855,0.6112540192926045,0.23762383561133565,0.612379421221865,0.5933554844017928,0.3887459807073955
USDCAD,high_volatility,72,context,xgboost,1,6220,0.6745980707395498,0.625582112762035,0.6967429096783767,0.21393411829289075,0.6112540192926045,0.23762383561133565,0.612379421221865,0.5933554844017928,0.3887459807073955
USDCAD,high_volatility,72,fomc,logistic,1,6220,0.6987138263665594,0.6600620282129165,0.7351359194955944,0.20376231008006293,0.6112540192926045,0.23762383561133565,0.612379421221865,0.5933554844017928,0.3887459807073955
USDCAD,high_volatility,72,fomc,hist_boost,1,6220,0.6707395498392283,0.6103822419004581,0.7091131457954521,0.21194333702956175,0.6112540192926045,0.23762383561133565,0.612379421221865,0.5933554844017928,0.3887459807073955
USDCAD,high_volatility,72,fomc,extra_trees,1,6220,0.6622186495176848,0.5949064072759581,0.7010487928298588,0.21645080795965155,0.6112540192926045,0.23762383561133565,0.612379421221865,0.5933554844017928,0.3887459807073955
USDCAD,high_volatility,72,fomc,catboost,1,6220,0.6709003215434084,0.6179657522117348,0.7119425629887016,0.21147242690646564,0.6112540192926045,0.23762383561133565,0.612379421221865,0.5933554844017928,0.3887459807073955
USDCAD,high_volatility,72,fomc,xgboost,1,6220,0.669935691318328,0.6070148748492914,0.7102940683780988,0.21175320461247496,0.6112540192926045,0.23762383561133565,0.612379421221865,0.5933554844017928,0.3887459807073955
USDCAD,high_volatility,72,cot_exploratory,logistic,1,6220,0.6972668810289389,0.6626420772837769,0.7300133489448111,0.2049084754789438,0.6112540192926045,0.23762383561133565,0.612379421221865,0.5933554844017928,0.3887459807073955
USDCAD,high_volatility,72,cot_exploratory,hist_boost,1,6220,0.6347266881028939,0.5810746074613988,0.6558759614133696,0.2219699692918325,0.6112540192926045,0.23762383561133565,0.612379421221865,0.5933554844017928,0.3887459807073955
USDCAD,high_volatility,72,cot_exploratory,extra_trees,1,6220,0.6512861736334405,0.5745975628168362,0.6920329250766541,0.2187901074627527,0.6112540192926045,0.23762383561133565,0.612379421221865,0.5933554844017928,0.3887459807073955
USDCAD,high_volatility,72,cot_exploratory,catboost,1,6220,0.6176848874598071,0.5625429391783263,0.6483930141682428,0.22302324621210534,0.6112540192926045,0.23762383561133565,0.612379421221865,0.5933554844017928,0.3887459807073955
USDCAD,high_volatility,72,cot_exploratory,xgboost,1,6220,0.6509646302250803,0.5954861813620362,0.6680126562616253,0.22038849296657717,0.6112540192926045,0.23762383561133565,0.612379421221865,0.5933554844017928,0.3887459807073955
USDCHF,direction,4,price,logistic,0,4671,0.4983943481053308,0.49818644896474096,0.5009459294407793,0.25085086178071037,0.5088846071505031,0.24999505278223325,0.4870477413830015,0.48694661385502375,0.5088846071505031
USDCHF,direction,4,price,hist_boost,0,4671,0.5178762577606508,0.5179294708553601,0.520558193733245,0.25058482040136776,0.5088846071505031,0.24999505278223325,0.4870477413830015,0.48694661385502375,0.5088846071505031
USDCHF,direction,4,price,extra_trees,0,4671,0.5228002569043031,0.5232621985102069,0.5273404418029657,0.2501238573597714,0.5088846071505031,0.24999505278223325,0.4870477413830015,0.48694661385502375,0.5088846071505031
USDCHF,direction,4,price,catboost,0,4671,0.5088846071505031,0.5089197588485115,0.5161712121284366,0.250368498255321,0.5088846071505031,0.24999505278223325,0.4870477413830015,0.48694661385502375,0.5088846071505031
USDCHF,direction,4,price,xgboost,0,4671,0.5095268679083708,0.5092920420522304,0.5089076550596221,0.25105713245148076,0.5088846071505031,0.24999505278223325,0.4870477413830015,0.48694661385502375,0.5088846071505031
USDCHF,direction,4,context,logistic,0,4671,0.5020338257332477,0.5029572673899353,0.5091790733559295,0.2514459839278663,0.5088846071505031,0.24999505278223325,0.4870477413830015,0.48694661385502375,0.5088846071505031
USDCHF,direction,4,context,hist_boost,0,4671,0.516163562406337,0.5168327025303154,0.5256586570149342,0.2500447025450378,0.5088846071505031,0.24999505278223325,0.4870477413830015,0.48694661385502375,0.5088846071505031
USDCHF,direction,4,context,extra_trees,0,4671,0.5144508670520231,0.5154695591543339,0.5313363426531285,0.24933052401014594,0.5088846071505031,0.24999505278223325,0.4870477413830015,0.48694661385502375,0.5088846071505031
USDCHF,direction,4,context,catboost,0,4671,0.5183044315992292,0.5186469871285375,0.5219392177064494,0.2499339199236302,0.5088846071505031,0.24999505278223325,0.4870477413830015,0.48694661385502375,0.5088846071505031
USDCHF,direction,4,context,xgboost,0,4671,0.5185185185185185,0.5192074292322639,0.5204039621202758,0.2503851980206038,0.5088846071505031,0.24999505278223325,0.4870477413830015,0.48694661385502375,0.5088846071505031
USDCHF,direction,4,fomc,logistic,0,4671,0.5001070434596446,0.5009727961842989,0.5087321501207261,0.2514977323816032,0.5088846071505031,0.24999505278223325,0.4870477413830015,0.48694661385502375,0.5088846071505031
USDCHF,direction,4,fomc,hist_boost,0,4671,0.5157353885677585,0.5165946613488241,0.5248095578852701,0.2500661251582614,0.5088846071505031,0.24999505278223325,0.4870477413830015,0.48694661385502375,0.5088846071505031
USDCHF,direction,4,fomc,extra_trees,0,4671,0.5191607792763863,0.5205462733350963,0.5307449075142155,0.2494856818756706,0.5088846071505031,0.24999505278223325,0.4870477413830015,0.48694661385502375,0.5088846071505031
USDCHF,direction,4,fomc,catboost,0,4671,0.50974095482766,0.5102710735217147,0.5164637203599299,0.2501961411388902,0.5088846071505031,0.24999505278223325,0.4870477413830015,0.48694661385502375,0.5088846071505031
USDCHF,direction,4,fomc,xgboost,0,4671,0.5163776493256262,0.5168832266793916,0.5184001431914904,0.25057115700704125,0.5088846071505031,0.24999505278223325,0.4870477413830015,0.48694661385502375,0.5088846071505031
USDCHF,direction,4,cot_exploratory,logistic,0,4671,0.5018197388139585,0.5018869073315584,0.5086450395188707,0.2515910542025649,0.5088846071505031,0.24999505278223325,0.4870477413830015,0.48694661385502375,0.5088846071505031
USDCHF,direction,4,cot_exploratory,hist_boost,0,4671,0.5144508670520231,0.5150738019357993,0.5208523524814052,0.250342889086424,0.5088846071505031,0.24999505278223325,0.4870477413830015,0.48694661385502375,0.5088846071505031
USDCHF,direction,4,cot_exploratory,extra_trees,0,4671,0.5183044315992292,0.5195222194387583,0.5305096171938355,0.24940118743592354,0.5088846071505031,0.24999505278223325,0.4870477413830015,0.48694661385502375,0.5088846071505031
USDCHF,direction,4,cot_exploratory,catboost,0,4671,0.5200171269535432,0.5199035804841442,0.5212971667230899,0.24992748776939627,0.5088846071505031,0.24999505278223325,0.4870477413830015,0.48694661385502375,0.5088846071505031
USDCHF,direction,4,cot_exploratory,xgboost,0,4671,0.5123099978591308,0.5126582707940341,0.5150240113496861,0.2508036767639323,0.5088846071505031,0.24999505278223325,0.4870477413830015,0.48694661385502375,0.5088846071505031
USDCHF,high_volatility,4,price,logistic,0,4671,0.7135517019910084,0.5426467495353642,0.7583054491689811,0.17029579125539968,0.7165489188610575,0.20315441411564936,0.6578891029758082,0.5791304744204352,0.2834510811389424
USDCHF,high_volatility,4,price,hist_boost,0,4671,0.7433097837722115,0.6010738524917927,0.7774660899376002,0.165967776388736,0.7165489188610575,0.20315441411564936,0.6578891029758082,0.5791304744204352,0.2834510811389424
USDCHF,high_volatility,4,price,extra_trees,0,4671,0.7418111753371869,0.6091583796464706,0.7782865929447573,0.16552025630950568,0.7165489188610575,0.20315441411564936,0.6578891029758082,0.5791304744204352,0.2834510811389424
USDCHF,high_volatility,4,price,catboost,0,4671,0.7428816099336331,0.6012315894560399,0.7796421379293538,0.16583601169172724,0.7165489188610575,0.20315441411564936,0.6578891029758082,0.5791304744204352,0.2834510811389424
USDCHF,high_volatility,4,price,xgboost,0,4671,0.7385998715478485,0.5934504633720779,0.7772803710226139,0.16593765937714627,0.7165489188610575,0.20315441411564936,0.6578891029758082,0.5791304744204352,0.2834510811389424
USDCHF,high_volatility,4,context,logistic,0,4671,0.7381716977092699,0.6191728715890228,0.7831489082074672,0.16374875084334106,0.7165489188610575,0.20315441411564936,0.6578891029758082,0.5791304744204352,0.2834510811389424
USDCHF,high_volatility,4,context,hist_boost,0,4671,0.7525155213016484,0.6148017072600525,0.7936179940190838,0.16069281082563522,0.7165489188610575,0.20315441411564936,0.6578891029758082,0.5791304744204352,0.2834510811389424
USDCHF,high_volatility,4,context,extra_trees,0,4671,0.7473774352387069,0.6041404711979976,0.7893187026845523,0.16192801911040486,0.7165489188610575,0.20315441411564936,0.6578891029758082,0.5791304744204352,0.2834510811389424
USDCHF,high_volatility,4,context,catboost,0,4671,0.7512309997859131,0.6125358462328622,0.7906737963473625,0.16173727503590993,0.7165489188610575,0.20315441411564936,0.6578891029758082,0.5791304744204352,0.2834510811389424
USDCHF,high_volatility,4,context,xgboost,0,4671,0.7527296082209377,0.6117555108646694,0.7934795510611928,0.16088641807553516,0.7165489188610575,0.20315441411564936,0.6578891029758082,0.5791304744204352,0.2834510811389424
USDCHF,high_volatility,4,fomc,logistic,0,4671,0.7407407407407407,0.6310087854298885,0.7832804685081198,0.1637020692927138,0.7165489188610575,0.20315441411564936,0.6578891029758082,0.5791304744204352,0.2834510811389424
USDCHF,high_volatility,4,fomc,hist_boost,0,4671,0.7512309997859131,0.6097967743129303,0.7939169947023849,0.16069477955996342,0.7165489188610575,0.20315441411564936,0.6578891029758082,0.5791304744204352,0.2834510811389424
USDCHF,high_volatility,4,fomc,extra_trees,0,4671,0.7467351744808393,0.6025510286977471,0.7893572906972651,0.16197834869370448,0.7165489188610575,0.20315441411564936,0.6578891029758082,0.5791304744204352,0.2834510811389424
USDCHF,high_volatility,4,fomc,catboost,0,4671,0.7535859558980946,0.6137225968694515,0.7928126102917615,0.16115143719227312,0.7165489188610575,0.20315441411564936,0.6578891029758082,0.5791304744204352,0.2834510811389424
USDCHF,high_volatility,4,fomc,xgboost,0,4671,0.7505887390280453,0.6086638437993351,0.793223313117126,0.16096703942251003,0.7165489188610575,0.20315441411564936,0.6578891029758082,0.5791304744204352,0.2834510811389424
USDCHF,high_volatility,4,cot_exploratory,logistic,0,4671,0.7396703061442946,0.6197620721807959,0.7838823061099041,0.1637139958474058,0.7165489188610575,0.20315441411564936,0.6578891029758082,0.5791304744204352,0.2834510811389424
USDCHF,high_volatility,4,cot_exploratory,hist_boost,0,4671,0.7503746521087562,0.6133078321480119,0.7934137709108666,0.16079992790943057,0.7165489188610575,0.20315441411564936,0.6578891029758082,0.5791304744204352,0.2834510811389424
USDCHF,high_volatility,4,cot_exploratory,extra_trees,0,4671,0.7467351744808393,0.6032357966777301,0.7889348535054614,0.1619640638516607,0.7165489188610575,0.20315441411564936,0.6578891029758082,0.5791304744204352,0.2834510811389424
USDCHF,high_volatility,4,cot_exploratory,catboost,0,4671,0.752943695140227,0.6173830422157371,0.7916188641674874,0.16145930041793474,0.7165489188610575,0.20315441411564936,0.6578891029758082,0.5791304744204352,0.2834510811389424
USDCHF,high_volatility,4,cot_exploratory,xgboost,0,4671,0.7501605651894669,0.6090498367569099,0.7932268108609685,0.16101283787098697,0.7165489188610575,0.20315441411564936,0.6578891029758082,0.5791304744204352,0.2834510811389424
USDCHF,direction,4,price,logistic,1,6237,0.5169151835818503,0.5160872663921444,0.525151282040734,0.24946226978065866,0.5061728395061729,0.24997458244922718,0.4811608144941478,0.4810777636997149,0.5061728395061729
USDCHF,direction,4,price,hist_boost,1,6237,0.5348725348725348,0.5350966107063668,0.5567165215209244,0.24719358327937851,0.5061728395061729,0.24997458244922718,0.4811608144941478,0.4810777636997149,0.5061728395061729
USDCHF,direction,4,price,extra_trees,1,6237,0.5428892095558763,0.5429798859676909,0.5594496254458243,0.24729957287391452,0.5061728395061729,0.24997458244922718,0.4811608144941478,0.4810777636997149,0.5061728395061729
USDCHF,direction,4,price,catboost,1,6237,0.5316658649991983,0.531180709534368,0.5543000711673503,0.24750019057898334,0.5061728395061729,0.24997458244922718,0.4811608144941478,0.4810777636997149,0.5061728395061729
USDCHF,direction,4,price,xgboost,1,6237,0.5295815295815296,0.5291693063034526,0.5448728654937081,0.24809069790481095,0.5061728395061729,0.24997458244922718,0.4811608144941478,0.4810777636997149,0.5061728395061729
USDCHF,direction,4,context,logistic,1,6237,0.532948532948533,0.5328476401647133,0.5440890990542558,0.24851076537518768,0.5061728395061729,0.24997458244922718,0.4811608144941478,0.4810777636997149,0.5061728395061729
USDCHF,direction,4,context,hist_boost,1,6237,0.5417668751002084,0.542227589483687,0.5636089045575899,0.24628565902906982,0.5061728395061729,0.24997458244922718,0.4811608144941478,0.4810777636997149,0.5061728395061729
USDCHF,direction,4,context,extra_trees,1,6237,0.543049543049543,0.543439182768451,0.5615285965222615,0.2464585041438019,0.5061728395061729,0.24997458244922718,0.4811608144941478,0.4810777636997149,0.5061728395061729
USDCHF,direction,4,context,catboost,1,6237,0.5345518678852013,0.5341978143807412,0.555800961787658,0.24727942209973441,0.5061728395061729,0.24997458244922718,0.4811608144941478,0.4810777636997149,0.5061728395061729
USDCHF,direction,4,context,xgboost,1,6237,0.5311848645181978,0.5312401013620526,0.5500610373155511,0.24739788786446174,0.5061728395061729,0.24997458244922718,0.4811608144941478,0.4810777636997149,0.5061728395061729
USDCHF,direction,4,fomc,logistic,1,6237,0.5385602052268719,0.5385650934431423,0.5464380329838043,0.248412045662186,0.5061728395061729,0.24997458244922718,0.4811608144941478,0.4810777636997149,0.5061728395061729
USDCHF,direction,4,fomc,hist_boost,1,6237,0.5411255411255411,0.5418989547038328,0.5617280605045889,0.24636636966548975,0.5061728395061729,0.24997458244922718,0.4811608144941478,0.4810777636997149,0.5061728395061729
USDCHF,direction,4,fomc,extra_trees,1,6237,0.5446528779862113,0.5450506810262907,0.5645255441422689,0.24629935464386363,0.5061728395061729,0.24997458244922718,0.4811608144941478,0.4810777636997149,0.5061728395061729
USDCHF,direction,4,fomc,catboost,1,6237,0.5258938592271926,0.526100728539753,0.5479422145798453,0.247952014827672,0.5061728395061729,0.24997458244922718,0.4811608144941478,0.4810777636997149,0.5061728395061729
USDCHF,direction,4,fomc,xgboost,1,6237,0.5281385281385281,0.528405131453912,0.5534515650646472,0.24726037307590945,0.5061728395061729,0.24997458244922718,0.4811608144941478,0.4810777636997149,0.5061728395061729
USDCHF,direction,4,cot_exploratory,logistic,1,6237,0.5345518678852013,0.5344433006018372,0.5447833920909626,0.24852081380956656,0.5061728395061729,0.24997458244922718,0.4811608144941478,0.4810777636997149,0.5061728395061729
USDCHF,direction,4,cot_exploratory,hist_boost,1,6237,0.5387205387205387,0.5396895787139689,0.5648904310766838,0.24627781768505266,0.5061728395061729,0.24997458244922718,0.4811608144941478,0.4810777636997149,0.5061728395061729
USDCHF,direction,4,cot_exploratory,extra_trees,1,6237,0.5433702100368767,0.5437242635413366,0.5680926533080477,0.24601184989923847,0.5061728395061729,0.24997458244922718,0.4811608144941478,0.4810777636997149,0.5061728395061729
USDCHF,direction,4,cot_exploratory,catboost,1,6237,0.5361552028218695,0.535924136838771,0.5568801961421537,0.24728315625689082,0.5061728395061729,0.24997458244922718,0.4811608144941478,0.4810777636997149,0.5061728395061729
USDCHF,direction,4,cot_exploratory,xgboost,1,6237,0.5262145262145262,0.5265164713335445,0.5513786103032223,0.24753472476987234,0.5061728395061729,0.24997458244922718,0.4811608144941478,0.4810777636997149,0.5061728395061729
USDCHF,high_volatility,4,price,logistic,1,6237,0.719256052589386,0.5826930961935297,0.7705391833593859,0.16932115361970784,0.7085137085137085,0.20669293320351864,0.6565656565656566,0.5847499210206153,0.29148629148629146
USDCHF,high_volatility,4,price,hist_boost,1,6237,0.7389770723104057,0.60421861941795,0.7890669752650756,0.16396952597154887,0.7085137085137085,0.20669293320351864,0.6565656565656566,0.5847499210206153,0.29148629148629146
USDCHF,high_volatility,4,price,extra_trees,1,6237,0.7449094115760783,0.6266974966335738,0.7872544326168304,0.16404952454999808,0.7085137085137085,0.20669293320351864,0.6565656565656566,0.5847499210206153,0.29148629148629146
USDCHF,high_volatility,4,price,catboost,1,6237,0.7412217412217412,0.6093640423105446,0.7898804815987369,0.16385394641945342,0.7085137085137085,0.20669293320351864,0.6565656565656566,0.5847499210206153,0.29148629148629146
USDCHF,high_volatility,4,price,xgboost,1,6237,0.7399390732724066,0.6040881073850766,0.7896706167561767,0.1638247061258491,0.7085137085137085,0.20669293320351864,0.6565656565656566,0.5847499210206153,0.29148629148629146
USDCHF,high_volatility,4,context,logistic,1,6237,0.7466730800064133,0.6455870128764404,0.798197153953911,0.1606479061049498,0.7085137085137085,0.20669293320351864,0.6565656565656566,0.5847499210206153,0.29148629148629146
USDCHF,high_volatility,4,context,hist_boost,1,6237,0.7551707551707552,0.6459180541272049,0.8137804898389815,0.15612050080674583,0.7085137085137085,0.20669293320351864,0.6565656565656566,0.5847499210206153,0.29148629148629146
USDCHF,high_volatility,4,context,extra_trees,1,6237,0.7461920795254129,0.6186992935546101,0.8061784906709726,0.15876043565265605,0.7085137085137085,0.20669293320351864,0.6565656565656566,0.5847499210206153,0.29148629148629146
USDCHF,high_volatility,4,context,catboost,1,6237,0.7578964245630913,0.6452514905258346,0.8123998754254245,0.15648777503309544,0.7085137085137085,0.20669293320351864,0.6565656565656566,0.5847499210206153,0.29148629148629146
USDCHF,high_volatility,4,context,xgboost,1,6237,0.7556517556517557,0.6417248649508536,0.8140185482680424,0.15611529288247242,0.7085137085137085,0.20669293320351864,0.6565656565656566,0.5847499210206153,0.29148629148629146
USDCHF,high_volatility,4,fomc,logistic,1,6237,0.7437870771204105,0.6407983975586968,0.7981863246292947,0.16072504416089614,0.7085137085137085,0.20669293320351864,0.6565656565656566,0.5847499210206153,0.29148629148629146
USDCHF,high_volatility,4,fomc,hist_boost,1,6237,0.7567740901074235,0.6480208102276623,0.8158780802271222,0.15549968637940131,0.7085137085137085,0.20669293320351864,0.6565656565656566,0.5847499210206153,0.29148629148629146
USDCHF,high_volatility,4,fomc,extra_trees,1,6237,0.7458714125380792,0.6181492385491095,0.8059994956273178,0.15866434169507848,0.7085137085137085,0.20669293320351864,0.6565656565656566,0.5847499210206153,0.29148629148629146
USDCHF,high_volatility,4,fomc,catboost,1,6237,0.7591790925124259,0.6498799065242573,0.8122918311292546,0.15645573212513006,0.7085137085137085,0.20669293320351864,0.6565656565656566,0.5847499210206153,0.29148629148629146
USDCHF,high_volatility,4,fomc,xgboost,1,6237,0.7546897546897547,0.639265301275545,0.8147597968667651,0.15602070072957333,0.7085137085137085,0.20669293320351864,0.6565656565656566,0.5847499210206153,0.29148629148629146
USDCHF,high_volatility,4,cot_exploratory,logistic,1,6237,0.7449094115760783,0.645961184713176,0.7977222818457451,0.16088838159622113,0.7085137085137085,0.20669293320351864,0.6565656565656566,0.5847499210206153,0.29148629148629146
USDCHF,high_volatility,4,cot_exploratory,hist_boost,1,6237,0.7564534231200898,0.6482801538809686,0.8153232951717893,0.1556075252174244,0.7085137085137085,0.20669293320351864,0.6565656565656566,0.5847499210206153,0.29148629148629146
USDCHF,high_volatility,4,cot_exploratory,extra_trees,1,6237,0.7463524130190797,0.6154129669586104,0.8062834230922526,0.1588658639512185,0.7085137085137085,0.20669293320351864,0.6565656565656566,0.5847499210206153,0.29148629148629146
USDCHF,high_volatility,4,cot_exploratory,catboost,1,6237,0.7578964245630913,0.64589900945288,0.812580986544004,0.156722734699231,0.7085137085137085,0.20669293320351864,0.6565656565656566,0.5847499210206153,0.29148629148629146
USDCHF,high_volatility,4,cot_exploratory,xgboost,1,6237,0.7561327561327561,0.6425499474591043,0.814061243191529,0.15616162071320136,0.7085137085137085,0.20669293320351864,0.6565656565656566,0.5847499210206153,0.29148629148629146
USDCHF,direction,24,price,logistic,0,4666,0.48928418345477925,0.49178862124909806,0.48004871748911904,0.2515445691037036,0.48756965280754394,0.25011421117864946,0.5008572653236176,0.5005539086593038,0.5124303471924561
USDCHF,direction,24,price,hist_boost,0,4666,0.4976425203600514,0.496990637969308,0.5028129294377726,0.2508582585487798,0.48756965280754394,0.25011421117864946,0.5008572653236176,0.5005539086593038,0.5124303471924561
USDCHF,direction,24,price,extra_trees,0,4666,0.4965709387055294,0.4983654822801623,0.49855750272312377,0.2504289745939837,0.48756965280754394,0.25011421117864946,0.5008572653236176,0.5005539086593038,0.5124303471924561
USDCHF,direction,24,price,catboost,0,4666,0.49228461208744106,0.4918266760424853,0.48826781750244735,0.25114829596006977,0.48756965280754394,0.25011421117864946,0.5008572653236176,0.5005539086593038,0.5124303471924561
USDCHF,direction,24,price,xgboost,0,4666,0.503643377625375,0.5030165317743737,0.49480598030158884,0.25158352011522095,0.48756965280754394,0.25011421117864946,0.5008572653236176,0.5005539086593038,0.5124303471924561
USDCHF,direction,24,context,logistic,0,4666,0.4957136733819117,0.4995869124601872,0.4866935991653683,0.25320084786147073,0.48756965280754394,0.25011421117864946,0.5008572653236176,0.5005539086593038,0.5124303471924561
USDCHF,direction,24,context,hist_boost,0,4666,0.4841405915130733,0.4839761743902271,0.4749598540313722,0.2533725052032054,0.48756965280754394,0.25011421117864946,0.5008572653236176,0.5005539086593038,0.5124303471924561
USDCHF,direction,24,context,extra_trees,0,4666,0.48478354050578654,0.4866934153257867,0.4900220147898944,0.25101870695334866,0.48756965280754394,0.25011421117864946,0.5008572653236176,0.5005539086593038,0.5124303471924561
USDCHF,direction,24,context,catboost,0,4666,0.48971281611658807,0.4886668413142692,0.47537864059821405,0.25251524656085617,0.48756965280754394,0.25011421117864946,0.5008572653236176,0.5005539086593038,0.5124303471924561
USDCHF,direction,24,context,xgboost,0,4666,0.4755679382768967,0.47497171168438423,0.4707813641816151,0.25271337549311307,0.48756965280754394,0.25011421117864946,0.5008572653236176,0.5005539086593038,0.5124303471924561
USDCHF,direction,24,fomc,logistic,0,4666,0.49185597942563225,0.495065745630363,0.49825949876138087,0.25314171984954076,0.48756965280754394,0.25011421117864946,0.5008572653236176,0.5005539086593038,0.5124303471924561
USDCHF,direction,24,fomc,hist_boost,0,4666,0.5023574796399486,0.4945111935325235,0.47874207766303123,0.2539334996834925,0.48756965280754394,0.25011421117864946,0.5008572653236176,0.5005539086593038,0.5124303471924561
USDCHF,direction,24,fomc,extra_trees,0,4666,0.5040720102871838,0.5031575367334464,0.49187566929097676,0.25160058940389785,0.48756965280754394,0.25011421117864946,0.5008572653236176,0.5005539086593038,0.5124303471924561
USDCHF,direction,24,fomc,catboost,0,4666,0.5128589798542649,0.5080527251919975,0.49192732821340096,0.2526172123764323,0.48756965280754394,0.25011421117864946,0.5008572653236176,0.5005539086593038,0.5124303471924561
USDCHF,direction,24,fomc,xgboost,0,4666,0.5220745820831547,0.5153174220175475,0.4980300669635676,0.25285202198186596,0.48756965280754394,0.25011421117864946,0.5008572653236176,0.5005539086593038,0.5124303471924561
USDCHF,direction,24,cot_exploratory,logistic,0,4666,0.5057865409344192,0.5062486154581511,0.5052604777071528,0.2527177089709605,0.48756965280754394,0.25011421117864946,0.5008572653236176,0.5005539086593038,0.5124303471924561
USDCHF,direction,24,cot_exploratory,hist_boost,0,4666,0.48799828546935275,0.4847440723224914,0.4763216457319343,0.2554046366484033,0.48756965280754394,0.25011421117864946,0.5008572653236176,0.5005539086593038,0.5124303471924561
USDCHF,direction,24,cot_exploratory,extra_trees,0,4666,0.4899271324474925,0.4887693318810007,0.48670518105900795,0.2518108867340229,0.48756965280754394,0.25011421117864946,0.5008572653236176,0.5005539086593038,0.5124303471924561
USDCHF,direction,24,cot_exploratory,catboost,0,4666,0.5021431633090442,0.5006357172731075,0.49701803006696355,0.2527160992958413,0.48756965280754394,0.25011421117864946,0.5008572653236176,0.5005539086593038,0.5124303471924561
USDCHF,direction,24,cot_exploratory,xgboost,0,4666,0.4843549078439777,0.48132768945817883,0.4825178669093349,0.25466670573580213,0.48756965280754394,0.25011421117864946,0.5008572653236176,0.5005539086593038,0.5124303471924561
USDCHF,high_volatility,24,price,logistic,0,4666,0.6570938705529361,0.5006242197253433,0.5593454901347207,0.2237252879918091,0.6566652378911273,0.22557399126932734,0.5947278182597514,0.5508317361131484,0.3433347621088727
USDCHF,high_volatility,24,price,hist_boost,0,4666,0.6566652378911273,0.5007446224204078,0.5294127893331769,0.22540940571410978,0.6566652378911273,0.22557399126932734,0.5947278182597514,0.5508317361131484,0.3433347621088727
USDCHF,high_volatility,24,price,extra_trees,0,4666,0.6568795542220317,0.5006099588308348,0.5542266439144281,0.22407495766452684,0.6566652378911273,0.22557399126932734,0.5947278182597514,0.5508317361131484,0.3433347621088727
USDCHF,high_volatility,24,price,catboost,0,4666,0.6564509215602229,0.500134663589573,0.5509069113999145,0.22413602485805534,0.6566652378911273,0.22557399126932734,0.5947278182597514,0.5508317361131484,0.3433347621088727
USDCHF,high_volatility,24,price,xgboost,0,4666,0.6562366052293185,0.5002693271791462,0.5393224812000665,0.22501881796598333,0.6566652378911273,0.22557399126932734,0.5947278182597514,0.5508317361131484,0.3433347621088727
USDCHF,high_volatility,24,context,logistic,0,4666,0.6665237891127304,0.5679698679522659,0.6493427357448098,0.21397435187592465,0.6566652378911273,0.22557399126932734,0.5947278182597514,0.5508317361131484,0.3433347621088727
USDCHF,high_volatility,24,context,hist_boost,0,4666,0.6615945135019289,0.5487284579002095,0.6372904463415509,0.21560275257832592,0.6566652378911273,0.22557399126932734,0.5947278182597514,0.5508317361131484,0.3433347621088727
USDCHF,high_volatility,24,context,extra_trees,0,4666,0.6626660951564509,0.5169299227792935,0.6327528334360117,0.21545683217708125,0.6566652378911273,0.22557399126932734,0.5947278182597514,0.5508317361131484,0.3433347621088727
USDCHF,high_volatility,24,context,catboost,0,4666,0.6579511358765537,0.5385080822600992,0.6387430203107733,0.2153642842915828,0.6566652378911273,0.22557399126932734,0.5947278182597514,0.5508317361131484,0.3433347621088727
USDCHF,high_volatility,24,context,xgboost,0,4666,0.6538791255893699,0.5316844479648482,0.6348855502097573,0.21606734376466658,0.6566652378911273,0.22557399126932734,0.5947278182597514,0.5508317361131484,0.3433347621088727
USDCHF,high_volatility,24,fomc,logistic,0,4666,0.6577368195456493,0.5851071848831259,0.6564045269783527,0.21562743128099213,0.6566652378911273,0.22557399126932734,0.5947278182597514,0.5508317361131484,0.3433347621088727
USDCHF,high_volatility,24,fomc,hist_boost,0,4666,0.6592370338619803,0.5554221143283689,0.62266691765841,0.21845014921233724,0.6566652378911273,0.22557399126932734,0.5947278182597514,0.5508317361131484,0.3433347621088727
USDCHF,high_volatility,24,fomc,extra_trees,0,4666,0.6615945135019289,0.5202838814406274,0.6402854379153995,0.21474675705636165,0.6566652378911273,0.22557399126932734,0.5947278182597514,0.5508317361131484,0.3433347621088727
USDCHF,high_volatility,24,fomc,catboost,0,4666,0.6643806258036863,0.5925487233647235,0.6500270549541534,0.21862021326428385,0.6566652378911273,0.22557399126932734,0.5947278182597514,0.5508317361131484,0.3433347621088727
USDCHF,high_volatility,24,fomc,xgboost,0,4666,0.6585940848692671,0.5477841829566827,0.6290837090060402,0.21729957406726924,0.6566652378911273,0.22557399126932734,0.5947278182597514,0.5508317361131484,0.3433347621088727
USDCHF,high_volatility,24,cot_exploratory,logistic,0,4666,0.6504500642948993,0.5831330696290211,0.6463666907879511,0.21698187169524316,0.6566652378911273,0.22557399126932734,0.5947278182597514,0.5508317361131484,0.3433347621088727
USDCHF,high_volatility,24,cot_exploratory,hist_boost,0,4666,0.6431633090441492,0.5376730050230945,0.6142745849672244,0.22107434354784175,0.6566652378911273,0.22557399126932734,0.5947278182597514,0.5508317361131484,0.3433347621088727
USDCHF,high_volatility,24,cot_exploratory,extra_trees,0,4666,0.6560222888984141,0.5147007412405511,0.6361031250101864,0.21565743189565645,0.6566652378911273,0.22557399126932734,0.5947278182597514,0.5508317361131484,0.3433347621088727
USDCHF,high_volatility,24,cot_exploratory,catboost,0,4666,0.6431633090441492,0.5282907625259549,0.6323741048232789,0.21792182831764884,0.6566652378911273,0.22557399126932734,0.5947278182597514,0.5508317361131484,0.3433347621088727
USDCHF,high_volatility,24,cot_exploratory,xgboost,0,4666,0.6465923703386198,0.5349226896535988,0.6336941543371047,0.21809187754328838,0.6566652378911273,0.22557399126932734,0.5947278182597514,0.5508317361131484,0.3433347621088727
USDCHF,direction,24,price,logistic,1,6232,0.48892811296534017,0.4904264553679735,0.4780825624582928,0.2505885388349049,0.5112323491655969,0.24998467398264076,0.5121951219512195,0.5119632469532867,0.5112323491655969
USDCHF,direction,24,price,hist_boost,1,6232,0.4876444159178434,0.48627850671375383,0.4840186918391733,0.2513005826073904,0.5112323491655969,0.24998467398264076,0.5121951219512195,0.5119632469532867,0.5112323491655969
USDCHF,direction,24,price,extra_trees,1,6232,0.4961489088575096,0.49670237360678837,0.49092292321256115,0.2504138002446436,0.5112323491655969,0.24998467398264076,0.5121951219512195,0.5119632469532867,0.5112323491655969
USDCHF,direction,24,price,catboost,1,6232,0.4833119383825417,0.48262548023835405,0.48633312023754616,0.2505448400239145,0.5112323491655969,0.24998467398264076,0.5121951219512195,0.5119632469532867,0.5112323491655969
USDCHF,direction,24,price,xgboost,1,6232,0.4898908857509628,0.489088733168215,0.4936512293813339,0.2507232007813619,0.5112323491655969,0.24998467398264076,0.5121951219512195,0.5119632469532867,0.5112323491655969
USDCHF,direction,24,context,logistic,1,6232,0.4878048780487805,0.48952986617831873,0.4894702034796852,0.2515480294840916,0.5112323491655969,0.24998467398264076,0.5121951219512195,0.5119632469532867,0.5112323491655969
USDCHF,direction,24,context,hist_boost,1,6232,0.5046534017971759,0.5032383758721162,0.5012629634987937,0.2513006731387226,0.5112323491655969,0.24998467398264076,0.5121951219512195,0.5119632469532867,0.5112323491655969
USDCHF,direction,24,context,extra_trees,1,6232,0.49518613607188705,0.49587616373175647,0.4922719802946163,0.25097443393648433,0.5112323491655969,0.24998467398264076,0.5121951219512195,0.5119632469532867,0.5112323491655969
USDCHF,direction,24,context,catboost,1,6232,0.5009627727856226,0.49962883412698117,0.4992990920965369,0.25095278455161507,0.5112323491655969,0.24998467398264076,0.5121951219512195,0.5119632469532867,0.5112323491655969
USDCHF,direction,24,context,xgboost,1,6232,0.49374197689345317,0.4930355391838638,0.49245998477416175,0.25161144739111735,0.5112323491655969,0.24998467398264076,0.5121951219512195,0.5119632469532867,0.5112323491655969
USDCHF,direction,24,fomc,logistic,1,6232,0.5056161745827985,0.5070508120103588,0.5096182658949054,0.25141153348189654,0.5112323491655969,0.24998467398264076,0.5121951219512195,0.5119632469532867,0.5112323491655969
USDCHF,direction,24,fomc,hist_boost,1,6232,0.5126765083440308,0.512304220821643,0.5150901803235511,0.2514434051901961,0.5112323491655969,0.24998467398264076,0.5121951219512195,0.5119632469532867,0.5112323491655969
USDCHF,direction,24,fomc,extra_trees,1,6232,0.5189345314505777,0.5180496665689807,0.5198104890115529,0.25014615893677594,0.5112323491655969,0.24998467398264076,0.5121951219512195,0.5119632469532867,0.5112323491655969
USDCHF,direction,24,fomc,catboost,1,6232,0.5171694480102695,0.5170591009006491,0.517034988514673,0.25089255526925225,0.5112323491655969,0.24998467398264076,0.5121951219512195,0.5119632469532867,0.5112323491655969
USDCHF,direction,24,fomc,xgboost,1,6232,0.5174903722721438,0.5176831376932649,0.5149198479559497,0.251055404752654,0.5112323491655969,0.24998467398264076,0.5121951219512195,0.5119632469532867,0.5112323491655969
USDCHF,direction,24,cot_exploratory,logistic,1,6232,0.49903722721437743,0.5001619857724557,0.5089372455576535,0.2514755502783447,0.5112323491655969,0.24998467398264076,0.5121951219512195,0.5119632469532867,0.5112323491655969
USDCHF,direction,24,cot_exploratory,hist_boost,1,6232,0.49502567394094993,0.4962602101528395,0.4961635545201656,0.2529248570869741,0.5112323491655969,0.24998467398264076,0.5121951219512195,0.5119632469532867,0.5112323491655969
USDCHF,direction,24,cot_exploratory,extra_trees,1,6232,0.5128369704749679,0.5124539443123415,0.509656289272791,0.25061764410435994,0.5112323491655969,0.24998467398264076,0.5121951219512195,0.5119632469532867,0.5112323491655969
USDCHF,direction,24,cot_exploratory,catboost,1,6232,0.5080231065468549,0.5082074852265266,0.515109604190032,0.2508865574055731,0.5112323491655969,0.24998467398264076,0.5121951219512195,0.5119632469532867,0.5112323491655969
USDCHF,direction,24,cot_exploratory,xgboost,1,6232,0.49358151476251605,0.4945953220322496,0.4925209355276017,0.25340967694078864,0.5112323491655969,0.24998467398264076,0.5121951219512195,0.5119632469532867,0.5112323491655969
USDCHF,high_volatility,24,price,logistic,1,6232,0.618581514762516,0.4997407311381903,0.5427847659075092,0.2356225616051026,0.6189024390243902,0.23674120561480588,0.6434531450577664,0.6216769509981851,0.38109756097560976
USDCHF,high_volatility,24,price,hist_boost,1,6232,0.621790757381258,0.504113041223749,0.5136000982492529,0.2372898126702005,0.6189024390243902,0.23674120561480588,0.6434531450577664,0.6216769509981851,0.38109756097560976
USDCHF,high_volatility,24,price,extra_trees,1,6232,0.6195442875481386,0.5009229971480426,0.5244750351377536,0.23638233981193188,0.6189024390243902,0.23674120561480588,0.6434531450577664,0.6216769509981851,0.38109756097560976
USDCHF,high_volatility,24,price,catboost,1,6232,0.6211489088575096,0.5031091521908219,0.5145792612202011,0.23678384594653853,0.6189024390243902,0.23674120561480588,0.6434531450577664,0.6216769509981851,0.38109756097560976
USDCHF,high_volatility,24,price,xgboost,1,6232,0.6225930680359435,0.5054083484573503,0.5096358500607235,0.23741544092547975,0.6189024390243902,0.23674120561480588,0.6434531450577664,0.6216769509981851,0.38109756097560976
USDCHF,high_volatility,24,context,logistic,1,6232,0.6684852374839538,0.5881068187710656,0.686735641281061,0.2116138538800683,0.6189024390243902,0.23674120561480588,0.6434531450577664,0.6216769509981851,0.38109756097560976
USDCHF,high_volatility,24,context,hist_boost,1,6232,0.6550064184852374,0.5761659320715582,0.6714733840044758,0.2177043534054288,0.6189024390243902,0.23674120561480588,0.6434531450577664,0.6216769509981851,0.38109756097560976
USDCHF,high_volatility,24,context,extra_trees,1,6232,0.6410462130937099,0.5379507389162561,0.6524252555162862,0.22163727055491522,0.6189024390243902,0.23674120561480588,0.6434531450577664,0.6216769509981851,0.38109756097560976
USDCHF,high_volatility,24,context,catboost,1,6232,0.6570924261874198,0.5759097744360901,0.6757619638933995,0.21689962438797736,0.6189024390243902,0.23674120561480588,0.6434531450577664,0.6216769509981851,0.38109756097560976
USDCHF,high_volatility,24,context,xgboost,1,6232,0.6543645699614891,0.5733015296862847,0.6780865957998444,0.21666660180441197,0.6189024390243902,0.23674120561480588,0.6434531450577664,0.6216769509981851,0.38109756097560976
USDCHF,high_volatility,24,fomc,logistic,1,6232,0.6696084724005135,0.5900658542908996,0.6874263335289221,0.21126310710436094,0.6189024390243902,0.23674120561480588,0.6434531450577664,0.6216769509981851,0.38109756097560976
USDCHF,high_volatility,24,fomc,hist_boost,1,6232,0.6556482670089859,0.581133523463832,0.675168538405906,0.21706327715307672,0.6189024390243902,0.23674120561480588,0.6434531450577664,0.6216769509981851,0.38109756097560976
USDCHF,high_volatility,24,fomc,extra_trees,1,6232,0.642971758664955,0.5392636764324604,0.6562540289016553,0.22120274394409073,0.6189024390243902,0.23674120561480588,0.6434531450577664,0.6216769509981851,0.38109756097560976
USDCHF,high_volatility,24,fomc,catboost,1,6232,0.6497111681643132,0.570189266269121,0.6742043857374834,0.21775734307235528,0.6189024390243902,0.23674120561480588,0.6434531450577664,0.6216769509981851,0.38109756097560976
USDCHF,high_volatility,24,fomc,xgboost,1,6232,0.6586970474967908,0.5848099559242934,0.6811487520980309,0.21608771106858232,0.6189024390243902,0.23674120561480588,0.6434531450577664,0.6216769509981851,0.38109756097560976
USDCHF,high_volatility,24,cot_exploratory,logistic,1,6232,0.6620667522464698,0.5907679543686803,0.6898221961437169,0.21126056389169287,0.6189024390243902,0.23674120561480588,0.6434531450577664,0.6216769509981851,0.38109756097560976
USDCHF,high_volatility,24,cot_exploratory,hist_boost,1,6232,0.6466623876765083,0.5734695359087374,0.6744285031999235,0.2176000473586344,0.6189024390243902,0.23674120561480588,0.6434531450577664,0.6216769509981851,0.38109756097560976
USDCHF,high_volatility,24,cot_exploratory,extra_trees,1,6232,0.6381578947368421,0.531491833030853,0.650638647435285,0.22217894456542692,0.6189024390243902,0.23674120561480588,0.6434531450577664,0.6216769509981851,0.38109756097560976
USDCHF,high_volatility,24,cot_exploratory,catboost,1,6232,0.6394415917843389,0.5525092040445942,0.6665541530777943,0.21839284323781522,0.6189024390243902,0.23674120561480588,0.6434531450577664,0.6216769509981851,0.38109756097560976
USDCHF,high_volatility,24,cot_exploratory,xgboost,1,6232,0.6501925545571245,0.572681358568836,0.679472838175293,0.2167586051572393,0.6189024390243902,0.23674120561480588,0.6434531450577664,0.6216769509981851,0.38109756097560976
USDCHF,direction,72,price,logistic,0,4654,0.48409969918349804,0.4841340283999229,0.47559427214601346,0.2536685353472019,0.5030081650193382,0.24999104741441747,0.4935539321014181,0.4935213795398591,0.5030081650193382
USDCHF,direction,72,price,hist_boost,0,4654,0.4894714224323163,0.48974510839223284,0.4858778816979526,0.2549820279200086,0.5030081650193382,0.24999104741441747,0.4935539321014181,0.4935213795398591,0.5030081650193382
USDCHF,direction,72,price,extra_trees,0,4654,0.4957026214009454,0.4958485487650084,0.4804175939977096,0.25280551184801237,0.5030081650193382,0.24999104741441747,0.4935539321014181,0.4935213795398591,0.5030081650193382
USDCHF,direction,72,price,catboost,0,4654,0.4862483884830254,0.48666286961887134,0.4764585806908669,0.254960149322994,0.5030081650193382,0.24999104741441747,0.4935539321014181,0.4935213795398591,0.5030081650193382
USDCHF,direction,72,price,xgboost,0,4654,0.4894714224323163,0.48972183854679446,0.48744213241908696,0.2548121734261421,0.5030081650193382,0.24999104741441747,0.4935539321014181,0.4935213795398591,0.5030081650193382
USDCHF,direction,72,context,logistic,0,4654,0.47808336914482163,0.47837086334635526,0.46238364846429175,0.25716510898274486,0.5030081650193382,0.24999104741441747,0.4935539321014181,0.4935213795398591,0.5030081650193382
USDCHF,direction,72,context,hist_boost,0,4654,0.48259561667382894,0.4820339248491108,0.46487435299210506,0.262680147844611,0.5030081650193382,0.24999104741441747,0.4935539321014181,0.4935213795398591,0.5030081650193382
USDCHF,direction,72,context,extra_trees,0,4654,0.4679845294370434,0.4678696068670422,0.4639529779215337,0.2577482807041052,0.5030081650193382,0.24999104741441747,0.4935539321014181,0.4935213795398591,0.5030081650193382
USDCHF,direction,72,context,catboost,0,4654,0.4740008594757198,0.47331992177638305,0.4601896344658176,0.26221170107639113,0.5030081650193382,0.24999104741441747,0.4935539321014181,0.4935213795398591,0.5030081650193382
USDCHF,direction,72,context,xgboost,0,4654,0.4845294370434035,0.4840337464469624,0.467857417900384,0.26312046222957897,0.5030081650193382,0.24999104741441747,0.4935539321014181,0.4935213795398591,0.5030081650193382
USDCHF,direction,72,fomc,logistic,0,4654,0.5,0.4997737653915715,0.4834323317511685,0.2564375358115759,0.5030081650193382,0.24999104741441747,0.4935539321014181,0.4935213795398591,0.5030081650193382
USDCHF,direction,72,fomc,hist_boost,0,4654,0.5068758057584873,0.5050002465495529,0.45286581997671904,0.26981682268676926,0.5030081650193382,0.24999104741441747,0.4935539321014181,0.4935213795398591,0.5030081650193382
USDCHF,direction,72,fomc,extra_trees,0,4654,0.49957026214009453,0.49826325693252094,0.48215876941670077,0.2591534723980933,0.5030081650193382,0.24999104741441747,0.4935539321014181,0.4935213795398591,0.5030081650193382
USDCHF,direction,72,fomc,catboost,0,4654,0.5062311989686291,0.5043310538118869,0.47093568602551594,0.26998936201851037,0.5030081650193382,0.24999104741441747,0.4935539321014181,0.4935213795398591,0.5030081650193382
USDCHF,direction,72,fomc,xgboost,0,4654,0.5021486892995273,0.5003117420563489,0.45659656718069014,0.26774006165722775,0.5030081650193382,0.24999104741441747,0.4935539321014181,0.4935213795398591,0.5030081650193382
USDCHF,direction,72,cot_exploratory,logistic,0,4654,0.49613235926085086,0.4956164043545637,0.4801804631918139,0.2620641672616172,0.5030081650193382,0.24999104741441747,0.4935539321014181,0.4935213795398591,0.5030081650193382
USDCHF,direction,72,cot_exploratory,hist_boost,0,4654,0.45767082079931243,0.4571728652179156,0.4348493268273801,0.27682442471302576,0.5030081650193382,0.24999104741441747,0.4935539321014181,0.4935213795398591,0.5030081650193382
USDCHF,direction,72,cot_exploratory,extra_trees,0,4654,0.4864632574129781,0.4854466508320909,0.45710037780256196,0.2585552856041269,0.5030081650193382,0.24999104741441747,0.4935539321014181,0.4935213795398591,0.5030081650193382
USDCHF,direction,72,cot_exploratory,catboost,0,4654,0.46089385474860334,0.4602861304518616,0.4421642766134544,0.2704465742924993,0.5030081650193382,0.24999104741441747,0.4935539321014181,0.4935213795398591,0.5030081650193382
USDCHF,direction,72,cot_exploratory,xgboost,0,4654,0.4752900730554362,0.4744592207962978,0.44964673235042246,0.27019205742913516,0.5030081650193382,0.24999104741441747,0.4935539321014181,0.4935213795398591,0.5030081650193382
USDCHF,high_volatility,72,price,logistic,0,4654,0.5906746884400516,0.5022563203608279,0.5131389223855203,0.2420233528707049,0.5906746884400516,0.2417995348388862,0.5698324022346368,0.5581857015053912,0.40932531155994845
USDCHF,high_volatility,72,price,hist_boost,0,4654,0.5893854748603352,0.5101902958747109,0.5202023355665482,0.24330330306319417,0.5906746884400516,0.2417995348388862,0.5698324022346368,0.5581857015053912,0.40932531155994845
USDCHF,high_volatility,72,price,extra_trees,0,4654,0.5906746884400516,0.5,0.5488753247422828,0.24059479864530056,0.5906746884400516,0.2417995348388862,0.5698324022346368,0.5581857015053912,0.40932531155994845
USDCHF,high_volatility,72,price,catboost,0,4654,0.5906746884400516,0.5033038976712123,0.5301384707777298,0.24166576711293716,0.5906746884400516,0.2417995348388862,0.5698324022346368,0.5581857015053912,0.40932531155994845
USDCHF,high_volatility,72,price,xgboost,0,4654,0.5928233777395788,0.5093130501284647,0.5242310016813558,0.24224436611820238,0.5906746884400516,0.2417995348388862,0.5698324022346368,0.5581857015053912,0.40932531155994845
USDCHF,high_volatility,72,context,logistic,0,4654,0.6024924795874517,0.5962273086180706,0.6390425914839947,0.23323312217683662,0.5906746884400516,0.2417995348388862,0.5698324022346368,0.5581857015053912,0.40932531155994845
USDCHF,high_volatility,72,context,hist_boost,0,4654,0.6263429308122046,0.6040872891979808,0.6485344706593378,0.23191359434754952,0.5906746884400516,0.2417995348388862,0.5698324022346368,0.5581857015053912,0.40932531155994845
USDCHF,high_volatility,72,context,extra_trees,0,4654,0.6319295229909755,0.5998715829855572,0.6425827000799145,0.23145381953380695,0.5906746884400516,0.2417995348388862,0.5698324022346368,0.5581857015053912,0.40932531155994845
USDCHF,high_volatility,72,context,catboost,0,4654,0.6218306832831972,0.6009929642752458,0.6499336909914271,0.23074598323813125,0.5906746884400516,0.2417995348388862,0.5698324022346368,0.5581857015053912,0.40932531155994845
USDCHF,high_volatility,72,context,xgboost,0,4654,0.6256983240223464,0.6012047330024088,0.6503527410110477,0.231870791362312,0.5906746884400516,0.2417995348388862,0.5698324022346368,0.5581857015053912,0.40932531155994845
USDCHF,high_volatility,72,fomc,logistic,0,4654,0.5938977223893425,0.6084529903023672,0.6500835904060556,0.2371264346024565,0.5906746884400516,0.2417995348388862,0.5698324022346368,0.5581857015053912,0.40932531155994845
USDCHF,high_volatility,72,fomc,hist_boost,0,4654,0.6102277610657499,0.5923799539608294,0.63083602818109,0.23593676785819104,0.5906746884400516,0.2417995348388862,0.5698324022346368,0.5581857015053912,0.40932531155994845
USDCHF,high_volatility,72,fomc,extra_trees,0,4654,0.6186076493339063,0.5931073957697812,0.6428425893834933,0.23077234595129262,0.5906746884400516,0.2417995348388862,0.5698324022346368,0.5581857015053912,0.40932531155994845
USDCHF,high_volatility,72,fomc,catboost,0,4654,0.6110872367855608,0.5953638116079434,0.6326183035778221,0.23452835776714673,0.5906746884400516,0.2417995348388862,0.5698324022346368,0.5581857015053912,0.40932531155994845
USDCHF,high_volatility,72,fomc,xgboost,0,4654,0.6218306832831972,0.609212417018262,0.6389410036004503,0.2339551671612827,0.5906746884400516,0.2417995348388862,0.5698324022346368,0.5581857015053912,0.40932531155994845
USDCHF,high_volatility,72,cot_exploratory,logistic,0,4654,0.5969058874086807,0.6046333240720319,0.6392163602321627,0.23922171708079723,0.5906746884400516,0.2417995348388862,0.5698324022346368,0.5581857015053912,0.40932531155994845
USDCHF,high_volatility,72,cot_exploratory,hist_boost,0,4654,0.5990545767082079,0.593478325212986,0.6284930144008464,0.24139761247567285,0.5906746884400516,0.2417995348388862,0.5698324022346368,0.5581857015053912,0.40932531155994845
USDCHF,high_volatility,72,cot_exploratory,extra_trees,0,4654,0.6121615814353244,0.5814459851303599,0.634054091728894,0.23239061674200942,0.5906746884400516,0.2417995348388862,0.5698324022346368,0.5581857015053912,0.40932531155994845
USDCHF,high_volatility,72,cot_exploratory,catboost,0,4654,0.6076493339063171,0.5924536624627996,0.6242191624919202,0.2394705842609225,0.5906746884400516,0.2417995348388862,0.5698324022346368,0.5581857015053912,0.40932531155994845
USDCHF,high_volatility,72,cot_exploratory,xgboost,0,4654,0.6134507950150409,0.5965587104449339,0.6325900422869113,0.23766843176793695,0.5906746884400516,0.2417995348388862,0.5698324022346368,0.5581857015053912,0.40932531155994845
USDCHF,direction,72,price,logistic,1,6220,0.4797427652733119,0.48125453028964066,0.47023941029281807,0.2518880229244943,0.509967845659164,0.24993919235266968,0.4922829581993569,0.49207468234188256,0.509967845659164
USDCHF,direction,72,price,hist_boost,1,6220,0.4995176848874598,0.49918723707771084,0.49993158021467365,0.2521744885672668,0.509967845659164,0.24993919235266968,0.4922829581993569,0.49207468234188256,0.509967845659164
USDCHF,direction,72,price,extra_trees,1,6220,0.4792604501607717,0.48121770875740155,0.4852048807975296,0.25132375084129793,0.509967845659164,0.24993919235266968,0.4922829581993569,0.49207468234188256,0.509967845659164
USDCHF,direction,72,price,catboost,1,6220,0.4906752411575563,0.49222341650862367,0.49447945937716176,0.25136152006307416,0.509967845659164,0.24993919235266968,0.4922829581993569,0.49207468234188256,0.509967845659164
USDCHF,direction,72,price,xgboost,1,6220,0.4959807073954984,0.4957771080947795,0.4984992122674451,0.2518998432892942,0.509967845659164,0.24993919235266968,0.4922829581993569,0.49207468234188256,0.509967845659164
USDCHF,direction,72,context,logistic,1,6220,0.48938906752411576,0.4919691824461413,0.4830025187582952,0.25263799784071356,0.509967845659164,0.24993919235266968,0.4922829581993569,0.49207468234188256,0.509967845659164
USDCHF,direction,72,context,hist_boost,1,6220,0.48279742765273315,0.48263988872450214,0.4799157676420649,0.25880971535648,0.509967845659164,0.24993919235266968,0.4922829581993569,0.49207468234188256,0.509967845659164
USDCHF,direction,72,context,extra_trees,1,6220,0.4995176848874598,0.5005723886500316,0.49930302838485036,0.2522604436659564,0.509967845659164,0.24993919235266968,0.4922829581993569,0.49207468234188256,0.509967845659164
USDCHF,direction,72,context,catboost,1,6220,0.4762057877813505,0.47652337712199594,0.47782536995296776,0.2571326955592757,0.509967845659164,0.24993919235266968,0.4922829581993569,0.49207468234188256,0.509967845659164
USDCHF,direction,72,context,xgboost,1,6220,0.49983922829581995,0.5002078968533725,0.4968917351795401,0.25533324964041315,0.509967845659164,0.24993919235266968,0.4922829581993569,0.49207468234188256,0.509967845659164
USDCHF,direction,72,fomc,logistic,1,6220,0.5127009646302251,0.5146202169243346,0.5093117104056822,0.2522642094085197,0.509967845659164,0.24993919235266968,0.4922829581993569,0.49207468234188256,0.509967845659164
USDCHF,direction,72,fomc,hist_boost,1,6220,0.5091639871382637,0.5098185236303218,0.5089301524494181,0.2560418623505959,0.509967845659164,0.24993919235266968,0.4922829581993569,0.49207468234188256,0.509967845659164
USDCHF,direction,72,fomc,extra_trees,1,6220,0.5257234726688103,0.5257529382755277,0.5250058024942659,0.25090081232161926,0.509967845659164,0.24993919235266968,0.4922829581993569,0.49207468234188256,0.509967845659164
USDCHF,direction,72,fomc,catboost,1,6220,0.5160771704180064,0.5170711243061831,0.5189209925761171,0.25257211234241,0.509967845659164,0.24993919235266968,0.4922829581993569,0.49207468234188256,0.509967845659164
USDCHF,direction,72,fomc,xgboost,1,6220,0.507717041800643,0.5078740157480315,0.498907248628915,0.25508117735047237,0.509967845659164,0.24993919235266968,0.4922829581993569,0.49207468234188256,0.509967845659164
USDCHF,direction,72,cot_exploratory,logistic,1,6220,0.487459807073955,0.4902892517533669,0.5051913188893633,0.2524896053264105,0.509967845659164,0.24993919235266968,0.4922829581993569,0.49207468234188256,0.509967845659164
USDCHF,direction,72,cot_exploratory,hist_boost,1,6220,0.5016077170418006,0.5021855027421699,0.4974720880373875,0.2549683148158348,0.509967845659164,0.24993919235266968,0.4922829581993569,0.49207468234188256,0.509967845659164
USDCHF,direction,72,cot_exploratory,extra_trees,1,6220,0.5133440514469454,0.5128331314354937,0.502896541010085,0.2519669760177328,0.509967845659164,0.24993919235266968,0.4922829581993569,0.49207468234188256,0.509967845659164
USDCHF,direction,72,cot_exploratory,catboost,1,6220,0.4864951768488746,0.4868168571456941,0.48328576529210643,0.26037889024213584,0.509967845659164,0.24993919235266968,0.4922829581993569,0.49207468234188256,0.509967845659164
USDCHF,direction,72,cot_exploratory,xgboost,1,6220,0.48617363344051445,0.4876174151780838,0.475685635547921,0.26506064918625655,0.509967845659164,0.24993919235266968,0.4922829581993569,0.49207468234188256,0.509967845659164
USDCHF,high_volatility,72,price,logistic,1,6220,0.5879421221864952,0.5032274382150522,0.5339729777222739,0.24200003151963217,0.5871382636655949,0.24240694661425016,0.6130225080385852,0.6024902498694864,0.41286173633440515
USDCHF,high_volatility,72,price,hist_boost,1,6220,0.5630225080385852,0.4965121744411802,0.4976846638892017,0.24562082786842965,0.5871382636655949,0.24240694661425016,0.6130225080385852,0.6024902498694864,0.41286173633440515
USDCHF,high_volatility,72,price,extra_trees,1,6220,0.5881028938906753,0.5012838098357747,0.5072120469985294,0.24312816846991794,0.5871382636655949,0.24240694661425016,0.6130225080385852,0.6024902498694864,0.41286173633440515
USDCHF,high_volatility,72,price,catboost,1,6220,0.5845659163987138,0.5039932457101132,0.5021533670791918,0.24423973269142796,0.5871382636655949,0.24240694661425016,0.6130225080385852,0.6024902498694864,0.41286173633440515
USDCHF,high_volatility,72,price,xgboost,1,6220,0.5710610932475885,0.5033577385156599,0.5029421530642536,0.24511384840500483,0.5871382636655949,0.24240694661425016,0.6130225080385852,0.6024902498694864,0.41286173633440515
USDCHF,high_volatility,72,context,logistic,1,6220,0.6401929260450161,0.627073075650094,0.688068650984567,0.21865302122059158,0.5871382636655949,0.24240694661425016,0.6130225080385852,0.6024902498694864,0.41286173633440515
USDCHF,high_volatility,72,context,hist_boost,1,6220,0.6299035369774919,0.610855486517011,0.6608929878392072,0.2247455840861772,0.5871382636655949,0.24240694661425016,0.6130225080385852,0.6024902498694864,0.41286173633440515
USDCHF,high_volatility,72,context,extra_trees,1,6220,0.610128617363344,0.5796249995734851,0.6425890477799047,0.2288857564709794,0.5871382636655949,0.24240694661425016,0.6130225080385852,0.6024902498694864,0.41286173633440515
USDCHF,high_volatility,72,context,catboost,1,6220,0.6262057877813505,0.6090357607149072,0.6621522197541228,0.22511880360469141,0.5871382636655949,0.24240694661425016,0.6130225080385852,0.6024902498694864,0.41286173633440515
USDCHF,high_volatility,72,context,xgboost,1,6220,0.6319935691318328,0.6154671788257533,0.6645402233402599,0.22476136726773938,0.5871382636655949,0.24240694661425016,0.6130225080385852,0.6024902498694864,0.41286173633440515
USDCHF,high_volatility,72,fomc,logistic,1,6220,0.6463022508038585,0.6327380464935357,0.7007081000296854,0.21504055120256393,0.5871382636655949,0.24240694661425016,0.6130225080385852,0.6024902498694864,0.41286173633440515
USDCHF,high_volatility,72,fomc,hist_boost,1,6220,0.6244372990353698,0.6064316740197835,0.657469672658348,0.22541208585370037,0.5871382636655949,0.24240694661425016,0.6130225080385852,0.6024902498694864,0.41286173633440515
USDCHF,high_volatility,72,fomc,extra_trees,1,6220,0.6290996784565916,0.5946246754221645,0.6645049825470104,0.22488704727535228,0.5871382636655949,0.24240694661425016,0.6130225080385852,0.6024902498694864,0.41286173633440515
USDCHF,high_volatility,72,fomc,catboost,1,6220,0.6247588424437299,0.5998859499169149,0.6541756448052192,0.2256442927181478,0.5871382636655949,0.24240694661425016,0.6130225080385852,0.6024902498694864,0.41286173633440515
USDCHF,high_volatility,72,fomc,xgboost,1,6220,0.6344051446945338,0.6119727422860516,0.6680227707772466,0.2231126210814665,0.5871382636655949,0.24240694661425016,0.6130225080385852,0.6024902498694864,0.41286173633440515
USDCHF,high_volatility,72,cot_exploratory,logistic,1,6220,0.6520900321543408,0.6459890112702296,0.7043385948210856,0.21598139054805832,0.5871382636655949,0.24240694661425016,0.6130225080385852,0.6024902498694864,0.41286173633440515
USDCHF,high_volatility,72,cot_exploratory,hist_boost,1,6220,0.6146302250803859,0.5974443653970171,0.6423266878047449,0.22805486769164374,0.5871382636655949,0.24240694661425016,0.6130225080385852,0.6024902498694864,0.41286173633440515
USDCHF,high_volatility,72,cot_exploratory,extra_trees,1,6220,0.6360128617363344,0.5979111859502582,0.6607299525203619,0.2262614359426498,0.5871382636655949,0.24240694661425016,0.6130225080385852,0.6024902498694864,0.41286173633440515
USDCHF,high_volatility,72,cot_exploratory,catboost,1,6220,0.612379421221865,0.5940249954789422,0.6330587323806698,0.23132277664974785,0.5871382636655949,0.24240694661425016,0.6130225080385852,0.6024902498694864,0.41286173633440515
USDCHF,high_volatility,72,cot_exploratory,xgboost,1,6220,0.6379421221864952,0.6167763662978166,0.6605893092335356,0.22470632593292178,0.5871382636655949,0.24240694661425016,0.6130225080385852,0.6024902498694864,0.41286173633440515
NZDUSD,direction,4,price,logistic,0,3752,0.4946695095948827,0.49387961615426595,0.5039689262324905,0.2505724531403005,0.509594882729211,0.24994208521979666,0.4973347547974414,0.4971188830271057,0.4904051172707889
NZDUSD,direction,4,price,hist_boost,0,3752,0.5050639658848614,0.5047639621611788,0.49758845734036744,0.25162284121817596,0.509594882729211,0.24994208521979666,0.4973347547974414,0.4971188830271057,0.4904051172707889
NZDUSD,direction,4,price,extra_trees,0,3752,0.4994669509594883,0.4981569492450427,0.501623186510824,0.25097120965996583,0.509594882729211,0.24994208521979666,0.4973347547974414,0.4971188830271057,0.4904051172707889
NZDUSD,direction,4,price,catboost,0,3752,0.49600213219616207,0.4951973803893033,0.5025056280698563,0.25081715997072074,0.509594882729211,0.24994208521979666,0.4973347547974414,0.4971188830271057,0.4904051172707889
NZDUSD,direction,4,price,xgboost,0,3752,0.4989339019189765,0.4988618792068401,0.49865196357103875,0.2512427225198091,0.509594882729211,0.24994208521979666,0.4973347547974414,0.4971188830271057,0.4904051172707889
NZDUSD,direction,4,context,logistic,0,3752,0.5026652452025586,0.5023592414044025,0.5064583522830635,0.25164296507910966,0.509594882729211,0.24994208521979666,0.4973347547974414,0.4971188830271057,0.4904051172707889
NZDUSD,direction,4,context,hist_boost,0,3752,0.5023987206823027,0.5024763507367656,0.5029580055030016,0.25118513635086726,0.509594882729211,0.24994208521979666,0.4973347547974414,0.4971188830271057,0.4904051172707889
NZDUSD,direction,4,context,extra_trees,0,3752,0.5029317697228145,0.5020681735492087,0.5118956931053302,0.25014329225313664,0.509594882729211,0.24994208521979666,0.4973347547974414,0.4971188830271057,0.4904051172707889
NZDUSD,direction,4,context,catboost,0,3752,0.5071961620469083,0.506733218118974,0.5124818082590503,0.25038633288354534,0.509594882729211,0.24994208521979666,0.4973347547974414,0.4971188830271057,0.4904051172707889
NZDUSD,direction,4,context,xgboost,0,3752,0.5109275053304904,0.5107933873021648,0.5163535223758413,0.25023542753145206,0.509594882729211,0.24994208521979666,0.4973347547974414,0.4971188830271057,0.4904051172707889
NZDUSD,direction,4,fomc,logistic,0,3752,0.5069296375266524,0.5070652173913044,0.5095259346006913,0.25155572168396517,0.509594882729211,0.24994208521979666,0.4973347547974414,0.4971188830271057,0.4904051172707889
NZDUSD,direction,4,fomc,hist_boost,0,3752,0.49227078891257997,0.4937670547571403,0.4983658700200109,0.2520499158892937,0.509594882729211,0.24994208521979666,0.4973347547974414,0.4971188830271057,0.4904051172707889
NZDUSD,direction,4,fomc,extra_trees,0,3752,0.5050639658848614,0.504907222121157,0.5135946311624522,0.24993041614717,0.509594882729211,0.24994208521979666,0.4973347547974414,0.4971188830271057,0.4904051172707889
NZDUSD,direction,4,fomc,catboost,0,3752,0.4954690831556503,0.4961888302710569,0.5053583204475168,0.2505107360049401,0.509594882729211,0.24994208521979666,0.4973347547974414,0.4971188830271057,0.4904051172707889
NZDUSD,direction,4,fomc,xgboost,0,3752,0.5023987206823027,0.5038782517736947,0.5098651821448063,0.2509666765589749,0.509594882729211,0.24994208521979666,0.4973347547974414,0.4971188830271057,0.4904051172707889
NZDUSD,direction,4,cot_exploratory,logistic,0,3752,0.5135927505330491,0.5136131071493542,0.5138328292705112,0.2516749316851276,0.509594882729211,0.24994208521979666,0.4973347547974414,0.4971188830271057,0.4904051172707889
NZDUSD,direction,4,cot_exploratory,hist_boost,0,3752,0.4928038379530917,0.49470961433509186,0.4915237857012916,0.2526118484785592,0.509594882729211,0.24994208521979666,0.4973347547974414,0.4971188830271057,0.4904051172707889
NZDUSD,direction,4,cot_exploratory,extra_trees,0,3752,0.503731343283582,0.5037941149718028,0.5109571129707112,0.2502415031447404,0.509594882729211,0.24994208521979666,0.4973347547974414,0.4971188830271057,0.4904051172707889
NZDUSD,direction,4,cot_exploratory,catboost,0,3752,0.5183901918976546,0.518944424231399,0.5141995065490268,0.25031579952312316,0.509594882729211,0.24994208521979666,0.4973347547974414,0.4971188830271057,0.4904051172707889
NZDUSD,direction,4,cot_exploratory,xgboost,0,3752,0.5050639658848614,0.5067798344551573,0.5066817696016008,0.25134475619568064,0.509594882729211,0.24994208521979666,0.4973347547974414,0.4971188830271057,0.4904051172707889
NZDUSD,high_volatility,4,price,logistic,0,3752,0.7473347547974414,0.5054500248594976,0.5868030610592297,0.18603084594172775,0.7486673773987207,0.18971659671101074,0.6823027718550106,0.5782519224111863,0.2513326226012793
NZDUSD,high_volatility,4,price,hist_boost,0,3752,0.7470682302771855,0.5183042915760468,0.6230975500276154,0.18128389357011232,0.7486673773987207,0.18971659671101074,0.6823027718550106,0.5782519224111863,0.2513326226012793
NZDUSD,high_volatility,4,price,extra_trees,0,3752,0.7494669509594882,0.5255418596565274,0.6168281244160283,0.1833867392829032,0.7486673773987207,0.18971659671101074,0.6823027718550106,0.5782519224111863,0.2513326226012793
NZDUSD,high_volatility,4,price,catboost,0,3752,0.747867803837953,0.520951629873226,0.6179806839627361,0.18189328387719333,0.7486673773987207,0.18971659671101074,0.6823027718550106,0.5782519224111863,0.2513326226012793
NZDUSD,high_volatility,4,price,xgboost,0,3752,0.747867803837953,0.5156682787902994,0.6197153747970374,0.181700510532504,0.7486673773987207,0.18971659671101074,0.6823027718550106,0.5782519224111863,0.2513326226012793
NZDUSD,high_volatility,4,context,logistic,0,3752,0.7561300639658849,0.5493641291606626,0.703260652492915,0.1696209844245016,0.7486673773987207,0.18971659671101074,0.6823027718550106,0.5782519224111863,0.2513326226012793
NZDUSD,high_volatility,4,context,hist_boost,0,3752,0.7633262260127932,0.5679068227523484,0.7270580058719002,0.16567832216345776,0.7486673773987207,0.18971659671101074,0.6823027718550106,0.5782519224111863,0.2513326226012793
NZDUSD,high_volatility,4,context,extra_trees,0,3752,0.7569296375266524,0.5527159142688987,0.7089743730102491,0.16925224944538184,0.7486673773987207,0.18971659671101074,0.6823027718550106,0.5782519224111863,0.2513326226012793
NZDUSD,high_volatility,4,context,catboost,0,3752,0.7625266524520256,0.5589194631556574,0.7252687638242024,0.16607307118756784,0.7486673773987207,0.18971659671101074,0.6823027718550106,0.5782519224111863,0.2513326226012793
NZDUSD,high_volatility,4,context,xgboost,0,3752,0.761727078891258,0.5622599227524617,0.7236048574363496,0.16644957686487263,0.7486673773987207,0.18971659671101074,0.6823027718550106,0.5782519224111863,0.2513326226012793
NZDUSD,high_volatility,4,fomc,logistic,0,3752,0.7561300639658849,0.5535908100270037,0.7040338074066581,0.1695050384035956,0.7486673773987207,0.18971659671101074,0.6823027718550106,0.5782519224111863,0.2513326226012793
NZDUSD,high_volatility,4,fomc,hist_boost,0,3752,0.7598614072494669,0.5662972788193683,0.7267803420832977,0.16581056387690085,0.7486673773987207,0.18971659671101074,0.6823027718550106,0.5782519224111863,0.2513326226012793
NZDUSD,high_volatility,4,fomc,extra_trees,0,3752,0.7566631130063965,0.5550034788195948,0.7133097787863356,0.16867389714174313,0.7486673773987207,0.18971659671101074,0.6823027718550106,0.5782519224111863,0.2513326226012793
NZDUSD,high_volatility,4,fomc,catboost,0,3752,0.7633262260127932,0.559453461019666,0.7193677948511961,0.16714789404061633,0.7486673773987207,0.18971659671101074,0.6823027718550106,0.5782519224111863,0.2513326226012793
NZDUSD,high_volatility,4,fomc,xgboost,0,3752,0.7622601279317697,0.5643770383561095,0.7239727477993587,0.16636351116076245,0.7486673773987207,0.18971659671101074,0.6823027718550106,0.5782519224111863,0.2513326226012793
NZDUSD,high_volatility,4,cot_exploratory,logistic,0,3752,0.7555970149253731,0.5370325347966901,0.7034648892157348,0.16952059085397528,0.7486673773987207,0.18971659671101074,0.6823027718550106,0.5782519224111863,0.2513326226012793
NZDUSD,high_volatility,4,cot_exploratory,hist_boost,0,3752,0.7630597014925373,0.5603321319482485,0.7258235251258359,0.16594646444988687,0.7486673773987207,0.18971659671101074,0.6823027718550106,0.5782519224111863,0.2513326226012793
NZDUSD,high_volatility,4,cot_exploratory,extra_trees,0,3752,0.7579957356076759,0.5527234646098531,0.7106139295485235,0.16909909740584322,0.7486673773987207,0.18971659671101074,0.6823027718550106,0.5782519224111863,0.2513326226012793
NZDUSD,high_volatility,4,cot_exploratory,catboost,0,3752,0.7635927505330491,0.5617448007408394,0.7208487942294254,0.16676499840587516,0.7486673773987207,0.18971659671101074,0.6823027718550106,0.5782519224111863,0.2513326226012793
NZDUSD,high_volatility,4,cot_exploratory,xgboost,0,3752,0.7587953091684435,0.5522007922572764,0.7235353942995681,0.16657525482662355,0.7486673773987207,0.18971659671101074,0.6823027718550106,0.5782519224111863,0.2513326226012793
NZDUSD,direction,4,price,logistic,1,6237,0.5181978515311849,0.5190052468551778,0.5272660614237878,0.24952349967279963,0.4946288279621613,0.2500839850303376,0.49671316337983007,0.4966809167496236,0.5053711720378387
NZDUSD,direction,4,price,hist_boost,1,6237,0.5154721821388488,0.5159399192918082,0.5162625772322273,0.25013411807148256,0.4946288279621613,0.2500839850303376,0.49671316337983007,0.4966809167496236,0.5053711720378387
NZDUSD,direction,4,price,extra_trees,1,6237,0.5196408529741863,0.5205500456605978,0.5230073879669928,0.24974527265382093,0.4946288279621613,0.2500839850303376,0.49671316337983007,0.4966809167496236,0.5053711720378387
NZDUSD,direction,4,price,catboost,1,6237,0.5234888568221902,0.5244053838369711,0.5248074850471827,0.24961709640343657,0.4946288279621613,0.2500839850303376,0.49671316337983007,0.4966809167496236,0.5053711720378387
NZDUSD,direction,4,price,xgboost,1,6237,0.512425845759179,0.5129087343375922,0.5185379456021851,0.2500144708246158,0.4946288279621613,0.2500839850303376,0.49671316337983007,0.4966809167496236,0.5053711720378387
NZDUSD,direction,4,context,logistic,1,6237,0.5193201859868527,0.5200605311438186,0.5272354153468972,0.2496028041343018,0.4946288279621613,0.2500839850303376,0.49671316337983007,0.4966809167496236,0.5053711720378387
NZDUSD,direction,4,context,hist_boost,1,6237,0.5191598524931859,0.5200293708710068,0.5168399164123111,0.2504082582539448,0.4946288279621613,0.2500839850303376,0.49671316337983007,0.4966809167496236,0.5053711720378387
NZDUSD,direction,4,context,extra_trees,1,6237,0.5239698573031907,0.5246125533735366,0.5315852043208912,0.2493675387474167,0.4946288279621613,0.2500839850303376,0.49671316337983007,0.4966809167496236,0.5053711720378387
NZDUSD,direction,4,context,catboost,1,6237,0.5186788520121853,0.5195259216447687,0.5222753786538763,0.24980870214350423,0.4946288279621613,0.2500839850303376,0.49671316337983007,0.4966809167496236,0.5053711720378387
NZDUSD,direction,4,context,xgboost,1,6237,0.5252525252525253,0.5258057964277781,0.5301350689845248,0.24976143989957716,0.4946288279621613,0.2500839850303376,0.49671316337983007,0.4966809167496236,0.5053711720378387
NZDUSD,direction,4,fomc,logistic,1,6237,0.5223665223665224,0.5231778439147998,0.5235117113262964,0.2498425416421371,0.4946288279621613,0.2500839850303376,0.49671316337983007,0.4966809167496236,0.5053711720378387
NZDUSD,direction,4,fomc,hist_boost,1,6237,0.5116241782908449,0.5121293675801528,0.512162790315017,0.2505823145703069,0.4946288279621613,0.2500839850303376,0.49671316337983007,0.4966809167496236,0.5053711720378387
NZDUSD,direction,4,fomc,extra_trees,1,6237,0.5181978515311849,0.5186710709261285,0.5288705583756345,0.24943325595334595,0.4946288279621613,0.2500839850303376,0.49671316337983007,0.4966809167496236,0.5053711720378387
NZDUSD,direction,4,fomc,catboost,1,6237,0.5181978515311849,0.518781314531588,0.5251900468123967,0.24975213937960988,0.4946288279621613,0.2500839850303376,0.49671316337983007,0.4966809167496236,0.5053711720378387
NZDUSD,direction,4,fomc,xgboost,1,6237,0.5260541927208594,0.5263612308616278,0.5235235892520712,0.25001107221310687,0.4946288279621613,0.2500839850303376,0.49671316337983007,0.4966809167496236,0.5053711720378387
NZDUSD,direction,4,cot_exploratory,logistic,1,6237,0.5156325156325157,0.5161123291841151,0.5139258652888958,0.2504951380848797,0.4946288279621613,0.2500839850303376,0.49671316337983007,0.4966809167496236,0.5053711720378387
NZDUSD,direction,4,cot_exploratory,hist_boost,1,6237,0.5098605098605099,0.5097092016388453,0.515108567326757,0.25029140584334403,0.4946288279621613,0.2500839850303376,0.49671316337983007,0.4966809167496236,0.5053711720378387
NZDUSD,direction,4,cot_exploratory,extra_trees,1,6237,0.5127465127465127,0.5128504759397445,0.5216007536055418,0.24966653376171305,0.4946288279621613,0.2500839850303376,0.49671316337983007,0.4966809167496236,0.5053711720378387
NZDUSD,direction,4,cot_exploratory,catboost,1,6237,0.5105018438351772,0.5102472562505656,0.5164068606076562,0.24993855604146126,0.4946288279621613,0.2500839850303376,0.49671316337983007,0.4966809167496236,0.5053711720378387
NZDUSD,direction,4,cot_exploratory,xgboost,1,6237,0.5111431778098445,0.5107198537215444,0.5160144262807592,0.2505041448422468,0.4946288279621613,0.2500839850303376,0.49671316337983007,0.4966809167496236,0.5053711720378387
NZDUSD,high_volatility,4,price,logistic,1,6237,0.7053070386403719,0.5090383049343783,0.6366544772951808,0.19970442327691473,0.7008177008177008,0.2100069194782833,0.6270642937309604,0.5559491783392588,0.29918229918229916
NZDUSD,high_volatility,4,price,hist_boost,1,6237,0.70995670995671,0.521415813521007,0.6591078341294063,0.19626394722656412,0.7008177008177008,0.2100069194782833,0.6270642937309604,0.5559491783392588,0.29918229918229916
NZDUSD,high_volatility,4,price,extra_trees,1,6237,0.708032708032708,0.5152826911660529,0.6608113055378392,0.19581991853441266,0.7008177008177008,0.2100069194782833,0.6270642937309604,0.5559491783392588,0.29918229918229916
NZDUSD,high_volatility,4,price,catboost,1,6237,0.7088343755010421,0.5170831429893459,0.6622194219280687,0.19606090617577807,0.7008177008177008,0.2100069194782833,0.6270642937309604,0.5559491783392588,0.29918229918229916
NZDUSD,high_volatility,4,price,xgboost,1,6237,0.712682379349046,0.5284280124556692,0.6624653672026705,0.19598939030545032,0.7008177008177008,0.2100069194782833,0.6270642937309604,0.5559491783392588,0.29918229918229916
NZDUSD,high_volatility,4,context,logistic,1,6237,0.7144460477793811,0.5487280607864903,0.6806626202170939,0.19133135246539656,0.7008177008177008,0.2100069194782833,0.6270642937309604,0.5559491783392588,0.29918229918229916
NZDUSD,high_volatility,4,context,hist_boost,1,6237,0.7197370530703864,0.5637130061402947,0.6936093216937218,0.18867038608933964,0.7008177008177008,0.2100069194782833,0.6270642937309604,0.5559491783392588,0.29918229918229916
NZDUSD,high_volatility,4,context,extra_trees,1,6237,0.7198973865640532,0.5596812078438642,0.6989307388191144,0.1887582571009261,0.7008177008177008,0.2100069194782833,0.6270642937309604,0.5559491783392588,0.29918229918229916
NZDUSD,high_volatility,4,context,catboost,1,6237,0.7216610549943884,0.5615537513029828,0.6968041581670873,0.1881356072738856,0.7008177008177008,0.2100069194782833,0.6270642937309604,0.5559491783392588,0.29918229918229916
NZDUSD,high_volatility,4,context,xgboost,1,6237,0.7203783870450537,0.5607921914459596,0.6929186887267071,0.18883759826622695,0.7008177008177008,0.2100069194782833,0.6270642937309604,0.5559491783392588,0.29918229918229916
NZDUSD,high_volatility,4,fomc,logistic,1,6237,0.7176527176527177,0.5511694293211395,0.6798102714887634,0.1914959415345303,0.7008177008177008,0.2100069194782833,0.6270642937309604,0.5559491783392588,0.29918229918229916
NZDUSD,high_volatility,4,fomc,hist_boost,1,6237,0.721019721019721,0.564781691078513,0.6967386258892834,0.18814981556700394,0.7008177008177008,0.2100069194782833,0.6270642937309604,0.5559491783392588,0.29918229918229916
NZDUSD,high_volatility,4,fomc,extra_trees,1,6237,0.7190957190957191,0.5564986931551934,0.6992091743717668,0.1887187488557671,0.7008177008177008,0.2100069194782833,0.6270642937309604,0.5559491783392588,0.29918229918229916
NZDUSD,high_volatility,4,fomc,catboost,1,6237,0.7208593875260542,0.5594461743984946,0.6995085753491234,0.18773931319878737,0.7008177008177008,0.2100069194782833,0.6270642937309604,0.5559491783392588,0.29918229918229916
NZDUSD,high_volatility,4,fomc,xgboost,1,6237,0.7202180535513869,0.5594493008214768,0.6931529865431398,0.1887356983676574,0.7008177008177008,0.2100069194782833,0.6270642937309604,0.5559491783392588,0.29918229918229916
NZDUSD,high_volatility,4,cot_exploratory,logistic,1,6237,0.7136443803110469,0.5363317936619681,0.6793379977112132,0.1925629028584643,0.7008177008177008,0.2100069194782833,0.6270642937309604,0.5559491783392588,0.29918229918229916
NZDUSD,high_volatility,4,cot_exploratory,hist_boost,1,6237,0.7200577200577201,0.5624061613337247,0.6958885453501753,0.18838113995894568,0.7008177008177008,0.2100069194782833,0.6270642937309604,0.5559491783392588,0.29918229918229916
NZDUSD,high_volatility,4,cot_exploratory,extra_trees,1,6237,0.7174923841590508,0.5553547901581676,0.7000070865587597,0.18877362320977328,0.7008177008177008,0.2100069194782833,0.6270642937309604,0.5559491783392588,0.29918229918229916
NZDUSD,high_volatility,4,cot_exploratory,catboost,1,6237,0.7200577200577201,0.5561100971692263,0.6972821943713108,0.18824561574446472,0.7008177008177008,0.2100069194782833,0.6270642937309604,0.5559491783392588,0.29918229918229916
NZDUSD,high_volatility,4,cot_exploratory,xgboost,1,6237,0.7205387205387206,0.5595245188802844,0.6936465935598629,0.1888106286537366,0.7008177008177008,0.2100069194782833,0.6270642937309604,0.5559491783392588,0.29918229918229916
NZDUSD,direction,24,price,logistic,0,3712,0.47979525862068967,0.4815551155897424,0.48028210847954256,0.2510571629952528,0.4938038793103448,0.2500935076768195,0.4932650862068966,0.4931839172268101,0.4938038793103448
NZDUSD,direction,24,price,hist_boost,0,3712,0.4832974137931034,0.4830043606554426,0.4815247747885072,0.25304427748928704,0.4938038793103448,0.2500935076768195,0.4932650862068966,0.4931839172268101,0.4938038793103448
NZDUSD,direction,24,price,extra_trees,0,3712,0.5037715517241379,0.5054382619859956,0.49658252247904955,0.25064972685446624,0.4938038793103448,0.2500935076768195,0.4932650862068966,0.4931839172268101,0.4938038793103448
NZDUSD,direction,24,price,catboost,0,3712,0.4894935344827586,0.48936504106750844,0.4883379541357416,0.2521625226975606,0.4938038793103448,0.2500935076768195,0.4932650862068966,0.4931839172268101,0.4938038793103448
NZDUSD,direction,24,price,xgboost,0,3712,0.4849137931034483,0.48455420943050176,0.47900213314704954,0.25290347321787,0.4938038793103448,0.2500935076768195,0.4932650862068966,0.4931839172268101,0.4938038793103448
NZDUSD,direction,24,context,logistic,0,3712,0.5145474137931034,0.5154678566067603,0.5139438483227053,0.25447948200471376,0.4938038793103448,0.2500935076768195,0.4932650862068966,0.4931839172268101,0.4938038793103448
NZDUSD,direction,24,context,hist_boost,0,3712,0.5067349137931034,0.5077109186526826,0.5116100745396546,0.25395397915229834,0.4938038793103448,0.2500935076768195,0.4932650862068966,0.4931839172268101,0.4938038793103448
NZDUSD,direction,24,context,extra_trees,0,3712,0.5132004310344828,0.5136899437228948,0.5204643623336227,0.25066189087188584,0.4938038793103448,0.2500935076768195,0.4932650862068966,0.4931839172268101,0.4938038793103448
NZDUSD,direction,24,context,catboost,0,3712,0.525323275862069,0.5256643982199676,0.5260522959276257,0.25170830451480075,0.4938038793103448,0.2500935076768195,0.4932650862068966,0.4931839172268101,0.4938038793103448
NZDUSD,direction,24,context,xgboost,0,3712,0.5070043103448276,0.507349296949922,0.5138250982011243,0.2520431042032733,0.4938038793103448,0.2500935076768195,0.4932650862068966,0.4931839172268101,0.4938038793103448
NZDUSD,direction,24,fomc,logistic,0,3712,0.5150862068965517,0.5177229475464163,0.5254486736714721,0.2545366672799757,0.4938038793103448,0.2500935076768195,0.4932650862068966,0.4931839172268101,0.4938038793103448
NZDUSD,direction,24,fomc,hist_boost,0,3712,0.5013469827586207,0.5033371977932801,0.511689628410836,0.25567993837638725,0.4938038793103448,0.2500935076768195,0.4932650862068966,0.4931839172268101,0.4938038793103448
NZDUSD,direction,24,fomc,extra_trees,0,3712,0.5145474137931034,0.5177516914633761,0.5290367274673096,0.25156815180065345,0.4938038793103448,0.2500935076768195,0.4932650862068966,0.4931839172268101,0.4938038793103448
NZDUSD,direction,24,fomc,catboost,0,3712,0.5140086206896551,0.5166652294708187,0.5374177568305274,0.25223563978624985,0.4938038793103448,0.2500935076768195,0.4932650862068966,0.4931839172268101,0.4938038793103448
NZDUSD,direction,24,fomc,xgboost,0,3712,0.525323275862069,0.5263455419491337,0.5248409866189808,0.2524529233048555,0.4938038793103448,0.2500935076768195,0.4932650862068966,0.4931839172268101,0.4938038793103448
NZDUSD,direction,24,cot_exploratory,logistic,0,3712,0.5282866379310345,0.5296933372471515,0.5329101880345752,0.25392498522232776,0.4938038793103448,0.2500935076768195,0.4932650862068966,0.4931839172268101,0.4938038793103448
NZDUSD,direction,24,cot_exploratory,hist_boost,0,3712,0.4970366379310345,0.49915307064877346,0.4975336848220795,0.25603929569040906,0.4938038793103448,0.2500935076768195,0.4932650862068966,0.4931839172268101,0.4938038793103448
NZDUSD,direction,24,cot_exploratory,extra_trees,0,3712,0.5207435344827587,0.5236182087778116,0.5316766675173705,0.25052091980745267,0.4938038793103448,0.2500935076768195,0.4932650862068966,0.4931839172268101,0.4938038793103448
NZDUSD,direction,24,cot_exploratory,catboost,0,3712,0.5078125,0.5092160546680267,0.5152672298732336,0.25267022787119925,0.4938038793103448,0.2500935076768195,0.4932650862068966,0.4931839172268101,0.4938038793103448
NZDUSD,direction,24,cot_exploratory,xgboost,0,3712,0.5005387931034483,0.5029996745259504,0.5055433660055856,0.2551605326900048,0.4938038793103448,0.2500935076768195,0.4932650862068966,0.4931839172268101,0.4938038793103448
NZDUSD,high_volatility,24,price,logistic,0,3712,0.6775323275862069,0.5041685349826054,0.5566983636129365,0.21335368502719157,0.6969288793103449,0.21412065401270391,0.6382004310344828,0.5761675041876047,0.3030711206896552
NZDUSD,high_volatility,24,price,hist_boost,0,3712,0.6748383620689655,0.5002264313018082,0.5400718120517115,0.21669407827617101,0.6969288793103449,0.21412065401270391,0.6382004310344828,0.5761675041876047,0.3030711206896552
NZDUSD,high_volatility,24,price,extra_trees,0,3712,0.6821120689655172,0.4976585491560366,0.5506572177124942,0.21419621663370728,0.6969288793103449,0.21412065401270391,0.6382004310344828,0.5761675041876047,0.3030711206896552
NZDUSD,high_volatility,24,price,catboost,0,3712,0.6858836206896551,0.5011178971781987,0.5501830520121976,0.21408383879189072,0.6969288793103449,0.21412065401270391,0.6382004310344828,0.5761675041876047,0.3030711206896552
NZDUSD,high_volatility,24,price,xgboost,0,3712,0.6745689655172413,0.49802379418459825,0.5430253833268909,0.21654478678358033,0.6969288793103449,0.21412065401270391,0.6382004310344828,0.5761675041876047,0.3030711206896552
NZDUSD,high_volatility,24,context,logistic,0,3712,0.7192887931034483,0.6084724477086286,0.7338611003736633,0.18155881111932567,0.6969288793103449,0.21412065401270391,0.6382004310344828,0.5761675041876047,0.3030711206896552
NZDUSD,high_volatility,24,context,hist_boost,0,3712,0.6966594827586207,0.6025354121032513,0.7191172958811151,0.18716221680959919,0.6969288793103449,0.21412065401270391,0.6382004310344828,0.5761675041876047,0.3030711206896552
NZDUSD,high_volatility,24,context,extra_trees,0,3712,0.7082435344827587,0.5892455439591118,0.7173398617016707,0.18719331251115462,0.6969288793103449,0.21412065401270391,0.6382004310344828,0.5761675041876047,0.3030711206896552
NZDUSD,high_volatility,24,context,catboost,0,3712,0.7071659482758621,0.6032915002362238,0.7257659236352705,0.18555266431911827,0.6969288793103449,0.21412065401270391,0.6382004310344828,0.5761675041876047,0.3030711206896552
NZDUSD,high_volatility,24,context,xgboost,0,3712,0.7004310344827587,0.6017248636344114,0.7242817506335094,0.18583303885152175,0.6969288793103449,0.21412065401270391,0.6382004310344828,0.5761675041876047,0.3030711206896552
NZDUSD,high_volatility,24,fomc,logistic,0,3712,0.7160560344827587,0.6234839153030107,0.7369242795172444,0.18207214222125032,0.6969288793103449,0.21412065401270391,0.6382004310344828,0.5761675041876047,0.3030711206896552
NZDUSD,high_volatility,24,fomc,hist_boost,0,3712,0.6966594827586207,0.6296618133402053,0.7248734269638791,0.1898238322258063,0.6969288793103449,0.21412065401270391,0.6382004310344828,0.5761675041876047,0.3030711206896552
NZDUSD,high_volatility,24,fomc,extra_trees,0,3712,0.7190193965517241,0.6014975733367693,0.72337585362711,0.18594808373989424,0.6969288793103449,0.21412065401270391,0.6382004310344828,0.5761675041876047,0.3030711206896552
NZDUSD,high_volatility,24,fomc,catboost,0,3712,0.7033943965517241,0.6480568655242023,0.7356450629214449,0.18804953742366803,0.6969288793103449,0.21412065401270391,0.6382004310344828,0.5761675041876047,0.3030711206896552
NZDUSD,high_volatility,24,fomc,xgboost,0,3712,0.7093211206896551,0.6420109092470901,0.7335372589442941,0.18685080003856863,0.6969288793103449,0.21412065401270391,0.6382004310344828,0.5761675041876047,0.3030711206896552
NZDUSD,high_volatility,24,cot_exploratory,logistic,0,3712,0.7190193965517241,0.6050139586823003,0.7357756302881931,0.1806621441061406,0.6969288793103449,0.21412065401270391,0.6382004310344828,0.5761675041876047,0.3030711206896552
NZDUSD,high_volatility,24,cot_exploratory,hist_boost,0,3712,0.703125,0.6154626122063308,0.7289053816088992,0.18594096240439573,0.6969288793103449,0.21412065401270391,0.6382004310344828,0.5761675041876047,0.3030711206896552
NZDUSD,high_volatility,24,cot_exploratory,extra_trees,0,3712,0.7120150862068966,0.5854209509083881,0.7187341837392089,0.18754180826103298,0.6969288793103449,0.21412065401270391,0.6382004310344828,0.5761675041876047,0.3030711206896552
NZDUSD,high_volatility,24,cot_exploratory,catboost,0,3712,0.6993534482758621,0.6323480651118842,0.7304690976248764,0.18771241201288064,0.6969288793103449,0.21412065401270391,0.6382004310344828,0.5761675041876047,0.3030711206896552
NZDUSD,high_volatility,24,cot_exploratory,xgboost,0,3712,0.7120150862068966,0.6198312932182279,0.7291589571790578,0.18564472291117004,0.6969288793103449,0.21412065401270391,0.6382004310344828,0.5761675041876047,0.3030711206896552
NZDUSD,direction,24,price,logistic,1,6232,0.49117458279845955,0.49089124023426933,0.488727806796243,0.2502449625222196,0.5017650834403081,0.2499970901908694,0.4985558408215661,0.4985546898937981,0.5017650834403081
NZDUSD,direction,24,price,hist_boost,1,6232,0.5219833119383825,0.5217479363931721,0.5230090423288516,0.2504152068620951,0.5017650834403081,0.2499970901908694,0.4985558408215661,0.4985546898937981,0.5017650834403081
NZDUSD,direction,24,price,extra_trees,1,6232,0.5019255455712451,0.5011738703011072,0.5089918104586977,0.2503026347909329,0.5017650834403081,0.2499970901908694,0.4985558408215661,0.4985546898937981,0.5017650834403081
NZDUSD,direction,24,price,catboost,1,6232,0.5245507060333762,0.5243652114176718,0.522031220469785,0.24982825289356597,0.5017650834403081,0.2499970901908694,0.4985558408215661,0.4985546898937981,0.5017650834403081
NZDUSD,direction,24,price,xgboost,1,6232,0.5171694480102695,0.5170167163868586,0.5119059132268069,0.25056106750806184,0.5017650834403081,0.2499970901908694,0.4985558408215661,0.4985546898937981,0.5017650834403081
NZDUSD,direction,24,context,logistic,1,6232,0.49486521181001286,0.49475921883424556,0.4958289110428263,0.2513765031705726,0.5017650834403081,0.2499970901908694,0.4985558408215661,0.4985546898937981,0.5017650834403081
NZDUSD,direction,24,context,hist_boost,1,6232,0.4987163029525032,0.498882261246522,0.4977219861092444,0.2523193236319671,0.5017650834403081,0.2499970901908694,0.4985558408215661,0.4985546898937981,0.5017650834403081
NZDUSD,direction,24,context,extra_trees,1,6232,0.4969512195121951,0.4969625108207719,0.4963799271525805,0.2509783544324751,0.5017650834403081,0.2499970901908694,0.4985558408215661,0.4985546898937981,0.5017650834403081
NZDUSD,direction,24,context,catboost,1,6232,0.49358151476251605,0.49367150273422433,0.4963651990584319,0.2514603821341417,0.5017650834403081,0.2499970901908694,0.4985558408215661,0.4985546898937981,0.5017650834403081
NZDUSD,direction,24,context,xgboost,1,6232,0.4988767650834403,0.49903876012105874,0.5033861742333537,0.25148860130110046,0.5017650834403081,0.2499970901908694,0.4985558408215661,0.4985546898937981,0.5017650834403081
NZDUSD,direction,24,fomc,logistic,1,6232,0.49550706033376124,0.49550417201590014,0.4943156251174772,0.2523754987084374,0.5017650834403081,0.2499970901908694,0.4985558408215661,0.4985546898937981,0.5017650834403081
NZDUSD,direction,24,fomc,hist_boost,1,6232,0.49229781771501924,0.4922824271693169,0.4861962739981678,0.2556016795486858,0.5017650834403081,0.2499970901908694,0.4985558408215661,0.4985546898937981,0.5017650834403081
NZDUSD,direction,24,fomc,extra_trees,1,6232,0.4858793324775353,0.4860077440936995,0.4845971428527288,0.25200024363199935,0.5017650834403081,0.2499970901908694,0.4985558408215661,0.4985546898937981,0.5017650834403081
NZDUSD,direction,24,fomc,catboost,1,6232,0.4961489088575096,0.4960350013672409,0.4912795778495644,0.2533847604437786,0.5017650834403081,0.2499970901908694,0.4985558408215661,0.4985546898937981,0.5017650834403081
NZDUSD,direction,24,fomc,xgboost,1,6232,0.48892811296534017,0.48884640400192186,0.48311640292563807,0.254868887591564,0.5017650834403081,0.2499970901908694,0.4985558408215661,0.4985546898937981,0.5017650834403081
NZDUSD,direction,24,cot_exploratory,logistic,1,6232,0.4906931964056483,0.49098820877021965,0.49308783763254643,0.25444071821647574,0.5017650834403081,0.2499970901908694,0.4985558408215661,0.4985546898937981,0.5017650834403081
NZDUSD,direction,24,cot_exploratory,hist_boost,1,6232,0.5001604621309371,0.4998794974115117,0.5021856800697473,0.2534445849389636,0.5017650834403081,0.2499970901908694,0.4985558408215661,0.4985546898937981,0.5017650834403081
NZDUSD,direction,24,cot_exploratory,extra_trees,1,6232,0.4961489088575096,0.49615735784170595,0.4979875552754128,0.25103372669085716,0.5017650834403081,0.2499970901908694,0.4985558408215661,0.4985546898937981,0.5017650834403081
NZDUSD,direction,24,cot_exploratory,catboost,1,6232,0.5011232349165597,0.5009861643459619,0.49753386817943757,0.2608550809809028,0.5017650834403081,0.2499970901908694,0.4985558408215661,0.4985546898937981,0.5017650834403081
NZDUSD,direction,24,cot_exploratory,xgboost,1,6232,0.49903722721437743,0.4986571170940131,0.4980276713080762,0.2569091280033766,0.5017650834403081,0.2499970901908694,0.4985558408215661,0.4985546898937981,0.5017650834403081
NZDUSD,high_volatility,24,price,logistic,1,6232,0.6447368421052632,0.5149264937155814,0.5688082972450914,0.22849995319378746,0.634788189987163,0.23229546255377154,0.6274069319640565,0.5989544923863731,0.365211810012837
NZDUSD,high_volatility,24,price,hist_boost,1,6232,0.6426508344030809,0.5153358738744822,0.5631186793747035,0.22917714382426718,0.634788189987163,0.23229546255377154,0.6274069319640565,0.5989544923863731,0.365211810012837
NZDUSD,high_volatility,24,price,extra_trees,1,6232,0.6426508344030809,0.511044379208197,0.5669163300701389,0.2283848708336014,0.634788189987163,0.23229546255377154,0.6274069319640565,0.5989544923863731,0.365211810012837
NZDUSD,high_volatility,24,price,catboost,1,6232,0.6428112965340179,0.5128500500230123,0.567916012872707,0.22833056228212645,0.634788189987163,0.23229546255377154,0.6274069319640565,0.5989544923863731,0.365211810012837
NZDUSD,high_volatility,24,price,xgboost,1,6232,0.6432926829268293,0.5159347284096947,0.5623383470370916,0.2290337897655839,0.634788189987163,0.23229546255377154,0.6274069319640565,0.5989544923863731,0.365211810012837
NZDUSD,high_volatility,24,context,logistic,1,6232,0.6702503209242618,0.59584982256491,0.6846925361756118,0.20835299322347056,0.634788189987163,0.23229546255377154,0.6274069319640565,0.5989544923863731,0.365211810012837
NZDUSD,high_volatility,24,context,hist_boost,1,6232,0.6556482670089859,0.5909721346054402,0.6713500860075948,0.21275374878459807,0.634788189987163,0.23229546255377154,0.6274069319640565,0.5989544923863731,0.365211810012837
NZDUSD,high_volatility,24,context,extra_trees,1,6232,0.65099486521181,0.564636529060438,0.6565616997872912,0.21543972431276337,0.634788189987163,0.23229546255377154,0.6274069319640565,0.5989544923863731,0.365211810012837
NZDUSD,high_volatility,24,context,catboost,1,6232,0.6537227214377407,0.5862834767681757,0.6673144261747412,0.21333894376494422,0.634788189987163,0.23229546255377154,0.6274069319640565,0.5989544923863731,0.365211810012837
NZDUSD,high_volatility,24,context,xgboost,1,6232,0.6538831835686778,0.5817451989458738,0.6667994801338449,0.2136188201799287,0.634788189987163,0.23229546255377154,0.6274069319640565,0.5989544923863731,0.365211810012837
NZDUSD,high_volatility,24,fomc,logistic,1,6232,0.6662387676508345,0.5888650373795405,0.682846327173602,0.20858751206444986,0.634788189987163,0.23229546255377154,0.6274069319640565,0.5989544923863731,0.365211810012837
NZDUSD,high_volatility,24,fomc,hist_boost,1,6232,0.6614249037227214,0.5881520095390241,0.6725702299103851,0.2119348041069681,0.634788189987163,0.23229546255377154,0.6274069319640565,0.5989544923863731,0.365211810012837
NZDUSD,high_volatility,24,fomc,extra_trees,1,6232,0.6583761232349166,0.5691443754764625,0.6609030619770019,0.21421397214039054,0.634788189987163,0.23229546255377154,0.6274069319640565,0.5989544923863731,0.365211810012837
NZDUSD,high_volatility,24,fomc,catboost,1,6232,0.663831835686778,0.5894881037635431,0.6729437920819703,0.2116895032758702,0.634788189987163,0.23229546255377154,0.6274069319640565,0.5989544923863731,0.365211810012837
NZDUSD,high_volatility,24,fomc,xgboost,1,6232,0.6662387676508345,0.5881186904810561,0.6741629919447845,0.21149050154304416,0.634788189987163,0.23229546255377154,0.6274069319640565,0.5989544923863731,0.365211810012837
NZDUSD,high_volatility,24,cot_exploratory,logistic,1,6232,0.6611039794608472,0.5667216357080789,0.6742957683907871,0.2114380341302287,0.634788189987163,0.23229546255377154,0.6274069319640565,0.5989544923863731,0.365211810012837
NZDUSD,high_volatility,24,cot_exploratory,hist_boost,1,6232,0.6617458279845956,0.5710522247357133,0.669017918545121,0.21312582116710313,0.634788189987163,0.23229546255377154,0.6274069319640565,0.5989544923863731,0.365211810012837
NZDUSD,high_volatility,24,cot_exploratory,extra_trees,1,6232,0.6559691912708601,0.5629570264117951,0.6576992124263205,0.2151624094053629,0.634788189987163,0.23229546255377154,0.6274069319640565,0.5989544923863731,0.365211810012837
NZDUSD,high_volatility,24,cot_exploratory,catboost,1,6232,0.6538831835686778,0.5556230574989205,0.6598777234997983,0.2157514225131549,0.634788189987163,0.23229546255377154,0.6274069319640565,0.5989544923863731,0.365211810012837
NZDUSD,high_volatility,24,cot_exploratory,xgboost,1,6232,0.663831835686778,0.5776398467501035,0.6667449479423038,0.21286529413653876,0.634788189987163,0.23229546255377154,0.6274069319640565,0.5989544923863731,0.365211810012837
NZDUSD,direction,72,price,logistic,0,3616,0.5013827433628318,0.5040519900168184,0.5086044262367426,0.2502221008045356,0.47898230088495575,0.25036149060245455,0.516316371681416,0.5157047557405746,0.47898230088495575
NZDUSD,direction,72,price,hist_boost,0,3616,0.49861725663716816,0.4957849742329965,0.4985605659424447,0.2512870023358352,0.47898230088495575,0.25036149060245455,0.516316371681416,0.5157047557405746,0.47898230088495575
NZDUSD,direction,72,price,extra_trees,0,3616,0.4950221238938053,0.4994152777982083,0.5050035426565265,0.2497751387536126,0.47898230088495575,0.25036149060245455,0.516316371681416,0.5157047557405746,0.47898230088495575
NZDUSD,direction,72,price,catboost,0,3616,0.505254424778761,0.5047862638090055,0.5059256753112389,0.25007273719792333,0.47898230088495575,0.25036149060245455,0.516316371681416,0.5157047557405746,0.47898230088495575
NZDUSD,direction,72,price,xgboost,0,3616,0.5049778761061947,0.5028206410614731,0.5046999958321688,0.25036656953996433,0.47898230088495575,0.25036149060245455,0.516316371681416,0.5157047557405746,0.47898230088495575
NZDUSD,direction,72,context,logistic,0,3616,0.5099557522123894,0.5132573807387358,0.5191303452435239,0.2544106674097448,0.47898230088495575,0.25036149060245455,0.516316371681416,0.5157047557405746,0.47898230088495575
NZDUSD,direction,72,context,hist_boost,0,3616,0.5154867256637168,0.5175870218639522,0.5137641093344709,0.25681261521148874,0.47898230088495575,0.25036149060245455,0.516316371681416,0.5157047557405746,0.47898230088495575
NZDUSD,direction,72,context,extra_trees,0,3616,0.5099557522123894,0.5109515894146894,0.5119328684975704,0.25162472787800977,0.47898230088495575,0.25036149060245455,0.516316371681416,0.5157047557405746,0.47898230088495575
NZDUSD,direction,72,context,catboost,0,3616,0.5154867256637168,0.5158635010762811,0.513251251575195,0.25451932278554656,0.47898230088495575,0.25036149060245455,0.516316371681416,0.5157047557405746,0.47898230088495575
NZDUSD,direction,72,context,xgboost,0,3616,0.5066371681415929,0.5081162383607184,0.5071607017647087,0.25554922586711526,0.47898230088495575,0.25036149060245455,0.516316371681416,0.5157047557405746,0.47898230088495575
NZDUSD,direction,72,fomc,logistic,0,3616,0.5022123893805309,0.5109270727605262,0.5298566878980893,0.25492350242540984,0.47898230088495575,0.25036149060245455,0.516316371681416,0.5157047557405746,0.47898230088495575
NZDUSD,direction,72,fomc,hist_boost,0,3616,0.5251659292035398,0.5352371741123745,0.5301329599446905,0.2715810101619502,0.47898230088495575,0.25036149060245455,0.516316371681416,0.5157047557405746,0.47898230088495575
NZDUSD,direction,72,fomc,extra_trees,0,3616,0.5367809734513275,0.5459178544985608,0.5461139877318663,0.25337904541634765,0.47898230088495575,0.25036149060245455,0.516316371681416,0.5157047557405746,0.47898230088495575
NZDUSD,direction,72,fomc,catboost,0,3616,0.5387168141592921,0.5493593798267162,0.5416660537503126,0.2645422241433976,0.47898230088495575,0.25036149060245455,0.516316371681416,0.5157047557405746,0.47898230088495575
NZDUSD,direction,72,fomc,xgboost,0,3616,0.5265486725663717,0.5379615873062571,0.5287581885624906,0.26755477305993086,0.47898230088495575,0.25036149060245455,0.516316371681416,0.5157047557405746,0.47898230088495575
NZDUSD,direction,72,cot_exploratory,logistic,0,3616,0.5199115044247787,0.5234170822239548,0.5372545882918266,0.25546455347266067,0.47898230088495575,0.25036149060245455,0.516316371681416,0.5157047557405746,0.47898230088495575
NZDUSD,direction,72,cot_exploratory,hist_boost,0,3616,0.5334623893805309,0.5436647739809652,0.5356276018299231,0.256827795726099,0.47898230088495575,0.25036149060245455,0.516316371681416,0.5157047557405746,0.47898230088495575
NZDUSD,direction,72,cot_exploratory,extra_trees,0,3616,0.49198008849557523,0.5057657041428242,0.5541146913598407,0.2556281904503389,0.47898230088495575,0.25036149060245455,0.516316371681416,0.5157047557405746,0.47898230088495575
NZDUSD,direction,72,cot_exploratory,catboost,0,3616,0.5290376106194691,0.5396513976944539,0.5396933824647082,0.2583618305797023,0.47898230088495575,0.25036149060245455,0.516316371681416,0.5157047557405746,0.47898230088495575
NZDUSD,direction,72,cot_exploratory,xgboost,0,3616,0.5359513274336283,0.5453312935477069,0.5235264877931578,0.2598266520222966,0.47898230088495575,0.25036149060245455,0.516316371681416,0.5157047557405746,0.47898230088495575
NZDUSD,high_volatility,72,price,logistic,0,3616,0.6396570796460177,0.5263063245541535,0.562906858054337,0.22553399366832685,0.6717367256637168,0.22485591370048577,0.6388274336283186,0.6045193174444017,0.32826327433628316
NZDUSD,high_volatility,72,price,hist_boost,0,3616,0.6379977876106194,0.5224866408182787,0.5459412955570901,0.23250585158675507,0.6717367256637168,0.22485591370048577,0.6388274336283186,0.6045193174444017,0.32826327433628316
NZDUSD,high_volatility,72,price,extra_trees,0,3616,0.6438053097345132,0.5263786394600765,0.5497039250866131,0.22851410287297175,0.6717367256637168,0.22485591370048577,0.6388274336283186,0.6045193174444017,0.32826327433628316
NZDUSD,high_volatility,72,price,catboost,0,3616,0.6426991150442478,0.527709094995427,0.5538451240157283,0.23159689514637638,0.6717367256637168,0.22485591370048577,0.6388274336283186,0.6045193174444017,0.32826327433628316
NZDUSD,high_volatility,72,price,xgboost,0,3616,0.6415929203539823,0.5273164788155478,0.5436586070518998,0.23365802689803786,0.6717367256637168,0.22485591370048577,0.6388274336283186,0.6045193174444017,0.32826327433628316
NZDUSD,high_volatility,72,context,logistic,0,3616,0.7074115044247787,0.6514768368593064,0.7593859371959784,0.18246760763745315,0.6717367256637168,0.22485591370048577,0.6388274336283186,0.6045193174444017,0.32826327433628316
NZDUSD,high_volatility,72,context,hist_boost,0,3616,0.6883296460176991,0.6420119082013427,0.7367111388886672,0.1943114759011545,0.6717367256637168,0.22485591370048577,0.6388274336283186,0.6045193174444017,0.32826327433628316
NZDUSD,high_volatility,72,context,extra_trees,0,3616,0.6991150442477876,0.6306553464647029,0.7515651754997792,0.18839462808874846,0.6717367256637168,0.22485591370048577,0.6388274336283186,0.6045193174444017,0.32826327433628316
NZDUSD,high_volatility,72,context,catboost,0,3616,0.6933075221238938,0.6435632970463957,0.7454983537520339,0.19039656614530814,0.6717367256637168,0.22485591370048577,0.6388274336283186,0.6045193174444017,0.32826327433628316
NZDUSD,high_volatility,72,context,xgboost,0,3616,0.691924778761062,0.6433956027681522,0.7358643434795018,0.19255187314127292,0.6717367256637168,0.22485591370048577,0.6388274336283186,0.6045193174444017,0.32826327433628316
NZDUSD,high_volatility,72,fomc,logistic,0,3616,0.7104535398230089,0.6886333453915983,0.7654735689885936,0.1855733287951695,0.6717367256637168,0.22485591370048577,0.6388274336283186,0.6045193174444017,0.32826327433628316
NZDUSD,high_volatility,72,fomc,hist_boost,0,3616,0.6595685840707964,0.672511456796786,0.7347329707067405,0.21019587815584595,0.6717367256637168,0.22485591370048577,0.6388274336283186,0.6045193174444017,0.32826327433628316
NZDUSD,high_volatility,72,fomc,extra_trees,0,3616,0.713495575221239,0.6656977278552508,0.7550598757016019,0.18884124355158177,0.6717367256637168,0.22485591370048577,0.6388274336283186,0.6045193174444017,0.32826327433628316
NZDUSD,high_volatility,72,fomc,catboost,0,3616,0.6753318584070797,0.6810139208795157,0.7469737859333113,0.20268788316310704,0.6717367256637168,0.22485591370048577,0.6388274336283186,0.6045193174444017,0.32826327433628316
NZDUSD,high_volatility,72,fomc,xgboost,0,3616,0.6692477876106194,0.6715314771004532,0.7377247614908733,0.20372768947396372,0.6717367256637168,0.22485591370048577,0.6388274336283186,0.6045193174444017,0.32826327433628316
NZDUSD,high_volatility,72,cot_exploratory,logistic,0,3616,0.6957964601769911,0.6869850164208595,0.7656511480381504,0.19040676207313484,0.6717367256637168,0.22485591370048577,0.6388274336283186,0.6045193174444017,0.32826327433628316
NZDUSD,high_volatility,72,cot_exploratory,hist_boost,0,3616,0.6717367256637168,0.6695071799857313,0.7312138187021953,0.20484141579387177,0.6717367256637168,0.22485591370048577,0.6388274336283186,0.6045193174444017,0.32826327433628316
NZDUSD,high_volatility,72,cot_exploratory,extra_trees,0,3616,0.7179203539823009,0.6573605302121965,0.7520275053299728,0.190664056285136,0.6717367256637168,0.22485591370048577,0.6388274336283186,0.6045193174444017,0.32826327433628316
NZDUSD,high_volatility,72,cot_exploratory,catboost,0,3616,0.6988384955752213,0.6873108670401145,0.7556467189669338,0.1933216755177087,0.6717367256637168,0.22485591370048577,0.6388274336283186,0.6045193174444017,0.32826327433628316
NZDUSD,high_volatility,72,cot_exploratory,xgboost,0,3616,0.6916482300884956,0.6922973006250297,0.7459892973939233,0.1995628952267825,0.6717367256637168,0.22485591370048577,0.6388274336283186,0.6045193174444017,0.32826327433628316
NZDUSD,direction,72,price,logistic,1,6220,0.4930868167202572,0.4926045988599791,0.4992946346633578,0.25021085892507067,0.5056270096463023,0.24999701053509218,0.4937299035369775,0.49363501234376417,0.49437299035369775
NZDUSD,direction,72,price,hist_boost,1,6220,0.5061093247588424,0.5064593431307922,0.5111984696317551,0.25141628889780043,0.5056270096463023,0.24999701053509218,0.4937299035369775,0.49363501234376417,0.49437299035369775
NZDUSD,direction,72,price,extra_trees,1,6220,0.5003215434083601,0.50127160158724,0.505679372342213,0.25043885716856734,0.5056270096463023,0.24999701053509218,0.4937299035369775,0.49363501234376417,0.49437299035369775
NZDUSD,direction,72,price,catboost,1,6220,0.5107717041800643,0.5106427805136557,0.5107875967789884,0.25059857957043147,0.5056270096463023,0.24999701053509218,0.4937299035369775,0.49363501234376417,0.49437299035369775
NZDUSD,direction,72,price,xgboost,1,6220,0.4985530546623794,0.49874106531208395,0.5058568640376389,0.2512930868067755,0.5056270096463023,0.24999701053509218,0.4937299035369775,0.49363501234376417,0.49437299035369775
NZDUSD,direction,72,context,logistic,1,6220,0.5019292604501607,0.5014499722103739,0.5041947083381804,0.25179864384466305,0.5056270096463023,0.24999701053509218,0.4937299035369775,0.49363501234376417,0.49437299035369775
NZDUSD,direction,72,context,hist_boost,1,6220,0.4934083601286174,0.49308542401799216,0.5003236005015058,0.25485059478247757,0.5056270096463023,0.24999701053509218,0.4937299035369775,0.49363501234376417,0.49437299035369775
NZDUSD,direction,72,context,extra_trees,1,6220,0.4980707395498392,0.49739914950818825,0.5100235500924166,0.2507085107787545,0.5056270096463023,0.24999701053509218,0.4937299035369775,0.49363501234376417,0.49437299035369775
NZDUSD,direction,72,context,catboost,1,6220,0.5061093247588424,0.5058115217082219,0.510608502333036,0.2527932194413853,0.5056270096463023,0.24999701053509218,0.4937299035369775,0.49363501234376417,0.49437299035369775
NZDUSD,direction,72,context,xgboost,1,6220,0.5006430868167202,0.5000224902090038,0.5050541962335362,0.2541012279574562,0.5056270096463023,0.24999701053509218,0.4937299035369775,0.49363501234376417,0.49437299035369775
NZDUSD,direction,72,fomc,logistic,1,6220,0.49758842443729906,0.49696563134152805,0.4999881603267543,0.252982955027057,0.5056270096463023,0.24999701053509218,0.4937299035369775,0.49363501234376417,0.49437299035369775
NZDUSD,direction,72,fomc,hist_boost,1,6220,0.4678456591639871,0.4674163403001279,0.46575604585934566,0.26265601588404597,0.5056270096463023,0.24999701053509218,0.4937299035369775,0.49363501234376417,0.49437299035369775
NZDUSD,direction,72,fomc,extra_trees,1,6220,0.4927652733118971,0.49258702030581514,0.49131185130611243,0.2532199320104839,0.5056270096463023,0.24999701053509218,0.4937299035369775,0.49363501234376417,0.49437299035369775
NZDUSD,direction,72,fomc,catboost,1,6220,0.48504823151125404,0.4849920508744038,0.4802577843266509,0.2619405401378157,0.5056270096463023,0.24999701053509218,0.4937299035369775,0.49363501234376417,0.49437299035369775
NZDUSD,direction,72,fomc,xgboost,1,6220,0.4705787781350482,0.47036876187521814,0.4717971228042964,0.26260192185873327,0.5056270096463023,0.24999701053509218,0.4937299035369775,0.49363501234376417,0.49437299035369775
NZDUSD,direction,72,cot_exploratory,logistic,1,6220,0.4980707395498392,0.495119107629868,0.5012357206560938,0.25476873289713436,0.5056270096463023,0.24999701053509218,0.4937299035369775,0.49363501234376417,0.49437299035369775
NZDUSD,direction,72,cot_exploratory,hist_boost,1,6220,0.5032154340836013,0.5025046854602091,0.5000442565951893,0.2585299140530206,0.5056270096463023,0.24999701053509218,0.4937299035369775,0.49363501234376417,0.49437299035369775
NZDUSD,direction,72,cot_exploratory,extra_trees,1,6220,0.5159163987138263,0.5161029896467486,0.5331085863481846,0.24963273662489308,0.5056270096463023,0.24999701053509218,0.4937299035369775,0.49363501234376417,0.49437299035369775
NZDUSD,direction,72,cot_exploratory,catboost,1,6220,0.5051446945337621,0.5059505990926364,0.49618142101929763,0.2755966384421414,0.5056270096463023,0.24999701053509218,0.4937299035369775,0.49363501234376417,0.49437299035369775
NZDUSD,direction,72,cot_exploratory,xgboost,1,6220,0.4932475884244373,0.49427999017669033,0.5004707433401838,0.2621137623214486,0.5056270096463023,0.24999701053509218,0.4937299035369775,0.49363501234376417,0.49437299035369775
NZDUSD,high_volatility,72,price,logistic,1,6220,0.6115755627009646,0.5227176106980571,0.5586789836815593,0.23738180441330478,0.5995176848874598,0.24060884615164638,0.5971061093247588,0.583752353202018,0.4004823151125402
NZDUSD,high_volatility,72,price,hist_boost,1,6220,0.6118971061093248,0.5269174445003891,0.5552964122167235,0.23785749886866783,0.5995176848874598,0.24060884615164638,0.5971061093247588,0.583752353202018,0.4004823151125402
NZDUSD,high_volatility,72,price,extra_trees,1,6220,0.612700964630225,0.5232563697533162,0.562189610675665,0.2368898136355047,0.5995176848874598,0.24060884615164638,0.5971061093247588,0.583752353202018,0.4004823151125402
NZDUSD,high_volatility,72,price,catboost,1,6220,0.6109324758842444,0.5254465553062626,0.5603864983934118,0.23722765903150994,0.5995176848874598,0.24060884615164638,0.5971061093247588,0.583752353202018,0.4004823151125402
NZDUSD,high_volatility,72,price,xgboost,1,6220,0.6133440514469454,0.5298568006529056,0.5529119095302488,0.23797936743082734,0.5995176848874598,0.24060884615164638,0.5971061093247588,0.583752353202018,0.4004823151125402
NZDUSD,high_volatility,72,context,logistic,1,6220,0.6393890675241157,0.6083543556481531,0.6821263440313259,0.21643493257796276,0.5995176848874598,0.24060884615164638,0.5971061093247588,0.583752353202018,0.4004823151125402
NZDUSD,high_volatility,72,context,hist_boost,1,6220,0.6178456591639871,0.5940521840007777,0.6577855662525074,0.2260842357103923,0.5995176848874598,0.24060884615164638,0.5971061093247588,0.583752353202018,0.4004823151125402
NZDUSD,high_volatility,72,context,extra_trees,1,6220,0.6265273311897106,0.5868321990272516,0.6614436804892356,0.22061750522681567,0.5995176848874598,0.24060884615164638,0.5971061093247588,0.583752353202018,0.4004823151125402
NZDUSD,high_volatility,72,context,catboost,1,6220,0.62491961414791,0.5994854202401372,0.6620427801280642,0.22419149685014902,0.5995176848874598,0.24060884615164638,0.5971061093247588,0.583752353202018,0.4004823151125402
NZDUSD,high_volatility,72,context,xgboost,1,6220,0.6172025723472668,0.5917166104761804,0.6549519810604849,0.22632578345158635,0.5995176848874598,0.24060884615164638,0.5971061093247588,0.583752353202018,0.4004823151125402
NZDUSD,high_volatility,72,fomc,logistic,1,6220,0.6416398713826367,0.6070995298817228,0.6872120701836884,0.21411594819581156,0.5995176848874598,0.24060884615164638,0.5971061093247588,0.583752353202018,0.4004823151125402
NZDUSD,high_volatility,72,fomc,hist_boost,1,6220,0.6360128617363344,0.6072711856542496,0.6723545067956631,0.2214372639088362,0.5995176848874598,0.24060884615164638,0.5971061093247588,0.583752353202018,0.4004823151125402
NZDUSD,high_volatility,72,fomc,extra_trees,1,6220,0.6321543408360129,0.5892594407176105,0.6648310964255444,0.21983945808424646,0.5995176848874598,0.24060884615164638,0.5971061093247588,0.583752353202018,0.4004823151125402
NZDUSD,high_volatility,72,fomc,catboost,1,6220,0.6286173633440515,0.5967051780617786,0.67631976052378,0.21949595422089563,0.5995176848874598,0.24060884615164638,0.5971061093247588,0.583752353202018,0.4004823151125402
NZDUSD,high_volatility,72,fomc,xgboost,1,6220,0.6381028938906752,0.6083478963528558,0.6668024733502933,0.22228443307075896,0.5995176848874598,0.24060884615164638,0.5971061093247588,0.583752353202018,0.4004823151125402
NZDUSD,high_volatility,72,cot_exploratory,logistic,1,6220,0.6358520900321544,0.5886782656232321,0.6779145605326938,0.21665700284116204,0.5995176848874598,0.24060884615164638,0.5971061093247588,0.583752353202018,0.4004823151125402
NZDUSD,high_volatility,72,cot_exploratory,hist_boost,1,6220,0.6270096463022508,0.585968322108693,0.6640226079641603,0.22323668587394147,0.5995176848874598,0.24060884615164638,0.5971061093247588,0.583752353202018,0.4004823151125402
NZDUSD,high_volatility,72,cot_exploratory,extra_trees,1,6220,0.6329581993569132,0.5807337630271875,0.6629869137906923,0.22057691347173944,0.5995176848874598,0.24060884615164638,0.5971061093247588,0.583752353202018,0.4004823151125402
NZDUSD,high_volatility,72,cot_exploratory,catboost,1,6220,0.6234726688102894,0.5831517463942868,0.6531131273442532,0.22575327082133695,0.5995176848874598,0.24060884615164638,0.5971061093247588,0.583752353202018,0.4004823151125402
NZDUSD,high_volatility,72,cot_exploratory,xgboost,1,6220,0.6292604501607717,0.578382848676259,0.6523766061979737,0.22557817612654996,0.5995176848874598,0.24060884615164638,0.5971061093247588,0.583752353202018,0.4004823151125402
