id,series,name,currency,time,impact,actual,previous,err_forexfactory,matched_forexfactory,err_fxstreet,matched_fxstreet,err_nasdaq,matched_nasdaq,scale,scaled_forexfactory,scaled_fxstreet,scaled_nasdaq,set
139017,593,Core CPI Flash Estimate y/y,EUR,2024-10-01 09:00:00+00:00,high,2.7,2.8,0.0,True,0.09999999999999964,True,0.0,True,0.09999999999999964,0.0,1.0,0.0,primary_high
139016,168,CPI Flash Estimate y/y,EUR,2024-10-01 09:00:00+00:00,high,1.8,2.2,0.0,True,0.09999999999999987,True,0.0,True,0.40000000000000013,0.0,0.24999999999999958,0.0,primary_high
136595,252,ISM Manufacturing PMI,USD,2024-10-01 14:00:00+00:00,high,47.2,47.2,0.3999999999999986,True,0.29999999999999716,True,0.3999999999999986,True,0.6499999999999986,0.6153846153846145,0.4615384615384582,0.6153846153846145,primary_high
138645,578,JOLTS Job Openings,USD,2024-10-01 14:00:00+00:00,high,8039999.999999999,7670000.0,399999.99999999907,True,384999.99999999907,True,399999.99999999907,True,281000.0,1.4234875444839825,1.3701067615658329,1.4234875444839825,primary_high
136089,75,ADP Non-Farm Employment Change,USD,2024-10-02 12:15:00+00:00,high,143000.0,99000.0,19000.0,True,23000.0,True,19000.0,True,25750.0,0.7378640776699029,0.8932038834951457,0.7378640776699029,primary_high
135022,100,CPI m/m,CHF,2024-10-03 06:30:00+00:00,high,-0.3,0.0,0.19999999999999998,True,0.19999999999999998,True,,False,0.1,1.9999999999999998,1.9999999999999998,,primary_high
136562,11,Unemployment Claims,USD,2024-10-03 12:30:00+00:00,high,225000.0,218000.0,3000.0,True,5000.0,True,,False,7000.0,0.42857142857142855,0.7142857142857143,,primary_high
136619,253,ISM Services PMI,USD,2024-10-03 14:00:00+00:00,high,54.9,51.5,3.1999999999999957,True,3.1999999999999957,True,,False,1.3999999999999986,2.285714285714285,2.285714285714285,,primary_high
135999,159,Average Hourly Earnings m/m,USD,2024-10-04 12:30:00+00:00,high,0.4,0.4,0.10000000000000003,True,0.10000000000000003,True,0.10000000000000003,True,0.09999999999999998,1.0000000000000007,1.0000000000000007,1.0000000000000007,primary_high
136001,66,Non-Farm Employment Change,USD,2024-10-04 12:30:00+00:00,high,254000.0,142000.0,107000.0,True,114000.0,True,107000.0,True,55000.0,1.9454545454545455,2.0727272727272728,1.9454545454545455,primary_high
136000,56,Unemployment Rate,USD,2024-10-04 12:30:00+00:00,high,4.1,4.2,0.10000000000000053,True,0.10000000000000053,True,0.10000000000000053,True,0.09999999999999964,1.0000000000000089,1.0000000000000089,1.0000000000000089,primary_high
136467,23,Official Cash Rate,NZD,2024-10-09 01:00:00+00:00,high,4.75,5.25,0.0,True,0.0,True,0.0,True,0.25,0.0,0.0,0.0,primary_high
136060,79,Core CPI m/m,USD,2024-10-10 12:30:00+00:00,high,0.3,0.3,0.09999999999999998,True,0.09999999999999998,True,0.09999999999999998,True,0.09999999999999998,1.0,1.0,1.0,primary_high
153034,933,Core CPI y/y,USD,2024-10-10 12:30:00+00:00,high,3.3,3.2,0.0,True,0.09999999999999964,True,0.09999999999999964,True,0.09999999999999964,0.0,1.0,1.0,primary_high
136061,78,CPI m/m,USD,2024-10-10 12:30:00+00:00,high,0.2,0.2,0.1,True,0.1,True,0.1,True,0.05,2.0,2.0,2.0,primary_high
136059,884,CPI y/y,USD,2024-10-10 12:30:00+00:00,high,2.4,2.5,0.10000000000000009,True,0.10000000000000009,True,0.10000000000000009,True,0.09999999999999964,1.0000000000000044,1.0000000000000044,1.0000000000000044,primary_high
136563,11,Unemployment Claims,USD,2024-10-10 12:30:00+00:00,high,258000.0,225000.0,27000.0,True,28000.0,True,27000.0,True,7000.0,3.857142857142857,4.0,3.857142857142857,primary_high
138858,804,GDP m/m,GBP,2024-10-11 06:00:00+00:00,high,0.2,0.0,0.0,True,0.0,True,0.0,True,0.2,0.0,0.0,0.0,primary_high
138146,67,Employment Change,CAD,2024-10-11 12:30:00+00:00,high,46700.0,22100.0,16900.0,True,19700.0,True,16900.0,True,46875.0,0.3605333333333333,0.4202666666666667,0.3605333333333333,primary_high
138135,57,Unemployment Rate,CAD,2024-10-11 12:30:00+00:00,high,6.5,6.6,0.20000000000000018,True,0.20000000000000018,True,0.20000000000000018,True,0.10000000000000053,1.9999999999999911,1.9999999999999911,1.9999999999999911,primary_high
136028,87,Core PPI m/m,USD,2024-10-11 12:30:00+00:00,high,0.2,0.3,0.0,True,0.0,True,0.0,True,0.2,0.0,0.0,0.0,primary_high
136027,86,PPI m/m,USD,2024-10-11 12:30:00+00:00,high,0.0,0.2,0.1,True,0.1,True,0.1,True,0.2,0.5,0.5,0.5,primary_high
138725,68,Claimant Count Change,GBP,2024-10-15 06:00:00+00:00,high,27900.0,23700.0,7700.0,True,7700.0,True,7700.0,True,9600.0,0.8020833333333334,0.8020833333333334,0.8020833333333334,primary_high
138281,80,CPI m/m,CAD,2024-10-15 12:30:00+00:00,high,-0.4,-0.2,0.2,True,,True,0.2,True,0.125,1.6,,1.6,primary_high
138282,659,Median CPI y/y,CAD,2024-10-15 12:30:00+00:00,high,2.3,2.3,0.0,True,,False,0.0,True,0.10000000000000009,0.0,,0.0,primary_high
138283,657,Trimmed CPI y/y,CAD,2024-10-15 12:30:00+00:00,high,2.4,2.4,0.0,True,,False,0.0,True,0.09999999999999987,0.0,,0.0,primary_high
137883,173,CPI q/q,NZD,2024-10-15 21:45:00+00:00,high,0.6,0.4,0.09999999999999998,True,0.09999999999999998,True,0.09999999999999998,True,0.09999999999999998,1.0,1.0,1.0,primary_high
138790,82,CPI y/y,GBP,2024-10-16 06:00:00+00:00,high,1.7,2.2,0.19999999999999996,True,0.19999999999999996,True,0.19999999999999996,True,0.10000000000000009,1.9999999999999978,1.9999999999999978,1.9999999999999978,primary_high
137374,73,Employment Change,AUD,2024-10-17 00:30:00+00:00,high,64099.99999999999,47500.0,38899.99999999999,True,39099.99999999999,True,38899.99999999999,True,23700.0,1.6413502109704639,1.6497890295358646,1.6413502109704639,primary_high
137386,64,Unemployment Rate,AUD,2024-10-17 00:30:00+00:00,high,4.1,4.2,0.10000000000000053,True,0.10000000000000053,True,0.10000000000000053,True,0.09999999999999964,1.0000000000000089,1.0000000000000089,1.0000000000000089,primary_high
135522,12,Main Refinancing Rate,EUR,2024-10-17 12:15:00+00:00,high,3.4,3.65,0.0,True,0.0,True,0.0,True,0.125,0.0,0.0,0.0,primary_high
136163,112,Core Retail Sales m/m,USD,2024-10-17 12:30:00+00:00,high,0.5,0.1,0.4,True,0.4,True,0.4,True,0.19999999999999998,2.0000000000000004,2.0000000000000004,2.0000000000000004,primary_high
136162,102,Retail Sales m/m,USD,2024-10-17 12:30:00+00:00,high,0.4,0.1,0.10000000000000003,True,0.10000000000000003,True,0.10000000000000003,True,0.125,0.8000000000000003,0.8000000000000003,0.8000000000000003,primary_high
136564,11,Unemployment Claims,USD,2024-10-17 12:30:00+00:00,high,241000.0,258000.0,0.0,True,19000.0,True,0.0,True,7000.0,0.0,2.7142857142857144,0.0,primary_high
138917,105,Retail Sales m/m,GBP,2024-10-18 06:00:00+00:00,high,0.3,1.0,0.7,True,0.6,True,0.6,True,0.7,1.0,0.8571428571428572,0.8571428571428572,primary_high
134942,268,French Flash Manufacturing PMI,EUR,2024-10-24 07:15:00+00:00,high,44.5,44.0,0.3999999999999986,True,,False,,False,0.9500000000000028,0.4210526315789446,,,primary_high
134943,269,French Flash Services PMI,EUR,2024-10-24 07:15:00+00:00,high,48.3,48.3,1.5,True,,False,,False,0.7000000000000028,2.1428571428571344,,,primary_high
134944,266,German Flash Manufacturing PMI,EUR,2024-10-24 07:30:00+00:00,high,42.6,40.3,1.8999999999999986,True,,False,,False,0.8999999999999986,2.111111111111113,,,primary_high
134945,267,German Flash Services PMI,EUR,2024-10-24 07:30:00+00:00,high,51.4,50.6,0.7999999999999972,True,,False,,False,1.3999999999999986,0.57142857142857,,,primary_high
134948,837,Flash Manufacturing PMI,GBP,2024-10-24 08:30:00+00:00,high,50.3,51.5,1.2000000000000028,True,,False,,False,1.1000000000000014,1.0909090909090922,,,primary_high
134949,836,Flash Services PMI,GBP,2024-10-24 08:30:00+00:00,high,51.8,52.8,0.5,True,,False,,False,1.3999999999999986,0.3571428571428575,,,primary_high
136565,11,Unemployment Claims,USD,2024-10-24 12:30:00+00:00,high,227000.0,241000.0,16000.0,True,15000.0,True,16000.0,True,7000.0,2.2857142857142856,2.142857142857143,2.2857142857142856,primary_high
138667,552,Flash Manufacturing PMI,USD,2024-10-24 13:45:00+00:00,high,47.8,47.0,0.29999999999999716,True,,False,,False,0.6000000000000014,0.49999999999999406,,,primary_high
138666,583,Flash Services PMI,USD,2024-10-24 13:45:00+00:00,high,55.3,55.4,0.29999999999999716,True,,False,0.29999999999999716,True,1.2499999999999964,0.2399999999999984,,0.2399999999999984,primary_high
138155,103,Core Retail Sales m/m,CAD,2024-10-25 12:30:00+00:00,high,-0.7,0.4,1.0,True,1.0,True,1.0,True,0.625,1.6,1.6,1.6,primary_high
138164,104,Retail Sales m/m,CAD,2024-10-25 12:30:00+00:00,high,0.4,0.9,0.09999999999999998,True,0.09999999999999998,True,0.09999999999999998,True,0.12500000000000003,0.7999999999999996,0.7999999999999996,0.7999999999999996,primary_high
137310,208,CB Consumer Confidence,USD,2024-10-29 14:00:00+00:00,high,108.7,98.7,9.200000000000003,True,,False,9.200000000000003,True,3.0,3.0666666666666678,,3.0666666666666678,primary_high
138646,578,JOLTS Job Openings,USD,2024-10-29 14:00:00+00:00,high,7440000.0,8039999.999999999,540000.0,True,547000.0,True,537000.0,True,281000.0,1.9217081850533808,1.9466192170818506,1.9110320284697508,primary_high
137428,98,CPI m/m,AUD,2024-10-30 00:30:00+00:00,high,0.2,1.0,0.09999999999999998,True,0.09999999999999998,True,0.09999999999999998,True,0.17499999999999996,0.5714285714285714,0.5714285714285714,0.5714285714285714,primary_high
137423,888,CPI y/y,AUD,2024-10-30 00:30:00+00:00,high,2.1,2.7,0.19999999999999973,True,0.19999999999999973,True,0.2999999999999998,True,0.19999999999999973,1.0,1.0,1.500000000000001,primary_high
137436,99,Trimmed Mean CPI m/m,AUD,2024-10-30 00:30:00+00:00,high,0.8,0.8,0.0,True,0.0,True,0.0,True,0.09999999999999998,0.0,0.0,0.0,primary_high
139415,169,German Prelim CPI m/m,EUR,2024-10-30 06:29:00+00:00,high,0.4,0.0,0.2,True,0.0,True,0.10000000000000003,True,0.05000000000000002,3.999999999999999,0.0,2.0,primary_high
136090,75,ADP Non-Farm Employment Change,USD,2024-10-30 12:15:00+00:00,high,233000.0,143000.0,123000.0,True,118000.0,True,123000.0,True,25750.0,4.776699029126213,4.58252427184466,4.776699029126213,primary_high
136211,2,Advance GDP q/q,USD,2024-10-30 12:30:00+00:00,high,2.8,2.8,0.20000000000000018,True,0.20000000000000018,True,0.20000000000000018,True,0.5,0.40000000000000036,0.40000000000000036,0.40000000000000036,primary_high
138123,29,GDP m/m,CAD,2024-10-31 12:30:00+00:00,high,0.0,0.2,0.0,True,0.0,True,0.0,True,0.1,0.0,0.0,0.0,primary_high
136195,85,Core PCE Price Index m/m,USD,2024-10-31 12:30:00+00:00,high,0.3,0.1,0.0,True,0.0,True,0.0,True,0.09999999999999999,0.0,0.0,0.0,primary_high
136419,179,Employment Cost Index q/q,USD,2024-10-31 12:30:00+00:00,high,0.8,0.9,0.09999999999999998,True,0.09999999999999998,True,0.09999999999999998,True,0.09999999999999998,1.0,1.0,1.0,primary_high
136566,11,Unemployment Claims,USD,2024-10-31 12:30:00+00:00,high,216000.0,227000.0,13000.0,True,14000.0,True,13000.0,True,7000.0,1.8571428571428572,2.0,1.8571428571428572,primary_high
135023,100,CPI m/m,CHF,2024-11-01 07:30:00+00:00,high,-0.1,-0.3,0.1,True,0.1,True,0.1,True,0.1,1.0,1.0,1.0,primary_high
136004,159,Average Hourly Earnings m/m,USD,2024-11-01 12:30:00+00:00,high,0.4,0.4,0.10000000000000003,True,0.10000000000000003,True,0.10000000000000003,True,0.09999999999999998,1.0000000000000007,1.0000000000000007,1.0000000000000007,primary_high
136002,66,Non-Farm Employment Change,USD,2024-11-01 12:30:00+00:00,high,12000.0,254000.0,94000.0,True,101000.0,True,94000.0,True,55000.0,1.709090909090909,1.8363636363636364,1.709090909090909,primary_high
136003,56,Unemployment Rate,USD,2024-11-01 12:30:00+00:00,high,4.1,4.1,0.0,True,0.0,True,0.0,True,0.09999999999999964,0.0,0.0,0.0,primary_high
136596,252,ISM Manufacturing PMI,USD,2024-11-01 14:00:00+00:00,high,46.5,47.2,1.1000000000000014,True,1.1000000000000014,True,1.1000000000000014,True,0.6499999999999986,1.6923076923076983,1.6923076923076983,1.6923076923076983,primary_high
136620,253,ISM Services PMI,USD,2024-11-05 15:00:00+00:00,high,56.0,54.9,2.200000000000003,True,2.200000000000003,True,,False,1.3999999999999986,1.571428571428575,1.571428571428575,,primary_high
137501,74,Employment Change q/q,NZD,2024-11-05 21:45:00+00:00,high,-0.5,0.4,0.09999999999999998,True,0.09999999999999998,True,,False,0.09999999999999999,0.9999999999999999,0.9999999999999999,,primary_high
137505,65,Unemployment Rate,NZD,2024-11-05 21:45:00+00:00,high,4.8,4.6,0.20000000000000018,True,0.20000000000000018,True,,False,0.10000000000000053,1.9999999999999911,1.9999999999999911,,primary_high
136567,11,Unemployment Claims,USD,2024-11-07 13:30:00+00:00,high,221000.0,216000.0,2000.0,True,0.0,True,,False,7000.0,0.2857142857142857,0.0,,primary_high
138147,67,Employment Change,CAD,2024-11-08 13:30:00+00:00,high,14500.0,46700.0,13400.0,True,10500.0,True,,False,46875.0,0.28586666666666666,0.224,,primary_high
138137,57,Unemployment Rate,CAD,2024-11-08 13:30:00+00:00,high,6.5,6.5,0.09999999999999964,True,0.09999999999999964,True,,False,0.10000000000000053,0.9999999999999911,0.9999999999999911,,primary_high
137493,309,Inflation Expectations q/q,NZD,2024-11-11 02:00:00+00:00,high,2.12,2.03,,True,,True,,False,0.07500000000000018,,,,primary_high
138729,68,Claimant Count Change,GBP,2024-11-12 07:00:00+00:00,high,26700.0,27900.0,3800.0,True,3800.0,True,,False,9600.0,0.3958333333333333,0.3958333333333333,,primary_high
137440,182,Wage Price Index q/q,AUD,2024-11-13 00:30:00+00:00,high,0.8,0.8,0.09999999999999998,True,0.09999999999999998,True,,False,0.09999999999999998,1.0,1.0,,primary_high
136063,79,Core CPI m/m,USD,2024-11-13 13:30:00+00:00,high,0.3,0.3,0.0,True,0.0,True,,False,0.09999999999999998,0.0,0.0,,primary_high
153035,933,Core CPI y/y,USD,2024-11-13 13:30:00+00:00,high,3.3,3.3,0.0,True,0.0,True,,False,0.09999999999999964,0.0,0.0,,primary_high
136064,78,CPI m/m,USD,2024-11-13 13:30:00+00:00,high,0.2,0.2,0.0,True,0.0,True,,False,0.05,0.0,0.0,,primary_high
136062,884,CPI y/y,USD,2024-11-13 13:30:00+00:00,high,2.6,2.4,0.0,True,0.0,True,,False,0.09999999999999964,0.0,0.0,,primary_high
137375,73,Employment Change,AUD,2024-11-14 00:30:00+00:00,high,15900.0,64099.99999999999,9300.0,True,9100.0,True,,False,23700.0,0.3924050632911392,0.38396624472573837,,primary_high
137387,64,Unemployment Rate,AUD,2024-11-14 00:30:00+00:00,high,4.1,4.1,0.0,True,0.0,True,,False,0.09999999999999964,0.0,0.0,,primary_high
136029,87,Core PPI m/m,USD,2024-11-14 13:30:00+00:00,high,0.3,0.2,0.0,True,0.0,True,,False,0.2,0.0,0.0,,primary_high
136030,86,PPI m/m,USD,2024-11-14 13:30:00+00:00,high,0.2,0.0,0.0,True,0.0,True,,False,0.2,0.0,0.0,,primary_high
136568,11,Unemployment Claims,USD,2024-11-14 13:30:00+00:00,high,217000.0,221000.0,7000.0,True,6000.0,True,,False,7000.0,1.0,0.8571428571428571,,primary_high
138870,804,GDP m/m,GBP,2024-11-15 07:00:00+00:00,high,-0.1,0.2,0.30000000000000004,True,0.30000000000000004,True,,False,0.2,1.5000000000000002,1.5000000000000002,,primary_high
136165,112,Core Retail Sales m/m,USD,2024-11-15 13:30:00+00:00,high,0.1,0.5,0.19999999999999998,True,0.19999999999999998,True,,False,0.19999999999999998,1.0,1.0,,primary_high
136164,102,Retail Sales m/m,USD,2024-11-15 13:30:00+00:00,high,0.4,0.4,0.10000000000000003,True,0.10000000000000003,True,,False,0.125,0.8000000000000003,0.8000000000000003,,primary_high
138285,80,CPI m/m,CAD,2024-11-19 13:30:00+00:00,high,0.4,-0.4,0.10000000000000003,True,0.10000000000000003,True,,False,0.125,0.8000000000000003,0.8000000000000003,,primary_high
138286,659,Median CPI y/y,CAD,2024-11-19 13:30:00+00:00,high,2.5,2.3,0.10000000000000009,True,,False,,False,0.10000000000000009,1.0,,,primary_high
138287,657,Trimmed CPI y/y,CAD,2024-11-19 13:30:00+00:00,high,2.6,2.4,0.20000000000000018,True,,False,,False,0.09999999999999987,2.0000000000000044,,,primary_high
138793,82,CPI y/y,GBP,2024-11-20 07:00:00+00:00,high,2.3,1.7,0.09999999999999964,True,0.09999999999999964,True,,False,0.10000000000000009,0.9999999999999956,0.9999999999999956,,primary_high
136569,11,Unemployment Claims,USD,2024-11-21 13:30:00+00:00,high,213000.0,217000.0,7000.0,True,7000.0,True,,False,7000.0,1.0,1.0,,primary_high
138918,105,Retail Sales m/m,GBP,2024-11-22 07:00:00+00:00,high,-0.7,0.3,0.39999999999999997,True,0.39999999999999997,True,,False,0.7,0.5714285714285714,0.5714285714285714,,primary_high
134951,268,French Flash Manufacturing PMI,EUR,2024-11-22 08:15:00+00:00,high,43.2,44.5,1.3999999999999986,True,,False,,False,0.9500000000000028,1.47368421052631,,,primary_high
134952,269,French Flash Services PMI,EUR,2024-11-22 08:15:00+00:00,high,45.7,48.3,3.3999999999999986,True,,False,,False,0.7000000000000028,4.8571428571428354,,,primary_high
134953,266,German Flash Manufacturing PMI,EUR,2024-11-22 08:30:00+00:00,high,43.2,42.6,0.10000000000000142,True,,False,,False,0.8999999999999986,0.11111111111111287,,,primary_high
134954,267,German Flash Services PMI,EUR,2024-11-22 08:30:00+00:00,high,49.4,51.4,2.200000000000003,True,,False,,False,1.3999999999999986,1.571428571428575,,,primary_high
134955,837,Flash Manufacturing PMI,GBP,2024-11-22 09:30:00+00:00,high,48.6,50.3,1.3999999999999986,True,,False,,False,1.1000000000000014,1.2727272727272698,,,primary_high
134956,836,Flash Services PMI,GBP,2024-11-22 09:30:00+00:00,high,50.0,51.8,1.8999999999999986,True,,False,,False,1.3999999999999986,1.3571428571428574,,,primary_high
138156,103,Core Retail Sales m/m,CAD,2024-11-22 13:30:00+00:00,high,0.9,-0.7,0.6000000000000001,True,0.4,True,,False,0.625,0.9600000000000002,0.64,,primary_high
138165,104,Retail Sales m/m,CAD,2024-11-22 13:30:00+00:00,high,0.4,0.4,0.0,True,0.0,True,,False,0.12500000000000003,0.0,0.0,,primary_high
138669,552,Flash Manufacturing PMI,USD,2024-11-22 14:45:00+00:00,high,48.8,47.8,0.0,True,,False,,False,0.6000000000000014,0.0,,,primary_high
138668,583,Flash Services PMI,USD,2024-11-22 14:45:00+00:00,high,57.0,55.3,1.7999999999999972,True,,False,,False,1.2499999999999964,1.4400000000000017,,,primary_high
137311,208,CB Consumer Confidence,USD,2024-11-26 15:00:00+00:00,high,111.7,108.7,0.09999999999999432,True,,False,,False,3.0,0.03333333333333144,,,primary_high
137424,888,CPI y/y,AUD,2024-11-27 00:30:00+00:00,high,2.1,2.1,0.3999999999999999,True,0.19999999999999973,True,,False,0.19999999999999973,2.000000000000002,1.0,,primary_high
136468,23,Official Cash Rate,NZD,2024-11-27 01:00:00+00:00,high,4.25,4.75,0.0,True,0.0,True,,False,0.25,0.0,0.0,,primary_high
136218,27,Prelim GDP q/q,USD,2024-11-27 13:30:00+00:00,high,2.8,2.8,0.0,True,0.0,True,,False,0.14999999999999986,0.0,0.0,,primary_high
136570,11,Unemployment Claims,USD,2024-11-27 13:30:00+00:00,high,213000.0,213000.0,2000.0,True,4000.0,True,,False,7000.0,0.2857142857142857,0.5714285714285714,,primary_high
136198,85,Core PCE Price Index m/m,USD,2024-11-27 15:00:00+00:00,high,0.3,0.3,0.0,True,0.0,True,,False,0.09999999999999999,0.0,0.0,,primary_high
139421,169,German Prelim CPI m/m,EUR,2024-11-28 07:29:00+00:00,high,-0.2,0.4,0.0,True,,False,,False,0.05000000000000002,0.0,,,primary_high
138124,29,GDP m/m,CAD,2024-11-29 13:30:00+00:00,high,0.1,0.0,0.19999999999999998,True,0.19999999999999998,True,,False,0.1,1.9999999999999998,1.9999999999999998,,primary_high
136597,252,ISM Manufacturing PMI,USD,2024-12-02 15:00:00+00:00,high,48.4,46.5,0.6999999999999957,True,0.8999999999999986,True,,False,0.6499999999999986,1.0769230769230727,1.3846153846153855,,primary_high
135024,100,CPI m/m,CHF,2024-12-03 07:30:00+00:00,high,-0.1,-0.1,0.0,True,0.0,True,,False,0.1,0.0,0.0,,primary_high
138647,578,JOLTS Job Openings,USD,2024-12-03 15:00:00+00:00,high,7740000.0,7440000.0,230000.0,True,264000.0,True,,False,281000.0,0.8185053380782918,0.9395017793594306,,primary_high
137444,31,GDP q/q,AUD,2024-12-04 00:30:00+00:00,high,0.3,0.2,0.2,True,0.10000000000000003,True,,False,0.15000000000000005,1.333333333333333,0.6666666666666666,,primary_high
136091,75,ADP Non-Farm Employment Change,USD,2024-12-04 13:15:00+00:00,high,146000.0,233000.0,6000.0,True,4000.0,True,,False,25750.0,0.23300970873786409,0.1553398058252427,,primary_high
136621,253,ISM Services PMI,USD,2024-12-04 15:00:00+00:00,high,52.1,56.0,3.6000000000000014,True,3.3999999999999986,True,,False,1.3999999999999986,2.571428571428575,2.42857142857143,,primary_high
136571,11,Unemployment Claims,USD,2024-12-05 13:30:00+00:00,high,224000.0,213000.0,9000.0,True,9000.0,True,,False,7000.0,1.2857142857142858,1.2857142857142858,,primary_high
138148,67,Employment Change,CAD,2024-12-06 13:30:00+00:00,high,50500.0,14500.0,25800.0,True,25500.0,True,,False,46875.0,0.5504,0.544,,primary_high
138138,57,Unemployment Rate,CAD,2024-12-06 13:30:00+00:00,high,6.8,6.5,0.20000000000000018,True,0.20000000000000018,True,,False,0.10000000000000053,1.9999999999999911,1.9999999999999911,,primary_high
136005,159,Average Hourly Earnings m/m,USD,2024-12-06 13:30:00+00:00,high,0.4,0.4,0.10000000000000003,True,0.10000000000000003,True,,False,0.09999999999999998,1.0000000000000007,1.0000000000000007,,primary_high
136007,66,Non-Farm Employment Change,USD,2024-12-06 13:30:00+00:00,high,227000.0,12000.0,9000.0,True,27000.0,True,,False,55000.0,0.16363636363636364,0.4909090909090909,,primary_high
136006,56,Unemployment Rate,USD,2024-12-06 13:30:00+00:00,high,4.2,4.1,0.10000000000000053,True,0.0,True,,False,0.09999999999999964,1.0000000000000089,0.0,,primary_high
136065,79,Core CPI m/m,USD,2024-12-11 13:30:00+00:00,high,0.3,0.3,0.0,True,0.0,True,,False,0.09999999999999998,0.0,0.0,,primary_high
153036,933,Core CPI y/y,USD,2024-12-11 13:30:00+00:00,high,3.3,3.3,0.09999999999999964,True,0.0,True,,False,0.09999999999999964,1.0,0.0,,primary_high
136066,78,CPI m/m,USD,2024-12-11 13:30:00+00:00,high,0.3,0.2,0.0,True,0.0,True,,False,0.05,0.0,0.0,,primary_high
136067,884,CPI y/y,USD,2024-12-11 13:30:00+00:00,high,2.7,2.6,0.0,True,0.0,True,,False,0.09999999999999964,0.0,0.0,,primary_high
137376,73,Employment Change,AUD,2024-12-12 00:30:00+00:00,high,35600.0,15900.0,9600.0,True,10600.0,True,,False,23700.0,0.4050632911392405,0.4472573839662447,,primary_high
137388,64,Unemployment Rate,AUD,2024-12-12 00:30:00+00:00,high,3.9,4.1,0.30000000000000027,True,0.30000000000000027,True,,False,0.09999999999999964,3.0000000000000133,3.0000000000000133,,primary_high
135526,12,Main Refinancing Rate,EUR,2024-12-12 13:15:00+00:00,high,3.15,3.4,0.0,True,0.0,True,,False,0.125,0.0,0.0,,primary_high
136032,87,Core PPI m/m,USD,2024-12-12 13:30:00+00:00,high,0.2,0.3,0.0,True,0.0,True,,False,0.2,0.0,0.0,,primary_high
136031,86,PPI m/m,USD,2024-12-12 13:30:00+00:00,high,0.4,0.2,0.2,True,0.2,True,,False,0.2,1.0,1.0,,primary_high
136572,11,Unemployment Claims,USD,2024-12-12 13:30:00+00:00,high,242000.0,224000.0,21000.0,True,22000.0,True,,False,7000.0,3.0,3.142857142857143,,primary_high
138864,804,GDP m/m,GBP,2024-12-13 07:00:00+00:00,high,-0.1,-0.1,0.2,True,0.2,True,,False,0.2,1.0,1.0,,primary_high
134960,268,French Flash Manufacturing PMI,EUR,2024-12-16 08:15:00+00:00,high,41.9,43.2,1.3000000000000043,True,,False,,False,0.9500000000000028,1.3684210526315794,,,primary_high
134961,269,French Flash Services PMI,EUR,2024-12-16 08:15:00+00:00,high,48.2,45.7,1.3000000000000043,True,,False,,False,0.7000000000000028,1.8571428571428557,,,primary_high
134962,266,German Flash Manufacturing PMI,EUR,2024-12-16 08:30:00+00:00,high,42.5,43.2,0.6000000000000014,True,,False,,False,0.8999999999999986,0.6666666666666693,,,primary_high
134963,267,German Flash Services PMI,EUR,2024-12-16 08:30:00+00:00,high,51.0,49.4,1.5,True,,False,,False,1.3999999999999986,1.0714285714285725,,,primary_high
134966,837,Flash Manufacturing PMI,GBP,2024-12-16 09:30:00+00:00,high,47.3,48.6,1.1000000000000014,True,,False,,False,1.1000000000000014,1.0,,,primary_high
134967,836,Flash Services PMI,GBP,2024-12-16 09:30:00+00:00,high,51.4,50.0,0.5,True,,False,,False,1.3999999999999986,0.3571428571428575,,,primary_high
138671,552,Flash Manufacturing PMI,USD,2024-12-16 14:45:00+00:00,high,48.3,48.8,1.1000000000000014,True,,False,,False,0.6000000000000014,1.8333333333333313,,,primary_high
138670,583,Flash Services PMI,USD,2024-12-16 14:45:00+00:00,high,58.5,57.0,2.799999999999997,True,,False,,False,1.2499999999999964,2.240000000000004,,,primary_high
138727,68,Claimant Count Change,GBP,2024-12-17 07:00:00+00:00,high,300.0,26700.0,27900.0,True,27900.0,True,,False,9600.0,2.90625,2.90625,,primary_high
138289,80,CPI m/m,CAD,2024-12-17 13:30:00+00:00,high,0.0,0.4,0.1,True,0.0,True,,False,0.125,0.8,0.0,,primary_high
138290,659,Median CPI y/y,CAD,2024-12-17 13:30:00+00:00,high,2.6,2.5,0.20000000000000018,True,,False,,False,0.10000000000000009,2.0,,,primary_high
138291,657,Trimmed CPI y/y,CAD,2024-12-17 13:30:00+00:00,high,2.7,2.6,0.10000000000000009,True,,False,,False,0.09999999999999987,1.0000000000000022,,,primary_high
136167,112,Core Retail Sales m/m,USD,2024-12-17 13:30:00+00:00,high,0.2,0.1,0.2,True,0.2,True,,False,0.19999999999999998,1.0000000000000002,1.0000000000000002,,primary_high
136166,102,Retail Sales m/m,USD,2024-12-17 13:30:00+00:00,high,0.7,0.4,0.09999999999999998,True,0.19999999999999996,True,,False,0.125,0.7999999999999998,1.5999999999999996,,primary_high
138802,82,CPI y/y,GBP,2024-12-18 07:00:00+00:00,high,2.6,2.3,0.0,True,0.0,True,,False,0.10000000000000009,0.0,0.0,,primary_high
137513,30,GDP q/q,NZD,2024-12-18 21:45:00+00:00,high,-1.0,-0.2,0.8,True,0.6,True,,False,0.25,3.2,2.4,,primary_high
136226,28,Final GDP q/q,USD,2024-12-19 13:30:00+00:00,high,3.1,2.8,0.30000000000000027,True,0.30000000000000027,True,,False,0.3,1.0000000000000009,1.0000000000000009,,primary_high
136573,11,Unemployment Claims,USD,2024-12-19 13:30:00+00:00,high,220000.0,242000.0,9000.0,True,10000.0,True,,False,7000.0,1.2857142857142858,1.4285714285714286,,primary_high
138919,105,Retail Sales m/m,GBP,2024-12-20 07:00:00+00:00,high,0.2,-0.7,0.3,True,0.3,True,,False,0.7,0.4285714285714286,0.4285714285714286,,primary_high
138157,103,Core Retail Sales m/m,CAD,2024-12-20 13:30:00+00:00,high,0.1,0.9,0.1,True,0.4,True,,False,0.625,0.16,0.64,,primary_high
138166,104,Retail Sales m/m,CAD,2024-12-20 13:30:00+00:00,high,0.6,0.4,0.09999999999999998,True,0.09999999999999998,True,,False,0.12500000000000003,0.7999999999999996,0.7999999999999996,,primary_high
136202,85,Core PCE Price Index m/m,USD,2024-12-20 13:30:00+00:00,high,0.1,0.3,0.1,True,0.1,True,,False,0.09999999999999999,1.0000000000000002,1.0000000000000002,,primary_high
138125,29,GDP m/m,CAD,2024-12-23 13:30:00+00:00,high,0.3,0.1,0.09999999999999998,True,0.19999999999999998,True,,False,0.1,0.9999999999999998,1.9999999999999998,,primary_high
136574,11,Unemployment Claims,USD,2024-12-26 13:30:00+00:00,high,219000.0,220000.0,4000.0,True,5000.0,True,,False,7000.0,0.5714285714285714,0.7142857142857143,,primary_high
141430,11,Unemployment Claims,USD,2025-01-02 13:30:00+00:00,high,211000.0,219000.0,11000.0,True,11000.0,True,,False,7000.0,1.5714285714285714,1.5714285714285714,,primary_high
141134,252,ISM Manufacturing PMI,USD,2025-01-03 15:00:00+00:00,high,49.3,48.4,1.0999999999999943,True,0.8999999999999986,True,,False,0.6499999999999986,1.6923076923076872,1.3846153846153855,,primary_high
143817,169,German Prelim CPI m/m,EUR,2025-01-06 07:29:00+00:00,high,0.4,-0.2,0.10000000000000003,True,,False,,False,0.05000000000000002,2.0,,,primary_high
140728,100,CPI m/m,CHF,2025-01-07 07:30:00+00:00,high,-0.1,-0.1,0.0,True,0.0,True,,False,0.1,0.0,0.0,,primary_high
141158,253,ISM Services PMI,USD,2025-01-07 15:00:00+00:00,high,54.1,52.1,0.6000000000000014,True,0.8000000000000043,True,,False,1.3999999999999986,0.42857142857143005,0.5714285714285751,,primary_high
143891,578,JOLTS Job Openings,USD,2025-01-07 15:00:00+00:00,high,8100000.0,7740000.0,370000.0,True,398000.00000000093,True,,False,281000.0,1.3167259786476868,1.416370106761569,,primary_high
144082,888,CPI y/y,AUD,2025-01-08 00:30:00+00:00,high,2.3,2.1,0.09999999999999964,True,0.09999999999999964,True,,False,0.19999999999999973,0.4999999999999989,0.4999999999999989,,primary_high
142719,75,ADP Non-Farm Employment Change,USD,2025-01-08 13:15:00+00:00,high,122000.0,146000.0,17000.0,True,18000.0,True,,False,25750.0,0.6601941747572816,0.6990291262135923,,primary_high
141431,11,Unemployment Claims,USD,2025-01-08 13:30:00+00:00,high,201000.0,211000.0,13000.0,True,17000.0,True,,False,7000.0,1.8571428571428572,2.4285714285714284,,primary_high
144968,67,Employment Change,CAD,2025-01-10 13:30:00+00:00,high,90900.0,50500.0,66000.0,True,65900.0,True,,False,46875.0,1.408,1.4058666666666666,,primary_high
144980,57,Unemployment Rate,CAD,2025-01-10 13:30:00+00:00,high,6.7,6.8,0.20000000000000018,True,0.20000000000000018,True,,False,0.10000000000000053,1.9999999999999911,1.9999999999999911,,primary_high
142589,159,Average Hourly Earnings m/m,USD,2025-01-10 13:30:00+00:00,high,0.3,0.4,0.0,True,0.0,True,,False,0.09999999999999998,0.0,0.0,,primary_high
142565,66,Non-Farm Employment Change,USD,2025-01-10 13:30:00+00:00,high,256000.0,227000.0,92000.0,True,96000.0,True,,False,55000.0,1.6727272727272726,1.7454545454545454,,primary_high
142577,56,Unemployment Rate,USD,2025-01-10 13:30:00+00:00,high,4.1,4.2,0.10000000000000053,True,0.10000000000000053,True,,False,0.09999999999999964,1.0000000000000089,1.0000000000000089,,primary_high
142619,87,Core PPI m/m,USD,2025-01-14 13:30:00+00:00,high,0.0,0.2,0.2,True,0.3,True,,False,0.2,1.0,1.4999999999999998,,primary_high
142606,86,PPI m/m,USD,2025-01-14 13:30:00+00:00,high,0.2,0.4,0.2,True,0.09999999999999998,True,,False,0.2,1.0,0.4999999999999999,,primary_high
143567,82,CPI y/y,GBP,2025-01-15 07:00:00+00:00,high,2.5,2.6,0.10000000000000009,True,0.20000000000000018,True,,False,0.10000000000000009,1.0,2.0,,primary_high
142655,79,Core CPI m/m,USD,2025-01-15 13:30:00+00:00,high,0.2,0.3,0.09999999999999998,True,0.0,True,,False,0.09999999999999998,1.0,0.0,,primary_high
153037,933,Core CPI y/y,USD,2025-01-15 13:30:00+00:00,high,3.2,3.3,0.09999999999999964,True,0.09999999999999964,True,,False,0.09999999999999964,1.0,1.0,,primary_high
142631,78,CPI m/m,USD,2025-01-15 13:30:00+00:00,high,0.4,0.3,0.0,True,0.10000000000000003,True,,False,0.05,0.0,2.0000000000000004,,primary_high
142643,884,CPI y/y,USD,2025-01-15 13:30:00+00:00,high,2.9,2.7,0.0,True,0.0,True,,False,0.09999999999999964,0.0,0.0,,primary_high
144156,73,Employment Change,AUD,2025-01-16 00:30:00+00:00,high,56300.0,35600.0,41800.0,True,41300.0,True,,False,23700.0,1.7637130801687764,1.7426160337552743,,primary_high
144168,64,Unemployment Rate,AUD,2025-01-16 00:30:00+00:00,high,4.0,3.9,0.0,True,0.0,True,,False,0.09999999999999964,0.0,0.0,,primary_high
143688,804,GDP m/m,GBP,2025-01-16 07:00:00+00:00,high,0.1,-0.1,0.1,True,0.1,True,,False,0.2,0.5,0.5,,primary_high
142345,112,Core Retail Sales m/m,USD,2025-01-16 13:30:00+00:00,high,0.4,0.2,0.09999999999999998,True,0.19999999999999996,True,,False,0.19999999999999998,0.49999999999999994,0.9999999999999999,,primary_high
142332,102,Retail Sales m/m,USD,2025-01-16 13:30:00+00:00,high,0.4,0.7,0.19999999999999996,True,0.0,True,,False,0.125,1.5999999999999996,0.0,,primary_high
141432,11,Unemployment Claims,USD,2025-01-16 13:30:00+00:00,high,217000.0,201000.0,7000.0,True,7000.0,True,,False,7000.0,1.0,1.0,,primary_high
143664,105,Retail Sales m/m,GBP,2025-01-17 07:00:00+00:00,high,-0.3,0.2,0.7,True,0.7,True,,False,0.7,1.0,1.0,,primary_high
143781,68,Claimant Count Change,GBP,2025-01-21 07:00:00+00:00,high,700.0,300.0,9600.0,True,9600.0,True,,False,9600.0,1.0,1.0,,primary_high
145120,80,CPI m/m,CAD,2025-01-21 13:30:00+00:00,high,-0.4,0.0,0.29999999999999993,True,0.0,True,,False,0.125,2.3999999999999995,0.0,,primary_high
145135,659,Median CPI y/y,CAD,2025-01-21 13:30:00+00:00,high,2.4,2.6,0.10000000000000009,True,,False,,False,0.10000000000000009,1.0,,,primary_high
145134,657,Trimmed CPI y/y,CAD,2025-01-21 13:30:00+00:00,high,2.5,2.7,0.0,True,,False,,False,0.09999999999999987,0.0,,,primary_high
144851,173,CPI q/q,NZD,2025-01-21 21:45:00+00:00,high,0.5,0.6,0.0,True,0.0,True,,False,0.09999999999999998,0.0,0.0,,primary_high
145044,103,Core Retail Sales m/m,CAD,2025-01-23 13:30:00+00:00,high,-0.7,0.1,0.7999999999999999,True,0.7999999999999999,True,,False,0.625,1.2799999999999998,1.2799999999999998,,primary_high
145032,104,Retail Sales m/m,CAD,2025-01-23 13:30:00+00:00,high,0.0,0.6,0.2,True,0.2,True,,False,0.12500000000000003,1.5999999999999996,1.5999999999999996,,primary_high
141433,11,Unemployment Claims,USD,2025-01-23 13:30:00+00:00,high,223000.0,217000.0,2000.0,True,3000.0,True,,False,7000.0,0.2857142857142857,0.42857142857142855,,primary_high
141046,268,French Flash Manufacturing PMI,EUR,2025-01-24 08:15:00+00:00,high,45.3,41.9,2.8999999999999986,True,,False,,False,0.9500000000000028,3.052631578947358,,,primary_high
141047,269,French Flash Services PMI,EUR,2025-01-24 08:15:00+00:00,high,48.9,48.2,0.3999999999999986,True,,False,,False,0.7000000000000028,0.5714285714285671,,,primary_high
142159,266,German Flash Manufacturing PMI,EUR,2025-01-24 08:30:00+00:00,high,44.1,42.5,1.3999999999999986,True,,False,,False,0.8999999999999986,1.5555555555555565,,,primary_high
142160,267,German Flash Services PMI,EUR,2025-01-24 08:30:00+00:00,high,52.5,51.0,1.3999999999999986,True,,False,,False,1.3999999999999986,1.0,,,primary_high
142161,837,Flash Manufacturing PMI,GBP,2025-01-24 09:30:00+00:00,high,48.2,47.3,1.3000000000000043,True,,False,,False,1.1000000000000014,1.181818181818184,,,primary_high
142162,836,Flash Services PMI,GBP,2025-01-24 09:30:00+00:00,high,51.2,51.4,0.4000000000000057,True,,False,,False,1.3999999999999986,0.2857142857142901,,,primary_high
143927,552,Flash Manufacturing PMI,USD,2025-01-24 14:45:00+00:00,high,50.1,48.3,0.30000000000000426,True,,False,,False,0.6000000000000014,0.5000000000000059,,,primary_high
143939,583,Flash Services PMI,USD,2025-01-24 14:45:00+00:00,high,52.8,58.5,3.6000000000000014,True,,False,,False,1.2499999999999964,2.880000000000009,,,primary_high
141243,208,CB Consumer Confidence,USD,2025-01-28 15:00:00+00:00,high,104.1,104.7,1.6000000000000085,True,,False,,False,3.0,0.5333333333333362,,,primary_high
141629,98,CPI m/m,AUD,2025-01-29 00:30:00+00:00,high,0.2,0.2,0.09999999999999998,True,,True,,False,0.17499999999999996,0.5714285714285714,,,primary_high
144083,888,CPI y/y,AUD,2025-01-29 00:30:00+00:00,high,2.5,2.3,0.0,True,0.0,True,,False,0.19999999999999973,0.0,0.0,,primary_high
141633,99,Trimmed Mean CPI m/m,AUD,2025-01-29 00:30:00+00:00,high,0.5,0.8,0.09999999999999998,True,0.09999999999999998,True,,False,0.09999999999999998,1.0,1.0,,primary_high
142924,12,Main Refinancing Rate,EUR,2025-01-30 13:15:00+00:00,high,2.9,3.15,0.0,True,0.0,True,,False,0.125,0.0,0.0,,primary_high
142541,2,Advance GDP q/q,USD,2025-01-30 13:30:00+00:00,high,2.3,2.8,0.40000000000000036,True,,True,,False,0.5,0.8000000000000007,,,primary_high
141434,11,Unemployment Claims,USD,2025-01-30 13:30:00+00:00,high,207000.0,223000.0,17000.0,True,13000.0,True,,False,7000.0,2.4285714285714284,1.8571428571428572,,primary_high
142884,169,German Prelim CPI m/m,EUR,2025-01-31 07:29:00+00:00,high,-0.2,0.4,0.30000000000000004,True,,False,,False,0.05000000000000002,5.999999999999999,,,primary_high
144956,29,GDP m/m,CAD,2025-01-31 13:30:00+00:00,high,-0.2,0.3,0.1,True,0.1,True,,False,0.1,1.0,1.0,,primary_high
142505,85,Core PCE Price Index m/m,USD,2025-01-31 13:30:00+00:00,high,0.2,0.1,0.0,True,0.0,True,,False,0.09999999999999999,0.0,0.0,,primary_high
142601,179,Employment Cost Index q/q,USD,2025-01-31 13:30:00+00:00,high,0.9,0.8,0.0,True,0.0,True,,False,0.09999999999999998,0.0,0.0,,primary_high
141135,252,ISM Manufacturing PMI,USD,2025-02-03 15:00:00+00:00,high,50.9,49.3,1.6000000000000014,True,1.1000000000000014,True,,False,0.6499999999999986,2.4615384615384692,1.6923076923076983,,primary_high
143892,578,JOLTS Job Openings,USD,2025-02-04 15:00:00+00:00,high,7600000.0,8100000.0,410000.0,True,400000.0,True,,False,281000.0,1.4590747330960854,1.4234875444839858,,primary_high
141740,74,Employment Change q/q,NZD,2025-02-04 21:45:00+00:00,high,-0.1,-0.5,0.1,True,0.1,True,,False,0.09999999999999999,1.0000000000000002,1.0000000000000002,,primary_high
141744,65,Unemployment Rate,NZD,2025-02-04 21:45:00+00:00,high,5.1,4.8,0.0,True,0.0,True,,False,0.10000000000000053,0.0,0.0,,primary_high
142720,75,ADP Non-Farm Employment Change,USD,2025-02-05 13:15:00+00:00,high,183000.0,122000.0,35000.0,True,33000.0,True,,False,25750.0,1.3592233009708738,1.2815533980582525,,primary_high
141159,253,ISM Services PMI,USD,2025-02-05 15:00:00+00:00,high,52.8,54.1,1.4000000000000057,True,1.5,True,,False,1.3999999999999986,1.000000000000005,1.0714285714285725,,primary_high
141435,11,Unemployment Claims,USD,2025-02-06 13:30:00+00:00,high,219000.0,207000.0,5000.0,True,6000.0,True,,False,7000.0,0.7142857142857143,0.8571428571428571,,primary_high
144969,67,Employment Change,CAD,2025-02-07 13:30:00+00:00,high,76000.0,90900.0,50500.0,True,51000.0,True,,False,46875.0,1.0773333333333333,1.088,,primary_high
144981,57,Unemployment Rate,CAD,2025-02-07 13:30:00+00:00,high,6.6,6.7,0.20000000000000018,True,0.20000000000000018,True,,False,0.10000000000000053,1.9999999999999911,1.9999999999999911,,primary_high
142590,159,Average Hourly Earnings m/m,USD,2025-02-07 13:30:00+00:00,high,0.5,0.3,0.2,True,0.2,True,,False,0.09999999999999998,2.0000000000000004,2.0000000000000004,,primary_high
142566,66,Non-Farm Employment Change,USD,2025-02-07 13:30:00+00:00,high,143000.0,256000.0,26000.0,True,27000.0,True,,False,55000.0,0.4727272727272727,0.4909090909090909,,primary_high
142578,56,Unemployment Rate,USD,2025-02-07 13:30:00+00:00,high,4.0,4.1,0.09999999999999964,True,0.09999999999999964,True,,False,0.09999999999999964,1.0,1.0,,primary_high
142656,79,Core CPI m/m,USD,2025-02-12 13:30:00+00:00,high,0.4,0.2,0.10000000000000003,True,0.10000000000000003,True,,False,0.09999999999999998,1.0000000000000007,1.0000000000000007,,primary_high
153038,933,Core CPI y/y,USD,2025-02-12 13:30:00+00:00,high,3.3,3.2,0.19999999999999973,True,0.19999999999999973,True,,False,0.09999999999999964,2.0000000000000044,2.0000000000000044,,primary_high
142632,78,CPI m/m,USD,2025-02-12 13:30:00+00:00,high,0.5,0.4,0.2,True,0.2,True,,False,0.05,4.0,4.0,,primary_high
142644,884,CPI y/y,USD,2025-02-12 13:30:00+00:00,high,3.0,2.9,0.10000000000000009,True,0.10000000000000009,True,,False,0.09999999999999964,1.0000000000000044,1.0000000000000044,,primary_high
144789,309,Inflation Expectations q/q,NZD,2025-02-13 02:00:00+00:00,high,2.06,2.12,,True,,True,,False,0.07500000000000018,,,,primary_high
143694,804,GDP m/m,GBP,2025-02-13 07:00:00+00:00,high,0.4,0.1,0.30000000000000004,True,0.30000000000000004,True,,False,0.2,1.5000000000000002,1.5000000000000002,,primary_high
140729,100,CPI m/m,CHF,2025-02-13 07:30:00+00:00,high,-0.1,-0.1,0.0,True,0.0,True,,False,0.1,0.0,0.0,,primary_high
142620,87,Core PPI m/m,USD,2025-02-13 13:30:00+00:00,high,0.3,0.0,0.0,True,0.0,True,,False,0.2,0.0,0.0,,primary_high
142608,86,PPI m/m,USD,2025-02-13 13:30:00+00:00,high,0.4,0.2,0.10000000000000003,True,0.10000000000000003,True,,False,0.2,0.5000000000000001,0.5000000000000001,,primary_high
141436,11,Unemployment Claims,USD,2025-02-13 13:30:00+00:00,high,213000.0,219000.0,4000.0,True,2000.0,True,,False,7000.0,0.5714285714285714,0.2857142857142857,,primary_high
142346,112,Core Retail Sales m/m,USD,2025-02-14 13:30:00+00:00,high,-0.4,0.4,0.7,True,0.7,True,,False,0.19999999999999998,3.5,3.5,,primary_high
142334,102,Retail Sales m/m,USD,2025-02-14 13:30:00+00:00,high,-0.9,0.4,0.7,True,0.8,True,,False,0.125,5.6,6.4,,primary_high
143783,68,Claimant Count Change,GBP,2025-02-18 07:00:00+00:00,high,22000.0,700.0,12000.0,True,12000.0,True,,False,9600.0,1.25,1.25,,primary_high
145121,80,CPI m/m,CAD,2025-02-18 13:30:00+00:00,high,0.1,-0.4,0.0,True,0.0,True,,False,0.125,0.0,0.0,,primary_high
145138,659,Median CPI y/y,CAD,2025-02-18 13:30:00+00:00,high,2.7,2.4,0.20000000000000018,True,,False,,False,0.10000000000000009,2.0,,,primary_high
145139,657,Trimmed CPI y/y,CAD,2025-02-18 13:30:00+00:00,high,2.7,2.5,0.10000000000000009,True,,False,,False,0.09999999999999987,1.0000000000000022,,,primary_high
141625,182,Wage Price Index q/q,AUD,2025-02-19 00:30:00+00:00,high,0.7,0.8,0.10000000000000009,True,0.10000000000000009,True,,False,0.09999999999999998,1.000000000000001,1.000000000000001,,primary_high
141364,23,Official Cash Rate,NZD,2025-02-19 01:00:00+00:00,high,3.75,4.25,0.0,True,0.0,True,,False,0.25,0.0,0.0,,primary_high
143572,82,CPI y/y,GBP,2025-02-19 07:00:00+00:00,high,3.0,2.5,0.20000000000000018,True,0.20000000000000018,True,,False,0.10000000000000009,2.0,2.0,,primary_high
144157,73,Employment Change,AUD,2025-02-20 00:30:00+00:00,high,44000.0,56300.0,24600.0,True,24000.0,True,,False,23700.0,1.0379746835443038,1.0126582278481013,,primary_high
144169,64,Unemployment Rate,AUD,2025-02-20 00:30:00+00:00,high,4.1,4.0,0.0,True,0.0,True,,False,0.09999999999999964,0.0,0.0,,primary_high
141437,11,Unemployment Claims,USD,2025-02-20 13:30:00+00:00,high,219000.0,213000.0,4000.0,True,4000.0,True,,False,7000.0,0.5714285714285714,0.5714285714285714,,primary_high
143665,105,Retail Sales m/m,GBP,2025-02-21 07:00:00+00:00,high,1.7,-0.3,1.2999999999999998,True,1.4,True,,False,0.7,1.857142857142857,2.0,,primary_high
141048,268,French Flash Manufacturing PMI,EUR,2025-02-21 08:15:00+00:00,high,45.5,45.3,0.20000000000000284,True,,False,,False,0.9500000000000028,0.21052631578947606,,,primary_high
141049,269,French Flash Services PMI,EUR,2025-02-21 08:15:00+00:00,high,44.5,48.9,4.299999999999997,True,,False,,False,0.7000000000000028,6.142857142857114,,,primary_high
142165,266,German Flash Manufacturing PMI,EUR,2025-02-21 08:30:00+00:00,high,46.1,44.1,0.7000000000000028,True,,False,,False,0.8999999999999986,0.7777777777777821,,,primary_high
142166,267,German Flash Services PMI,EUR,2025-02-21 08:30:00+00:00,high,52.2,52.5,0.19999999999999574,True,,False,,False,1.3999999999999986,0.14285714285713996,,,primary_high
142167,837,Flash Manufacturing PMI,GBP,2025-02-21 09:30:00+00:00,high,46.4,48.2,2.1000000000000014,True,,False,,False,1.1000000000000014,1.9090909090909078,,,primary_high
142168,836,Flash Services PMI,GBP,2025-02-21 09:30:00+00:00,high,51.1,51.2,0.30000000000000426,True,,False,,False,1.3999999999999986,0.21428571428571755,,,primary_high
145045,103,Core Retail Sales m/m,CAD,2025-02-21 13:30:00+00:00,high,2.7,-0.7,1.0000000000000002,True,0.9000000000000001,True,,False,0.625,1.6000000000000003,1.4400000000000002,,primary_high
145033,104,Retail Sales m/m,CAD,2025-02-21 13:30:00+00:00,high,2.5,0.0,1.0,True,0.8999999999999999,True,,False,0.12500000000000003,7.999999999999998,7.1999999999999975,,primary_high
143928,552,Flash Manufacturing PMI,USD,2025-02-21 14:45:00+00:00,high,51.6,50.1,0.30000000000000426,True,,False,,False,0.6000000000000014,0.5000000000000059,,,primary_high
143940,583,Flash Services PMI,USD,2025-02-21 14:45:00+00:00,high,49.7,52.8,3.299999999999997,True,,False,,False,1.2499999999999964,2.640000000000005,,,primary_high
144084,888,CPI y/y,AUD,2025-02-26 00:30:00+00:00,high,2.5,2.5,0.10000000000000009,True,0.10000000000000009,True,,False,0.19999999999999973,0.5000000000000011,0.5000000000000011,,primary_high
142557,27,Prelim GDP q/q,USD,2025-02-27 13:30:00+00:00,high,2.3,2.3,0.0,True,0.0,True,,False,0.14999999999999986,0.0,0.0,,primary_high
141438,11,Unemployment Claims,USD,2025-02-27 13:30:00+00:00,high,242000.0,219000.0,20000.0,True,21000.0,True,,False,7000.0,2.857142857142857,3.0,,primary_high
142885,169,German Prelim CPI m/m,EUR,2025-02-28 07:29:00+00:00,high,0.4,-0.2,0.0,True,,False,,False,0.05000000000000002,0.0,,,primary_high
144957,29,GDP m/m,CAD,2025-02-28 13:30:00+00:00,high,0.2,-0.2,0.09999999999999998,True,0.09999999999999998,True,,False,0.1,0.9999999999999998,0.9999999999999998,,primary_high
142506,85,Core PCE Price Index m/m,USD,2025-02-28 13:30:00+00:00,high,0.3,0.2,0.0,True,0.0,True,,False,0.09999999999999999,0.0,0.0,,primary_high
141136,252,ISM Manufacturing PMI,USD,2025-03-03 15:00:00+00:00,high,50.3,50.9,0.30000000000000426,True,0.20000000000000284,True,,False,0.6499999999999986,0.4615384615384691,0.30769230769231276,,primary_high
141617,31,GDP q/q,AUD,2025-03-05 00:30:00+00:00,high,0.6,0.3,0.0,True,0.09999999999999998,True,,False,0.15000000000000005,0.0,0.6666666666666663,,primary_high
140730,100,CPI m/m,CHF,2025-03-05 07:30:00+00:00,high,0.6,-0.1,0.09999999999999998,True,0.09999999999999998,True,,False,0.1,0.9999999999999998,0.9999999999999998,,primary_high
142721,75,ADP Non-Farm Employment Change,USD,2025-03-05 13:15:00+00:00,high,77000.0,183000.0,64000.0,True,63000.0,True,,False,25750.0,2.4854368932038833,2.4466019417475726,,primary_high
141160,253,ISM Services PMI,USD,2025-03-05 15:00:00+00:00,high,53.5,52.8,1.0,True,0.8999999999999986,True,,False,1.3999999999999986,0.714285714285715,0.6428571428571425,,primary_high
142927,12,Main Refinancing Rate,EUR,2025-03-06 13:15:00+00:00,high,2.65,2.9,0.0,True,0.0,True,,False,0.125,0.0,0.0,,primary_high
141439,11,Unemployment Claims,USD,2025-03-06 13:30:00+00:00,high,221000.0,242000.0,13000.0,True,14000.0,True,,False,7000.0,1.8571428571428572,2.0,,primary_high
144970,67,Employment Change,CAD,2025-03-07 13:30:00+00:00,high,1100.0,76000.0,18600.0,True,18900.0,True,,False,46875.0,0.3968,0.4032,,primary_high
144982,57,Unemployment Rate,CAD,2025-03-07 13:30:00+00:00,high,6.6,6.6,0.10000000000000053,True,0.10000000000000053,True,,False,0.10000000000000053,1.0,1.0,,primary_high
142591,159,Average Hourly Earnings m/m,USD,2025-03-07 13:30:00+00:00,high,0.3,0.5,0.0,True,0.0,True,,False,0.09999999999999998,0.0,0.0,,primary_high
142567,66,Non-Farm Employment Change,USD,2025-03-07 13:30:00+00:00,high,151000.0,143000.0,8000.0,True,9000.0,True,,False,55000.0,0.14545454545454545,0.16363636363636364,,primary_high
142579,56,Unemployment Rate,USD,2025-03-07 13:30:00+00:00,high,4.1,4.0,0.09999999999999964,True,0.09999999999999964,True,,False,0.09999999999999964,1.0,1.0,,primary_high
143893,578,JOLTS Job Openings,USD,2025-03-11 14:00:00+00:00,high,7740000.0,7600000.0,90000.0,True,110000.0,True,90000.0,True,281000.0,0.3202846975088968,0.3914590747330961,0.3202846975088968,primary_high
142657,79,Core CPI m/m,USD,2025-03-12 12:30:00+00:00,high,0.2,0.4,0.09999999999999998,True,0.09999999999999998,True,0.09999999999999998,True,0.09999999999999998,1.0,1.0,1.0,primary_high
153039,933,Core CPI y/y,USD,2025-03-12 12:30:00+00:00,high,3.1,3.3,0.10000000000000009,True,0.10000000000000009,True,0.10000000000000009,True,0.09999999999999964,1.0000000000000044,1.0000000000000044,1.0000000000000044,primary_high
142633,78,CPI m/m,USD,2025-03-12 12:30:00+00:00,high,0.2,0.5,0.09999999999999998,True,0.09999999999999998,True,0.09999999999999998,True,0.05,1.9999999999999996,1.9999999999999996,1.9999999999999996,primary_high
142645,884,CPI y/y,USD,2025-03-12 12:30:00+00:00,high,2.8,3.0,0.10000000000000009,True,0.10000000000000009,True,0.10000000000000009,True,0.09999999999999964,1.0000000000000044,1.0000000000000044,1.0000000000000044,primary_high
142621,87,Core PPI m/m,USD,2025-03-13 12:30:00+00:00,high,-0.1,0.3,0.4,True,0.4,True,0.4,True,0.2,2.0,2.0,2.0,primary_high
142609,86,PPI m/m,USD,2025-03-13 12:30:00+00:00,high,0.0,0.4,0.3,True,0.3,True,0.3,True,0.2,1.4999999999999998,1.4999999999999998,1.4999999999999998,primary_high
141440,11,Unemployment Claims,USD,2025-03-13 12:30:00+00:00,high,220000.0,221000.0,6000.0,True,5000.0,True,6000.0,True,7000.0,0.8571428571428571,0.7142857142857143,0.8571428571428571,primary_high
143701,804,GDP m/m,GBP,2025-03-14 07:00:00+00:00,high,-0.1,0.4,0.2,True,0.2,True,0.2,True,0.2,1.0,1.0,1.0,primary_high
141260,53,Prelim UoM Consumer Sentiment,USD,2025-03-14 14:00:00+00:00,high,57.9,67.8,5.200000000000003,True,5.200000000000003,True,5.200000000000003,True,2.5500000000000043,2.0392156862745074,2.0392156862745074,2.0392156862745074,primary_high
141259,236,Prelim UoM Inflation Expectations,USD,2025-03-14 14:00:00+00:00,high,4.9,4.3,,True,,True,,True,0.5,,,,primary_high
142347,112,Core Retail Sales m/m,USD,2025-03-17 12:30:00+00:00,high,0.3,-0.4,0.0,True,0.2,True,0.0,True,0.19999999999999998,0.0,1.0000000000000002,0.0,primary_high
142335,102,Retail Sales m/m,USD,2025-03-17 12:30:00+00:00,high,0.2,-0.9,0.39999999999999997,True,0.49999999999999994,True,0.39999999999999997,True,0.125,3.1999999999999997,3.9999999999999996,3.1999999999999997,primary_high
145122,80,CPI m/m,CAD,2025-03-18 12:30:00+00:00,high,1.1,0.1,0.5000000000000001,True,0.5000000000000001,True,0.5000000000000001,True,0.125,4.000000000000001,4.000000000000001,4.000000000000001,primary_high
145142,659,Median CPI y/y,CAD,2025-03-18 12:30:00+00:00,high,2.9,2.7,0.19999999999999973,True,,False,0.19999999999999973,True,0.10000000000000009,1.9999999999999956,,1.9999999999999956,primary_high
145143,657,Trimmed CPI y/y,CAD,2025-03-18 12:30:00+00:00,high,2.9,2.7,0.10000000000000009,True,,False,0.10000000000000009,True,0.09999999999999987,1.0000000000000022,,1.0000000000000022,primary_high
144811,30,GDP q/q,NZD,2025-03-19 21:45:00+00:00,high,0.7,-1.0,0.29999999999999993,True,0.29999999999999993,True,0.29999999999999993,True,0.25,1.1999999999999997,1.1999999999999997,1.1999999999999997,primary_high
144158,73,Employment Change,AUD,2025-03-20 00:30:00+00:00,high,-52800.0,44000.0,83600.0,True,82800.0,True,83600.0,True,23700.0,3.5274261603375527,3.4936708860759493,3.5274261603375527,primary_high
144170,64,Unemployment Rate,AUD,2025-03-20 00:30:00+00:00,high,4.1,4.1,0.0,True,0.0,True,0.0,True,0.09999999999999964,0.0,0.0,0.0,primary_high
143788,68,Claimant Count Change,GBP,2025-03-20 07:00:00+00:00,high,44200.0,22000.0,36300.0,True,36300.0,True,36300.0,True,9600.0,3.78125,3.78125,3.78125,primary_high
141441,11,Unemployment Claims,USD,2025-03-20 12:30:00+00:00,high,223000.0,220000.0,1000.0,True,1000.0,True,1000.0,True,7000.0,0.14285714285714285,0.14285714285714285,0.14285714285714285,primary_high
145046,103,Core Retail Sales m/m,CAD,2025-03-21 12:30:00+00:00,high,0.2,2.7,0.30000000000000004,True,0.4,True,0.30000000000000004,True,0.625,0.4800000000000001,0.64,0.4800000000000001,primary_high
145034,104,Retail Sales m/m,CAD,2025-03-21 12:30:00+00:00,high,-0.6,2.5,0.19999999999999996,True,0.19999999999999996,True,0.19999999999999996,True,0.12500000000000003,1.5999999999999992,1.5999999999999992,1.5999999999999992,primary_high
141051,268,French Flash Manufacturing PMI,EUR,2025-03-24 08:15:00+00:00,high,48.9,45.5,2.6999999999999957,True,,False,2.6999999999999957,True,0.9500000000000028,2.842105263157882,,2.842105263157882,primary_high
141050,269,French Flash Services PMI,EUR,2025-03-24 08:15:00+00:00,high,46.6,44.5,0.30000000000000426,True,,False,0.30000000000000426,True,0.7000000000000028,0.42857142857143293,,0.42857142857143293,primary_high
142171,266,German Flash Manufacturing PMI,EUR,2025-03-24 08:30:00+00:00,high,48.3,46.1,1.1999999999999957,True,,False,1.1999999999999957,True,0.8999999999999986,1.3333333333333306,,1.3333333333333306,primary_high
142172,267,German Flash Services PMI,EUR,2025-03-24 08:30:00+00:00,high,50.2,52.2,2.0999999999999943,True,,False,2.0999999999999943,True,1.3999999999999986,1.4999999999999976,,1.4999999999999976,primary_high
142173,837,Flash Manufacturing PMI,GBP,2025-03-24 09:30:00+00:00,high,44.6,46.4,2.6999999999999957,True,,False,2.6999999999999957,True,1.1000000000000014,2.4545454545454475,,2.4545454545454475,primary_high
142174,836,Flash Services PMI,GBP,2025-03-24 09:30:00+00:00,high,53.2,51.1,2.0,True,,False,2.0,True,1.3999999999999986,1.42857142857143,,1.42857142857143,primary_high
143929,552,Flash Manufacturing PMI,USD,2025-03-24 13:45:00+00:00,high,49.8,51.6,2.1000000000000014,True,,False,2.1000000000000014,True,0.6000000000000014,3.4999999999999942,,3.4999999999999942,primary_high
143941,583,Flash Services PMI,USD,2025-03-24 13:45:00+00:00,high,54.3,49.7,3.0999999999999943,True,,False,3.0999999999999943,True,1.2499999999999964,2.4800000000000026,,2.4800000000000026,primary_high
144085,888,CPI y/y,AUD,2025-03-26 00:30:00+00:00,high,2.4,2.5,0.10000000000000009,True,0.10000000000000009,True,,False,0.19999999999999973,0.5000000000000011,0.5000000000000011,,primary_high
143579,82,CPI y/y,GBP,2025-03-26 07:00:00+00:00,high,2.8,3.0,0.20000000000000018,True,0.10000000000000009,True,0.20000000000000018,True,0.10000000000000009,2.0,1.0,2.0,primary_high
142549,28,Final GDP q/q,USD,2025-03-27 12:30:00+00:00,high,2.4,2.3,0.10000000000000009,True,0.0,True,0.10000000000000009,True,0.3,0.33333333333333365,0.0,0.33333333333333365,primary_high
141442,11,Unemployment Claims,USD,2025-03-27 12:30:00+00:00,high,224000.0,223000.0,1000.0,True,1000.0,True,1000.0,True,7000.0,0.14285714285714285,0.14285714285714285,0.14285714285714285,primary_high
143666,105,Retail Sales m/m,GBP,2025-03-28 07:00:00+00:00,high,1.0,1.7,1.3,True,1.3,True,1.3,True,0.7,1.8571428571428574,1.8571428571428574,1.8571428571428574,primary_high
144958,29,GDP m/m,CAD,2025-03-28 12:30:00+00:00,high,0.4,0.2,0.10000000000000003,True,0.10000000000000003,True,0.2,True,0.1,1.0000000000000002,1.0000000000000002,2.0,primary_high
142507,85,Core PCE Price Index m/m,USD,2025-03-28 12:30:00+00:00,high,0.4,0.3,0.10000000000000003,True,0.10000000000000003,True,0.10000000000000003,True,0.09999999999999999,1.0000000000000004,1.0000000000000004,1.0000000000000004,primary_high
142886,169,German Prelim CPI m/m,EUR,2025-03-31 06:29:00+00:00,high,0.3,0.4,0.0,True,,False,,False,0.05000000000000002,0.0,,,primary_high
141137,252,ISM Manufacturing PMI,USD,2025-04-01 14:00:00+00:00,high,49.0,50.3,0.5,True,0.5,True,0.5,True,0.6499999999999986,0.7692307692307709,0.7692307692307709,0.7692307692307709,primary_high
143894,578,JOLTS Job Openings,USD,2025-04-01 14:00:00+00:00,high,7570000.0,7740000.0,120000.0,True,62000.0,True,122000.0,True,281000.0,0.42704626334519574,0.2206405693950178,0.43416370106761565,primary_high
142722,75,ADP Non-Farm Employment Change,USD,2025-04-02 12:15:00+00:00,high,155000.0,77000.0,37000.0,True,50000.0,True,,False,25750.0,1.4368932038834952,1.941747572815534,,primary_high
140731,100,CPI m/m,CHF,2025-04-03 06:30:00+00:00,high,0.0,0.6,0.1,True,0.0,True,0.1,True,0.1,1.0,0.0,1.0,primary_high
141443,11,Unemployment Claims,USD,2025-04-03 12:30:00+00:00,high,219000.0,224000.0,6000.0,True,6000.0,True,6000.0,True,7000.0,0.8571428571428571,0.8571428571428571,0.8571428571428571,primary_high
141161,253,ISM Services PMI,USD,2025-04-03 14:00:00+00:00,high,50.8,53.5,2.200000000000003,True,2.200000000000003,True,2.200000000000003,True,1.3999999999999986,1.571428571428575,1.571428571428575,1.571428571428575,primary_high
144971,67,Employment Change,CAD,2025-04-04 12:30:00+00:00,high,-32600.0,1100.0,43000.0,True,44600.0,True,43000.0,True,46875.0,0.9173333333333333,0.9514666666666667,0.9173333333333333,primary_high
144983,57,Unemployment Rate,CAD,2025-04-04 12:30:00+00:00,high,6.7,6.6,0.0,True,0.0,True,0.0,True,0.10000000000000053,0.0,0.0,0.0,primary_high
142592,159,Average Hourly Earnings m/m,USD,2025-04-04 12:30:00+00:00,high,0.3,0.3,0.0,True,0.0,True,0.0,True,0.09999999999999998,0.0,0.0,0.0,primary_high
142568,66,Non-Farm Employment Change,USD,2025-04-04 12:30:00+00:00,high,228000.0,151000.0,91000.0,True,93000.0,True,91000.0,True,55000.0,1.6545454545454545,1.690909090909091,1.6545454545454545,primary_high
142580,56,Unemployment Rate,USD,2025-04-04 12:30:00+00:00,high,4.2,4.1,0.10000000000000053,True,0.10000000000000053,True,0.10000000000000053,True,0.09999999999999964,1.0000000000000089,1.0000000000000089,1.0000000000000089,primary_high
141365,23,Official Cash Rate,NZD,2025-04-09 02:00:00+00:00,high,3.5,3.75,0.0,True,0.0,True,0.0,True,0.25,0.0,0.0,0.0,primary_high
142658,79,Core CPI m/m,USD,2025-04-10 12:30:00+00:00,high,0.1,0.2,0.19999999999999998,True,0.19999999999999998,True,0.19999999999999998,True,0.09999999999999998,2.0000000000000004,2.0000000000000004,2.0000000000000004,primary_high
153040,933,Core CPI y/y,USD,2025-04-10 12:30:00+00:00,high,2.8,3.1,0.20000000000000018,True,0.20000000000000018,True,0.20000000000000018,True,0.09999999999999964,2.000000000000009,2.000000000000009,2.000000000000009,primary_high
142634,78,CPI m/m,USD,2025-04-10 12:30:00+00:00,high,-0.1,0.2,0.2,True,0.2,True,0.2,True,0.05,4.0,4.0,4.0,primary_high
142646,884,CPI y/y,USD,2025-04-10 12:30:00+00:00,high,2.4,2.8,0.10000000000000009,True,0.20000000000000018,True,0.10000000000000009,True,0.09999999999999964,1.0000000000000044,2.000000000000009,1.0000000000000044,primary_high
141444,11,Unemployment Claims,USD,2025-04-10 12:30:00+00:00,high,223000.0,219000.0,0.0,True,0.0,True,0.0,True,7000.0,0.0,0.0,0.0,primary_high
143707,804,GDP m/m,GBP,2025-04-11 06:00:00+00:00,high,0.5,-0.1,0.4,True,0.4,True,0.4,True,0.2,2.0,2.0,2.0,primary_high
142622,87,Core PPI m/m,USD,2025-04-11 12:30:00+00:00,high,-0.1,-0.1,0.4,True,0.4,True,0.4,True,0.2,2.0,2.0,2.0,primary_high
142610,86,PPI m/m,USD,2025-04-11 12:30:00+00:00,high,-0.4,0.0,0.6000000000000001,True,0.6000000000000001,True,0.6000000000000001,True,0.2,3.0000000000000004,3.0000000000000004,3.0000000000000004,primary_high
141262,53,Prelim UoM Consumer Sentiment,USD,2025-04-11 14:00:00+00:00,high,50.8,57.9,3.200000000000003,True,3.700000000000003,True,3.200000000000003,True,2.5500000000000043,1.2549019607843128,1.4509803921568614,1.2549019607843128,primary_high
141261,236,Prelim UoM Inflation Expectations,USD,2025-04-11 14:00:00+00:00,high,6.7,4.9,,True,,True,,True,0.5,,,,primary_high
143796,68,Claimant Count Change,GBP,2025-04-15 06:00:00+00:00,high,18700.0,44200.0,11600.0,True,11600.0,True,11600.0,True,9600.0,1.2083333333333333,1.2083333333333333,1.2083333333333333,primary_high
145123,80,CPI m/m,CAD,2025-04-15 12:30:00+00:00,high,0.3,1.1,0.39999999999999997,True,0.39999999999999997,True,0.39999999999999997,True,0.125,3.1999999999999997,3.1999999999999997,3.1999999999999997,primary_high
145146,659,Median CPI y/y,CAD,2025-04-15 12:30:00+00:00,high,2.9,2.9,0.0,True,,False,0.0,True,0.10000000000000009,0.0,,0.0,primary_high
145147,657,Trimmed CPI y/y,CAD,2025-04-15 12:30:00+00:00,high,2.8,2.9,0.20000000000000018,True,,False,0.20000000000000018,True,0.09999999999999987,2.0000000000000044,,2.0000000000000044,primary_high
143589,82,CPI y/y,GBP,2025-04-16 06:00:00+00:00,high,2.6,2.8,0.10000000000000009,True,0.10000000000000009,True,0.10000000000000009,True,0.10000000000000009,1.0,1.0,1.0,primary_high
142348,112,Core Retail Sales m/m,USD,2025-04-16 12:30:00+00:00,high,0.5,0.3,0.09999999999999998,True,0.2,True,0.09999999999999998,True,0.19999999999999998,0.49999999999999994,1.0000000000000002,0.49999999999999994,primary_high
142336,102,Retail Sales m/m,USD,2025-04-16 12:30:00+00:00,high,1.4,0.2,0.09999999999999987,True,0.09999999999999987,True,0.09999999999999987,True,0.125,0.7999999999999989,0.7999999999999989,0.7999999999999989,primary_high
144852,173,CPI q/q,NZD,2025-04-16 22:45:00+00:00,high,0.9,0.5,0.09999999999999998,True,0.20000000000000007,True,0.09999999999999998,True,0.09999999999999998,1.0,2.0000000000000013,1.0,primary_high
144159,73,Employment Change,AUD,2025-04-17 01:30:00+00:00,high,32200.000000000004,-52800.0,7599.999999999996,True,7799.999999999996,True,7599.999999999996,True,23700.0,0.3206751054852319,0.3291139240506328,0.3206751054852319,primary_high
144171,64,Unemployment Rate,AUD,2025-04-17 01:30:00+00:00,high,4.1,4.1,0.10000000000000053,True,0.10000000000000053,True,0.10000000000000053,True,0.09999999999999964,1.0000000000000089,1.0000000000000089,1.0000000000000089,primary_high
142930,12,Main Refinancing Rate,EUR,2025-04-17 12:15:00+00:00,high,2.4,2.65,0.0,True,0.0,True,0.0,True,0.125,0.0,0.0,0.0,primary_high
141445,11,Unemployment Claims,USD,2025-04-17 12:30:00+00:00,high,215000.0,223000.0,10000.0,True,10000.0,True,10000.0,True,7000.0,1.4285714285714286,1.4285714285714286,1.4285714285714286,primary_high
141052,268,French Flash Manufacturing PMI,EUR,2025-04-23 07:15:00+00:00,high,48.2,48.9,0.30000000000000426,True,,False,0.30000000000000426,True,0.9500000000000028,0.31578947368421406,,0.31578947368421406,primary_high
141053,269,French Flash Services PMI,EUR,2025-04-23 07:15:00+00:00,high,46.8,46.6,0.9000000000000057,True,,False,0.9000000000000057,True,0.7000000000000028,1.2857142857142887,,1.2857142857142887,primary_high
142177,266,German Flash Manufacturing PMI,EUR,2025-04-23 07:30:00+00:00,high,48.0,48.3,0.5,True,,False,0.5,True,0.8999999999999986,0.5555555555555565,,0.5555555555555565,primary_high
142178,267,German Flash Services PMI,EUR,2025-04-23 07:30:00+00:00,high,48.8,50.2,1.5,True,,False,1.5,True,1.3999999999999986,1.0714285714285725,,1.0714285714285725,primary_high
142179,837,Flash Manufacturing PMI,GBP,2025-04-23 08:30:00+00:00,high,44.0,44.6,0.0,True,,False,0.0,True,1.1000000000000014,0.0,,0.0,primary_high
142180,836,Flash Services PMI,GBP,2025-04-23 08:30:00+00:00,high,48.9,53.2,2.6000000000000014,True,,False,2.6000000000000014,True,1.3999999999999986,1.85714285714286,,1.85714285714286,primary_high
143930,552,Flash Manufacturing PMI,USD,2025-04-23 13:45:00+00:00,high,50.7,49.8,1.7000000000000028,True,,False,1.7000000000000028,True,0.6000000000000014,2.8333333333333313,,2.8333333333333313,primary_high
143942,583,Flash Services PMI,USD,2025-04-23 13:45:00+00:00,high,51.4,54.3,1.3999999999999986,True,,False,1.3999999999999986,True,1.2499999999999964,1.120000000000002,,1.120000000000002,primary_high
141446,11,Unemployment Claims,USD,2025-04-24 12:30:00+00:00,high,222000.0,215000.0,0.0,True,1000.0,True,,False,7000.0,0.0,0.14285714285714285,,primary_high
143667,105,Retail Sales m/m,GBP,2025-04-25 06:00:00+00:00,high,0.4,1.0,0.7,True,0.8,True,0.7,True,0.7,1.0,1.142857142857143,1.0,primary_high
145047,103,Core Retail Sales m/m,CAD,2025-04-25 12:30:00+00:00,high,0.5,0.2,0.6,True,0.9,True,0.6,True,0.625,0.96,1.44,0.96,primary_high
145035,104,Retail Sales m/m,CAD,2025-04-25 12:30:00+00:00,high,-0.4,-0.6,0.0,True,0.0,True,0.0,True,0.12500000000000003,0.0,0.0,0.0,primary_high
143895,578,JOLTS Job Openings,USD,2025-04-29 14:00:00+00:00,high,7190000.0,7570000.0,300000.0,True,308000.0,True,,False,281000.0,1.0676156583629892,1.096085409252669,,primary_high
141630,98,CPI m/m,AUD,2025-04-30 01:30:00+00:00,high,0.9,0.2,0.09999999999999998,True,0.09999999999999998,True,,False,0.17499999999999996,0.5714285714285714,0.5714285714285714,,primary_high
144086,888,CPI y/y,AUD,2025-04-30 01:30:00+00:00,high,2.4,2.4,0.10000000000000009,True,,True,,False,0.19999999999999973,0.5000000000000011,,,primary_high
141634,99,Trimmed Mean CPI m/m,AUD,2025-04-30 01:30:00+00:00,high,0.7,0.5,0.09999999999999998,True,0.0,True,,False,0.09999999999999998,1.0,0.0,,primary_high
142887,169,German Prelim CPI m/m,EUR,2025-04-30 06:29:00+00:00,high,0.4,0.3,0.10000000000000003,True,,False,,False,0.05000000000000002,2.0,,,primary_high
142723,75,ADP Non-Farm Employment Change,USD,2025-04-30 12:15:00+00:00,high,62000.0,155000.0,52000.0,True,46000.0,True,52000.0,True,25750.0,2.0194174757281553,1.7864077669902914,2.0194174757281553,primary_high
144959,29,GDP m/m,CAD,2025-04-30 12:30:00+00:00,high,-0.2,0.4,0.2,True,0.2,True,0.2,True,0.1,2.0,2.0,2.0,primary_high
142542,2,Advance GDP q/q,USD,2025-04-30 12:30:00+00:00,high,-0.3,2.3,0.5,True,0.7,True,0.5,True,0.5,1.0,1.4,1.0,primary_high
142602,179,Employment Cost Index q/q,USD,2025-04-30 12:30:00+00:00,high,0.9,0.9,0.0,True,0.0,True,0.0,True,0.09999999999999998,0.0,0.0,0.0,primary_high
142508,85,Core PCE Price Index m/m,USD,2025-04-30 14:00:00+00:00,high,0.0,0.4,0.1,True,0.1,True,0.1,True,0.09999999999999999,1.0000000000000002,1.0000000000000002,1.0000000000000002,primary_high
141447,11,Unemployment Claims,USD,2025-05-01 12:30:00+00:00,high,241000.0,222000.0,17000.0,True,17000.0,True,17000.0,True,7000.0,2.4285714285714284,2.4285714285714284,2.4285714285714284,primary_high
141138,252,ISM Manufacturing PMI,USD,2025-05-01 14:00:00+00:00,high,48.7,49.0,0.7000000000000028,True,0.7000000000000028,True,0.7000000000000028,True,0.6499999999999986,1.0769230769230838,1.0769230769230838,1.0769230769230838,primary_high
142593,159,Average Hourly Earnings m/m,USD,2025-05-02 12:30:00+00:00,high,0.2,0.3,0.09999999999999998,True,0.09999999999999998,True,0.09999999999999998,True,0.09999999999999998,1.0,1.0,1.0,primary_high
142569,66,Non-Farm Employment Change,USD,2025-05-02 12:30:00+00:00,high,177000.0,228000.0,39000.0,True,47000.0,True,39000.0,True,55000.0,0.7090909090909091,0.8545454545454545,0.7090909090909091,primary_high
142581,56,Unemployment Rate,USD,2025-05-02 12:30:00+00:00,high,4.2,4.2,0.0,True,0.0,True,0.0,True,0.09999999999999964,0.0,0.0,0.0,primary_high
140732,100,CPI m/m,CHF,2025-05-05 06:30:00+00:00,high,0.0,0.0,0.2,True,0.2,True,0.2,True,0.1,2.0,2.0,2.0,primary_high
141162,253,ISM Services PMI,USD,2025-05-05 14:00:00+00:00,high,51.6,50.8,1.3999999999999986,True,1.0,True,1.3999999999999986,True,1.3999999999999986,1.0,0.714285714285715,1.0,primary_high
141741,74,Employment Change q/q,NZD,2025-05-06 22:45:00+00:00,high,0.1,-0.1,0.0,True,0.0,True,0.0,True,0.09999999999999999,0.0,0.0,0.0,primary_high
141745,65,Unemployment Rate,NZD,2025-05-06 22:45:00+00:00,high,5.1,5.1,0.20000000000000018,True,0.20000000000000018,True,0.20000000000000018,True,0.10000000000000053,1.9999999999999911,1.9999999999999911,1.9999999999999911,primary_high
141448,11,Unemployment Claims,USD,2025-05-08 12:30:00+00:00,high,228000.0,241000.0,3000.0,True,2000.0,True,3000.0,True,7000.0,0.42857142857142855,0.2857142857142857,0.42857142857142855,primary_high
144972,67,Employment Change,CAD,2025-05-09 12:30:00+00:00,high,7400.0,-32600.0,3300.0,True,4900.0,True,3300.0,True,46875.0,0.0704,0.10453333333333334,0.0704,primary_high
144984,57,Unemployment Rate,CAD,2025-05-09 12:30:00+00:00,high,6.9,6.7,0.10000000000000053,True,0.10000000000000053,True,0.10000000000000053,True,0.10000000000000053,1.0,1.0,1.0,primary_high
143800,68,Claimant Count Change,GBP,2025-05-13 06:00:00+00:00,high,5200.0,18700.0,17100.0,True,17100.0,True,17100.0,True,9600.0,1.78125,1.78125,1.78125,primary_high
142659,79,Core CPI m/m,USD,2025-05-13 12:30:00+00:00,high,0.2,0.1,0.09999999999999998,True,0.09999999999999998,True,0.09999999999999998,True,0.09999999999999998,1.0,1.0,1.0,primary_high
153041,933,Core CPI y/y,USD,2025-05-13 12:30:00+00:00,high,2.8,2.8,0.0,True,0.0,True,0.0,True,0.09999999999999964,0.0,0.0,0.0,primary_high
142635,78,CPI m/m,USD,2025-05-13 12:30:00+00:00,high,0.2,-0.1,0.09999999999999998,True,0.09999999999999998,True,0.09999999999999998,True,0.05,1.9999999999999996,1.9999999999999996,1.9999999999999996,primary_high
142647,884,CPI y/y,USD,2025-05-13 12:30:00+00:00,high,2.3,2.4,0.10000000000000009,True,0.10000000000000009,True,0.10000000000000009,True,0.09999999999999964,1.0000000000000044,1.0000000000000044,1.0000000000000044,primary_high
141626,182,Wage Price Index q/q,AUD,2025-05-14 01:30:00+00:00,high,0.9,0.7,0.09999999999999998,True,0.09999999999999998,True,0.09999999999999998,True,0.09999999999999998,1.0,1.0,1.0,primary_high
144160,73,Employment Change,AUD,2025-05-15 01:30:00+00:00,high,89000.0,32200.000000000004,68100.0,True,69000.0,True,68100.0,True,23700.0,2.8734177215189876,2.911392405063291,2.8734177215189876,primary_high
144172,64,Unemployment Rate,AUD,2025-05-15 01:30:00+00:00,high,4.1,4.1,0.0,True,0.0,True,0.0,True,0.09999999999999964,0.0,0.0,0.0,primary_high
143713,804,GDP m/m,GBP,2025-05-15 06:00:00+00:00,high,0.2,0.5,0.2,True,0.2,True,0.2,True,0.2,1.0,1.0,1.0,primary_high
142623,87,Core PPI m/m,USD,2025-05-15 12:30:00+00:00,high,-0.4,-0.1,0.7,True,0.7,True,0.7,True,0.2,3.4999999999999996,3.4999999999999996,3.4999999999999996,primary_high
142349,112,Core Retail Sales m/m,USD,2025-05-15 12:30:00+00:00,high,0.1,0.5,0.19999999999999998,True,0.1,True,0.19999999999999998,True,0.19999999999999998,1.0,0.5000000000000001,1.0,primary_high
142611,86,PPI m/m,USD,2025-05-15 12:30:00+00:00,high,-0.5,-0.4,0.7,True,0.7,True,0.7,True,0.2,3.4999999999999996,3.4999999999999996,3.4999999999999996,primary_high
142337,102,Retail Sales m/m,USD,2025-05-15 12:30:00+00:00,high,0.1,1.4,0.1,True,0.19999999999999998,True,0.1,True,0.125,0.8,1.5999999999999999,0.8,primary_high
141449,11,Unemployment Claims,USD,2025-05-15 12:30:00+00:00,high,229000.0,228000.0,0.0,True,0.0,True,0.0,True,7000.0,0.0,0.0,0.0,primary_high
141264,53,Prelim UoM Consumer Sentiment,USD,2025-05-16 14:00:00+00:00,high,50.8,50.8,2.3000000000000043,True,2.6000000000000014,True,2.3000000000000043,True,2.5500000000000043,0.9019607843137256,1.0196078431372537,0.9019607843137256,primary_high
141263,236,Prelim UoM Inflation Expectations,USD,2025-05-16 14:00:00+00:00,high,7.3,6.7,,True,,True,,True,0.5,,,,primary_high
145124,80,CPI m/m,CAD,2025-05-20 12:30:00+00:00,high,-0.1,0.3,0.0,True,0.6,True,,False,0.125,0.0,4.8,,primary_high
145150,659,Median CPI y/y,CAD,2025-05-20 12:30:00+00:00,high,3.2,2.9,0.30000000000000027,True,,False,,False,0.10000000000000009,3.0,,,primary_high
145151,657,Trimmed CPI y/y,CAD,2025-05-20 12:30:00+00:00,high,3.1,2.8,0.30000000000000027,True,,False,,False,0.09999999999999987,3.0000000000000067,,,primary_high
143591,82,CPI y/y,GBP,2025-05-21 06:00:00+00:00,high,3.5,2.6,0.20000000000000018,True,0.20000000000000018,True,,False,0.10000000000000009,2.0,2.0,,primary_high
141054,268,French Flash Manufacturing PMI,EUR,2025-05-22 07:15:00+00:00,high,49.5,48.2,0.6000000000000014,True,,False,0.6000000000000014,True,0.9500000000000028,0.6315789473684207,,0.6315789473684207,primary_high
141055,269,French Flash Services PMI,EUR,2025-05-22 07:15:00+00:00,high,47.4,46.8,0.30000000000000426,True,,False,0.30000000000000426,True,0.7000000000000028,0.42857142857143293,,0.42857142857143293,primary_high
142183,266,German Flash Manufacturing PMI,EUR,2025-05-22 07:30:00+00:00,high,48.8,48.0,0.0,True,,False,0.0,True,0.8999999999999986,0.0,,0.0,primary_high
142184,267,German Flash Services PMI,EUR,2025-05-22 07:30:00+00:00,high,47.2,48.8,2.3999999999999986,True,,False,2.3999999999999986,True,1.3999999999999986,1.714285714285715,,1.714285714285715,primary_high
142185,837,Flash Manufacturing PMI,GBP,2025-05-22 08:30:00+00:00,high,45.1,44.0,1.1000000000000014,True,,False,1.1000000000000014,True,1.1000000000000014,1.0,,1.0,primary_high
142186,836,Flash Services PMI,GBP,2025-05-22 08:30:00+00:00,high,50.2,48.9,0.20000000000000284,True,,False,0.20000000000000284,True,1.3999999999999986,0.14285714285714504,,0.14285714285714504,primary_high
141450,11,Unemployment Claims,USD,2025-05-22 12:30:00+00:00,high,227000.0,229000.0,3000.0,True,3000.0,True,3000.0,True,7000.0,0.42857142857142855,0.42857142857142855,0.42857142857142855,primary_high
143931,552,Flash Manufacturing PMI,USD,2025-05-22 13:45:00+00:00,high,52.3,50.7,2.3999999999999986,True,,False,2.3999999999999986,True,0.6000000000000014,3.999999999999988,,3.999999999999988,primary_high
143943,583,Flash Services PMI,USD,2025-05-22 13:45:00+00:00,high,52.3,51.4,1.2999999999999972,True,,False,1.2999999999999972,True,1.2499999999999964,1.0400000000000007,,1.0400000000000007,primary_high
143668,105,Retail Sales m/m,GBP,2025-05-23 06:00:00+00:00,high,1.2,0.4,0.8999999999999999,True,1.0,True,,False,0.7,1.2857142857142856,1.4285714285714286,,primary_high
145048,103,Core Retail Sales m/m,CAD,2025-05-23 12:30:00+00:00,high,-0.7,0.5,0.6,True,0.7,True,,False,0.625,0.96,1.1199999999999999,,primary_high
145036,104,Retail Sales m/m,CAD,2025-05-23 12:30:00+00:00,high,0.8,-0.4,0.20000000000000007,True,0.10000000000000009,True,,False,0.12500000000000003,1.6,0.8000000000000005,,primary_high
144092,888,CPI y/y,AUD,2025-05-28 01:30:00+00:00,high,2.4,2.4,0.10000000000000009,True,0.10000000000000009,True,0.10000000000000009,True,0.19999999999999973,0.5000000000000011,0.5000000000000011,0.5000000000000011,primary_high
141366,23,Official Cash Rate,NZD,2025-05-28 02:00:00+00:00,high,3.25,3.5,0.0,True,0.0,True,0.0,True,0.25,0.0,0.0,0.0,primary_high
142558,27,Prelim GDP q/q,USD,2025-05-29 12:30:00+00:00,high,-0.2,-0.3,0.09999999999999998,True,0.09999999999999998,True,0.09999999999999998,True,0.14999999999999986,0.6666666666666672,0.6666666666666672,0.6666666666666672,primary_high
141451,11,Unemployment Claims,USD,2025-05-29 12:30:00+00:00,high,240000.0,227000.0,11000.0,True,10000.0,True,11000.0,True,7000.0,1.5714285714285714,1.4285714285714286,1.5714285714285714,primary_high
142888,169,German Prelim CPI m/m,EUR,2025-05-30 06:29:00+00:00,high,0.1,0.4,0.0,True,,False,,False,0.05000000000000002,0.0,,,primary_high
144960,29,GDP m/m,CAD,2025-05-30 12:30:00+00:00,high,0.1,-0.2,0.0,True,0.0,True,,False,0.1,0.0,0.0,,primary_high
142509,85,Core PCE Price Index m/m,USD,2025-05-30 12:30:00+00:00,high,0.1,0.0,0.0,True,0.0,True,,False,0.09999999999999999,0.0,0.0,,primary_high
141139,252,ISM Manufacturing PMI,USD,2025-06-02 14:00:00+00:00,high,48.5,48.7,0.7999999999999972,True,1.0,True,0.7999999999999972,True,0.6499999999999986,1.230769230769229,1.5384615384615419,1.230769230769229,primary_high
140733,100,CPI m/m,CHF,2025-06-03 06:30:00+00:00,high,0.1,0.0,0.0,True,0.0,True,0.0,True,0.1,0.0,0.0,0.0,primary_high
143896,578,JOLTS Job Openings,USD,2025-06-03 14:00:00+00:00,high,7390000.0,7190000.0,280000.0,True,291000.0,True,281000.0,True,281000.0,0.99644128113879,1.0355871886120998,1.0,primary_high
141618,31,GDP q/q,AUD,2025-06-04 01:30:00+00:00,high,0.2,0.6,0.2,True,0.2,True,0.2,True,0.15000000000000005,1.333333333333333,1.333333333333333,1.333333333333333,primary_high
142724,75,ADP Non-Farm Employment Change,USD,2025-06-04 12:15:00+00:00,high,37000.0,62000.0,74000.0,True,78000.0,True,74000.0,True,25750.0,2.8737864077669903,3.029126213592233,2.8737864077669903,primary_high
141170,253,ISM Services PMI,USD,2025-06-04 14:00:00+00:00,high,49.9,51.6,2.1000000000000014,True,2.1000000000000014,True,2.1000000000000014,True,1.3999999999999986,1.5000000000000024,1.5000000000000024,1.5000000000000024,primary_high
142933,12,Main Refinancing Rate,EUR,2025-06-05 12:15:00+00:00,high,2.15,2.4,0.0,True,0.0,True,0.0,True,0.125,0.0,0.0,0.0,primary_high
141452,11,Unemployment Claims,USD,2025-06-05 12:30:00+00:00,high,247000.0,240000.0,11000.0,True,12000.0,True,11000.0,True,7000.0,1.5714285714285714,1.7142857142857142,1.5714285714285714,primary_high
144973,67,Employment Change,CAD,2025-06-06 12:30:00+00:00,high,8800.0,7400.0,20700.0,True,23800.0,True,20700.0,True,46875.0,0.4416,0.5077333333333334,0.4416,primary_high
144985,57,Unemployment Rate,CAD,2025-06-06 12:30:00+00:00,high,7.0,6.9,0.0,True,0.0,True,0.0,True,0.10000000000000053,0.0,0.0,0.0,primary_high
142594,159,Average Hourly Earnings m/m,USD,2025-06-06 12:30:00+00:00,high,0.4,0.2,0.10000000000000003,True,0.10000000000000003,True,0.10000000000000003,True,0.09999999999999998,1.0000000000000007,1.0000000000000007,1.0000000000000007,primary_high
142570,66,Non-Farm Employment Change,USD,2025-06-06 12:30:00+00:00,high,139000.0,177000.0,13000.0,True,9000.0,True,13000.0,True,55000.0,0.23636363636363636,0.16363636363636364,0.23636363636363636,primary_high
142582,56,Unemployment Rate,USD,2025-06-06 12:30:00+00:00,high,4.2,4.2,0.0,True,0.0,True,0.0,True,0.09999999999999964,0.0,0.0,0.0,primary_high
142660,79,Core CPI m/m,USD,2025-06-11 12:30:00+00:00,high,0.1,0.2,0.19999999999999998,True,0.19999999999999998,True,0.19999999999999998,True,0.09999999999999998,2.0000000000000004,2.0000000000000004,2.0000000000000004,primary_high
153042,933,Core CPI y/y,USD,2025-06-11 12:30:00+00:00,high,2.8,2.8,0.10000000000000009,True,0.10000000000000009,True,0.10000000000000009,True,0.09999999999999964,1.0000000000000044,1.0000000000000044,1.0000000000000044,primary_high
142636,78,CPI m/m,USD,2025-06-11 12:30:00+00:00,high,0.1,0.2,0.1,True,0.1,True,0.1,True,0.05,2.0,2.0,2.0,primary_high
142648,884,CPI y/y,USD,2025-06-11 12:30:00+00:00,high,2.4,2.3,0.10000000000000009,True,0.10000000000000009,True,0.10000000000000009,True,0.09999999999999964,1.0000000000000044,1.0000000000000044,1.0000000000000044,primary_high
143719,804,GDP m/m,GBP,2025-06-12 06:00:00+00:00,high,-0.3,0.2,0.19999999999999998,True,0.19999999999999998,True,0.19999999999999998,True,0.2,0.9999999999999999,0.9999999999999999,0.9999999999999999,primary_high
142624,87,Core PPI m/m,USD,2025-06-12 12:30:00+00:00,high,0.1,-0.4,0.19999999999999998,True,0.1,True,0.19999999999999998,True,0.2,0.9999999999999999,0.5,0.9999999999999999,primary_high
142612,86,PPI m/m,USD,2025-06-12 12:30:00+00:00,high,0.1,-0.5,0.1,True,0.19999999999999998,True,0.1,True,0.2,0.5,0.9999999999999999,0.5,primary_high
141453,11,Unemployment Claims,USD,2025-06-12 12:30:00+00:00,high,248000.0,247000.0,6000.0,True,8000.0,True,6000.0,True,7000.0,0.8571428571428571,1.1428571428571428,0.8571428571428571,primary_high
141266,53,Prelim UoM Consumer Sentiment,USD,2025-06-13 14:00:00+00:00,high,60.5,50.8,7.0,True,7.0,True,7.0,True,2.5500000000000043,2.745098039215682,2.745098039215682,2.745098039215682,primary_high
141265,236,Prelim UoM Inflation Expectations,USD,2025-06-13 14:00:00+00:00,high,5.1,7.3,,True,,True,1.3000000000000007,True,0.5,,,2.6000000000000014,primary_high
142350,112,Core Retail Sales m/m,USD,2025-06-17 12:30:00+00:00,high,-0.3,0.1,0.5,True,0.4,True,0.5,True,0.19999999999999998,2.5,2.0000000000000004,2.5,primary_high
142338,102,Retail Sales m/m,USD,2025-06-17 12:30:00+00:00,high,-0.9,0.1,0.4,True,0.20000000000000007,True,0.4,True,0.125,3.2,1.6000000000000005,3.2,primary_high
143596,82,CPI y/y,GBP,2025-06-18 06:00:00+00:00,high,3.4,3.5,0.10000000000000009,True,0.0,True,0.10000000000000009,True,0.10000000000000009,1.0,0.0,1.0,primary_high
141454,11,Unemployment Claims,USD,2025-06-18 12:30:00+00:00,high,245000.0,248000.0,1000.0,True,0.0,True,1000.0,True,7000.0,0.14285714285714285,0.0,0.14285714285714285,primary_high
144812,30,GDP q/q,NZD,2025-06-18 22:45:00+00:00,high,0.8,0.7,0.10000000000000009,True,0.10000000000000009,True,0.10000000000000009,True,0.25,0.40000000000000036,0.40000000000000036,0.40000000000000036,primary_high
144161,73,Employment Change,AUD,2025-06-19 01:30:00+00:00,high,-2500.0,89000.0,23100.0,True,27500.0,True,23100.0,True,23700.0,0.9746835443037974,1.160337552742616,0.9746835443037974,primary_high
144173,64,Unemployment Rate,AUD,2025-06-19 01:30:00+00:00,high,4.1,4.1,0.0,True,0.0,True,0.0,True,0.09999999999999964,0.0,0.0,0.0,primary_high
143669,105,Retail Sales m/m,GBP,2025-06-20 06:00:00+00:00,high,-2.7,1.2,2.2,True,2.2,True,2.2,True,0.7,3.1428571428571432,3.1428571428571432,3.1428571428571432,primary_high
141059,268,French Flash Manufacturing PMI,EUR,2025-06-23 07:15:00+00:00,high,47.8,49.5,2.0,True,,False,2.0,True,0.9500000000000028,2.1052631578947305,,2.1052631578947305,primary_high
141056,269,French Flash Services PMI,EUR,2025-06-23 07:15:00+00:00,high,48.7,47.4,0.5,True,,False,0.5,True,0.7000000000000028,0.7142857142857114,,0.7142857142857114,primary_high
142189,266,German Flash Manufacturing PMI,EUR,2025-06-23 07:30:00+00:00,high,49.0,48.8,0.10000000000000142,True,,False,0.10000000000000142,True,0.8999999999999986,0.11111111111111287,,0.11111111111111287,primary_high
142190,267,German Flash Services PMI,EUR,2025-06-23 07:30:00+00:00,high,49.4,47.2,1.6000000000000014,True,,False,1.6000000000000014,True,1.3999999999999986,1.142857142857145,,1.142857142857145,primary_high
142191,837,Flash Manufacturing PMI,GBP,2025-06-23 08:30:00+00:00,high,47.7,45.1,0.8000000000000043,True,,False,0.8000000000000043,True,1.1000000000000014,0.7272727272727302,,0.7272727272727302,primary_high
142192,836,Flash Services PMI,GBP,2025-06-23 08:30:00+00:00,high,51.3,50.2,0.09999999999999432,True,,False,0.09999999999999432,True,1.3999999999999986,0.07142857142856744,,0.07142857142856744,primary_high
143932,552,Flash Manufacturing PMI,USD,2025-06-23 13:45:00+00:00,high,52.0,52.3,0.8999999999999986,True,,False,0.8999999999999986,True,0.6000000000000014,1.499999999999994,,1.499999999999994,primary_high
143944,583,Flash Services PMI,USD,2025-06-23 13:45:00+00:00,high,53.1,52.3,0.20000000000000284,True,,False,0.20000000000000284,True,1.2499999999999964,0.16000000000000272,,0.16000000000000272,primary_high
145125,80,CPI m/m,CAD,2025-06-24 12:30:00+00:00,high,0.6,-0.1,0.09999999999999998,True,0.09999999999999998,True,0.09999999999999998,True,0.125,0.7999999999999998,0.7999999999999998,0.7999999999999998,primary_high
145154,659,Median CPI y/y,CAD,2025-06-24 12:30:00+00:00,high,3.0,3.2,0.0,True,,False,0.0,True,0.10000000000000009,0.0,,0.0,primary_high
145155,657,Trimmed CPI y/y,CAD,2025-06-24 12:30:00+00:00,high,3.0,3.1,0.0,True,,False,0.0,True,0.09999999999999987,0.0,,0.0,primary_high
144093,888,CPI y/y,AUD,2025-06-25 01:30:00+00:00,high,2.1,2.4,0.19999999999999973,True,0.19999999999999973,True,0.19999999999999973,True,0.19999999999999973,1.0,1.0,1.0,primary_high
142550,28,Final GDP q/q,USD,2025-06-26 12:30:00+00:00,high,-0.5,-0.2,0.3,True,0.3,True,0.3,True,0.3,1.0,1.0,1.0,primary_high
141455,11,Unemployment Claims,USD,2025-06-26 12:30:00+00:00,high,236000.0,245000.0,8000.0,True,9000.0,True,8000.0,True,7000.0,1.1428571428571428,1.2857142857142858,1.1428571428571428,primary_high
144961,29,GDP m/m,CAD,2025-06-27 12:30:00+00:00,high,-0.1,0.1,0.1,True,0.1,True,0.1,True,0.1,1.0,1.0,1.0,primary_high
142510,85,Core PCE Price Index m/m,USD,2025-06-27 12:30:00+00:00,high,0.2,0.1,0.1,True,0.1,True,0.1,True,0.09999999999999999,1.0000000000000002,1.0000000000000002,1.0000000000000002,primary_high
141140,252,ISM Manufacturing PMI,USD,2025-07-01 14:00:00+00:00,high,49.0,48.5,0.20000000000000284,True,0.20000000000000284,True,0.20000000000000284,True,0.6499999999999986,0.30769230769231276,0.30769230769231276,0.30769230769231276,primary_high
143897,578,JOLTS Job Openings,USD,2025-07-01 14:00:00+00:00,high,7770000.0,7390000.0,450000.0,True,469000.0,True,449000.0,True,281000.0,1.601423487544484,1.6690391459074734,1.597864768683274,primary_high
142725,75,ADP Non-Farm Employment Change,USD,2025-07-02 12:15:00+00:00,high,-33000.0,37000.0,132000.0,True,128000.0,True,132000.0,True,25750.0,5.12621359223301,4.970873786407767,5.12621359223301,primary_high
140734,100,CPI m/m,CHF,2025-07-03 06:30:00+00:00,high,0.2,0.1,0.1,True,0.2,True,0.1,True,0.1,1.0,2.0,1.0,primary_high
142595,159,Average Hourly Earnings m/m,USD,2025-07-03 12:30:00+00:00,high,0.2,0.4,0.09999999999999998,True,0.09999999999999998,True,0.09999999999999998,True,0.09999999999999998,1.0,1.0,1.0,primary_high
142571,66,Non-Farm Employment Change,USD,2025-07-03 12:30:00+00:00,high,147000.0,139000.0,36000.0,True,37000.0,True,36000.0,True,55000.0,0.6545454545454545,0.6727272727272727,0.6545454545454545,primary_high
142583,56,Unemployment Rate,USD,2025-07-03 12:30:00+00:00,high,4.1,4.2,0.20000000000000018,True,0.20000000000000018,True,0.20000000000000018,True,0.09999999999999964,2.000000000000009,2.000000000000009,2.000000000000009,primary_high
141164,253,ISM Services PMI,USD,2025-07-03 14:00:00+00:00,high,50.8,49.9,0.0,True,0.29999999999999716,True,0.0,True,1.3999999999999986,0.0,0.21428571428571247,0.0,primary_high
141367,23,Official Cash Rate,NZD,2025-07-09 02:00:00+00:00,high,3.25,3.25,0.0,True,0.0,True,0.0,True,0.25,0.0,0.0,0.0,primary_high
141457,11,Unemployment Claims,USD,2025-07-10 12:30:00+00:00,high,227000.0,233000.0,9000.0,True,8000.0,True,9000.0,True,7000.0,1.2857142857142858,1.1428571428571428,1.2857142857142858,primary_high
143725,804,GDP m/m,GBP,2025-07-11 06:00:00+00:00,high,-0.1,-0.3,0.2,True,0.2,True,0.2,True,0.2,1.0,1.0,1.0,primary_high
144974,67,Employment Change,CAD,2025-07-11 12:30:00+00:00,high,83100.0,8800.0,82200.0,True,83100.0,True,82200.0,True,46875.0,1.7536,1.7728,1.7536,primary_high
144986,57,Unemployment Rate,CAD,2025-07-11 12:30:00+00:00,high,6.9,7.0,0.1999999999999993,True,0.1999999999999993,True,0.1999999999999993,True,0.10000000000000053,1.9999999999999822,1.9999999999999822,1.9999999999999822,primary_high
145126,80,CPI m/m,CAD,2025-07-15 12:30:00+00:00,high,0.1,0.6,0.0,True,0.0,True,0.0,True,0.125,0.0,0.0,0.0,primary_high
145158,659,Median CPI y/y,CAD,2025-07-15 12:30:00+00:00,high,3.1,3.0,0.10000000000000009,True,,False,0.10000000000000009,True,0.10000000000000009,1.0,,1.0,primary_high
145159,657,Trimmed CPI y/y,CAD,2025-07-15 12:30:00+00:00,high,3.0,3.0,0.0,True,,False,0.0,True,0.09999999999999987,0.0,,0.0,primary_high
142661,79,Core CPI m/m,USD,2025-07-15 12:30:00+00:00,high,0.2,0.1,0.09999999999999998,True,0.09999999999999998,True,0.09999999999999998,True,0.09999999999999998,1.0,1.0,1.0,primary_high
153043,933,Core CPI y/y,USD,2025-07-15 12:30:00+00:00,high,2.9,2.8,0.0,True,0.10000000000000009,True,0.10000000000000009,True,0.09999999999999964,0.0,1.0000000000000044,1.0000000000000044,primary_high
142637,78,CPI m/m,USD,2025-07-15 12:30:00+00:00,high,0.3,0.1,0.0,True,0.0,True,0.0,True,0.05,0.0,0.0,0.0,primary_high
142649,884,CPI y/y,USD,2025-07-15 12:30:00+00:00,high,2.7,2.4,0.10000000000000009,True,0.0,True,0.10000000000000009,True,0.09999999999999964,1.0000000000000044,0.0,1.0000000000000044,primary_high
143603,82,CPI y/y,GBP,2025-07-16 06:00:00+00:00,high,3.6,3.4,0.20000000000000018,True,0.20000000000000018,True,0.20000000000000018,True,0.10000000000000009,2.0,2.0,2.0,primary_high
142625,87,Core PPI m/m,USD,2025-07-16 12:30:00+00:00,high,0.0,0.1,0.2,True,0.2,True,0.2,True,0.2,1.0,1.0,1.0,primary_high
142613,86,PPI m/m,USD,2025-07-16 12:30:00+00:00,high,0.0,0.1,0.2,True,0.2,True,0.2,True,0.2,1.0,1.0,1.0,primary_high
144162,73,Employment Change,AUD,2025-07-17 01:30:00+00:00,high,2000.0,-2500.0,19000.0,True,18000.0,True,19000.0,True,23700.0,0.8016877637130801,0.759493670886076,0.8016877637130801,primary_high
144174,64,Unemployment Rate,AUD,2025-07-17 01:30:00+00:00,high,4.3,4.1,0.20000000000000018,True,0.20000000000000018,True,0.20000000000000018,True,0.09999999999999964,2.000000000000009,2.000000000000009,2.000000000000009,primary_high
142353,112,Core Retail Sales m/m,USD,2025-07-17 12:30:00+00:00,high,0.5,-0.3,0.2,True,0.2,True,0.2,True,0.19999999999999998,1.0000000000000002,1.0000000000000002,1.0000000000000002,primary_high
142339,102,Retail Sales m/m,USD,2025-07-17 12:30:00+00:00,high,0.6,-0.9,0.5,True,0.5,True,0.5,True,0.125,4.0,4.0,4.0,primary_high
141458,11,Unemployment Claims,USD,2025-07-17 12:30:00+00:00,high,221000.0,227000.0,12000.0,True,14000.0,True,12000.0,True,7000.0,1.7142857142857142,2.0,1.7142857142857142,primary_high
144853,173,CPI q/q,NZD,2025-07-20 22:45:00+00:00,high,0.5,0.9,0.09999999999999998,True,0.09999999999999998,True,,False,0.09999999999999998,1.0,1.0,,primary_high
141057,268,French Flash Manufacturing PMI,EUR,2025-07-24 07:15:00+00:00,high,48.4,47.8,0.10000000000000142,True,,False,,False,0.9500000000000028,0.10526315789473803,,,primary_high
141058,269,French Flash Services PMI,EUR,2025-07-24 07:15:00+00:00,high,49.7,48.7,0.0,True,,False,,False,0.7000000000000028,0.0,,,primary_high
142193,266,German Flash Manufacturing PMI,EUR,2025-07-24 07:30:00+00:00,high,49.2,49.0,0.19999999999999574,True,,False,,False,0.8999999999999986,0.22222222222221782,,,primary_high
142194,267,German Flash Services PMI,EUR,2025-07-24 07:30:00+00:00,high,50.1,49.4,0.10000000000000142,True,,False,,False,1.3999999999999986,0.07142857142857252,,,primary_high
142197,837,Flash Manufacturing PMI,GBP,2025-07-24 08:30:00+00:00,high,48.2,47.7,0.30000000000000426,True,,False,,False,1.1000000000000014,0.27272727272727626,,,primary_high
142198,836,Flash Services PMI,GBP,2025-07-24 08:30:00+00:00,high,51.2,51.3,1.5999999999999943,True,,False,,False,1.3999999999999986,1.14285714285714,,,primary_high
142935,12,Main Refinancing Rate,EUR,2025-07-24 12:15:00+00:00,high,2.15,2.15,0.0,True,0.0,True,,False,0.125,0.0,0.0,,primary_high
141459,11,Unemployment Claims,USD,2025-07-24 12:30:00+00:00,high,217000.0,221000.0,10000.0,True,10000.0,True,,False,7000.0,1.4285714285714286,1.4285714285714286,,primary_high
143933,552,Flash Manufacturing PMI,USD,2025-07-24 13:45:00+00:00,high,49.5,52.0,3.200000000000003,True,,False,,False,0.6000000000000014,5.333333333333325,,,primary_high
143945,583,Flash Services PMI,USD,2025-07-24 13:45:00+00:00,high,55.2,53.1,2.200000000000003,True,,False,,False,1.2499999999999964,1.7600000000000073,,,primary_high
143898,578,JOLTS Job Openings,USD,2025-07-29 14:00:00+00:00,high,7440000.0,7770000.0,70000.0,True,113000.0,True,,False,281000.0,0.2491103202846975,0.40213523131672596,,primary_high
141631,98,CPI m/m,AUD,2025-07-30 01:30:00+00:00,high,0.7,0.9,0.10000000000000009,True,0.10000000000000009,True,,False,0.17499999999999996,0.5714285714285721,0.5714285714285721,,primary_high
144087,888,CPI y/y,AUD,2025-07-30 01:30:00+00:00,high,1.9,2.1,0.20000000000000018,True,0.20000000000000018,True,,False,0.19999999999999973,1.0000000000000022,1.0000000000000022,,primary_high
141635,99,Trimmed Mean CPI m/m,AUD,2025-07-30 01:30:00+00:00,high,0.6,0.7,0.09999999999999998,True,0.09999999999999998,True,,False,0.09999999999999998,1.0,1.0,,primary_high
143857,38,German Prelim GDP q/q,EUR,2025-07-30 08:00:00+00:00,high,-0.1,0.2,0.0,True,0.0,True,,False,0.30000000000000004,0.0,0.0,,primary_high
142726,75,ADP Non-Farm Employment Change,USD,2025-07-30 12:15:00+00:00,high,104000.0,-33000.0,27000.0,True,26000.0,True,,False,25750.0,1.0485436893203883,1.0097087378640777,,primary_high
142543,2,Advance GDP q/q,USD,2025-07-30 12:30:00+00:00,high,3.0,-0.3,0.5,True,0.6000000000000001,True,,False,0.5,1.0,1.2000000000000002,,primary_high
144962,29,GDP m/m,CAD,2025-07-31 12:30:00+00:00,high,-0.1,-0.1,0.0,True,0.0,True,0.0,True,0.1,0.0,0.0,0.0,primary_high
142511,85,Core PCE Price Index m/m,USD,2025-07-31 12:30:00+00:00,high,0.3,0.2,0.0,True,0.0,True,0.0,True,0.09999999999999999,0.0,0.0,0.0,primary_high
142603,179,Employment Cost Index q/q,USD,2025-07-31 12:30:00+00:00,high,0.9,0.9,0.09999999999999998,True,0.09999999999999998,True,0.09999999999999998,True,0.09999999999999998,1.0,1.0,1.0,primary_high
141460,11,Unemployment Claims,USD,2025-07-31 12:30:00+00:00,high,218000.0,217000.0,4000.0,True,6000.0,True,4000.0,True,7000.0,0.5714285714285714,0.8571428571428571,0.5714285714285714,primary_high
142596,159,Average Hourly Earnings m/m,USD,2025-08-01 12:30:00+00:00,high,0.3,0.2,0.0,True,0.0,True,0.0,True,0.09999999999999998,0.0,0.0,0.0,primary_high
142572,66,Non-Farm Employment Change,USD,2025-08-01 12:30:00+00:00,high,73000.0,147000.0,33000.0,True,37000.0,True,33000.0,True,55000.0,0.6,0.6727272727272727,0.6,primary_high
142584,56,Unemployment Rate,USD,2025-08-01 12:30:00+00:00,high,4.2,4.1,0.0,True,0.0,True,0.0,True,0.09999999999999964,0.0,0.0,0.0,primary_high
141141,252,ISM Manufacturing PMI,USD,2025-08-01 14:00:00+00:00,high,48.0,49.0,1.5,True,1.5,True,1.5,True,0.6499999999999986,2.307692307692313,2.307692307692313,2.307692307692313,primary_high
140735,100,CPI m/m,CHF,2025-08-04 06:30:00+00:00,high,0.0,0.2,0.2,True,0.2,True,,False,0.1,2.0,2.0,,primary_high
141165,253,ISM Services PMI,USD,2025-08-05 14:00:00+00:00,high,50.1,50.8,1.3999999999999986,True,1.3999999999999986,True,1.3999999999999986,True,1.3999999999999986,1.0,1.0,1.0,primary_high
141742,74,Employment Change q/q,NZD,2025-08-05 22:45:00+00:00,high,-0.1,0.1,0.0,True,0.0,True,0.0,True,0.09999999999999999,0.0,0.0,0.0,primary_high
141746,65,Unemployment Rate,NZD,2025-08-05 22:45:00+00:00,high,5.2,5.1,0.09999999999999964,True,0.09999999999999964,True,0.09999999999999964,True,0.10000000000000053,0.9999999999999911,0.9999999999999911,0.9999999999999911,primary_high
141461,11,Unemployment Claims,USD,2025-08-07 12:30:00+00:00,high,226000.0,218000.0,5000.0,True,5000.0,True,5000.0,True,7000.0,0.7142857142857143,0.7142857142857143,0.7142857142857143,primary_high
144975,67,Employment Change,CAD,2025-08-08 12:30:00+00:00,high,-40800.0,83100.0,56100.0,True,54300.0,True,56100.0,True,46875.0,1.1968,1.1584,1.1968,primary_high
144987,57,Unemployment Rate,CAD,2025-08-08 12:30:00+00:00,high,6.9,6.9,0.09999999999999964,True,0.09999999999999964,True,0.09999999999999964,True,0.10000000000000053,0.9999999999999911,0.9999999999999911,0.9999999999999911,primary_high
142662,79,Core CPI m/m,USD,2025-08-12 12:30:00+00:00,high,0.3,0.2,0.0,True,0.0,True,0.0,True,0.09999999999999998,0.0,0.0,0.0,primary_high
153044,933,Core CPI y/y,USD,2025-08-12 12:30:00+00:00,high,3.1,2.9,0.10000000000000009,True,0.10000000000000009,True,0.10000000000000009,True,0.09999999999999964,1.0000000000000044,1.0000000000000044,1.0000000000000044,primary_high
142638,78,CPI m/m,USD,2025-08-12 12:30:00+00:00,high,0.2,0.3,0.0,True,0.0,True,0.0,True,0.05,0.0,0.0,0.0,primary_high
142650,884,CPI y/y,USD,2025-08-12 12:30:00+00:00,high,2.7,2.7,0.09999999999999964,True,0.09999999999999964,True,0.09999999999999964,True,0.09999999999999964,1.0,1.0,1.0,primary_high
141627,182,Wage Price Index q/q,AUD,2025-08-13 01:30:00+00:00,high,0.8,0.9,0.0,True,0.0,True,0.0,True,0.09999999999999998,0.0,0.0,0.0,primary_high
144163,73,Employment Change,AUD,2025-08-14 01:30:00+00:00,high,24500.0,2000.0,800.0,True,500.0,True,800.0,True,23700.0,0.03375527426160337,0.02109704641350211,0.03375527426160337,primary_high
144175,64,Unemployment Rate,AUD,2025-08-14 01:30:00+00:00,high,4.2,4.3,0.0,True,0.0,True,0.0,True,0.09999999999999964,0.0,0.0,0.0,primary_high
143732,804,GDP m/m,GBP,2025-08-14 06:00:00+00:00,high,0.4,-0.1,0.2,True,0.30000000000000004,True,0.2,True,0.2,1.0,1.5000000000000002,1.0,primary_high
142626,87,Core PPI m/m,USD,2025-08-14 12:30:00+00:00,high,0.9,0.0,0.7,True,0.7,True,0.7,True,0.2,3.4999999999999996,3.4999999999999996,3.4999999999999996,primary_high
142614,86,PPI m/m,USD,2025-08-14 12:30:00+00:00,high,0.9,0.0,0.7,True,0.7,True,0.7,True,0.2,3.4999999999999996,3.4999999999999996,3.4999999999999996,primary_high
141462,11,Unemployment Claims,USD,2025-08-14 12:30:00+00:00,high,224000.0,226000.0,1000.0,True,4000.0,True,1000.0,True,7000.0,0.14285714285714285,0.5714285714285714,0.14285714285714285,primary_high
142352,112,Core Retail Sales m/m,USD,2025-08-15 12:30:00+00:00,high,0.3,0.5,0.0,True,0.0,True,0.0,True,0.19999999999999998,0.0,0.0,0.0,primary_high
142340,102,Retail Sales m/m,USD,2025-08-15 12:30:00+00:00,high,0.5,0.6,0.09999999999999998,True,0.0,True,0.09999999999999998,True,0.125,0.7999999999999998,0.0,0.7999999999999998,primary_high
141269,53,Prelim UoM Consumer Sentiment,USD,2025-08-15 14:00:00+00:00,high,58.6,61.8,3.299999999999997,True,3.3999999999999986,True,3.299999999999997,True,2.5500000000000043,1.2941176470588203,1.3333333333333306,1.2941176470588203,primary_high
141270,236,Prelim UoM Inflation Expectations,USD,2025-08-15 14:00:00+00:00,high,4.9,4.4,,True,,True,0.5,True,0.5,,,1.0,primary_high
145127,80,CPI m/m,CAD,2025-08-19 12:30:00+00:00,high,0.3,0.1,0.0,True,0.10000000000000003,True,,False,0.125,0.0,0.8000000000000003,,primary_high
145162,659,Median CPI y/y,CAD,2025-08-19 12:30:00+00:00,high,3.1,3.1,0.0,True,,False,,False,0.10000000000000009,0.0,,,primary_high
145163,657,Trimmed CPI y/y,CAD,2025-08-19 12:30:00+00:00,high,3.0,3.0,0.0,True,,False,,False,0.09999999999999987,0.0,,,primary_high
141368,23,Official Cash Rate,NZD,2025-08-20 02:00:00+00:00,high,3.0,3.25,0.0,True,0.0,True,,False,0.25,0.0,0.0,,primary_high
143609,82,CPI y/y,GBP,2025-08-20 06:00:00+00:00,high,3.8,3.6,0.09999999999999964,True,0.09999999999999964,True,,False,0.10000000000000009,0.9999999999999956,0.9999999999999956,,primary_high
142203,266,German Flash Manufacturing PMI,EUR,2025-08-21 07:30:00+00:00,high,49.9,49.2,1.1000000000000014,True,,False,1.1000000000000014,True,0.8999999999999986,1.2222222222222257,,1.2222222222222257,primary_high
142204,267,German Flash Services PMI,EUR,2025-08-21 07:30:00+00:00,high,50.1,50.1,0.29999999999999716,True,,False,0.29999999999999716,True,1.3999999999999986,0.21428571428571247,,0.21428571428571247,primary_high
142202,837,Flash Manufacturing PMI,GBP,2025-08-21 08:30:00+00:00,high,47.3,48.2,0.9000000000000057,True,,False,0.9000000000000057,True,1.1000000000000014,0.8181818181818223,,0.8181818181818223,primary_high
142201,836,Flash Services PMI,GBP,2025-08-21 08:30:00+00:00,high,53.6,51.2,1.8000000000000043,True,,False,1.8000000000000043,True,1.3999999999999986,1.28571428571429,,1.28571428571429,primary_high
141463,11,Unemployment Claims,USD,2025-08-21 12:30:00+00:00,high,235000.0,224000.0,9000.0,True,10000.0,True,9000.0,True,7000.0,1.2857142857142858,1.4285714285714286,1.2857142857142858,primary_high
143934,552,Flash Manufacturing PMI,USD,2025-08-21 13:45:00+00:00,high,53.3,49.5,3.5999999999999943,True,,False,3.5999999999999943,True,0.6000000000000014,5.999999999999976,,5.999999999999976,primary_high
143946,583,Flash Services PMI,USD,2025-08-21 13:45:00+00:00,high,55.4,55.2,1.1999999999999957,True,,False,1.1999999999999957,True,1.2499999999999964,0.9599999999999993,,0.9599999999999993,primary_high
144088,888,CPI y/y,AUD,2025-08-27 01:30:00+00:00,high,2.8,1.9,0.5,True,0.5,True,0.5,True,0.19999999999999973,2.5000000000000036,2.5000000000000036,2.5000000000000036,primary_high
142559,27,Prelim GDP q/q,USD,2025-08-28 12:30:00+00:00,high,3.3,3.0,0.19999999999999973,True,0.19999999999999973,True,0.2999999999999998,True,0.14999999999999986,1.3333333333333328,1.3333333333333328,2.000000000000001,primary_high
141464,11,Unemployment Claims,USD,2025-08-28 12:30:00+00:00,high,229000.0,235000.0,2000.0,True,1000.0,True,2000.0,True,7000.0,0.2857142857142857,0.14285714285714285,0.2857142857142857,primary_high
144963,29,GDP m/m,CAD,2025-08-29 12:30:00+00:00,high,-0.1,-0.1,0.2,True,0.2,True,0.2,True,0.1,2.0,2.0,2.0,primary_high
142512,85,Core PCE Price Index m/m,USD,2025-08-29 12:30:00+00:00,high,0.3,0.3,0.0,True,0.0,True,0.0,True,0.09999999999999999,0.0,0.0,0.0,primary_high
141142,252,ISM Manufacturing PMI,USD,2025-09-02 14:00:00+00:00,high,48.7,48.0,0.29999999999999716,True,0.29999999999999716,True,0.29999999999999716,True,0.6499999999999986,0.4615384615384582,0.4615384615384582,0.4615384615384582,primary_high
141619,31,GDP q/q,AUD,2025-09-03 01:30:00+00:00,high,0.6,0.2,0.09999999999999998,True,0.09999999999999998,True,0.09999999999999998,True,0.15000000000000005,0.6666666666666663,0.6666666666666663,0.6666666666666663,primary_high
143899,578,JOLTS Job Openings,USD,2025-09-03 14:00:00+00:00,high,7180000.0,7440000.0,200000.0,True,219000.0,True,199000.0,True,281000.0,0.7117437722419929,0.7793594306049823,0.708185053380783,primary_high
140736,100,CPI m/m,CHF,2025-09-04 06:30:00+00:00,high,-0.1,0.0,0.1,True,0.1,True,0.1,True,0.1,1.0,1.0,1.0,primary_high
142727,75,ADP Non-Farm Employment Change,USD,2025-09-04 12:15:00+00:00,high,54000.0,104000.0,19000.0,True,11000.0,True,19000.0,True,25750.0,0.7378640776699029,0.42718446601941745,0.7378640776699029,primary_high
141465,11,Unemployment Claims,USD,2025-09-04 12:30:00+00:00,high,237000.0,229000.0,7000.0,True,7000.0,True,7000.0,True,7000.0,1.0,1.0,1.0,primary_high
141166,253,ISM Services PMI,USD,2025-09-04 14:00:00+00:00,high,52.0,50.1,1.1000000000000014,True,1.0,True,1.1000000000000014,True,1.3999999999999986,0.7857142857142875,0.714285714285715,0.7857142857142875,primary_high
144976,67,Employment Change,CAD,2025-09-05 12:30:00+00:00,high,-65500.0,-40800.0,70400.0,True,73000.0,True,70400.0,True,46875.0,1.5018666666666667,1.5573333333333332,1.5018666666666667,primary_high
144988,57,Unemployment Rate,CAD,2025-09-05 12:30:00+00:00,high,7.1,6.9,0.09999999999999964,True,0.09999999999999964,True,0.09999999999999964,True,0.10000000000000053,0.9999999999999911,0.9999999999999911,0.9999999999999911,primary_high
142597,159,Average Hourly Earnings m/m,USD,2025-09-05 12:30:00+00:00,high,0.3,0.3,0.0,True,0.0,True,0.0,True,0.09999999999999998,0.0,0.0,0.0,primary_high
142573,66,Non-Farm Employment Change,USD,2025-09-05 12:30:00+00:00,high,22000.0,73000.0,53000.0,True,53000.0,True,53000.0,True,55000.0,0.9636363636363636,0.9636363636363636,0.9636363636363636,primary_high
142585,56,Unemployment Rate,USD,2025-09-05 12:30:00+00:00,high,4.3,4.2,0.0,True,0.0,True,0.0,True,0.09999999999999964,0.0,0.0,0.0,primary_high
147811,925,Prelim Benchmark Payrolls Revision,USD,2025-09-09 14:00:00+00:00,high,-911000.0,-818000.0,,True,,False,,True,462500.0,,,,primary_high
142627,87,Core PPI m/m,USD,2025-09-10 12:30:00+00:00,high,-0.1,0.9,0.4,True,0.4,True,0.4,True,0.2,2.0,2.0,2.0,primary_high
142615,86,PPI m/m,USD,2025-09-10 12:30:00+00:00,high,-0.1,0.9,0.4,True,0.4,True,0.4,True,0.2,2.0,2.0,2.0,primary_high
142938,12,Main Refinancing Rate,EUR,2025-09-11 12:15:00+00:00,high,2.15,2.15,0.0,True,0.0,True,0.0,True,0.125,0.0,0.0,0.0,primary_high
142663,79,Core CPI m/m,USD,2025-09-11 12:30:00+00:00,high,0.3,0.3,0.0,True,0.0,True,0.0,True,0.09999999999999998,0.0,0.0,0.0,primary_high
153045,933,Core CPI y/y,USD,2025-09-11 12:30:00+00:00,high,3.1,3.1,0.0,True,0.0,True,0.0,True,0.09999999999999964,0.0,0.0,0.0,primary_high
142639,78,CPI m/m,USD,2025-09-11 12:30:00+00:00,high,0.4,0.2,0.10000000000000003,True,0.10000000000000003,True,0.10000000000000003,True,0.05,2.0000000000000004,2.0000000000000004,2.0000000000000004,primary_high
142651,884,CPI y/y,USD,2025-09-11 12:30:00+00:00,high,2.9,2.7,0.0,True,0.0,True,0.0,True,0.09999999999999964,0.0,0.0,0.0,primary_high
141466,11,Unemployment Claims,USD,2025-09-11 12:30:00+00:00,high,263000.0,237000.0,28000.0,True,28000.0,True,28000.0,True,7000.0,4.0,4.0,4.0,primary_high
143737,804,GDP m/m,GBP,2025-09-12 06:00:00+00:00,high,0.0,0.4,0.0,True,0.0,True,0.0,True,0.2,0.0,0.0,0.0,primary_high
141271,53,Prelim UoM Consumer Sentiment,USD,2025-09-12 14:00:00+00:00,high,55.4,58.6,2.8000000000000043,True,2.6000000000000014,True,2.8000000000000043,True,2.5500000000000043,1.0980392156862744,1.0196078431372537,1.0980392156862744,primary_high
141272,236,Prelim UoM Inflation Expectations,USD,2025-09-12 14:00:00+00:00,high,4.8,4.9,,True,,True,0.0,True,0.5,,,0.0,primary_high
145128,80,CPI m/m,CAD,2025-09-16 12:30:00+00:00,high,-0.1,0.3,0.1,True,0.1,True,0.1,True,0.125,0.8,0.8,0.8,primary_high
145166,659,Median CPI y/y,CAD,2025-09-16 12:30:00+00:00,high,3.1,3.1,0.0,True,,False,0.0,True,0.10000000000000009,0.0,,0.0,primary_high
145167,657,Trimmed CPI y/y,CAD,2025-09-16 12:30:00+00:00,high,3.0,3.0,0.0,True,,False,0.0,True,0.09999999999999987,0.0,,0.0,primary_high
142351,112,Core Retail Sales m/m,USD,2025-09-16 12:30:00+00:00,high,0.7,0.3,0.29999999999999993,True,0.29999999999999993,True,0.29999999999999993,True,0.19999999999999998,1.4999999999999998,1.4999999999999998,1.4999999999999998,primary_high
142341,102,Retail Sales m/m,USD,2025-09-16 12:30:00+00:00,high,0.6,0.5,0.39999999999999997,True,0.39999999999999997,True,0.39999999999999997,True,0.125,3.1999999999999997,3.1999999999999997,3.1999999999999997,primary_high
143615,82,CPI y/y,GBP,2025-09-17 06:00:00+00:00,high,3.8,3.8,0.0,True,0.10000000000000009,True,0.0,True,0.10000000000000009,0.0,1.0,0.0,primary_high
144813,30,GDP q/q,NZD,2025-09-17 22:45:00+00:00,high,-0.9,0.8,0.6000000000000001,True,0.6000000000000001,True,0.6000000000000001,True,0.25,2.4000000000000004,2.4000000000000004,2.4000000000000004,primary_high
144164,73,Employment Change,AUD,2025-09-18 01:30:00+00:00,high,-5400.0,24500.0,26600.0,True,27400.0,True,26600.0,True,23700.0,1.1223628691983123,1.1561181434599157,1.1223628691983123,primary_high
144176,64,Unemployment Rate,AUD,2025-09-18 01:30:00+00:00,high,4.2,4.2,0.0,True,0.0,True,0.0,True,0.09999999999999964,0.0,0.0,0.0,primary_high
141467,11,Unemployment Claims,USD,2025-09-18 12:30:00+00:00,high,231000.0,263000.0,10000.0,True,9000.0,True,10000.0,True,7000.0,1.4285714285714286,1.2857142857142858,1.4285714285714286,primary_high
142209,266,German Flash Manufacturing PMI,EUR,2025-09-23 07:30:00+00:00,high,48.5,49.9,1.5,True,,False,1.5,True,0.8999999999999986,1.6666666666666694,,1.6666666666666694,primary_high
142210,267,German Flash Services PMI,EUR,2025-09-23 07:30:00+00:00,high,52.5,50.1,3.0,True,,False,3.0,True,1.3999999999999986,2.142857142857145,,2.142857142857145,primary_high
142212,837,Flash Manufacturing PMI,GBP,2025-09-23 08:30:00+00:00,high,46.2,47.3,0.8999999999999986,True,,False,0.8999999999999986,True,1.1000000000000014,0.8181818181818158,,0.8181818181818158,primary_high
142211,836,Flash Services PMI,GBP,2025-09-23 08:30:00+00:00,high,51.9,53.6,1.5,True,,False,1.5,True,1.3999999999999986,1.0714285714285725,,1.0714285714285725,primary_high
143935,552,Flash Manufacturing PMI,USD,2025-09-23 13:45:00+00:00,high,52.0,53.3,0.20000000000000284,True,,False,0.20000000000000284,True,0.6000000000000014,0.33333333333333726,,0.33333333333333726,primary_high
143947,583,Flash Services PMI,USD,2025-09-23 13:45:00+00:00,high,53.9,55.4,0.10000000000000142,True,,False,0.10000000000000142,True,1.2499999999999964,0.08000000000000136,,0.08000000000000136,primary_high
144089,888,CPI y/y,AUD,2025-09-24 01:30:00+00:00,high,3.0,2.8,0.10000000000000009,True,,True,0.10000000000000009,True,0.19999999999999973,0.5000000000000011,,0.5000000000000011,primary_high
142551,28,Final GDP q/q,USD,2025-09-25 12:30:00+00:00,high,3.8,3.3,0.5,True,0.5,True,,False,0.3,1.6666666666666667,1.6666666666666667,,primary_high
141468,11,Unemployment Claims,USD,2025-09-25 12:30:00+00:00,high,218000.0,231000.0,15000.0,True,17000.0,True,,False,7000.0,2.142857142857143,2.4285714285714284,,primary_high
144964,29,GDP m/m,CAD,2025-09-26 12:30:00+00:00,high,0.2,-0.1,0.1,True,0.1,True,0.1,True,0.1,1.0,1.0,1.0,primary_high
142513,85,Core PCE Price Index m/m,USD,2025-09-26 12:30:00+00:00,high,0.2,0.3,0.0,True,0.0,True,0.0,True,0.09999999999999999,0.0,0.0,0.0,primary_high
143900,578,JOLTS Job Openings,USD,2025-09-30 14:00:00+00:00,high,7230000.0,7180000.0,40000.0,True,27000.0,True,37000.0,True,281000.0,0.1423487544483986,0.09608540925266904,0.13167259786476868,primary_high
142728,75,ADP Non-Farm Employment Change,USD,2025-10-01 12:15:00+00:00,high,-32000.0,54000.0,84000.0,True,82000.0,True,84000.0,True,25750.0,3.262135922330097,3.1844660194174756,3.262135922330097,primary_high
141143,252,ISM Manufacturing PMI,USD,2025-10-01 14:00:00+00:00,high,49.1,48.7,0.10000000000000142,True,0.10000000000000142,True,0.10000000000000142,True,0.6499999999999986,0.15384615384615638,0.15384615384615638,0.15384615384615638,primary_high
140737,100,CPI m/m,CHF,2025-10-02 06:30:00+00:00,high,-0.2,-0.1,0.0,True,0.0,True,0.0,True,0.1,0.0,0.0,0.0,primary_high
141167,253,ISM Services PMI,USD,2025-10-03 14:00:00+00:00,high,50.0,52.0,1.7999999999999972,True,1.7000000000000028,True,1.7999999999999972,True,1.3999999999999986,1.285714285714285,1.2142857142857175,1.285714285714285,primary_high
141369,23,Official Cash Rate,NZD,2025-10-08 01:00:00+00:00,high,2.5,3.0,0.25,True,0.25,True,0.25,True,0.25,1.0,1.0,1.0,primary_high
144977,67,Employment Change,CAD,2025-10-10 12:30:00+00:00,high,60400.0,-65500.0,57600.0,True,55400.0,True,57600.0,True,46875.0,1.2288,1.1818666666666666,1.2288,primary_high
144989,57,Unemployment Rate,CAD,2025-10-10 12:30:00+00:00,high,7.1,7.1,0.10000000000000053,True,0.10000000000000053,True,0.10000000000000053,True,0.10000000000000053,1.0,1.0,1.0,primary_high
141273,53,Prelim UoM Consumer Sentiment,USD,2025-10-10 14:00:00+00:00,high,55.0,55.4,0.8999999999999986,True,0.7999999999999972,True,0.8999999999999986,True,2.5500000000000043,0.3529411764705871,0.3137254901960768,0.3529411764705871,primary_high
141274,236,Prelim UoM Inflation Expectations,USD,2025-10-10 14:00:00+00:00,high,4.6,4.8,,True,,True,,True,0.5,,,,primary_high
144165,73,Employment Change,AUD,2025-10-16 00:30:00+00:00,high,14900.0,-5400.0,5600.0,True,2100.0,True,5600.0,True,23700.0,0.23628691983122363,0.08860759493670886,0.23628691983122363,primary_high
144177,64,Unemployment Rate,AUD,2025-10-16 00:30:00+00:00,high,4.5,4.2,0.20000000000000018,True,0.20000000000000018,True,0.20000000000000018,True,0.09999999999999964,2.000000000000009,2.000000000000009,2.000000000000009,primary_high
143743,804,GDP m/m,GBP,2025-10-16 06:00:00+00:00,high,0.1,0.0,0.0,True,0.0,True,0.0,True,0.2,0.0,0.0,0.0,primary_high
144854,173,CPI q/q,NZD,2025-10-19 21:45:00+00:00,high,1.0,0.5,0.19999999999999996,True,,True,,False,0.09999999999999998,2.0,,,primary_high
145129,80,CPI m/m,CAD,2025-10-21 12:30:00+00:00,high,0.1,-0.1,0.2,True,0.2,True,0.2,True,0.125,1.6,1.6,1.6,primary_high
145170,659,Median CPI y/y,CAD,2025-10-21 12:30:00+00:00,high,3.2,3.1,0.20000000000000018,True,,False,0.20000000000000018,True,0.10000000000000009,2.0,,2.0,primary_high
145171,657,Trimmed CPI y/y,CAD,2025-10-21 12:30:00+00:00,high,3.1,3.0,0.10000000000000009,True,,False,0.10000000000000009,True,0.09999999999999987,1.0000000000000022,,1.0000000000000022,primary_high
143621,82,CPI y/y,GBP,2025-10-22 06:00:00+00:00,high,3.8,3.8,0.20000000000000018,True,0.20000000000000018,True,0.20000000000000018,True,0.10000000000000009,2.0,2.0,2.0,primary_high
142215,266,German Flash Manufacturing PMI,EUR,2025-10-24 07:30:00+00:00,high,49.6,48.5,0.10000000000000142,True,,False,0.10000000000000142,True,0.8999999999999986,0.11111111111111287,,0.11111111111111287,primary_high
142216,267,German Flash Services PMI,EUR,2025-10-24 07:30:00+00:00,high,54.5,52.5,3.3999999999999986,True,,False,3.3999999999999986,True,1.3999999999999986,2.42857142857143,,2.42857142857143,primary_high
142217,837,Flash Manufacturing PMI,GBP,2025-10-24 08:30:00+00:00,high,49.6,46.2,3.0,True,,False,3.0,True,1.1000000000000014,2.727272727272724,,2.727272727272724,primary_high
142218,836,Flash Services PMI,GBP,2025-10-24 08:30:00+00:00,high,51.1,51.9,0.10000000000000142,True,,False,0.10000000000000142,True,1.3999999999999986,0.07142857142857252,,0.07142857142857252,primary_high
142664,79,Core CPI m/m,USD,2025-10-24 12:30:00+00:00,high,0.2,0.3,0.09999999999999998,True,0.09999999999999998,True,0.09999999999999998,True,0.09999999999999998,1.0,1.0,1.0,primary_high
153046,933,Core CPI y/y,USD,2025-10-24 12:30:00+00:00,high,3.0,3.1,0.10000000000000009,True,0.10000000000000009,True,0.10000000000000009,True,0.09999999999999964,1.0000000000000044,1.0000000000000044,1.0000000000000044,primary_high
142640,78,CPI m/m,USD,2025-10-24 12:30:00+00:00,high,0.3,0.4,0.10000000000000003,True,0.10000000000000003,True,0.10000000000000003,True,0.05,2.0000000000000004,2.0000000000000004,2.0000000000000004,primary_high
142652,884,CPI y/y,USD,2025-10-24 12:30:00+00:00,high,3.0,2.9,0.10000000000000009,True,0.10000000000000009,True,0.10000000000000009,True,0.09999999999999964,1.0000000000000044,1.0000000000000044,1.0000000000000044,primary_high
143936,552,Flash Manufacturing PMI,USD,2025-10-24 13:45:00+00:00,high,52.2,52.0,0.30000000000000426,True,,False,0.30000000000000426,True,0.6000000000000014,0.5000000000000059,,0.5000000000000059,primary_high
143948,583,Flash Services PMI,USD,2025-10-24 13:45:00+00:00,high,55.2,53.9,1.7000000000000028,True,,False,1.7000000000000028,True,1.2499999999999964,1.360000000000006,,1.360000000000006,primary_high
141632,98,CPI m/m,AUD,2025-10-29 00:30:00+00:00,high,1.3,0.7,0.19999999999999996,True,0.19999999999999996,True,0.19999999999999996,True,0.17499999999999996,1.1428571428571428,1.1428571428571428,1.1428571428571428,primary_high
144090,888,CPI y/y,AUD,2025-10-29 00:30:00+00:00,high,3.5,3.0,0.3999999999999999,True,0.3999999999999999,True,0.3999999999999999,True,0.19999999999999973,2.000000000000002,2.000000000000002,2.000000000000002,primary_high
141636,99,Trimmed Mean CPI m/m,AUD,2025-10-29 00:30:00+00:00,high,1.0,0.6,0.19999999999999996,True,0.19999999999999996,True,0.19999999999999996,True,0.09999999999999998,2.0,2.0,2.0,primary_high
142942,12,Main Refinancing Rate,EUR,2025-10-30 13:15:00+00:00,high,2.15,2.15,0.0,True,0.0,True,,False,0.125,0.0,0.0,,primary_high
144965,29,GDP m/m,CAD,2025-10-31 12:30:00+00:00,high,-0.3,0.2,0.3,True,0.3,True,0.3,True,0.1,2.9999999999999996,2.9999999999999996,2.9999999999999996,primary_high
140738,100,CPI m/m,CHF,2025-11-03 07:30:00+00:00,high,-0.3,-0.2,0.19999999999999998,True,0.19999999999999998,True,,False,0.1,1.9999999999999998,1.9999999999999998,,primary_high
141145,252,ISM Manufacturing PMI,USD,2025-11-03 15:00:00+00:00,high,48.7,49.1,0.6999999999999957,True,0.7999999999999972,True,,False,0.6499999999999986,1.0769230769230727,1.230769230769229,,primary_high
141743,74,Employment Change q/q,NZD,2025-11-04 21:45:00+00:00,high,0.0,-0.1,0.1,True,0.1,True,,False,0.09999999999999999,1.0000000000000002,1.0000000000000002,,primary_high
141747,65,Unemployment Rate,NZD,2025-11-04 21:45:00+00:00,high,5.3,5.2,0.0,True,0.0,True,,False,0.10000000000000053,0.0,0.0,,primary_high
142729,75,ADP Non-Farm Employment Change,USD,2025-11-05 13:15:00+00:00,high,42000.0,-32000.0,10000.0,True,17000.0,True,,False,25750.0,0.3883495145631068,0.6601941747572816,,primary_high
141168,253,ISM Services PMI,USD,2025-11-05 15:00:00+00:00,high,52.4,50.0,1.6999999999999957,True,1.6000000000000014,True,,False,1.3999999999999986,1.2142857142857124,1.142857142857145,,primary_high
144978,67,Employment Change,CAD,2025-11-07 13:30:00+00:00,high,66600.0,60400.0,71600.0,True,69100.0,True,,False,46875.0,1.5274666666666668,1.4741333333333333,,primary_high
144990,57,Unemployment Rate,CAD,2025-11-07 13:30:00+00:00,high,6.9,7.1,0.1999999999999993,True,0.1999999999999993,True,,False,0.10000000000000053,1.9999999999999822,1.9999999999999822,,primary_high
143812,68,Claimant Count Change,GBP,2025-11-11 07:00:00+00:00,high,29000.0,25800.0,11400.0,True,8700.0,True,,False,9600.0,1.1875,0.90625,,primary_high
144166,73,Employment Change,AUD,2025-11-13 00:30:00+00:00,high,42200.0,14900.0,22200.0,True,22200.0,True,,False,23700.0,0.9367088607594937,0.9367088607594937,,primary_high
144178,64,Unemployment Rate,AUD,2025-11-13 00:30:00+00:00,high,4.3,4.5,0.10000000000000053,True,0.10000000000000053,True,,False,0.09999999999999964,1.0000000000000089,1.0000000000000089,,primary_high
143749,804,GDP m/m,GBP,2025-11-13 07:00:00+00:00,high,-0.1,0.1,0.1,True,0.1,True,,False,0.2,0.5,0.5,,primary_high
145130,80,CPI m/m,CAD,2025-11-17 13:30:00+00:00,high,0.2,0.1,0.0,True,0.0,True,,False,0.125,0.0,0.0,,primary_high
145174,659,Median CPI y/y,CAD,2025-11-17 13:30:00+00:00,high,2.9,3.2,0.20000000000000018,True,,True,,False,0.10000000000000009,2.0,,,primary_high
145175,657,Trimmed CPI y/y,CAD,2025-11-17 13:30:00+00:00,high,3.0,3.1,0.0,True,,False,,False,0.09999999999999987,0.0,,,primary_high
150895,11,Unemployment Claims,USD,2025-11-18 08:10:00+00:00,high,232000.0,220000.0,,True,,False,,False,7000.0,,,,primary_high
141628,182,Wage Price Index q/q,AUD,2025-11-19 00:30:00+00:00,high,0.8,0.8,0.0,True,0.0,True,,False,0.09999999999999998,0.0,0.0,,primary_high
143627,82,CPI y/y,GBP,2025-11-19 07:00:00+00:00,high,3.6,3.8,0.10000000000000009,True,0.0,True,,False,0.10000000000000009,1.0,0.0,,primary_high
150886,159,Average Hourly Earnings m/m,USD,2025-11-20 13:30:00+00:00,high,0.2,0.3,0.09999999999999998,True,0.09999999999999998,True,,False,0.09999999999999998,1.0,1.0,,primary_high
150885,66,Non-Farm Employment Change,USD,2025-11-20 13:30:00+00:00,high,119000.0,22000.0,66000.0,True,69000.0,True,,False,55000.0,1.2,1.2545454545454546,,primary_high
150972,11,Unemployment Claims,USD,2025-11-20 13:30:00+00:00,high,220000.0,228000.0,7000.0,True,,True,,False,7000.0,1.0,,,primary_high
150884,56,Unemployment Rate,USD,2025-11-20 13:30:00+00:00,high,4.4,4.3,0.10000000000000053,True,0.10000000000000053,True,,False,0.09999999999999964,1.0000000000000089,1.0000000000000089,,primary_high
143674,105,Retail Sales m/m,GBP,2025-11-21 07:00:00+00:00,high,-1.1,0.5,1.0,True,1.1,True,,False,0.7,1.4285714285714286,1.5714285714285716,,primary_high
142221,266,German Flash Manufacturing PMI,EUR,2025-11-21 08:30:00+00:00,high,48.4,49.6,1.3999999999999986,True,,False,,False,0.8999999999999986,1.5555555555555565,,,primary_high
142222,267,German Flash Services PMI,EUR,2025-11-21 08:30:00+00:00,high,52.7,54.5,1.2999999999999972,True,,False,,False,1.3999999999999986,0.9285714285714275,,,primary_high
142219,837,Flash Manufacturing PMI,GBP,2025-11-21 09:30:00+00:00,high,50.2,49.6,0.9000000000000057,True,,False,,False,1.1000000000000014,0.8181818181818223,,,primary_high
142220,836,Flash Services PMI,GBP,2025-11-21 09:30:00+00:00,high,50.5,51.1,1.3999999999999986,True,,False,,False,1.3999999999999986,1.0,,,primary_high
143937,552,Flash Manufacturing PMI,USD,2025-11-21 14:45:00+00:00,high,51.9,52.2,0.10000000000000142,True,,False,,False,0.6000000000000014,0.16666666666666863,,,primary_high
143949,583,Flash Services PMI,USD,2025-11-21 14:45:00+00:00,high,55.0,55.2,0.3999999999999986,True,,False,,False,1.2499999999999964,0.3199999999999998,,,primary_high
150946,87,Core PPI m/m,USD,2025-11-25 13:30:00+00:00,high,0.1,-0.1,0.1,True,0.19999999999999998,True,,False,0.2,0.5,0.9999999999999999,,primary_high
150950,112,Core Retail Sales m/m,USD,2025-11-25 13:30:00+00:00,high,0.3,0.7,0.0,True,0.10000000000000003,True,,False,0.19999999999999998,0.0,0.5000000000000002,,primary_high
150945,86,PPI m/m,USD,2025-11-25 13:30:00+00:00,high,0.3,-0.1,0.0,True,0.0,True,,False,0.2,0.0,0.0,,primary_high
150951,102,Retail Sales m/m,USD,2025-11-25 13:30:00+00:00,high,0.2,0.6,0.2,True,0.2,True,,False,0.125,1.6,1.6,,primary_high
151673,98,CPI m/m,AUD,2025-11-26 00:30:00+00:00,high,0.0,0.5,,True,,True,,False,0.17499999999999996,,,,primary_high
144091,888,CPI y/y,AUD,2025-11-26 00:30:00+00:00,high,3.8,3.5,0.19999999999999973,True,0.19999999999999973,True,,False,0.19999999999999973,1.0,1.0,,primary_high
152034,99,Trimmed Mean CPI m/m,AUD,2025-11-26 00:30:00+00:00,high,0.3,1.0,,True,,True,,False,0.09999999999999998,,,,primary_high
141370,23,Official Cash Rate,NZD,2025-11-26 01:00:00+00:00,high,2.25,2.5,0.0,True,0.0,True,,False,0.25,0.0,0.0,,primary_high
141477,11,Unemployment Claims,USD,2025-11-26 13:30:00+00:00,high,216000.0,220000.0,10000.0,True,9000.0,True,,False,7000.0,1.4285714285714286,1.2857142857142858,,primary_high
144966,29,GDP m/m,CAD,2025-11-28 13:30:00+00:00,high,0.2,-0.3,0.0,True,0.0,True,,False,0.1,0.0,0.0,,primary_high
141144,252,ISM Manufacturing PMI,USD,2025-12-01 15:00:00+00:00,high,48.2,48.7,0.7999999999999972,True,0.3999999999999986,True,,False,0.6499999999999986,1.230769230769229,0.6153846153846145,,primary_high
141620,31,GDP q/q,AUD,2025-12-03 00:30:00+00:00,high,0.4,0.6,0.29999999999999993,True,0.29999999999999993,True,,False,0.15000000000000005,1.999999999999999,1.999999999999999,,primary_high
140739,100,CPI m/m,CHF,2025-12-03 07:30:00+00:00,high,-0.2,-0.3,0.1,True,0.0,True,,False,0.1,1.0,0.0,,primary_high
142730,75,ADP Non-Farm Employment Change,USD,2025-12-03 13:15:00+00:00,high,-32000.0,42000.0,37000.0,True,37000.0,True,,False,25750.0,1.4368932038834952,1.4368932038834952,,primary_high
141169,253,ISM Services PMI,USD,2025-12-03 15:00:00+00:00,high,52.6,52.4,0.6000000000000014,True,0.5,True,,False,1.3999999999999986,0.42857142857143005,0.3571428571428575,,primary_high
141478,11,Unemployment Claims,USD,2025-12-04 13:30:00+00:00,high,191000.0,216000.0,28000.0,True,29000.0,True,,False,7000.0,4.0,4.142857142857143,,primary_high
144979,67,Employment Change,CAD,2025-12-05 13:30:00+00:00,high,53600.0,66600.0,55100.0,True,58600.0,True,,False,46875.0,1.1754666666666667,1.2501333333333333,,primary_high
144991,57,Unemployment Rate,CAD,2025-12-05 13:30:00+00:00,high,6.5,6.9,0.5,True,0.5,True,,False,0.10000000000000053,4.999999999999973,4.999999999999973,,primary_high
150985,85,Core PCE Price Index m/m,USD,2025-12-05 15:00:00+00:00,high,0.2,0.2,0.0,True,0.0,True,,False,0.09999999999999999,0.0,0.0,,primary_high
141278,53,Prelim UoM Consumer Sentiment,USD,2025-12-05 15:00:00+00:00,high,53.3,50.3,1.2999999999999972,True,1.2999999999999972,True,,False,2.5500000000000043,0.5098039215686255,0.5098039215686255,,primary_high
141277,236,Prelim UoM Inflation Expectations,USD,2025-12-05 15:00:00+00:00,high,4.1,4.7,,True,,True,,False,0.5,,,,primary_high
153353,929,ADP Weekly Employment Change,USD,2025-12-09 13:14:00+00:00,high,-8000.0,-13500.0,,True,,False,,False,11500.0,,,,primary_high
150961,929,ADP Weekly Employment Change,USD,2025-12-09 13:15:00+00:00,high,4800.0,-8000.0,,True,,False,,False,11500.0,,,,primary_high
143902,578,JOLTS Job Openings,USD,2025-12-09 15:00:00+00:00,high,7670000.0,7660000.0,530000.0,True,458000.0,True,,False,281000.0,1.886120996441281,1.6298932384341638,,primary_high
150981,179,Employment Cost Index q/q,USD,2025-12-10 13:30:00+00:00,high,0.8,0.9,0.09999999999999998,True,0.09999999999999998,True,,False,0.09999999999999998,1.0,1.0,,primary_high
144167,73,Employment Change,AUD,2025-12-11 00:30:00+00:00,high,-21300.0,42200.0,41300.0,True,41300.0,True,,False,23700.0,1.7426160337552743,1.7426160337552743,,primary_high
144179,64,Unemployment Rate,AUD,2025-12-11 00:30:00+00:00,high,4.3,4.3,0.10000000000000053,True,0.10000000000000053,True,,False,0.09999999999999964,1.0000000000000089,1.0000000000000089,,primary_high
141479,11,Unemployment Claims,USD,2025-12-11 13:30:00+00:00,high,236000.0,191000.0,16000.0,True,16000.0,True,,False,7000.0,2.2857142857142856,2.2857142857142856,,primary_high
148063,804,GDP m/m,GBP,2025-12-12 07:00:00+00:00,high,-0.1,-0.1,0.2,True,0.2,True,,False,0.2,1.0,1.0,,primary_high
145131,80,CPI m/m,CAD,2025-12-15 13:30:00+00:00,high,0.1,0.2,0.0,True,,True,,False,0.125,0.0,,,primary_high
145178,659,Median CPI y/y,CAD,2025-12-15 13:30:00+00:00,high,2.8,2.9,0.10000000000000009,True,,False,,False,0.10000000000000009,1.0,,,primary_high
145179,657,Trimmed CPI y/y,CAD,2025-12-15 13:30:00+00:00,high,2.8,3.0,0.10000000000000009,True,,False,,False,0.09999999999999987,1.0000000000000022,,,primary_high
143815,68,Claimant Count Change,GBP,2025-12-16 07:00:00+00:00,high,20100.0,29000.0,1500.0,True,2200.0,True,,False,9600.0,0.15625,0.22916666666666666,,primary_high
142227,266,German Flash Manufacturing PMI,EUR,2025-12-16 08:30:00+00:00,high,47.7,48.4,0.8999999999999986,True,,False,,False,0.8999999999999986,1.0,,,primary_high
142228,267,German Flash Services PMI,EUR,2025-12-16 08:30:00+00:00,high,52.6,52.7,0.3999999999999986,True,,False,,False,1.3999999999999986,0.285714285714285,,,primary_high
142229,837,Flash Manufacturing PMI,GBP,2025-12-16 09:30:00+00:00,high,51.2,50.2,0.9000000000000057,True,,False,,False,1.1000000000000014,0.8181818181818223,,,primary_high
142230,836,Flash Services PMI,GBP,2025-12-16 09:30:00+00:00,high,52.1,50.5,0.5,True,,False,,False,1.3999999999999986,0.3571428571428575,,,primary_high
150962,929,ADP Weekly Employment Change,USD,2025-12-16 13:15:00+00:00,high,16300.0,4800.0,,True,,True,,False,11500.0,,,,primary_high
142600,159,Average Hourly Earnings m/m,USD,2025-12-16 13:30:00+00:00,high,0.1,0.4,0.19999999999999998,True,0.19999999999999998,True,,False,0.09999999999999998,2.0000000000000004,2.0000000000000004,,primary_high
142354,112,Core Retail Sales m/m,USD,2025-12-16 13:30:00+00:00,high,0.4,0.3,0.2,True,0.10000000000000003,True,,False,0.19999999999999998,1.0000000000000002,0.5000000000000002,,primary_high
142576,66,Non-Farm Employment Change,USD,2025-12-16 13:30:00+00:00,high,64000.0,-105000.0,13000.0,True,14000.0,True,,False,55000.0,0.23636363636363636,0.2545454545454545,,primary_high
142344,102,Retail Sales m/m,USD,2025-12-16 13:30:00+00:00,high,0.0,0.2,0.1,True,0.1,True,,False,0.125,0.8,0.8,,primary_high
142588,56,Unemployment Rate,USD,2025-12-16 13:30:00+00:00,high,4.6,4.4,0.09999999999999964,True,0.1999999999999993,True,,False,0.09999999999999964,1.0,2.0,,primary_high
143938,552,Flash Manufacturing PMI,USD,2025-12-16 14:45:00+00:00,high,51.8,51.9,0.20000000000000284,True,,False,,False,0.6000000000000014,0.33333333333333726,,,primary_high
143950,583,Flash Services PMI,USD,2025-12-16 14:45:00+00:00,high,52.9,55.0,1.1000000000000014,True,,False,,False,1.2499999999999964,0.8800000000000037,,,primary_high
143633,82,CPI y/y,GBP,2025-12-17 07:00:00+00:00,high,3.2,3.6,0.2999999999999998,True,0.2999999999999998,True,,False,0.10000000000000009,2.9999999999999956,2.9999999999999956,,primary_high
144814,30,GDP q/q,NZD,2025-12-17 21:45:00+00:00,high,1.1,-0.9,0.20000000000000007,True,0.20000000000000007,True,,False,0.25,0.8000000000000003,0.8000000000000003,,primary_high
142945,12,Main Refinancing Rate,EUR,2025-12-18 13:15:00+00:00,high,2.15,2.15,0.0,True,0.0,True,,False,0.125,0.0,0.0,,primary_high
153047,933,Core CPI y/y,USD,2025-12-18 13:30:00+00:00,high,2.6,3.0,0.3999999999999999,True,0.3999999999999999,True,,False,0.09999999999999964,4.000000000000013,4.000000000000013,,primary_high
142654,884,CPI y/y,USD,2025-12-18 13:30:00+00:00,high,2.7,3.0,0.3999999999999999,True,0.3999999999999999,True,,False,0.09999999999999964,4.000000000000013,4.000000000000013,,primary_high
141480,11,Unemployment Claims,USD,2025-12-18 13:30:00+00:00,high,224000.0,236000.0,0.0,True,1000.0,True,,False,7000.0,0.0,0.14285714285714285,,primary_high
143675,105,Retail Sales m/m,GBP,2025-12-19 07:00:00+00:00,high,-0.1,-1.1,0.4,True,0.5,True,,False,0.7,0.5714285714285715,0.7142857142857143,,primary_high
144967,29,GDP m/m,CAD,2025-12-23 13:30:00+00:00,high,-0.3,0.2,0.0,True,0.0,True,,False,0.1,0.0,0.0,,primary_high
150987,27,Prelim GDP q/q,USD,2025-12-23 13:30:00+00:00,high,4.3,3.8,1.0,True,1.0,True,,False,0.14999999999999986,6.666666666666673,6.666666666666673,,primary_high
141481,11,Unemployment Claims,USD,2025-12-24 13:30:00+00:00,high,214000.0,224000.0,10000.0,True,9000.0,True,,False,7000.0,1.4285714285714286,1.2857142857142858,,primary_high
141482,11,Unemployment Claims,USD,2025-12-31 13:30:00+00:00,high,199000.0,214000.0,20000.0,True,21000.0,True,,False,7000.0,2.857142857142857,3.0,,primary_high
146575,252,ISM Manufacturing PMI,USD,2026-01-05 15:00:00+00:00,high,47.9,48.2,0.3999999999999986,True,0.3999999999999986,True,,False,0.6499999999999986,0.6153846153846145,0.6153846153846145,,primary_high
151674,98,CPI m/m,AUD,2026-01-07 00:30:00+00:00,high,0.0,0.0,0.1,True,,True,,False,0.17499999999999996,0.5714285714285716,,,primary_high
149103,888,CPI y/y,AUD,2026-01-07 00:30:00+00:00,high,3.4,3.8,0.20000000000000018,True,0.30000000000000027,True,,False,0.19999999999999973,1.0000000000000022,1.5000000000000033,,primary_high
151675,99,Trimmed Mean CPI m/m,AUD,2026-01-07 00:30:00+00:00,high,0.3,0.3,0.09999999999999998,True,,True,,False,0.09999999999999998,1.0,,,primary_high
150290,75,ADP Non-Farm Employment Change,USD,2026-01-07 13:15:00+00:00,high,41000.0,-32000.0,8000.0,True,6000.0,True,,False,25750.0,0.3106796116504854,0.23300970873786409,,primary_high
146599,253,ISM Services PMI,USD,2026-01-07 15:00:00+00:00,high,54.4,52.6,2.1999999999999957,True,2.1000000000000014,True,,False,1.3999999999999986,1.57142857142857,1.5000000000000024,,primary_high
149786,578,JOLTS Job Openings,USD,2026-01-07 15:00:00+00:00,high,7150000.0,7670000.0,460000.0,True,454000.0,True,,False,281000.0,1.6370106761565837,1.6156583629893237,,primary_high
147323,100,CPI m/m,CHF,2026-01-08 07:30:00+00:00,high,0.0,-0.2,0.0,True,0.1,True,,False,0.1,0.0,1.0,,primary_high
146979,11,Unemployment Claims,USD,2026-01-08 13:30:00+00:00,high,208000.0,199000.0,5000.0,True,2000.0,True,,False,7000.0,0.7142857142857143,0.2857142857142857,,primary_high
146641,67,Employment Change,CAD,2026-01-09 13:30:00+00:00,high,8200.0,53600.0,10000.0,True,13200.0,True,,False,46875.0,0.21333333333333335,0.2816,,primary_high
146642,57,Unemployment Rate,CAD,2026-01-09 13:30:00+00:00,high,6.8,6.5,0.09999999999999964,True,0.20000000000000018,True,,False,0.10000000000000053,0.9999999999999911,1.9999999999999911,,primary_high
146927,159,Average Hourly Earnings m/m,USD,2026-01-09 13:30:00+00:00,high,0.3,0.1,0.0,True,0.0,True,,False,0.09999999999999998,0.0,0.0,,primary_high
146903,66,Non-Farm Employment Change,USD,2026-01-09 13:30:00+00:00,high,50000.0,64000.0,16000.0,True,10000.0,True,,False,55000.0,0.2909090909090909,0.18181818181818182,,primary_high
146915,56,Unemployment Rate,USD,2026-01-09 13:30:00+00:00,high,4.4,4.6,0.09999999999999964,True,0.09999999999999964,True,,False,0.09999999999999964,1.0,1.0,,primary_high
148570,53,Prelim UoM Consumer Sentiment,USD,2026-01-09 15:00:00+00:00,high,54.0,53.3,0.5,True,0.5,True,,False,2.5500000000000043,0.19607843137254868,0.19607843137254868,,primary_high
148582,236,Prelim UoM Inflation Expectations,USD,2026-01-09 15:00:00+00:00,high,4.2,4.1,,True,,True,,False,0.5,,,,primary_high
148356,79,Core CPI m/m,USD,2026-01-13 13:30:00+00:00,high,0.2,0.2,0.09999999999999998,True,0.09999999999999998,True,,False,0.09999999999999998,1.0,1.0,,primary_high
153048,933,Core CPI y/y,USD,2026-01-13 13:30:00+00:00,high,2.6,2.6,0.10000000000000009,True,0.10000000000000009,True,,False,0.09999999999999964,1.0000000000000044,1.0000000000000044,,primary_high
148326,78,CPI m/m,USD,2026-01-13 13:30:00+00:00,high,0.3,0.3,0.0,True,0.0,True,,False,0.05,0.0,0.0,,primary_high
148343,884,CPI y/y,USD,2026-01-13 13:30:00+00:00,high,2.7,2.7,0.0,True,0.0,True,,False,0.09999999999999964,0.0,0.0,,primary_high
148395,87,Core PPI m/m,USD,2026-01-14 13:30:00+00:00,high,0.0,0.3,0.2,True,0.2,True,,False,0.2,1.0,1.0,,primary_high
148037,112,Core Retail Sales m/m,USD,2026-01-14 13:30:00+00:00,high,0.5,0.4,0.09999999999999998,True,0.09999999999999998,True,,False,0.19999999999999998,0.49999999999999994,0.49999999999999994,,primary_high
148371,86,PPI m/m,USD,2026-01-14 13:30:00+00:00,high,0.2,0.1,0.0,True,0.0,True,,False,0.2,0.0,0.0,,primary_high
148025,102,Retail Sales m/m,USD,2026-01-14 13:30:00+00:00,high,0.6,0.0,0.09999999999999998,True,0.19999999999999996,True,,False,0.125,0.7999999999999998,1.5999999999999996,,primary_high
151510,804,GDP m/m,GBP,2026-01-15 07:00:00+00:00,high,0.3,-0.1,0.19999999999999998,True,0.19999999999999998,True,,False,0.2,0.9999999999999999,0.9999999999999999,,primary_high
146980,11,Unemployment Claims,USD,2026-01-15 13:30:00+00:00,high,198000.0,208000.0,17000.0,True,17000.0,True,,False,7000.0,2.4285714285714284,2.4285714285714284,,primary_high
146650,80,CPI m/m,CAD,2026-01-19 13:30:00+00:00,high,-0.2,0.1,0.2,True,0.09999999999999998,True,,False,0.125,1.6,0.7999999999999998,,primary_high
146651,659,Median CPI y/y,CAD,2026-01-19 13:30:00+00:00,high,2.5,2.8,0.20000000000000018,True,,False,,False,0.10000000000000009,2.0,,,primary_high
146652,657,Trimmed CPI y/y,CAD,2026-01-19 13:30:00+00:00,high,2.7,2.8,0.0,True,,False,,False,0.09999999999999987,0.0,,,primary_high
151066,68,Claimant Count Change,GBP,2026-01-20 07:00:00+00:00,high,17900.0,20100.0,2300.0,True,900.0,True,,False,9600.0,0.23958333333333334,0.09375,,primary_high
152068,82,CPI y/y,GBP,2026-01-21 07:00:00+00:00,high,3.4,3.2,0.10000000000000009,True,0.10000000000000009,True,,False,0.10000000000000009,1.0,1.0,,primary_high
148130,73,Employment Change,AUD,2026-01-22 00:30:00+00:00,high,65200.0,-21300.0,36900.0,True,35200.0,True,,False,23700.0,1.5569620253164558,1.4852320675105486,,primary_high
148131,64,Unemployment Rate,AUD,2026-01-22 00:30:00+00:00,high,4.1,4.3,0.3000000000000007,True,0.3000000000000007,True,,False,0.09999999999999964,3.0000000000000178,3.0000000000000178,,primary_high
142552,28,Final GDP q/q,USD,2026-01-22 13:30:00+00:00,high,4.4,4.3,0.10000000000000053,True,0.10000000000000053,True,,False,0.3,0.33333333333333515,0.33333333333333515,,primary_high
146981,11,Unemployment Claims,USD,2026-01-22 13:30:00+00:00,high,200000.0,198000.0,9000.0,True,12000.0,True,,False,7000.0,1.2857142857142858,1.7142857142857142,,primary_high
148227,85,Core PCE Price Index m/m,USD,2026-01-22 15:00:00+00:00,high,0.2,0.2,0.0,True,,True,,False,0.09999999999999999,0.0,,,primary_high
150035,173,CPI q/q,NZD,2026-01-22 21:45:00+00:00,high,0.6,1.0,0.09999999999999998,True,0.09999999999999998,True,,False,0.09999999999999998,1.0,1.0,,primary_high
151602,105,Retail Sales m/m,GBP,2026-01-23 07:00:00+00:00,high,0.4,-0.1,0.4,True,0.5,True,,False,0.7,0.5714285714285715,0.7142857142857143,,primary_high
147600,266,German Flash Manufacturing PMI,EUR,2026-01-23 08:30:00+00:00,high,48.7,47.7,0.9000000000000057,True,,False,,False,0.8999999999999986,1.000000000000008,,,primary_high
147601,267,German Flash Services PMI,EUR,2026-01-23 08:30:00+00:00,high,53.3,52.6,0.6999999999999957,True,,False,,False,1.3999999999999986,0.49999999999999745,,,primary_high
147604,837,Flash Manufacturing PMI,GBP,2026-01-23 09:30:00+00:00,high,51.6,51.2,1.0,True,,False,,False,1.1000000000000014,0.909090909090908,,,primary_high
147605,836,Flash Services PMI,GBP,2026-01-23 09:30:00+00:00,high,54.3,52.1,2.5999999999999943,True,,False,,False,1.3999999999999986,1.857142857142855,,,primary_high
149762,552,Flash Manufacturing PMI,USD,2026-01-23 14:45:00+00:00,high,51.9,51.8,0.0,True,,False,,False,0.6000000000000014,0.0,,,primary_high
149774,583,Flash Services PMI,USD,2026-01-23 14:45:00+00:00,high,52.5,52.9,0.3999999999999986,True,,False,,False,1.2499999999999964,0.3199999999999998,,,primary_high
149106,98,CPI m/m,AUD,2026-01-28 00:30:00+00:00,high,1.0,0.0,0.30000000000000004,True,0.30000000000000004,True,,False,0.17499999999999996,1.7142857142857149,1.7142857142857149,,primary_high
149092,888,CPI y/y,AUD,2026-01-28 00:30:00+00:00,high,3.8,3.4,0.2999999999999998,True,0.19999999999999973,True,,False,0.19999999999999973,1.500000000000001,1.0,,primary_high
149109,99,Trimmed Mean CPI m/m,AUD,2026-01-28 00:30:00+00:00,high,0.2,0.3,0.09999999999999998,True,0.0,True,,False,0.09999999999999998,1.0,0.0,,primary_high
146982,11,Unemployment Claims,USD,2026-01-29 13:30:00+00:00,high,209000.0,200000.0,3000.0,True,4000.0,True,,False,7000.0,0.42857142857142855,0.5714285714285714,,primary_high
146657,29,GDP m/m,CAD,2026-01-30 13:30:00+00:00,high,0.0,-0.3,0.1,True,0.1,True,,False,0.1,1.0,1.0,,primary_high
151479,87,Core PPI m/m,USD,2026-01-30 13:30:00+00:00,high,0.7,0.0,0.49999999999999994,True,0.49999999999999994,True,,False,0.2,2.4999999999999996,2.4999999999999996,,primary_high
151480,86,PPI m/m,USD,2026-01-30 13:30:00+00:00,high,0.5,0.2,0.3,True,0.3,True,,False,0.2,1.4999999999999998,1.4999999999999998,,primary_high
146576,252,ISM Manufacturing PMI,USD,2026-02-02 15:00:00+00:00,high,52.6,47.9,4.100000000000001,True,4.100000000000001,True,,False,0.6499999999999986,6.3076923076923235,6.3076923076923235,,primary_high
149113,74,Employment Change q/q,NZD,2026-02-03 21:45:00+00:00,high,0.5,0.0,0.2,True,0.2,True,,False,0.09999999999999999,2.0000000000000004,2.0000000000000004,,primary_high
149114,65,Unemployment Rate,NZD,2026-02-03 21:45:00+00:00,high,5.4,5.3,0.10000000000000053,True,0.10000000000000053,True,,False,0.10000000000000053,1.0,1.0,,primary_high
150295,75,ADP Non-Farm Employment Change,USD,2026-02-04 13:15:00+00:00,high,22000.0,41000.0,24000.0,True,26000.0,True,,False,25750.0,0.9320388349514563,1.0097087378640777,,primary_high
146600,253,ISM Services PMI,USD,2026-02-04 15:00:00+00:00,high,53.8,54.4,0.29999999999999716,True,0.29999999999999716,True,,False,1.3999999999999986,0.21428571428571247,0.21428571428571247,,primary_high
150523,12,Main Refinancing Rate,EUR,2026-02-05 13:15:00+00:00,high,2.15,2.15,0.0,True,0.0,True,,False,0.125,0.0,0.0,,primary_high
146983,11,Unemployment Claims,USD,2026-02-05 13:30:00+00:00,high,231000.0,209000.0,19000.0,True,19000.0,True,,False,7000.0,2.7142857142857144,2.7142857142857144,,primary_high
152626,578,JOLTS Job Openings,USD,2026-02-05 15:00:00+00:00,high,6540000.0,7150000.0,710000.0,True,658000.0,True,,False,281000.0,2.526690391459075,2.3416370106761564,,primary_high
146660,67,Employment Change,CAD,2026-02-06 13:30:00+00:00,high,-24800.0,8200.0,30000.0,True,31800.0,True,,False,46875.0,0.64,0.6784,,primary_high
146659,57,Unemployment Rate,CAD,2026-02-06 13:30:00+00:00,high,6.5,6.8,0.2999999999999998,True,0.2999999999999998,True,,False,0.10000000000000053,2.9999999999999822,2.9999999999999822,,primary_high
148571,53,Prelim UoM Consumer Sentiment,USD,2026-02-06 15:00:00+00:00,high,57.3,54.0,2.299999999999997,True,2.299999999999997,True,,False,2.5500000000000043,0.9019607843137228,0.9019607843137228,,primary_high
148583,236,Prelim UoM Inflation Expectations,USD,2026-02-06 15:00:00+00:00,high,3.5,4.2,,True,,True,,False,0.5,,,,primary_high
148038,112,Core Retail Sales m/m,USD,2026-02-10 13:30:00+00:00,high,0.0,0.5,0.3,True,0.4,True,,False,0.19999999999999998,1.5,2.0000000000000004,,primary_high
148026,102,Retail Sales m/m,USD,2026-02-10 13:30:00+00:00,high,0.0,0.6,0.4,True,0.3,True,,False,0.125,3.2,2.4,,primary_high
152624,159,Average Hourly Earnings m/m,USD,2026-02-11 13:30:00+00:00,high,0.4,0.3,0.10000000000000003,True,0.10000000000000003,True,,False,0.09999999999999998,1.0000000000000007,1.0000000000000007,,primary_high
152625,66,Non-Farm Employment Change,USD,2026-02-11 13:30:00+00:00,high,130000.0,50000.0,64000.0,True,60000.0,True,,False,55000.0,1.1636363636363636,1.0909090909090908,,primary_high
152623,56,Unemployment Rate,USD,2026-02-11 13:30:00+00:00,high,4.3,4.4,0.10000000000000053,True,0.10000000000000053,True,,False,0.09999999999999964,1.0000000000000089,1.0000000000000089,,primary_high
151516,804,GDP m/m,GBP,2026-02-12 07:00:00+00:00,high,0.1,0.3,0.0,True,0.0,True,,False,0.2,0.0,0.0,,primary_high
146984,11,Unemployment Claims,USD,2026-02-12 13:30:00+00:00,high,227000.0,231000.0,5000.0,True,5000.0,True,,False,7000.0,0.7142857142857143,0.7142857142857143,,primary_high
147322,100,CPI m/m,CHF,2026-02-13 07:30:00+00:00,high,-0.1,0.0,0.1,True,0.1,True,,False,0.1,1.0,1.0,,primary_high
148357,79,Core CPI m/m,USD,2026-02-13 13:30:00+00:00,high,0.3,0.2,0.0,True,0.0,True,,False,0.09999999999999998,0.0,0.0,,primary_high
153049,933,Core CPI y/y,USD,2026-02-13 13:30:00+00:00,high,2.5,2.6,0.0,True,0.0,True,,False,0.09999999999999964,0.0,0.0,,primary_high
148327,78,CPI m/m,USD,2026-02-13 13:30:00+00:00,high,0.2,0.3,0.09999999999999998,True,0.09999999999999998,True,,False,0.05,1.9999999999999996,1.9999999999999996,,primary_high
148344,884,CPI y/y,USD,2026-02-13 13:30:00+00:00,high,2.4,2.7,0.10000000000000009,True,0.10000000000000009,True,,False,0.09999999999999964,1.0000000000000044,1.0000000000000044,,primary_high
151069,68,Claimant Count Change,GBP,2026-02-17 07:00:00+00:00,high,28600.0,17900.0,5800.0,True,5800.0,True,,False,9600.0,0.6041666666666666,0.6041666666666666,,primary_high
146665,80,CPI m/m,CAD,2026-02-17 13:30:00+00:00,high,0.0,-0.2,0.1,True,0.1,True,,False,0.125,0.8,0.8,,primary_high
146666,659,Median CPI y/y,CAD,2026-02-17 13:30:00+00:00,high,2.5,2.5,0.0,True,,False,,False,0.10000000000000009,0.0,,,primary_high
146667,657,Trimmed CPI y/y,CAD,2026-02-17 13:30:00+00:00,high,2.4,2.7,0.20000000000000018,True,,False,,False,0.09999999999999987,2.0000000000000044,,,primary_high
148852,23,Official Cash Rate,NZD,2026-02-18 01:00:00+00:00,high,2.25,2.25,0.0,True,0.0,True,,False,0.25,0.0,0.0,,primary_high
151406,82,CPI y/y,GBP,2026-02-18 07:00:00+00:00,high,3.0,3.4,0.0,True,0.0,True,,False,0.10000000000000009,0.0,0.0,,primary_high
148132,73,Employment Change,AUD,2026-02-19 00:30:00+00:00,high,17800.0,65200.0,2200.0,True,2200.0,True,,False,23700.0,0.09282700421940929,0.09282700421940929,,primary_high
148133,64,Unemployment Rate,AUD,2026-02-19 00:30:00+00:00,high,4.1,4.1,0.10000000000000053,True,0.10000000000000053,True,,False,0.09999999999999964,1.0000000000000089,1.0000000000000089,,primary_high
146985,11,Unemployment Claims,USD,2026-02-19 13:30:00+00:00,high,206000.0,227000.0,17000.0,True,19000.0,True,,False,7000.0,2.4285714285714284,2.7142857142857144,,primary_high
151603,105,Retail Sales m/m,GBP,2026-02-20 07:00:00+00:00,high,1.8,0.4,1.6,True,1.6,True,,False,0.7,2.285714285714286,2.285714285714286,,primary_high
147608,266,German Flash Manufacturing PMI,EUR,2026-02-20 08:30:00+00:00,high,50.7,48.7,1.1000000000000014,True,,False,,False,0.8999999999999986,1.2222222222222257,,,primary_high
147609,267,German Flash Services PMI,EUR,2026-02-20 08:30:00+00:00,high,53.4,53.3,1.0,True,,False,,False,1.3999999999999986,0.714285714285715,,,primary_high
147612,837,Flash Manufacturing PMI,GBP,2026-02-20 09:30:00+00:00,high,52.0,51.6,0.5,True,,False,,False,1.1000000000000014,0.454545454545454,,,primary_high
147613,836,Flash Services PMI,GBP,2026-02-20 09:30:00+00:00,high,53.9,54.3,0.3999999999999986,True,,False,,False,1.3999999999999986,0.285714285714285,,,primary_high
152038,2,Advance GDP q/q,USD,2026-02-20 13:30:00+00:00,high,1.4,3.0,1.4,True,1.6,True,,False,0.5,2.8,3.2,,primary_high
152042,85,Core PCE Price Index m/m,USD,2026-02-20 13:30:00+00:00,high,0.4,0.2,0.10000000000000003,True,0.10000000000000003,True,,False,0.09999999999999999,1.0000000000000004,1.0000000000000004,,primary_high
149763,552,Flash Manufacturing PMI,USD,2026-02-20 14:45:00+00:00,high,51.2,51.9,1.1999999999999957,True,,False,,False,0.6000000000000014,1.9999999999999882,,,primary_high
149775,583,Flash Services PMI,USD,2026-02-20 14:45:00+00:00,high,52.3,52.5,0.7000000000000028,True,,False,,False,1.2499999999999964,0.5600000000000038,,,primary_high
152590,98,CPI m/m,AUD,2026-02-25 00:30:00+00:00,high,0.4,1.0,0.2,True,,True,,False,0.17499999999999996,1.1428571428571432,,,primary_high
149093,888,CPI y/y,AUD,2026-02-25 00:30:00+00:00,high,3.8,3.8,0.09999999999999964,True,0.09999999999999964,True,,False,0.19999999999999973,0.4999999999999989,0.4999999999999989,,primary_high
152591,99,Trimmed Mean CPI m/m,AUD,2026-02-25 00:30:00+00:00,high,0.3,0.2,0.10000000000000003,True,,True,,False,0.09999999999999998,1.0000000000000007,,,primary_high
146986,11,Unemployment Claims,USD,2026-02-26 13:30:00+00:00,high,212000.0,206000.0,5000.0,True,3000.0,True,,False,7000.0,0.7142857142857143,0.42857142857142855,,primary_high
146677,29,GDP m/m,CAD,2026-02-27 13:30:00+00:00,high,0.2,0.0,0.1,True,0.1,True,,False,0.1,1.0,1.0,,primary_high
148396,87,Core PPI m/m,USD,2026-02-27 13:30:00+00:00,high,0.8,0.7,0.5,True,0.5,True,,False,0.2,2.5,2.5,,primary_high
148375,86,PPI m/m,USD,2026-02-27 13:30:00+00:00,high,0.5,0.5,0.2,True,0.2,True,,False,0.2,1.0,1.0,,primary_high
146577,252,ISM Manufacturing PMI,USD,2026-03-02 15:00:00+00:00,high,52.4,52.6,0.6999999999999957,True,0.6000000000000014,True,,False,0.6499999999999986,1.0769230769230727,0.9230769230769272,,primary_high
148162,31,GDP q/q,AUD,2026-03-04 00:30:00+00:00,high,0.8,0.4,0.10000000000000009,True,0.20000000000000007,True,,False,0.15000000000000005,0.6666666666666671,1.3333333333333333,,primary_high
150296,75,ADP Non-Farm Employment Change,USD,2026-03-04 13:15:00+00:00,high,63000.0,22000.0,13000.0,True,13000.0,True,,False,25750.0,0.5048543689320388,0.5048543689320388,,primary_high
146601,253,ISM Services PMI,USD,2026-03-04 15:00:00+00:00,high,56.1,53.8,2.6000000000000014,True,2.6000000000000014,True,,False,1.3999999999999986,1.85714285714286,1.85714285714286,,primary_high
146987,11,Unemployment Claims,USD,2026-03-05 13:30:00+00:00,high,213000.0,212000.0,2000.0,True,2000.0,True,,False,7000.0,0.2857142857142857,0.2857142857142857,,primary_high
146929,159,Average Hourly Earnings m/m,USD,2026-03-06 13:30:00+00:00,high,0.4,0.4,0.10000000000000003,True,0.10000000000000003,True,,False,0.09999999999999998,1.0000000000000007,1.0000000000000007,,primary_high
148039,112,Core Retail Sales m/m,USD,2026-03-06 13:30:00+00:00,high,0.0,0.0,0.1,True,0.0,True,,False,0.19999999999999998,0.5000000000000001,0.0,,primary_high
146905,66,Non-Farm Employment Change,USD,2026-03-06 13:30:00+00:00,high,-92000.0,130000.0,150000.0,True,151000.0,True,,False,55000.0,2.727272727272727,2.7454545454545456,,primary_high
148027,102,Retail Sales m/m,USD,2026-03-06 13:30:00+00:00,high,-0.2,0.0,0.09999999999999998,True,0.09999999999999998,True,,False,0.125,0.7999999999999998,0.7999999999999998,,primary_high
146917,56,Unemployment Rate,USD,2026-03-06 13:30:00+00:00,high,4.4,4.3,0.10000000000000053,True,0.10000000000000053,True,,False,0.09999999999999964,1.0000000000000089,1.0000000000000089,,primary_high
148359,79,Core CPI m/m,USD,2026-03-11 12:30:00+00:00,high,0.2,0.3,0.0,True,0.0,True,0.0,True,0.09999999999999998,0.0,0.0,0.0,primary_high
153050,933,Core CPI y/y,USD,2026-03-11 12:30:00+00:00,high,2.5,2.5,0.0,True,0.0,True,0.0,True,0.09999999999999964,0.0,0.0,0.0,primary_high
148328,78,CPI m/m,USD,2026-03-11 12:30:00+00:00,high,0.3,0.2,0.0,True,0.0,True,0.0,True,0.05,0.0,0.0,0.0,primary_high
148345,884,CPI y/y,USD,2026-03-11 12:30:00+00:00,high,2.4,2.4,0.0,True,0.0,True,0.0,True,0.09999999999999964,0.0,0.0,0.0,primary_high
146988,11,Unemployment Claims,USD,2026-03-12 12:30:00+00:00,high,213000.0,213000.0,1000.0,True,2000.0,True,1000.0,True,7000.0,0.14285714285714285,0.2857142857142857,0.14285714285714285,primary_high
151522,804,GDP m/m,GBP,2026-03-13 07:00:00+00:00,high,0.0,0.1,0.2,True,0.2,True,0.2,True,0.2,1.0,1.0,1.0,primary_high
146683,67,Employment Change,CAD,2026-03-13 12:30:00+00:00,high,-83900.0,-24800.0,94200.0,True,93900.0,True,94200.0,True,46875.0,2.0096,2.0032,2.0096,primary_high
146682,57,Unemployment Rate,CAD,2026-03-13 12:30:00+00:00,high,6.7,6.5,0.10000000000000053,True,0.10000000000000053,True,0.10000000000000053,True,0.10000000000000053,1.0,1.0,1.0,primary_high
152086,85,Core PCE Price Index m/m,USD,2026-03-13 12:30:00+00:00,high,0.4,0.4,0.0,True,0.0,True,0.0,True,0.09999999999999999,0.0,0.0,0.0,primary_high
152090,27,Prelim GDP q/q,USD,2026-03-13 12:30:00+00:00,high,0.7,1.4,0.7,True,0.7,True,0.7,True,0.14999999999999986,4.6666666666666705,4.6666666666666705,4.6666666666666705,primary_high
149788,578,JOLTS Job Openings,USD,2026-03-13 14:00:00+00:00,high,6950000.0,6540000.0,190000.0,True,246000.0,True,186000.0,True,281000.0,0.6761565836298933,0.8754448398576512,0.6619217081850534,primary_high
146687,80,CPI m/m,CAD,2026-03-16 12:30:00+00:00,high,0.5,0.0,0.19999999999999996,True,0.09999999999999998,True,0.19999999999999996,True,0.125,1.5999999999999996,0.7999999999999998,1.5999999999999996,primary_high
146688,659,Median CPI y/y,CAD,2026-03-16 12:30:00+00:00,high,2.3,2.5,0.10000000000000009,True,,True,0.10000000000000009,True,0.10000000000000009,1.0,,1.0,primary_high
146690,657,Trimmed CPI y/y,CAD,2026-03-16 12:30:00+00:00,high,2.3,2.4,0.10000000000000009,True,,False,0.10000000000000009,True,0.09999999999999987,1.0000000000000022,,1.0000000000000022,primary_high
148397,87,Core PPI m/m,USD,2026-03-18 12:30:00+00:00,high,0.5,0.8,0.2,True,0.2,True,0.2,True,0.2,1.0,1.0,1.0,primary_high
148377,86,PPI m/m,USD,2026-03-18 12:30:00+00:00,high,0.7,0.5,0.39999999999999997,True,0.39999999999999997,True,0.39999999999999997,True,0.2,1.9999999999999998,1.9999999999999998,1.9999999999999998,primary_high
150019,30,GDP q/q,NZD,2026-03-18 21:45:00+00:00,high,0.2,1.1,0.3,True,0.2,True,0.3,True,0.25,1.2,0.8,1.2,primary_high
148134,73,Employment Change,AUD,2026-03-19 00:30:00+00:00,high,48900.0,17800.0,28100.0,True,28600.0,True,28100.0,True,23700.0,1.1856540084388185,1.2067510548523206,1.1856540084388185,primary_high
148135,64,Unemployment Rate,AUD,2026-03-19 00:30:00+00:00,high,4.3,4.1,0.20000000000000018,True,0.20000000000000018,True,0.20000000000000018,True,0.09999999999999964,2.000000000000009,2.000000000000009,2.000000000000009,primary_high
151072,68,Claimant Count Change,GBP,2026-03-19 07:00:00+00:00,high,24700.0,28600.0,1100.0,True,1100.0,True,1100.0,True,9600.0,0.11458333333333333,0.11458333333333333,0.11458333333333333,primary_high
146989,11,Unemployment Claims,USD,2026-03-19 12:30:00+00:00,high,205000.0,213000.0,10000.0,True,10000.0,True,10000.0,True,7000.0,1.4285714285714286,1.4285714285714286,1.4285714285714286,primary_high
150525,12,Main Refinancing Rate,EUR,2026-03-19 13:15:00+00:00,high,2.15,2.15,0.0,True,0.0,True,0.0,True,0.125,0.0,0.0,0.0,primary_high
147616,266,German Flash Manufacturing PMI,EUR,2026-03-24 08:30:00+00:00,high,51.7,50.7,2.1000000000000014,True,,False,2.1000000000000014,True,0.8999999999999986,2.333333333333339,,2.333333333333339,primary_high
147617,267,German Flash Services PMI,EUR,2026-03-24 08:30:00+00:00,high,51.2,53.4,1.2999999999999972,True,,False,1.2999999999999972,True,1.3999999999999986,0.9285714285714275,,0.9285714285714275,primary_high
147621,837,Flash Manufacturing PMI,GBP,2026-03-24 09:30:00+00:00,high,51.4,52.0,1.3999999999999986,True,,False,1.3999999999999986,True,1.1000000000000014,1.2727272727272698,,1.2727272727272698,primary_high
147620,836,Flash Services PMI,GBP,2026-03-24 09:30:00+00:00,high,51.2,53.9,1.5999999999999943,True,,False,1.5999999999999943,True,1.3999999999999986,1.14285714285714,,1.14285714285714,primary_high
149764,552,Flash Manufacturing PMI,USD,2026-03-24 13:45:00+00:00,high,52.4,51.2,0.8999999999999986,True,,False,0.8999999999999986,True,0.6000000000000014,1.499999999999994,,1.499999999999994,primary_high
149776,583,Flash Services PMI,USD,2026-03-24 13:45:00+00:00,high,51.1,52.3,0.8999999999999986,True,,False,0.8999999999999986,True,1.2499999999999964,0.7200000000000009,,0.7200000000000009,primary_high
152592,98,CPI m/m,AUD,2026-03-25 00:30:00+00:00,high,0.0,0.4,0.1,True,0.0,True,,False,0.17499999999999996,0.5714285714285716,0.0,,primary_high
149094,888,CPI y/y,AUD,2026-03-25 00:30:00+00:00,high,3.7,3.8,0.09999999999999964,True,0.09999999999999964,True,0.09999999999999964,True,0.19999999999999973,0.4999999999999989,0.4999999999999989,0.4999999999999989,primary_high
152593,99,Trimmed Mean CPI m/m,AUD,2026-03-25 00:30:00+00:00,high,0.2,0.3,0.09999999999999998,True,,True,,False,0.09999999999999998,1.0,,,primary_high
151415,82,CPI y/y,GBP,2026-03-25 07:00:00+00:00,high,3.0,3.0,0.0,True,0.0,True,0.0,True,0.10000000000000009,0.0,0.0,0.0,primary_high
146990,11,Unemployment Claims,USD,2026-03-26 12:30:00+00:00,high,210000.0,205000.0,1000.0,True,0.0,True,1000.0,True,7000.0,0.14285714285714285,0.0,0.14285714285714285,primary_high
151604,105,Retail Sales m/m,GBP,2026-03-27 07:00:00+00:00,high,-0.4,1.8,0.19999999999999996,True,0.4,True,,False,0.7,0.28571428571428564,0.5714285714285715,,primary_high
146696,29,GDP m/m,CAD,2026-03-31 12:30:00+00:00,high,0.1,0.2,0.1,True,0.1,True,0.1,True,0.1,1.0,1.0,1.0,primary_high
149789,578,JOLTS Job Openings,USD,2026-03-31 14:00:00+00:00,high,6880000.0,6950000.0,10000.0,True,38000.0,True,8000.0,True,281000.0,0.03558718861209965,0.13523131672597866,0.028469750889679714,primary_high
150297,75,ADP Non-Farm Employment Change,USD,2026-04-01 12:15:00+00:00,high,62000.0,63000.0,21000.0,True,22000.0,True,21000.0,True,25750.0,0.8155339805825242,0.8543689320388349,0.8155339805825242,primary_high
148040,112,Core Retail Sales m/m,USD,2026-04-01 12:30:00+00:00,high,0.5,0.0,0.2,True,0.2,True,0.2,True,0.19999999999999998,1.0000000000000002,1.0000000000000002,1.0000000000000002,primary_high
148028,102,Retail Sales m/m,USD,2026-04-01 12:30:00+00:00,high,0.6,-0.2,0.09999999999999998,True,0.09999999999999998,True,0.09999999999999998,True,0.125,0.7999999999999998,0.7999999999999998,0.7999999999999998,primary_high
146578,252,ISM Manufacturing PMI,USD,2026-04-01 14:00:00+00:00,high,52.7,52.4,0.4000000000000057,True,0.20000000000000284,True,0.4000000000000057,True,0.6499999999999986,0.6153846153846255,0.30769230769231276,0.6153846153846255,primary_high
146991,11,Unemployment Claims,USD,2026-04-02 12:30:00+00:00,high,202000.0,210000.0,10000.0,True,10000.0,True,10000.0,True,7000.0,1.4285714285714286,1.4285714285714286,1.4285714285714286,primary_high
146930,159,Average Hourly Earnings m/m,USD,2026-04-03 12:30:00+00:00,high,0.2,0.4,0.09999999999999998,True,0.09999999999999998,True,,False,0.09999999999999998,1.0,1.0,,primary_high
146906,66,Non-Farm Employment Change,USD,2026-04-03 12:30:00+00:00,high,178000.0,-92000.0,113000.0,True,118000.0,True,,False,55000.0,2.0545454545454547,2.1454545454545455,,primary_high
146918,56,Unemployment Rate,USD,2026-04-03 12:30:00+00:00,high,4.3,4.4,0.10000000000000053,True,0.10000000000000053,True,,False,0.09999999999999964,1.0000000000000089,1.0000000000000089,,primary_high
146602,253,ISM Services PMI,USD,2026-04-06 14:00:00+00:00,high,54.0,56.1,0.7999999999999972,True,1.0,True,,False,1.3999999999999986,0.57142857142857,0.714285714285715,,primary_high
148856,23,Official Cash Rate,NZD,2026-04-08 02:00:00+00:00,high,2.25,2.25,0.0,True,0.0,True,,False,0.25,0.0,0.0,,primary_high
148229,85,Core PCE Price Index m/m,USD,2026-04-09 12:30:00+00:00,high,0.4,0.4,0.0,True,0.0,True,,False,0.09999999999999999,0.0,0.0,,primary_high
148307,28,Final GDP q/q,USD,2026-04-09 12:30:00+00:00,high,0.5,0.7,0.19999999999999996,True,0.19999999999999996,True,,False,0.3,0.6666666666666665,0.6666666666666665,,primary_high
149187,67,Employment Change,CAD,2026-04-10 12:30:00+00:00,high,14100.0,-83900.0,400.0,True,900.0,True,,False,46875.0,0.008533333333333334,0.0192,,primary_high
149186,57,Unemployment Rate,CAD,2026-04-10 12:30:00+00:00,high,6.7,6.7,0.09999999999999964,True,0.09999999999999964,True,,False,0.10000000000000053,0.9999999999999911,0.9999999999999911,,primary_high
148360,79,Core CPI m/m,USD,2026-04-10 12:30:00+00:00,high,0.2,0.2,0.09999999999999998,True,0.09999999999999998,True,,False,0.09999999999999998,1.0,1.0,,primary_high
153051,933,Core CPI y/y,USD,2026-04-10 12:30:00+00:00,high,2.6,2.5,0.10000000000000009,True,0.10000000000000009,True,,False,0.09999999999999964,1.0000000000000044,1.0000000000000044,,primary_high
148329,78,CPI m/m,USD,2026-04-10 12:30:00+00:00,high,0.9,0.3,0.09999999999999998,True,0.0,True,,False,0.05,1.9999999999999996,0.0,,primary_high
148346,884,CPI y/y,USD,2026-04-10 12:30:00+00:00,high,3.3,2.4,0.10000000000000009,True,0.0,True,,False,0.09999999999999964,1.0000000000000044,0.0,,primary_high
148398,87,Core PPI m/m,USD,2026-04-14 12:30:00+00:00,high,0.1,0.5,0.30000000000000004,True,0.5,True,,False,0.2,1.5000000000000002,2.5,,primary_high
148379,86,PPI m/m,USD,2026-04-14 12:30:00+00:00,high,0.5,0.7,0.6000000000000001,True,0.7,True,,False,0.2,3.0000000000000004,3.4999999999999996,,primary_high
148136,73,Employment Change,AUD,2026-04-16 01:30:00+00:00,high,17900.0,48900.0,1200.0,True,2100.0,True,,False,23700.0,0.05063291139240506,0.08860759493670886,,primary_high
148137,64,Unemployment Rate,AUD,2026-04-16 01:30:00+00:00,high,4.3,4.3,0.0,True,0.0,True,,False,0.09999999999999964,0.0,0.0,,primary_high
151532,804,GDP m/m,GBP,2026-04-16 06:00:00+00:00,high,0.5,0.0,0.4,True,0.3,True,,False,0.2,2.0,1.4999999999999998,,primary_high
149138,80,CPI m/m,CAD,2026-04-20 12:30:00+00:00,high,0.9,0.5,0.20000000000000007,True,0.20000000000000007,True,,False,0.125,1.6000000000000005,1.6000000000000005,,primary_high
149142,659,Median CPI y/y,CAD,2026-04-20 12:30:00+00:00,high,2.3,2.3,0.10000000000000009,True,,False,,False,0.10000000000000009,1.0,,,primary_high
149141,657,Trimmed CPI y/y,CAD,2026-04-20 12:30:00+00:00,high,2.2,2.3,0.09999999999999964,True,,False,,False,0.09999999999999987,0.9999999999999978,,,primary_high
150036,173,CPI q/q,NZD,2026-04-20 22:45:00+00:00,high,0.9,0.6,0.09999999999999998,True,0.09999999999999998,True,,False,0.09999999999999998,1.0,1.0,,primary_high
151075,68,Claimant Count Change,GBP,2026-04-21 06:00:00+00:00,high,26800.0,24700.0,4200.0,True,5400.0,True,,False,9600.0,0.4375,0.5625,,primary_high
152774,112,Core Retail Sales m/m,USD,2026-04-21 12:30:00+00:00,high,1.9,0.5,0.5,True,0.5,True,,False,0.19999999999999998,2.5,2.5,,primary_high
152773,102,Retail Sales m/m,USD,2026-04-21 12:30:00+00:00,high,1.7,0.6,0.30000000000000004,True,0.30000000000000004,True,,False,0.125,2.4000000000000004,2.4000000000000004,,primary_high
151418,82,CPI y/y,GBP,2026-04-22 06:00:00+00:00,high,3.3,3.0,0.0,True,0.0,True,,False,0.10000000000000009,0.0,0.0,,primary_high
147624,266,German Flash Manufacturing PMI,EUR,2026-04-23 07:30:00+00:00,high,51.2,51.7,0.19999999999999574,True,,False,,False,0.8999999999999986,0.22222222222221782,,,primary_high
147625,267,German Flash Services PMI,EUR,2026-04-23 07:30:00+00:00,high,46.9,51.2,3.5,True,,False,,False,1.3999999999999986,2.5000000000000027,,,primary_high
147628,837,Flash Manufacturing PMI,GBP,2026-04-23 08:30:00+00:00,high,53.6,51.4,3.3000000000000043,True,,False,,False,1.1000000000000014,3.0,,,primary_high
147629,836,Flash Services PMI,GBP,2026-04-23 08:30:00+00:00,high,52.0,51.2,2.0,True,,False,,False,1.3999999999999986,1.42857142857143,,,primary_high
151605,105,Retail Sales m/m,GBP,2026-04-24 06:00:00+00:00,high,0.7,-0.4,0.7,True,0.49999999999999994,True,,False,0.7,1.0,0.7142857142857143,,primary_high
149105,98,CPI m/m,AUD,2026-04-29 01:30:00+00:00,high,1.1,0.0,0.19999999999999996,True,,True,,False,0.17499999999999996,1.1428571428571428,,,primary_high
149095,888,CPI y/y,AUD,2026-04-29 01:30:00+00:00,high,4.6,3.7,0.20000000000000018,True,0.10000000000000053,True,,False,0.19999999999999973,1.0000000000000022,0.5000000000000033,,primary_high
149110,99,Trimmed Mean CPI m/m,AUD,2026-04-29 01:30:00+00:00,high,0.3,0.2,0.0,True,,True,,False,0.09999999999999998,0.0,,,primary_high
150529,12,Main Refinancing Rate,EUR,2026-04-30 12:15:00+00:00,high,2.15,2.15,0.0,True,0.0,True,,False,0.125,0.0,0.0,,primary_high
149222,29,GDP m/m,CAD,2026-04-30 12:30:00+00:00,high,0.2,0.1,0.0,True,0.0,True,,False,0.1,0.0,0.0,,primary_high
148272,2,Advance GDP q/q,USD,2026-04-30 12:30:00+00:00,high,2.0,1.4,0.20000000000000018,True,0.2999999999999998,True,,False,0.5,0.40000000000000036,0.5999999999999996,,primary_high
148230,85,Core PCE Price Index m/m,USD,2026-04-30 12:30:00+00:00,high,0.3,0.4,0.0,True,0.0,True,,False,0.09999999999999999,0.0,0.0,,primary_high
148408,179,Employment Cost Index q/q,USD,2026-04-30 12:30:00+00:00,high,0.9,0.7,0.09999999999999998,True,0.09999999999999998,True,,False,0.09999999999999998,1.0,1.0,,primary_high
146603,253,ISM Services PMI,USD,2026-05-05 14:00:00+00:00,high,53.6,54.0,0.10000000000000142,True,0.10000000000000142,True,,False,1.3999999999999986,0.07142857142857252,0.07142857142857252,,primary_high
149790,578,JOLTS Job Openings,USD,2026-05-05 14:00:00+00:00,high,6870000.0,6880000.0,10000.0,True,36000.0,True,,False,281000.0,0.03558718861209965,0.12811387900355872,,primary_high
149115,74,Employment Change q/q,NZD,2026-05-05 22:45:00+00:00,high,0.2,0.5,0.09999999999999998,True,0.09999999999999998,True,,False,0.09999999999999999,0.9999999999999999,0.9999999999999999,,primary_high
149116,65,Unemployment Rate,NZD,2026-05-05 22:45:00+00:00,high,5.3,5.4,0.10000000000000053,True,0.10000000000000053,True,,False,0.10000000000000053,1.0,1.0,,primary_high
149189,67,Employment Change,CAD,2026-05-08 12:30:00+00:00,high,-17700.0,14100.0,30600.0,True,32700.0,True,,False,46875.0,0.6528,0.6976,,primary_high
149188,57,Unemployment Rate,CAD,2026-05-08 12:30:00+00:00,high,6.9,6.7,0.20000000000000018,True,0.20000000000000018,True,,False,0.10000000000000053,1.9999999999999911,1.9999999999999911,,primary_high
146931,159,Average Hourly Earnings m/m,USD,2026-05-08 12:30:00+00:00,high,0.2,0.2,0.09999999999999998,True,0.09999999999999998,True,,False,0.09999999999999998,1.0,1.0,,primary_high
146907,66,Non-Farm Employment Change,USD,2026-05-08 12:30:00+00:00,high,115000.0,178000.0,50000.0,True,53000.0,True,,False,55000.0,0.9090909090909091,0.9636363636363636,,primary_high
146919,56,Unemployment Rate,USD,2026-05-08 12:30:00+00:00,high,4.3,4.3,0.0,True,0.0,True,,False,0.09999999999999964,0.0,0.0,,primary_high
148361,79,Core CPI m/m,USD,2026-05-12 12:30:00+00:00,high,0.4,0.2,0.10000000000000003,True,0.10000000000000003,True,,False,0.09999999999999998,1.0000000000000007,1.0000000000000007,,primary_high
153052,933,Core CPI y/y,USD,2026-05-12 12:30:00+00:00,high,2.8,2.6,0.09999999999999964,True,0.09999999999999964,True,,False,0.09999999999999964,1.0,1.0,,primary_high
148330,78,CPI m/m,USD,2026-05-12 12:30:00+00:00,high,0.6,0.9,0.0,True,0.0,True,,False,0.05,0.0,0.0,,primary_high
148347,884,CPI y/y,USD,2026-05-12 12:30:00+00:00,high,3.8,3.3,0.09999999999999964,True,0.09999999999999964,True,,False,0.09999999999999964,1.0,1.0,,primary_high
148399,87,Core PPI m/m,USD,2026-05-13 12:30:00+00:00,high,1.0,0.1,0.7,True,0.7,True,,False,0.2,3.4999999999999996,3.4999999999999996,,primary_high
148381,86,PPI m/m,USD,2026-05-13 12:30:00+00:00,high,1.4,0.5,0.8999999999999999,True,0.8999999999999999,True,,False,0.2,4.499999999999999,4.499999999999999,,primary_high
151534,804,GDP m/m,GBP,2026-05-14 06:00:00+00:00,high,0.3,0.5,0.4,True,0.5,True,,False,0.2,2.0,2.5,,primary_high
148041,112,Core Retail Sales m/m,USD,2026-05-14 12:30:00+00:00,high,0.7,1.9,0.0,True,0.09999999999999998,True,,False,0.19999999999999998,0.0,0.49999999999999994,,primary_high
148029,102,Retail Sales m/m,USD,2026-05-14 12:30:00+00:00,high,0.5,1.7,0.0,True,0.0,True,,False,0.125,0.0,0.0,,primary_high
151078,68,Claimant Count Change,GBP,2026-05-19 06:00:00+00:00,high,26500.0,26800.0,3400.0,True,800.0,True,,False,9600.0,0.3541666666666667,0.08333333333333333,,primary_high
149145,80,CPI m/m,CAD,2026-05-19 12:30:00+00:00,high,0.4,0.9,0.29999999999999993,True,0.19999999999999996,True,,False,0.125,2.3999999999999995,1.5999999999999996,,primary_high
151427,82,CPI y/y,GBP,2026-05-20 06:00:00+00:00,high,2.8,3.3,0.20000000000000018,True,0.20000000000000018,True,,False,0.10000000000000009,2.0,2.0,,primary_high
148138,73,Employment Change,AUD,2026-05-21 01:30:00+00:00,high,-18600.0,17900.0,35300.0,True,36100.0,True,,False,23700.0,1.489451476793249,1.5232067510548524,,primary_high
148139,64,Unemployment Rate,AUD,2026-05-21 01:30:00+00:00,high,4.5,4.3,0.20000000000000018,True,0.20000000000000018,True,,False,0.09999999999999964,2.000000000000009,2.000000000000009,,primary_high
152594,98,CPI m/m,AUD,2026-05-27 01:30:00+00:00,high,0.4,1.1,0.19999999999999996,True,0.19999999999999996,True,,False,0.17499999999999996,1.1428571428571428,1.1428571428571428,,primary_high
149096,888,CPI y/y,AUD,2026-05-27 01:30:00+00:00,high,4.2,4.6,0.20000000000000018,True,0.20000000000000018,True,,False,0.19999999999999973,1.0000000000000022,1.0000000000000022,,primary_high
152595,99,Trimmed Mean CPI m/m,AUD,2026-05-27 01:30:00+00:00,high,0.3,0.3,0.0,True,0.10000000000000003,True,,False,0.09999999999999998,0.0,1.0000000000000007,,primary_high
148858,23,Official Cash Rate,NZD,2026-05-27 02:00:00+00:00,high,2.25,2.25,0.0,True,0.0,True,,False,0.25,0.0,0.0,,primary_high
148231,85,Core PCE Price Index m/m,USD,2026-05-28 12:30:00+00:00,high,0.2,0.3,0.09999999999999998,True,0.09999999999999998,True,,False,0.09999999999999999,0.9999999999999999,0.9999999999999999,,primary_high
148289,27,Prelim GDP q/q,USD,2026-05-28 12:30:00+00:00,high,1.6,2.0,0.3999999999999999,True,0.3999999999999999,True,,False,0.14999999999999986,2.6666666666666687,2.6666666666666687,,primary_high
149223,29,GDP m/m,CAD,2026-05-29 12:30:00+00:00,high,-0.1,0.2,0.2,True,0.1,True,,False,0.1,2.0,1.0,,primary_high
146580,252,ISM Manufacturing PMI,USD,2026-06-01 14:00:00+00:00,high,54.0,52.7,0.7000000000000028,True,1.0,True,,False,0.6499999999999986,1.0769230769230838,1.5384615384615419,,primary_high
148163,31,GDP q/q,AUD,2026-06-03 01:30:00+00:00,high,0.3,0.8,0.2,True,0.2,True,,False,0.15000000000000005,1.333333333333333,1.333333333333333,,primary_high
150302,75,ADP Non-Farm Employment Change,USD,2026-06-03 12:15:00+00:00,high,122000.0,109000.0,4000.0,True,5000.0,True,,False,25750.0,0.1553398058252427,0.1941747572815534,,primary_high
146604,253,ISM Services PMI,USD,2026-06-03 14:00:00+00:00,high,54.5,53.6,0.7999999999999972,True,0.7000000000000028,True,,False,1.3999999999999986,0.57142857142857,0.5000000000000026,,primary_high
149190,67,Employment Change,CAD,2026-06-05 12:30:00+00:00,high,87800.0,-17700.0,77200.0,True,77800.0,True,,False,46875.0,1.6469333333333334,1.6597333333333333,,primary_high
149191,57,Unemployment Rate,CAD,2026-06-05 12:30:00+00:00,high,6.6,6.9,0.3000000000000007,True,0.3000000000000007,True,,False,0.10000000000000053,2.999999999999991,2.999999999999991,,primary_high
146932,159,Average Hourly Earnings m/m,USD,2026-06-05 12:30:00+00:00,high,0.3,0.2,0.0,True,0.0,True,,False,0.09999999999999998,0.0,0.0,,primary_high
146908,66,Non-Farm Employment Change,USD,2026-06-05 12:30:00+00:00,high,172000.0,115000.0,87000.0,True,87000.0,True,,False,55000.0,1.5818181818181818,1.5818181818181818,,primary_high
146920,56,Unemployment Rate,USD,2026-06-05 12:30:00+00:00,high,4.3,4.3,0.0,True,0.0,True,,False,0.09999999999999964,0.0,0.0,,primary_high
148363,79,Core CPI m/m,USD,2026-06-10 12:30:00+00:00,high,0.2,0.4,0.09999999999999998,True,0.09999999999999998,True,,False,0.09999999999999998,1.0,1.0,,primary_high
153053,933,Core CPI y/y,USD,2026-06-10 12:30:00+00:00,high,2.9,2.8,0.0,True,0.0,True,,False,0.09999999999999964,0.0,0.0,,primary_high
148331,78,CPI m/m,USD,2026-06-10 12:30:00+00:00,high,0.5,0.6,0.0,True,0.0,True,,False,0.05,0.0,0.0,,primary_high
148348,884,CPI y/y,USD,2026-06-10 12:30:00+00:00,high,4.2,3.8,0.0,True,0.0,True,,False,0.09999999999999964,0.0,0.0,,primary_high
150532,12,Main Refinancing Rate,EUR,2026-06-11 12:15:00+00:00,high,2.4,2.15,0.0,True,0.0,True,,False,0.125,0.0,0.0,,primary_high
148400,87,Core PPI m/m,USD,2026-06-11 12:30:00+00:00,high,0.4,1.0,0.09999999999999998,True,0.09999999999999998,True,,False,0.2,0.4999999999999999,0.4999999999999999,,primary_high
148383,86,PPI m/m,USD,2026-06-11 12:30:00+00:00,high,1.1,1.4,0.40000000000000013,True,0.40000000000000013,True,,False,0.2,2.0000000000000004,2.0000000000000004,,primary_high
151542,804,GDP m/m,GBP,2026-06-12 06:00:00+00:00,high,-0.1,0.3,0.0,True,0.0,True,,False,0.2,0.0,0.0,,primary_high
151434,82,CPI y/y,GBP,2026-06-17 06:00:00+00:00,high,2.8,2.8,0.20000000000000018,True,,True,,False,0.10000000000000009,2.0,,,primary_high
150020,30,GDP q/q,NZD,2026-06-17 22:45:00+00:00,high,0.8,0.2,0.0,True,0.09999999999999998,True,,False,0.25,0.0,0.3999999999999999,,primary_high
151081,68,Claimant Count Change,GBP,2026-06-18 06:00:00+00:00,high,31200.0,26500.0,5400.0,True,5400.0,True,,False,9600.0,0.5625,0.5625,,primary_high
149150,80,CPI m/m,CAD,2026-06-22 12:30:00+00:00,high,1.0,0.4,0.30000000000000004,True,0.30000000000000004,True,,False,0.125,2.4000000000000004,2.4000000000000004,,primary_high
149151,659,Median CPI y/y,CAD,2026-06-22 12:30:00+00:00,high,2.1,2.1,0.0,True,,False,,False,0.10000000000000009,0.0,,,primary_high
149152,657,Trimmed CPI y/y,CAD,2026-06-22 12:30:00+00:00,high,2.0,2.0,0.0,True,,False,,False,0.09999999999999987,0.0,,,primary_high
152596,98,CPI m/m,AUD,2026-06-24 01:30:00+00:00,high,-0.7,0.4,0.29999999999999993,True,0.39999999999999997,True,,False,0.17499999999999996,1.7142857142857142,2.285714285714286,,primary_high
149097,888,CPI y/y,AUD,2026-06-24 01:30:00+00:00,high,4.0,4.2,0.2999999999999998,True,0.40000000000000036,True,,False,0.19999999999999973,1.500000000000001,2.0000000000000044,,primary_high
152597,99,Trimmed Mean CPI m/m,AUD,2026-06-24 01:30:00+00:00,high,0.4,0.3,0.10000000000000003,True,0.10000000000000003,True,,False,0.09999999999999998,1.0000000000000007,1.0000000000000007,,primary_high
148140,73,Employment Change,AUD,2026-06-25 01:30:00+00:00,high,40300.0,-18600.0,9100.0,True,15300.0,True,,False,23700.0,0.38396624472573837,0.6455696202531646,,primary_high
148141,64,Unemployment Rate,AUD,2026-06-25 01:30:00+00:00,high,4.4,4.5,0.0,True,0.0,True,,False,0.09999999999999964,0.0,0.0,,primary_high
148232,85,Core PCE Price Index m/m,USD,2026-06-25 12:30:00+00:00,high,0.3,0.2,0.0,True,0.0,True,,False,0.09999999999999999,0.0,0.0,,primary_high
148308,28,Final GDP q/q,USD,2026-06-25 12:30:00+00:00,high,2.1,1.6,0.5,True,0.5,True,,False,0.3,1.6666666666666667,1.6666666666666667,,primary_high
149224,29,GDP m/m,CAD,2026-06-30 12:30:00+00:00,high,0.5,-0.1,0.09999999999999998,True,0.09999999999999998,True,,False,0.1,0.9999999999999998,0.9999999999999998,,primary_high
146581,252,ISM Manufacturing PMI,USD,2026-07-01 14:00:00+00:00,high,53.3,54.0,0.5,True,0.7000000000000028,True,,False,0.6499999999999986,0.7692307692307709,1.0769230769230838,,primary_high
146933,159,Average Hourly Earnings m/m,USD,2026-07-02 12:30:00+00:00,high,0.3,0.3,0.0,True,0.0,True,,False,0.09999999999999998,0.0,0.0,,primary_high
146909,66,Non-Farm Employment Change,USD,2026-07-02 12:30:00+00:00,high,57000.0,172000.0,57000.0,True,53000.0,True,,False,55000.0,1.0363636363636364,0.9636363636363636,,primary_high
146921,56,Unemployment Rate,USD,2026-07-02 12:30:00+00:00,high,4.2,4.3,0.09999999999999964,True,0.09999999999999964,True,,False,0.09999999999999964,1.0,1.0,,primary_high
146605,253,ISM Services PMI,USD,2026-07-06 14:00:00+00:00,high,54.0,54.5,0.20000000000000284,True,0.0,True,,False,1.3999999999999986,0.14285714285714504,0.0,,primary_high
148862,23,Official Cash Rate,NZD,2026-07-08 02:00:00+00:00,high,2.5,2.25,0.0,True,0.0,True,,False,0.25,0.0,0.0,,primary_high
149192,67,Employment Change,CAD,2026-07-10 12:30:00+00:00,high,18200.0,87800.0,7000.0,True,8200.0,True,,False,46875.0,0.14933333333333335,0.17493333333333333,,primary_high
149193,57,Unemployment Rate,CAD,2026-07-10 12:30:00+00:00,high,6.5,6.6,0.09999999999999964,True,0.09999999999999964,True,,False,0.10000000000000053,0.9999999999999911,0.9999999999999911,,primary_high
148364,79,Core CPI m/m,USD,2026-07-14 12:30:00+00:00,high,0.0,0.2,0.2,True,0.2,True,,False,0.09999999999999998,2.0000000000000004,2.0000000000000004,,primary_high
153054,933,Core CPI y/y,USD,2026-07-14 12:30:00+00:00,high,2.6,2.9,0.19999999999999973,True,0.19999999999999973,True,,False,0.09999999999999964,2.0000000000000044,2.0000000000000044,,primary_high
148333,78,CPI m/m,USD,2026-07-14 12:30:00+00:00,high,-0.4,0.5,0.30000000000000004,True,0.30000000000000004,True,,False,0.05,6.000000000000001,6.000000000000001,,primary_high
148349,884,CPI y/y,USD,2026-07-14 12:30:00+00:00,high,3.5,4.2,0.2999999999999998,True,0.2999999999999998,True,,False,0.09999999999999964,3.000000000000009,3.000000000000009,,primary_high
148401,87,Core PPI m/m,USD,2026-07-15 12:30:00+00:00,high,0.2,0.4,0.09999999999999998,True,0.2,True,,False,0.2,0.4999999999999999,1.0,,primary_high
148384,86,PPI m/m,USD,2026-07-15 12:30:00+00:00,high,-0.3,1.1,0.3,True,0.3,True,,False,0.2,1.4999999999999998,1.4999999999999998,,primary_high
151546,804,GDP m/m,GBP,2026-07-16 06:00:00+00:00,high,0.1,-0.1,0.1,True,0.30000000000000004,True,,False,0.2,0.5,1.5000000000000002,,primary_high
149155,80,CPI m/m,CAD,2026-07-20 12:30:00+00:00,high,-0.4,1.0,0.2,True,0.2,True,,False,0.125,1.6,1.6,,primary_high
149156,659,Median CPI y/y,CAD,2026-07-20 12:30:00+00:00,high,1.9,2.1,0.20000000000000018,True,,False,,False,0.10000000000000009,2.0,,,primary_high
149157,657,Trimmed CPI y/y,CAD,2026-07-20 12:30:00+00:00,high,1.8,2.0,0.19999999999999996,True,,False,,False,0.09999999999999987,2.000000000000002,,,primary_high
150037,173,CPI q/q,NZD,2026-07-20 22:45:00+00:00,high,1.5,0.9,0.10000000000000009,True,0.10000000000000009,True,,False,0.09999999999999998,1.000000000000001,1.000000000000001,,primary_high
151084,68,Claimant Count Change,GBP,2026-07-21 06:00:00+00:00,high,6700.0,31200.0,22700.0,True,21600.0,True,,False,9600.0,2.3645833333333335,2.25,,primary_high
151440,82,CPI y/y,GBP,2026-07-22 06:00:00+00:00,high,2.6,2.8,0.10000000000000009,True,0.10000000000000009,True,,False,0.10000000000000009,1.0,1.0,,primary_high
148142,73,Employment Change,AUD,2026-07-23 01:30:00+00:00,high,76300.0,40300.0,59900.0,True,61300.0,True,,False,23700.0,2.5274261603375527,2.586497890295359,,primary_high
148143,64,Unemployment Rate,AUD,2026-07-23 01:30:00+00:00,high,4.4,4.4,0.0,True,0.0,True,,False,0.09999999999999964,0.0,0.0,,primary_high
150535,12,Main Refinancing Rate,EUR,2026-07-23 12:15:00+00:00,high,2.4,2.4,0.0,True,0.0,True,,False,0.125,0.0,0.0,,primary_high
149107,98,CPI m/m,AUD,2026-07-29 01:30:00+00:00,high,-0.1,-0.7,0.30000000000000004,True,0.30000000000000004,True,,False,0.17499999999999996,1.7142857142857149,1.7142857142857149,,primary_high
149098,888,CPI y/y,AUD,2026-07-29 01:30:00+00:00,high,3.8,4.0,0.20000000000000018,True,0.20000000000000018,True,,False,0.19999999999999973,1.0000000000000022,1.0000000000000022,,primary_high
149111,99,Trimmed Mean CPI m/m,AUD,2026-07-29 01:30:00+00:00,high,0.3,0.4,0.0,True,0.10000000000000003,True,,False,0.09999999999999998,0.0,1.0000000000000007,,primary_high
148273,2,Advance GDP q/q,USD,2026-07-30 12:30:00+00:00,high,1.5,2.0,0.6000000000000001,True,0.6000000000000001,True,,False,0.5,1.2000000000000002,1.2000000000000002,,primary_high
148233,85,Core PCE Price Index m/m,USD,2026-07-30 12:30:00+00:00,high,0.1,0.3,0.1,True,0.1,True,,False,0.09999999999999999,1.0000000000000002,1.0000000000000002,,primary_high
149225,29,GDP m/m,CAD,2026-07-31 12:30:00+00:00,high,0.3,0.5,0.09999999999999998,True,0.09999999999999998,True,,False,0.1,0.9999999999999998,0.9999999999999998,,primary_high
146582,252,ISM Manufacturing PMI,USD,2026-08-03 14:00:00+00:00,high,55.6,53.3,1.6000000000000014,True,1.6000000000000014,True,,False,0.6499999999999986,2.4615384615384692,2.4615384615384692,,primary_high
149117,74,Employment Change q/q,NZD,2026-08-04 22:45:00+00:00,high,0.5,0.2,0.4,True,0.3,True,,False,0.09999999999999999,4.000000000000001,3.0,,primary_high
149118,65,Unemployment Rate,NZD,2026-08-04 22:45:00+00:00,high,5.6,5.3,0.1999999999999993,True,0.1999999999999993,True,,False,0.10000000000000053,1.9999999999999822,1.9999999999999822,,primary_high
149194,67,Employment Change,CAD,2026-08-07 12:30:00+00:00,high,75100.0,18200.0,57300.0,True,60100.0,True,,False,46875.0,1.2224,1.2821333333333333,,primary_high
149195,57,Unemployment Rate,CAD,2026-08-07 12:30:00+00:00,high,6.4,6.5,0.09999999999999964,True,0.09999999999999964,True,,False,0.10000000000000053,0.9999999999999911,0.9999999999999911,,primary_high
146934,159,Average Hourly Earnings m/m,USD,2026-08-07 12:30:00+00:00,high,0.1,0.3,0.19999999999999998,True,0.19999999999999998,True,,False,0.09999999999999998,2.0000000000000004,2.0000000000000004,,primary_high
146910,66,Non-Farm Employment Change,USD,2026-08-07 12:30:00+00:00,high,-23000.0,57000.0,108000.0,True,103000.0,True,,False,55000.0,1.9636363636363636,1.8727272727272728,,primary_high
146922,56,Unemployment Rate,USD,2026-08-07 12:30:00+00:00,high,4.1,4.2,0.10000000000000053,True,0.10000000000000053,True,,False,0.09999999999999964,1.0000000000000089,1.0000000000000089,,primary_high
148365,79,Core CPI m/m,USD,2026-08-12 12:30:00+00:00,high,0.2,0.0,0.0,True,0.0,True,,False,0.09999999999999998,0.0,0.0,,primary_high
153055,933,Core CPI y/y,USD,2026-08-12 12:30:00+00:00,high,2.5,2.6,0.0,True,0.0,True,,False,0.09999999999999964,0.0,0.0,,primary_high
148334,78,CPI m/m,USD,2026-08-12 12:30:00+00:00,high,0.1,-0.4,0.0,True,0.0,True,,False,0.05,0.0,0.0,,primary_high
148350,884,CPI y/y,USD,2026-08-12 12:30:00+00:00,high,3.4,3.5,0.0,True,0.0,True,,False,0.09999999999999964,0.0,0.0,,primary_high
151554,804,GDP m/m,GBP,2026-08-13 06:00:00+00:00,high,0.3,0.1,0.3,True,0.3,True,,False,0.2,1.4999999999999998,1.4999999999999998,,primary_high
148402,87,Core PPI m/m,USD,2026-08-13 12:30:00+00:00,high,0.2,0.2,0.09999999999999998,True,0.09999999999999998,True,,False,0.2,0.4999999999999999,0.4999999999999999,,primary_high
148387,86,PPI m/m,USD,2026-08-13 12:30:00+00:00,high,0.0,-0.3,0.2,True,0.2,True,,False,0.2,1.0,1.0,,primary_high
149160,80,CPI m/m,CAD,2026-08-17 12:30:00+00:00,high,0.5,-0.4,0.09999999999999998,True,0.0,True,,False,0.125,0.7999999999999998,0.0,,primary_high
149161,659,Median CPI y/y,CAD,2026-08-17 12:30:00+00:00,high,2.0,1.9,0.0,True,,False,,False,0.10000000000000009,0.0,,,primary_high
149162,657,Trimmed CPI y/y,CAD,2026-08-17 12:30:00+00:00,high,1.9,1.8,0.09999999999999987,True,,False,,False,0.09999999999999987,1.0,,,primary_high
151085,68,Claimant Count Change,GBP,2026-08-18 06:00:00+00:00,high,-11000.0,6700.0,27500.0,True,22200.0,True,,False,9600.0,2.8645833333333335,2.3125,,primary_high
151443,82,CPI y/y,GBP,2026-08-19 06:00:00+00:00,high,2.9,2.6,0.0,True,0.0,True,,False,0.10000000000000009,0.0,0.0,,primary_high
148144,73,Employment Change,AUD,2026-08-20 01:30:00+00:00,high,-15800.0,76300.0,27500.0,True,30800.0,True,,False,23700.0,1.160337552742616,1.2995780590717299,,primary_high
148145,64,Unemployment Rate,AUD,2026-08-20 01:30:00+00:00,high,4.5,4.4,0.09999999999999964,True,0.09999999999999964,True,,False,0.09999999999999964,1.0,1.0,,primary_high
152598,98,CPI m/m,AUD,2026-08-26 01:30:00+00:00,high,1.0,-0.1,0.09999999999999998,True,0.19999999999999996,True,,False,0.17499999999999996,0.5714285714285714,1.1428571428571428,,primary_high
149099,888,CPI y/y,AUD,2026-08-26 01:30:00+00:00,high,3.5,3.8,0.20000000000000018,True,0.2999999999999998,True,,False,0.19999999999999973,1.0000000000000022,1.500000000000001,,primary_high
152599,99,Trimmed Mean CPI m/m,AUD,2026-08-26 01:30:00+00:00,high,0.5,0.3,0.09999999999999998,True,0.2,True,,False,0.09999999999999998,1.0,2.0000000000000004,,primary_high
148234,85,Core PCE Price Index m/m,USD,2026-08-26 12:30:00+00:00,high,0.2,0.1,0.0,True,0.0,True,,False,0.09999999999999999,0.0,0.0,,primary_high
148290,27,Prelim GDP q/q,USD,2026-08-26 12:30:00+00:00,high,1.5,1.5,0.0,True,0.0,True,,False,0.14999999999999986,0.0,0.0,,primary_high
149226,29,GDP m/m,CAD,2026-08-28 12:30:00+00:00,high,0.3,0.3,0.09999999999999998,True,0.09999999999999998,True,,False,0.1,0.9999999999999998,0.9999999999999998,,primary_high
148508,925,Prelim Benchmark Payrolls Revision,USD,2026-08-28 14:00:00+00:00,high,-79000.0,-911000.0,,True,,False,,False,462500.0,,,,primary_high
146583,252,ISM Manufacturing PMI,USD,2026-09-01 14:00:00+00:00,high,54.6,55.6,0.6000000000000014,True,0.6000000000000014,True,,False,0.6499999999999986,0.9230769230769272,0.9230769230769272,,primary_high
148164,31,GDP q/q,AUD,2026-09-02 01:30:00+00:00,high,0.4,0.3,0.10000000000000003,True,0.10000000000000003,True,,False,0.15000000000000005,0.6666666666666666,0.6666666666666666,,primary_high
148864,23,Official Cash Rate,NZD,2026-09-02 02:00:00+00:00,high,2.75,2.5,0.0,True,0.0,True,,False,0.25,0.0,0.0,,primary_high
149196,67,Employment Change,CAD,2026-09-04 12:30:00+00:00,high,-41700.0,75100.0,56800.0,True,56700.0,True,,False,46875.0,1.2117333333333333,1.2096,,primary_high
149197,57,Unemployment Rate,CAD,2026-09-04 12:30:00+00:00,high,6.4,6.4,0.0,True,0.0,True,,False,0.10000000000000053,0.0,0.0,,primary_high
146935,159,Average Hourly Earnings m/m,USD,2026-09-04 12:30:00+00:00,high,0.3,0.1,0.0,True,0.0,True,,False,0.09999999999999998,0.0,0.0,,primary_high
146911,66,Non-Farm Employment Change,USD,2026-09-04 12:30:00+00:00,high,162000.0,-23000.0,107000.0,True,106000.0,True,,False,55000.0,1.9454545454545455,1.9272727272727272,,primary_high
146923,56,Unemployment Rate,USD,2026-09-04 12:30:00+00:00,high,4.1,4.1,0.0,True,0.0,True,,False,0.09999999999999964,0.0,0.0,,primary_high
150538,12,Main Refinancing Rate,EUR,2026-09-10 12:15:00+00:00,high,2.65,2.4,0.0,True,0.0,True,,False,0.125,0.0,0.0,,primary_high
148403,87,Core PPI m/m,USD,2026-09-10 12:30:00+00:00,high,0.2,0.2,0.09999999999999998,True,0.09999999999999998,True,,False,0.2,0.4999999999999999,0.4999999999999999,,primary_high
148388,86,PPI m/m,USD,2026-09-10 12:30:00+00:00,high,0.4,0.0,0.0,True,0.0,True,,False,0.2,0.0,0.0,,primary_high
151558,804,GDP m/m,GBP,2026-09-11 06:00:00+00:00,high,0.4,0.3,0.4,True,0.4,True,,False,0.2,2.0,2.0,,primary_high
148367,79,Core CPI m/m,USD,2026-09-11 12:30:00+00:00,high,0.3,0.2,0.09999999999999998,True,0.09999999999999998,True,,False,0.09999999999999998,1.0,1.0,,primary_high
153056,933,Core CPI y/y,USD,2026-09-11 12:30:00+00:00,high,2.4,2.5,0.0,True,0.0,True,,False,0.09999999999999964,0.0,0.0,,primary_high
148336,78,CPI m/m,USD,2026-09-11 12:30:00+00:00,high,0.4,0.1,0.0,True,0.0,True,,False,0.05,0.0,0.0,,primary_high
148351,884,CPI y/y,USD,2026-09-11 12:30:00+00:00,high,3.4,3.4,0.0,True,0.0,True,,False,0.09999999999999964,0.0,0.0,,primary_high
149166,80,CPI m/m,CAD,2026-09-14 12:30:00+00:00,high,-0.1,0.5,0.0,True,0.1,True,,False,0.125,0.0,0.8,,primary_high
149167,659,Median CPI y/y,CAD,2026-09-14 12:30:00+00:00,high,2.0,2.0,0.0,True,,False,,False,0.10000000000000009,0.0,,,primary_high
149168,657,Trimmed CPI y/y,CAD,2026-09-14 12:30:00+00:00,high,1.9,1.9,0.0,True,,False,,False,0.09999999999999987,0.0,,,primary_high
151090,68,Claimant Count Change,GBP,2026-09-15 06:00:00+00:00,high,27800.0,-11000.0,19500.0,True,19500.0,True,,False,9600.0,2.03125,2.03125,,primary_high
151448,82,CPI y/y,GBP,2026-09-16 06:00:00+00:00,high,3.1,2.9,0.0,True,0.0,True,,False,0.10000000000000009,0.0,0.0,,primary_high
150021,30,GDP q/q,NZD,2026-09-16 22:45:00+00:00,high,0.2,0.8,0.1,True,0.1,True,,False,0.25,0.4,0.4,,primary_high
148146,73,Employment Change,AUD,2026-09-24 01:30:00+00:00,high,39500.0,-15800.0,18000.0,True,19500.0,True,,False,23700.0,0.759493670886076,0.8227848101265823,,primary_high
148147,64,Unemployment Rate,AUD,2026-09-24 01:30:00+00:00,high,4.6,4.5,0.09999999999999964,True,0.09999999999999964,True,,False,0.09999999999999964,1.0,1.0,,primary_high
138049,110,Retail Sales m/m,AUD,2024-10-01 01:30:00+00:00,medium,0.7,0.0,0.29999999999999993,True,0.29999999999999993,True,,False,0.19999999999999998,1.4999999999999998,1.4999999999999998,,secondary_medium
136852,553,Final Manufacturing PMI,USD,2024-10-01 13:45:00+00:00,medium,47.3,47.0,0.29999999999999716,True,,False,,False,1.0000000000000036,0.2999999999999961,,,secondary_medium
136607,255,ISM Manufacturing Prices,USD,2024-10-01 14:00:00+00:00,medium,48.3,54.0,5.200000000000003,True,5.0,True,5.200000000000003,True,3.2000000000000064,1.6249999999999976,1.562499999999997,1.6249999999999976,secondary_medium
137603,10,Crude Oil Inventories,USD,2024-10-02 14:30:00+00:00,medium,3900000.0,-4500000.0,5400000.0,True,5139000.0,True,5389000.0,True,1699999.9999999998,3.1764705882352944,3.0229411764705887,3.1700000000000004,secondary_medium
136864,584,Final Services PMI,USD,2024-10-03 13:45:00+00:00,medium,55.2,55.4,0.19999999999999574,True,,False,,False,0.29999999999999716,0.6666666666666587,,,secondary_medium
135674,251,Construction PMI,GBP,2024-10-04 08:30:00+00:00,medium,57.2,53.6,4.100000000000001,True,,False,,False,1.0,4.100000000000001,,,secondary_medium
137042,254,Ivey PMI,CAD,2024-10-04 14:00:00+00:00,medium,53.1,48.2,2.8000000000000043,True,2.8999999999999986,True,2.8000000000000043,True,2.9499999999999993,0.949152542372883,0.9830508474576268,0.949152542372883,secondary_medium
137604,10,Crude Oil Inventories,USD,2024-10-09 14:30:00+00:00,medium,5800000.0,3900000.0,3800000.0,True,3810000.0,True,3810000.0,True,1699999.9999999998,2.2352941176470593,2.2411764705882358,2.2411764705882358,secondary_medium
136326,53,Prelim UoM Consumer Sentiment,USD,2024-10-11 14:00:00+00:00,medium,68.9,69.0,2.0,True,1.8999999999999915,True,2.0,True,2.400000000000002,0.8333333333333326,0.7916666666666624,0.8333333333333326,secondary_medium
136327,236,Prelim UoM Inflation Expectations,USD,2024-10-11 14:00:00+00:00,medium,2.9,2.7,,True,,True,0.19999999999999973,True,0.20000000000000018,,,0.9999999999999978,secondary_medium
138724,180,Average Earnings Index 3m/y,GBP,2024-10-15 06:00:00+00:00,medium,3.8,4.0,0.0,True,0.0,True,0.0,True,0.12500000000000044,0.0,0.0,0.0,secondary_medium
135422,313,German ZEW Economic Sentiment,EUR,2024-10-15 09:00:00+00:00,medium,13.1,3.6,2.9000000000000004,True,3.0999999999999996,True,2.9000000000000004,True,5.6,0.5178571428571429,0.5535714285714285,0.5178571428571429,secondary_medium
138253,664,Common CPI y/y,CAD,2024-10-15 12:30:00+00:00,medium,2.1,2.0,0.0,True,,False,0.0,True,0.10000000000000009,0.0,,0.0,secondary_medium
136401,207,Empire State Manufacturing Index,USD,2024-10-15 12:30:00+00:00,medium,-11.9,11.5,15.3,True,14.2,True,15.3,True,12.5,1.224,1.136,1.224,secondary_medium
138426,325,Philly Fed Manufacturing Index,USD,2024-10-17 12:30:00+00:00,medium,10.3,1.7,6.1000000000000005,True,7.300000000000001,True,6.1000000000000005,True,13.075,0.46653919694072665,0.5583173996175909,0.46653919694072665,secondary_medium
137605,10,Crude Oil Inventories,USD,2024-10-17 15:00:00+00:00,medium,-2200000.0,5800000.0,4000000.0,True,4491000.0,True,3991000.0,True,1699999.9999999998,2.3529411764705888,2.6417647058823532,2.34764705882353,secondary_medium
136674,198,Building Permits,USD,2024-10-18 12:30:00+00:00,medium,1430000.0,1480000.0,20000.0,True,32000.0,True,22000.0,True,40000.0,0.5,0.8,0.55,secondary_medium
136389,186,Richmond Manufacturing Index,USD,2024-10-22 13:59:00+00:00,medium,-14.0,-21.0,5.0,True,4.0,True,5.0,True,5.75,0.8695652173913043,0.6956521739130435,0.8695652173913043,secondary_medium
138470,232,Existing Home Sales,USD,2024-10-23 14:00:00+00:00,medium,3840000.0,3860000.0,40000.0,True,60000.0,True,40000.0,True,49999.999999999534,0.8000000000000075,1.2000000000000113,0.8000000000000075,secondary_medium
137606,10,Crude Oil Inventories,USD,2024-10-23 14:30:00+00:00,medium,5500000.0,-2200000.0,4600000.0,True,4774000.0,True,4674000.0,True,1699999.9999999998,2.7058823529411766,2.8082352941176474,2.749411764705883,secondary_medium
134946,263,Flash Manufacturing PMI,EUR,2024-10-24 08:00:00+00:00,medium,45.9,44.8,0.7999999999999972,True,,False,,False,0.5,1.5999999999999943,,,secondary_medium
134947,244,Flash Services PMI,EUR,2024-10-24 08:00:00+00:00,medium,51.2,50.5,0.29999999999999716,True,,False,,False,0.7999999999999972,0.3749999999999978,,,secondary_medium
136698,231,New Home Sales,USD,2024-10-24 14:00:00+00:00,medium,738000.0,716000.0,19000.0,True,18000.0,True,19000.0,True,22500.0,0.8444444444444444,0.8,0.8444444444444444,secondary_medium
139661,175,Tokyo Core CPI y/y,JPY,2024-10-24 23:30:00+00:00,medium,1.8,2.0,0.10000000000000009,True,,True,0.10000000000000009,True,0.10000000000000009,1.0,,1.0,secondary_medium
135359,316,German ifo Business Climate,EUR,2024-10-25 08:00:00+00:00,medium,86.5,85.4,0.9000000000000057,True,0.9000000000000057,True,0.9000000000000057,True,0.42500000000000426,2.1176470588235214,2.1176470588235214,2.1176470588235214,secondary_medium
136375,350,Core Durable Goods Orders m/m,USD,2024-10-25 12:30:00+00:00,medium,0.4,0.5,0.5,True,0.5,True,0.5,True,0.30000000000000004,1.6666666666666665,1.6666666666666665,1.6666666666666665,secondary_medium
136374,349,Durable Goods Orders m/m,USD,2024-10-25 12:30:00+00:00,medium,-0.8,0.0,0.30000000000000004,True,0.19999999999999996,True,0.30000000000000004,True,1.0999999999999999,0.2727272727272728,0.1818181818181818,0.2727272727272728,secondary_medium
136350,54,Revised UoM Consumer Sentiment,USD,2024-10-25 14:00:00+00:00,medium,70.5,68.9,1.2999999999999972,True,1.5,True,1.5999999999999943,True,0.8000000000000007,1.6249999999999951,1.8749999999999984,1.9999999999999911,secondary_medium
136249,240,S&P/CS Composite-20 HPI y/y,USD,2024-10-29 13:00:00+00:00,medium,5.2,5.9,0.2999999999999998,True,0.20000000000000018,True,0.2999999999999998,True,0.1499999999999999,2.0,1.3333333333333353,2.0,secondary_medium
134624,592,Spanish Flash CPI y/y,EUR,2024-10-30 08:00:00+00:00,medium,1.8,1.5,0.10000000000000009,True,0.10000000000000009,True,0.10000000000000009,True,0.20000000000000018,0.5,0.5,0.5,secondary_medium
136210,3,Advance GDP Price Index q/q,USD,2024-10-30 12:30:00+00:00,medium,1.8,2.3,0.09999999999999987,True,,True,0.09999999999999987,True,0.30000000000000004,0.3333333333333328,,0.3333333333333328,secondary_medium
138482,233,Pending Home Sales m/m,USD,2024-10-30 14:00:00+00:00,medium,7.4,0.6,5.5,True,6.300000000000001,True,5.5,True,2.225,2.4719101123595504,2.8314606741573036,2.4719101123595504,secondary_medium
137607,10,Crude Oil Inventories,USD,2024-10-30 14:30:00+00:00,medium,-500000.0,5500000.0,2000000.0,True,,False,,False,1699999.9999999998,1.1764705882352944,,,secondary_medium
138050,110,Retail Sales m/m,AUD,2024-10-31 00:30:00+00:00,medium,0.1,0.7,0.19999999999999998,True,0.19999999999999998,True,0.19999999999999998,True,0.19999999999999998,1.0,1.0,1.0,secondary_medium
139025,593,Core CPI Flash Estimate y/y,EUR,2024-10-31 10:00:00+00:00,medium,2.7,2.7,0.10000000000000009,True,0.10000000000000009,True,0.10000000000000009,True,0.10000000000000009,1.0,1.0,1.0,secondary_medium
139026,168,CPI Flash Estimate y/y,EUR,2024-10-31 10:00:00+00:00,medium,2.0,1.8,0.10000000000000009,True,0.10000000000000009,True,0.10000000000000009,True,0.19999999999999973,0.5000000000000011,0.5000000000000011,0.5000000000000011,secondary_medium
136638,189,Chicago PMI,USD,2024-10-31 13:45:00+00:00,medium,41.6,46.6,5.299999999999997,True,5.399999999999999,True,5.299999999999997,True,3.3000000000000043,1.606060606060603,1.6363636363636338,1.606060606060603,secondary_medium
136608,255,ISM Manufacturing Prices,USD,2024-11-01 14:00:00+00:00,medium,54.8,48.3,4.899999999999999,True,6.299999999999997,True,4.899999999999999,True,3.2000000000000064,1.5312499999999964,1.9687499999999951,1.5312499999999964,secondary_medium
136865,584,Final Services PMI,USD,2024-11-05 14:45:00+00:00,medium,55.0,55.3,0.29999999999999716,True,,False,,False,0.29999999999999716,1.0,,,secondary_medium
135676,251,Construction PMI,GBP,2024-11-06 09:30:00+00:00,medium,54.3,57.2,1.0,True,,False,,False,1.0,1.0,,,secondary_medium
137043,254,Ivey PMI,CAD,2024-11-06 15:00:00+00:00,medium,52.0,53.1,2.200000000000003,True,,True,,False,2.9499999999999993,0.7457627118644079,,,secondary_medium
137608,10,Crude Oil Inventories,USD,2024-11-06 15:30:00+00:00,medium,2100000.0,-500000.0,1800000.0,True,,False,,False,1699999.9999999998,1.058823529411765,,,secondary_medium
136328,53,Prelim UoM Consumer Sentiment,USD,2024-11-08 15:00:00+00:00,medium,73.0,68.9,2.0,True,2.0,True,,False,2.400000000000002,0.8333333333333326,0.8333333333333326,,secondary_medium
136329,236,Prelim UoM Inflation Expectations,USD,2024-11-08 15:00:00+00:00,medium,2.6,2.9,,True,,True,,False,0.20000000000000018,,,,secondary_medium
138730,180,Average Earnings Index 3m/y,GBP,2024-11-12 07:00:00+00:00,medium,4.3,3.8,0.3999999999999999,True,0.3999999999999999,True,,False,0.12500000000000044,3.1999999999999877,3.1999999999999877,,secondary_medium
135424,313,German ZEW Economic Sentiment,EUR,2024-11-12 10:00:00+00:00,medium,7.4,13.1,5.799999999999999,True,5.4,True,,False,5.6,1.0357142857142856,0.9642857142857144,,secondary_medium
137609,10,Crude Oil Inventories,USD,2024-11-14 16:00:00+00:00,medium,2100000.0,2100000.0,1700000.0,True,,False,,False,1699999.9999999998,1.0000000000000002,,,secondary_medium
138895,33,Prelim GDP q/q,GBP,2024-11-15 07:00:00+00:00,medium,0.1,0.6,0.1,True,0.1,True,,False,0.1,1.0,1.0,,secondary_medium
136402,207,Empire State Manufacturing Index,USD,2024-11-15 13:30:00+00:00,medium,31.2,-11.9,31.5,True,31.9,True,,False,12.5,2.52,2.552,,secondary_medium
138254,664,Common CPI y/y,CAD,2024-11-19 13:30:00+00:00,medium,2.2,2.1,0.10000000000000009,True,,False,,False,0.10000000000000009,1.0,,,secondary_medium
136675,198,Building Permits,USD,2024-11-19 13:30:00+00:00,medium,1420000.0,1430000.0,20000.0,True,,False,,False,40000.0,0.5,,,secondary_medium
137610,10,Crude Oil Inventories,USD,2024-11-20 15:30:00+00:00,medium,500000.0,2100000.0,600000.0,True,,False,,False,1699999.9999999998,0.35294117647058826,,,secondary_medium
138427,325,Philly Fed Manufacturing Index,USD,2024-11-21 13:30:00+00:00,medium,-5.5,10.3,12.9,True,13.5,True,,False,13.075,0.9866156787762907,1.032504780114723,,secondary_medium
138471,232,Existing Home Sales,USD,2024-11-21 15:00:00+00:00,medium,3960000.0,3840000.0,10000.0,True,30000.0,True,,False,49999.999999999534,0.20000000000000187,0.6000000000000056,,secondary_medium
134957,263,Flash Manufacturing PMI,EUR,2024-11-22 09:00:00+00:00,medium,45.2,45.9,0.7999999999999972,True,,False,,False,0.5,1.5999999999999943,,,secondary_medium
134958,244,Flash Services PMI,EUR,2024-11-22 09:00:00+00:00,medium,49.2,51.2,2.3999999999999986,True,,False,,False,0.7999999999999972,3.000000000000009,,,secondary_medium
136352,54,Revised UoM Consumer Sentiment,USD,2024-11-22 15:00:00+00:00,medium,71.8,73.0,2.200000000000003,True,1.9000000000000057,True,,False,0.8000000000000007,2.750000000000001,2.375000000000005,,secondary_medium
137952,510,Retail Sales q/q,NZD,2024-11-24 21:45:00+00:00,medium,-0.1,-1.2,0.4,True,,True,,False,0.375,1.0666666666666667,,,secondary_medium
135360,316,German ifo Business Climate,EUR,2024-11-25 09:00:00+00:00,medium,85.7,86.5,0.3999999999999915,True,0.29999999999999716,True,,False,0.42500000000000426,0.9411764705882057,0.7058823529411627,,secondary_medium
136250,240,S&P/CS Composite-20 HPI y/y,USD,2024-11-26 14:00:00+00:00,medium,4.6,5.2,0.10000000000000053,True,0.3000000000000007,True,,False,0.1499999999999999,0.6666666666666706,2.0000000000000058,,secondary_medium
136651,186,Richmond Manufacturing Index,USD,2024-11-26 14:59:00+00:00,medium,-14.0,-14.0,4.0,True,4.0,True,,False,5.75,0.6956521739130435,0.6956521739130435,,secondary_medium
136699,231,New Home Sales,USD,2024-11-26 15:00:00+00:00,medium,610000.0,738000.0,115000.0,True,120000.0,True,,False,22500.0,5.111111111111111,5.333333333333333,,secondary_medium
136377,350,Core Durable Goods Orders m/m,USD,2024-11-27 13:30:00+00:00,medium,0.1,0.4,0.1,True,0.1,True,,False,0.30000000000000004,0.3333333333333333,0.3333333333333333,,secondary_medium
136376,349,Durable Goods Orders m/m,USD,2024-11-27 13:30:00+00:00,medium,0.2,-0.8,0.2,True,0.3,True,,False,1.0999999999999999,0.18181818181818185,0.27272727272727276,,secondary_medium
136219,45,Prelim GDP Price Index q/q,USD,2024-11-27 13:30:00+00:00,medium,1.9,1.8,0.09999999999999987,True,0.09999999999999987,True,,False,0.12499999999999989,0.7999999999999996,0.7999999999999996,,secondary_medium
136639,189,Chicago PMI,USD,2024-11-27 14:45:00+00:00,medium,40.2,41.6,4.699999999999996,True,4.5,True,,False,3.3000000000000043,1.4242424242424212,1.363636363636362,,secondary_medium
138483,233,Pending Home Sales m/m,USD,2024-11-27 15:00:00+00:00,medium,2.0,7.4,4.1,True,3.3,True,,False,2.225,1.842696629213483,1.4831460674157302,,secondary_medium
137612,10,Crude Oil Inventories,USD,2024-11-27 15:30:00+00:00,medium,-1800000.0,500000.0,500000.0,True,,False,,False,1699999.9999999998,0.2941176470588236,,,secondary_medium
134625,592,Spanish Flash CPI y/y,EUR,2024-11-28 08:00:00+00:00,medium,2.4,1.8,0.10000000000000009,True,0.0,True,,False,0.20000000000000018,0.5,0.0,,secondary_medium
139668,175,Tokyo Core CPI y/y,JPY,2024-11-28 23:30:00+00:00,medium,2.2,1.8,0.20000000000000018,True,0.10000000000000009,True,,False,0.10000000000000009,2.0,1.0,,secondary_medium
135077,32,GDP q/q,CHF,2024-11-29 08:00:00+00:00,medium,0.4,0.7,0.0,True,0.0,True,,False,0.29999999999999993,0.0,0.0,,secondary_medium
139034,593,Core CPI Flash Estimate y/y,EUR,2024-11-29 10:00:00+00:00,medium,2.7,2.7,0.09999999999999964,True,,False,,False,0.10000000000000009,0.9999999999999956,,,secondary_medium
139035,168,CPI Flash Estimate y/y,EUR,2024-11-29 10:00:00+00:00,medium,2.3,2.0,0.0,True,0.0,True,,False,0.19999999999999973,0.0,0.0,,secondary_medium
138051,110,Retail Sales m/m,AUD,2024-12-02 00:30:00+00:00,medium,0.6,0.1,0.19999999999999996,True,0.3,True,,False,0.19999999999999998,0.9999999999999999,1.5,,secondary_medium
136854,553,Final Manufacturing PMI,USD,2024-12-02 14:45:00+00:00,medium,49.7,48.8,0.9000000000000057,True,,False,,False,1.0000000000000036,0.9000000000000025,,,secondary_medium
136609,255,ISM Manufacturing Prices,USD,2024-12-02 15:00:00+00:00,medium,50.3,54.8,4.900000000000006,True,4.900000000000006,True,,False,3.2000000000000064,1.5312499999999987,1.5312499999999987,,secondary_medium
136866,584,Final Services PMI,USD,2024-12-04 14:45:00+00:00,medium,56.1,57.0,0.8999999999999986,True,,False,,False,0.29999999999999716,3.0000000000000235,,,secondary_medium
137613,10,Crude Oil Inventories,USD,2024-12-04 15:30:00+00:00,medium,-5100000.0,-1800000.0,3500000.0,True,,False,,False,1699999.9999999998,2.058823529411765,,,secondary_medium
135675,251,Construction PMI,GBP,2024-12-05 09:30:00+00:00,medium,55.2,54.3,1.7000000000000028,True,,False,,False,1.0,1.7000000000000028,,,secondary_medium
137044,254,Ivey PMI,CAD,2024-12-06 15:00:00+00:00,medium,52.3,52.0,0.8000000000000043,True,0.8000000000000043,True,,False,2.9499999999999993,0.2711864406779676,0.2711864406779676,,secondary_medium
136331,53,Prelim UoM Consumer Sentiment,USD,2024-12-06 15:00:00+00:00,medium,74.0,73.0,0.7000000000000028,True,1.0,True,,False,2.400000000000002,0.2916666666666676,0.4166666666666663,,secondary_medium
136330,236,Prelim UoM Inflation Expectations,USD,2024-12-06 15:00:00+00:00,medium,2.9,2.6,,True,,True,,False,0.20000000000000018,,,,secondary_medium
137614,10,Crude Oil Inventories,USD,2024-12-11 15:30:00+00:00,medium,-1400000.0,-5100000.0,400000.0,True,,False,,False,1699999.9999999998,0.23529411764705885,,,secondary_medium
134964,263,Flash Manufacturing PMI,EUR,2024-12-16 09:00:00+00:00,medium,45.2,45.2,0.09999999999999432,True,,False,,False,0.5,0.19999999999998863,,,secondary_medium
134965,244,Flash Services PMI,EUR,2024-12-16 09:00:00+00:00,medium,51.4,49.2,1.8999999999999986,True,,False,,False,0.7999999999999972,2.3750000000000067,,,secondary_medium
136403,207,Empire State Manufacturing Index,USD,2024-12-16 13:30:00+00:00,medium,0.2,31.2,6.2,True,11.8,True,,False,12.5,0.496,0.9440000000000001,,secondary_medium
138726,180,Average Earnings Index 3m/y,GBP,2024-12-17 07:00:00+00:00,medium,5.2,4.3,0.6000000000000005,True,0.20000000000000018,True,,False,0.12500000000000044,4.799999999999987,1.5999999999999956,,secondary_medium
135361,316,German ifo Business Climate,EUR,2024-12-17 09:00:00+00:00,medium,84.7,85.7,0.7999999999999972,True,0.8999999999999915,True,,False,0.42500000000000426,1.882352941176445,2.117647058823488,,secondary_medium
135427,313,German ZEW Economic Sentiment,EUR,2024-12-17 10:00:00+00:00,medium,15.7,7.4,8.899999999999999,True,9.5,True,,False,5.6,1.5892857142857142,1.6964285714285716,,secondary_medium
138255,664,Common CPI y/y,CAD,2024-12-17 13:30:00+00:00,medium,2.0,2.2,0.10000000000000009,True,,False,,False,0.10000000000000009,1.0,,,secondary_medium
136676,198,Building Permits,USD,2024-12-18 13:30:00+00:00,medium,1510000.0,1420000.0,80000.0,True,75000.0,True,,False,40000.0,2.0,1.875,,secondary_medium
137615,10,Crude Oil Inventories,USD,2024-12-18 15:30:00+00:00,medium,-900000.0,-1400000.0,700000.0,True,,False,,False,1699999.9999999998,0.411764705882353,,,secondary_medium
136227,46,Final GDP Price Index q/q,USD,2024-12-19 13:30:00+00:00,medium,1.9,1.9,0.0,True,0.0,True,,False,0.09999999999999964,0.0,0.0,,secondary_medium
138428,325,Philly Fed Manufacturing Index,USD,2024-12-19 13:30:00+00:00,medium,-16.4,-5.5,19.299999999999997,True,19.4,True,,False,13.075,1.476099426386233,1.4837476099426385,,secondary_medium
138472,232,Existing Home Sales,USD,2024-12-19 15:00:00+00:00,medium,4150000.0000000005,3960000.0,60000.000000000466,True,80000.0,True,,False,49999.999999999534,1.2000000000000204,1.600000000000015,,secondary_medium
136354,54,Revised UoM Consumer Sentiment,USD,2024-12-20 15:00:00+00:00,medium,74.0,74.0,0.09999999999999432,True,0.0,True,,False,0.8000000000000007,0.12499999999999278,0.0,,secondary_medium
136378,350,Core Durable Goods Orders m/m,USD,2024-12-23 13:30:00+00:00,medium,-0.1,0.1,0.4,True,0.4,True,,False,0.30000000000000004,1.3333333333333333,1.3333333333333333,,secondary_medium
136379,349,Durable Goods Orders m/m,USD,2024-12-23 13:30:00+00:00,medium,-1.1,0.2,0.8,True,0.7000000000000001,True,,False,1.0999999999999999,0.7272727272727274,0.6363636363636365,,secondary_medium
137312,208,CB Consumer Confidence,USD,2024-12-23 15:00:00+00:00,medium,104.7,111.7,8.200000000000003,True,,False,,False,3.200000000000003,2.5624999999999987,,,secondary_medium
136700,231,New Home Sales,USD,2024-12-23 15:00:00+00:00,medium,664000.0,610000.0,2000.0,True,14000.0,True,,False,22500.0,0.08888888888888889,0.6222222222222222,,secondary_medium
136391,186,Richmond Manufacturing Index,USD,2024-12-24 14:59:00+00:00,medium,-10.0,-14.0,0.0,True,1.0,True,,False,5.75,0.0,0.17391304347826086,,secondary_medium
139669,175,Tokyo Core CPI y/y,JPY,2024-12-26 23:30:00+00:00,medium,2.4,2.2,0.10000000000000009,True,0.10000000000000009,True,,False,0.10000000000000009,1.0,1.0,,secondary_medium
137616,10,Crude Oil Inventories,USD,2024-12-27 18:00:00+00:00,medium,-4200000.0,-900000.0,3500000.0,True,,False,,False,1699999.9999999998,2.058823529411765,,,secondary_medium
134626,592,Spanish Flash CPI y/y,EUR,2024-12-30 08:00:00+00:00,medium,2.8,2.4,0.19999999999999973,True,0.19999999999999973,True,,False,0.20000000000000018,0.9999999999999978,0.9999999999999978,,secondary_medium
136640,189,Chicago PMI,USD,2024-12-30 14:45:00+00:00,medium,36.9,40.2,5.800000000000004,True,5.600000000000001,True,,False,3.3000000000000043,1.7575757575757567,1.6969696969696952,,secondary_medium
138484,233,Pending Home Sales m/m,USD,2024-12-30 15:00:00+00:00,medium,2.2,2.0,1.3000000000000003,True,1.5000000000000002,True,,False,2.225,0.5842696629213484,0.6741573033707866,,secondary_medium
136251,240,S&P/CS Composite-20 HPI y/y,USD,2024-12-31 14:00:00+00:00,medium,4.2,4.6,0.10000000000000053,True,0.10000000000000053,True,,False,0.1499999999999999,0.6666666666666706,0.6666666666666706,,secondary_medium
141645,553,Final Manufacturing PMI,USD,2025-01-02 14:45:00+00:00,medium,49.4,48.3,1.1000000000000014,True,,False,,False,1.0000000000000036,1.0999999999999974,,,secondary_medium
143074,10,Crude Oil Inventories,USD,2025-01-02 16:00:00+00:00,medium,-1200000.0,-4200000.0,1200000.0,True,,False,,False,1699999.9999999998,0.7058823529411765,,,secondary_medium
141146,255,ISM Manufacturing Prices,USD,2025-01-03 15:00:00+00:00,medium,52.5,50.3,1.0,True,0.7999999999999972,True,,False,3.2000000000000064,0.3124999999999994,0.2499999999999986,,secondary_medium
141657,584,Final Services PMI,USD,2025-01-06 14:45:00+00:00,medium,56.8,58.5,1.7000000000000028,True,,False,,False,0.29999999999999716,5.66666666666673,,,secondary_medium
143406,251,Construction PMI,GBP,2025-01-07 09:30:00+00:00,medium,53.3,55.2,1.0,True,,False,,False,1.0,1.0,,,secondary_medium
145334,593,Core CPI Flash Estimate y/y,EUR,2025-01-07 10:00:00+00:00,medium,2.7,2.7,0.0,True,0.0,True,,False,0.10000000000000009,0.0,0.0,,secondary_medium
145335,168,CPI Flash Estimate y/y,EUR,2025-01-07 10:00:00+00:00,medium,2.4,2.3,0.0,True,0.0,True,,False,0.19999999999999973,0.0,0.0,,secondary_medium
144932,254,Ivey PMI,CAD,2025-01-07 15:00:00+00:00,medium,54.7,52.3,0.6999999999999957,True,0.6999999999999957,True,,False,2.9499999999999993,0.23728813559321896,0.23728813559321896,,secondary_medium
143075,10,Crude Oil Inventories,USD,2025-01-08 15:30:00+00:00,medium,-1000000.0,-1200000.0,800000.0,True,,False,,False,1699999.9999999998,0.4705882352941177,,,secondary_medium
144751,110,Retail Sales m/m,AUD,2025-01-09 00:30:00+00:00,medium,0.8,0.6,0.19999999999999996,True,0.19999999999999996,True,,False,0.19999999999999998,0.9999999999999999,0.9999999999999999,,secondary_medium
141255,53,Prelim UoM Consumer Sentiment,USD,2025-01-10 15:00:00+00:00,medium,73.2,74.0,0.7999999999999972,True,0.5999999999999943,True,,False,2.400000000000002,0.33333333333333187,0.24999999999999742,,secondary_medium
141256,236,Prelim UoM Inflation Expectations,USD,2025-01-10 15:00:00+00:00,medium,3.3,2.9,,True,,True,,False,0.20000000000000018,,,,secondary_medium
141171,207,Empire State Manufacturing Index,USD,2025-01-15 13:30:00+00:00,medium,-12.6,0.2,15.3,True,15.6,True,,False,12.5,1.224,1.248,,secondary_medium
143076,10,Crude Oil Inventories,USD,2025-01-15 15:30:00+00:00,medium,-2000000.0,-1000000.0,1000000.0,True,,False,,False,1699999.9999999998,0.5882352941176472,,,secondary_medium
141195,325,Philly Fed Manufacturing Index,USD,2025-01-16 13:30:00+00:00,medium,44.3,-16.4,49.5,True,49.3,True,,False,13.075,3.78585086042065,3.770554493307839,,secondary_medium
141089,198,Building Permits,USD,2025-01-17 13:30:00+00:00,medium,1480000.0,1510000.0,20000.0,True,23000.0,True,,False,40000.0,0.5,0.575,,secondary_medium
143780,180,Average Earnings Index 3m/y,GBP,2025-01-21 07:00:00+00:00,medium,5.6,5.2,0.0,True,0.09999999999999964,True,,False,0.12500000000000044,0.0,0.7999999999999943,,secondary_medium
142833,313,German ZEW Economic Sentiment,EUR,2025-01-21 10:00:00+00:00,medium,10.3,15.7,4.899999999999999,True,5.0,True,,False,5.6,0.8749999999999998,0.8928571428571429,,secondary_medium
145133,664,Common CPI y/y,CAD,2025-01-21 13:30:00+00:00,medium,2.0,2.0,0.10000000000000009,True,,False,,False,0.10000000000000009,1.0,,,secondary_medium
143077,10,Crude Oil Inventories,USD,2025-01-23 17:00:00+00:00,medium,-1000000.0,-2000000.0,900000.0,True,,False,,False,1699999.9999999998,0.5294117647058825,,,secondary_medium
142157,263,Flash Manufacturing PMI,EUR,2025-01-24 09:00:00+00:00,medium,46.1,45.2,0.5,True,,False,,False,0.5,1.0,,,secondary_medium
142158,244,Flash Services PMI,EUR,2025-01-24 09:00:00+00:00,medium,51.4,51.4,0.0,True,,False,,False,0.7999999999999972,0.0,,,secondary_medium
143008,232,Existing Home Sales,USD,2025-01-24 15:00:00+00:00,medium,4240000.0,4150000.0000000005,49999.999999999534,True,49999.999999999534,True,,False,49999.999999999534,1.0,1.0,,secondary_medium
141279,54,Revised UoM Consumer Sentiment,USD,2025-01-24 15:00:00+00:00,medium,71.1,73.2,2.200000000000003,True,2.1000000000000085,True,,False,0.8000000000000007,2.750000000000001,2.6250000000000084,,secondary_medium
142266,316,German ifo Business Climate,EUR,2025-01-27 09:00:00+00:00,medium,85.1,84.7,0.19999999999998863,True,0.5,True,,False,0.42500000000000426,0.47058823529408617,1.1764705882352824,,secondary_medium
141122,231,New Home Sales,USD,2025-01-27 15:00:00+00:00,medium,698000.0,664000.0,29000.0,True,28000.0,True,,False,22500.0,1.288888888888889,1.2444444444444445,,secondary_medium
142383,350,Core Durable Goods Orders m/m,USD,2025-01-28 13:30:00+00:00,medium,0.3,-0.1,0.10000000000000003,True,0.10000000000000003,True,,False,0.30000000000000004,0.33333333333333337,0.33333333333333337,,secondary_medium
142369,349,Durable Goods Orders m/m,USD,2025-01-28 13:30:00+00:00,medium,-2.2,-1.1,2.5,True,3.0,True,,False,1.0999999999999999,2.272727272727273,2.7272727272727275,,secondary_medium
141540,240,S&P/CS Composite-20 HPI y/y,USD,2025-01-28 14:00:00+00:00,medium,4.3,4.2,0.09999999999999964,True,0.20000000000000018,True,,False,0.1499999999999999,0.6666666666666647,1.3333333333333353,,secondary_medium
141183,186,Richmond Manufacturing Index,USD,2025-01-28 14:59:00+00:00,medium,-4.0,-10.0,9.0,True,4.0,True,,False,5.75,1.565217391304348,0.6956521739130435,,secondary_medium
143078,10,Crude Oil Inventories,USD,2025-01-29 15:30:00+00:00,medium,3500000.0,-1000000.0,1300000.0,True,,False,,False,1699999.9999999998,0.7647058823529412,,,secondary_medium
140869,592,Spanish Flash CPI y/y,EUR,2025-01-30 08:00:00+00:00,medium,3.0,2.8,0.10000000000000009,True,0.3999999999999999,True,,False,0.20000000000000018,0.5,1.9999999999999978,,secondary_medium
142545,3,Advance GDP Price Index q/q,USD,2025-01-30 13:30:00+00:00,medium,2.2,1.8,0.2999999999999998,True,0.2999999999999998,True,,False,0.30000000000000004,0.9999999999999992,0.9999999999999992,,secondary_medium
143020,233,Pending Home Sales m/m,USD,2025-01-30 15:00:00+00:00,medium,-5.5,2.2,5.5,True,5.5,True,,False,2.225,2.4719101123595504,2.4719101123595504,,secondary_medium
144411,175,Tokyo Core CPI y/y,JPY,2025-01-30 23:30:00+00:00,medium,2.5,2.4,0.0,True,0.0,True,,False,0.10000000000000009,0.0,0.0,,secondary_medium
141325,189,Chicago PMI,USD,2025-01-31 14:45:00+00:00,medium,39.5,36.9,0.7999999999999972,True,0.5,True,,False,3.3000000000000043,0.24242424242424124,0.15151515151515133,,secondary_medium
144752,110,Retail Sales m/m,AUD,2025-02-03 00:30:00+00:00,medium,-0.1,0.8,0.6,True,0.6,True,,False,0.19999999999999998,3.0,3.0,,secondary_medium
145345,593,Core CPI Flash Estimate y/y,EUR,2025-02-03 10:00:00+00:00,medium,2.7,2.7,0.10000000000000009,True,0.10000000000000009,True,,False,0.10000000000000009,1.0,1.0,,secondary_medium
145346,168,CPI Flash Estimate y/y,EUR,2025-02-03 10:00:00+00:00,medium,2.5,2.4,0.10000000000000009,True,0.0,True,,False,0.19999999999999973,0.5000000000000011,0.0,,secondary_medium
141646,553,Final Manufacturing PMI,USD,2025-02-03 14:45:00+00:00,medium,51.2,50.1,1.1000000000000014,True,,False,,False,1.0000000000000036,1.0999999999999974,,,secondary_medium
141147,255,ISM Manufacturing Prices,USD,2025-02-03 15:00:00+00:00,medium,54.9,52.5,2.299999999999997,True,2.299999999999997,True,,False,3.2000000000000064,0.7187499999999977,0.7187499999999977,,secondary_medium
141658,584,Final Services PMI,USD,2025-02-05 14:45:00+00:00,medium,52.9,52.8,0.0,True,,False,,False,0.29999999999999716,0.0,,,secondary_medium
143079,10,Crude Oil Inventories,USD,2025-02-05 15:30:00+00:00,medium,8700000.0,3500000.0,6300000.0,True,5464000.0,True,,False,1699999.9999999998,3.705882352941177,3.214117647058824,,secondary_medium
143407,251,Construction PMI,GBP,2025-02-06 09:30:00+00:00,medium,48.1,53.3,5.399999999999999,True,,False,,False,1.0,5.399999999999999,,,secondary_medium
144933,254,Ivey PMI,CAD,2025-02-06 15:00:00+00:00,medium,47.1,54.7,5.899999999999999,True,5.899999999999999,True,,False,2.9499999999999993,2.0,2.0,,secondary_medium
141257,53,Prelim UoM Consumer Sentiment,USD,2025-02-07 15:00:00+00:00,medium,67.8,73.2,4.1000000000000085,True,,True,,False,2.400000000000002,1.7083333333333353,,,secondary_medium
141258,236,Prelim UoM Inflation Expectations,USD,2025-02-07 15:00:00+00:00,medium,4.3,3.3,,True,,True,,False,0.20000000000000018,,,,secondary_medium
143080,10,Crude Oil Inventories,USD,2025-02-12 15:30:00+00:00,medium,4099999.9999999995,8700000.0,1699999.9999999995,True,,False,,False,1699999.9999999998,0.9999999999999999,,,secondary_medium
143772,33,Prelim GDP q/q,GBP,2025-02-13 07:00:00+00:00,medium,0.1,0.1,0.2,True,0.2,True,,False,0.1,2.0,2.0,,secondary_medium
143785,180,Average Earnings Index 3m/y,GBP,2025-02-18 07:00:00+00:00,medium,6.0,5.6,0.09999999999999964,True,0.09999999999999964,True,,False,0.12500000000000044,0.7999999999999943,0.7999999999999943,,secondary_medium
142831,313,German ZEW Economic Sentiment,EUR,2025-02-18 10:00:00+00:00,medium,26.0,10.3,6.100000000000001,True,10.5,True,,False,5.6,1.0892857142857146,1.8750000000000002,,secondary_medium
145136,664,Common CPI y/y,CAD,2025-02-18 13:30:00+00:00,medium,2.2,2.0,0.10000000000000009,True,,False,,False,0.10000000000000009,1.0,,,secondary_medium
141172,207,Empire State Manufacturing Index,USD,2025-02-18 13:30:00+00:00,medium,5.7,-12.6,7.6,True,6.7,True,,False,12.5,0.608,0.536,,secondary_medium
141196,325,Philly Fed Manufacturing Index,USD,2025-02-20 13:30:00+00:00,medium,18.1,44.3,1.2999999999999972,True,1.8999999999999986,True,,False,13.075,0.09942638623326938,0.14531548757170162,,secondary_medium
143081,10,Crude Oil Inventories,USD,2025-02-20 17:00:00+00:00,medium,4600000.0,4099999.9999999995,1400000.0,True,,False,,False,1699999.9999999998,0.823529411764706,,,secondary_medium
142163,263,Flash Manufacturing PMI,EUR,2025-02-21 09:00:00+00:00,medium,47.3,46.1,0.3999999999999986,True,,False,,False,0.5,0.7999999999999972,,,secondary_medium
142164,244,Flash Services PMI,EUR,2025-02-21 09:00:00+00:00,medium,50.7,51.4,0.7999999999999972,True,,False,,False,0.7999999999999972,1.0,,,secondary_medium
143009,232,Existing Home Sales,USD,2025-02-21 15:00:00+00:00,medium,4080000.0,4240000.0,50000.0,True,40000.0,True,,False,49999.999999999534,1.0000000000000093,0.8000000000000075,,secondary_medium
141282,54,Revised UoM Consumer Sentiment,USD,2025-02-21 15:00:00+00:00,medium,64.7,67.8,3.0999999999999943,True,3.0999999999999943,True,,False,0.8000000000000007,3.8749999999999893,3.8749999999999893,,secondary_medium
144815,510,Retail Sales q/q,NZD,2025-02-23 21:45:00+00:00,medium,0.9,-0.1,0.4,True,0.30000000000000004,True,,False,0.375,1.0666666666666667,0.8000000000000002,,secondary_medium
142265,316,German ifo Business Climate,EUR,2025-02-24 09:00:00+00:00,medium,85.2,85.1,0.7000000000000028,True,0.5999999999999943,True,,False,0.42500000000000426,1.647058823529402,1.4117647058823255,,secondary_medium
141541,240,S&P/CS Composite-20 HPI y/y,USD,2025-02-25 14:00:00+00:00,medium,4.5,4.3,0.09999999999999964,True,0.0,True,,False,0.1499999999999999,0.6666666666666647,0.0,,secondary_medium
141244,208,CB Consumer Confidence,USD,2025-02-25 15:00:00+00:00,medium,98.3,104.1,4.400000000000006,True,,False,,False,3.200000000000003,1.3750000000000004,,,secondary_medium
141184,186,Richmond Manufacturing Index,USD,2025-02-25 15:00:00+00:00,medium,6.0,-4.0,9.0,True,8.0,True,,False,5.75,1.565217391304348,1.391304347826087,,secondary_medium
141123,231,New Home Sales,USD,2025-02-26 15:00:00+00:00,medium,657000.0,698000.0,22000.0,True,23000.0,True,,False,22500.0,0.9777777777777777,1.0222222222222221,,secondary_medium
143082,10,Crude Oil Inventories,USD,2025-02-26 15:30:00+00:00,medium,-2300000.0,4600000.0,4800000.0,True,,False,,False,1699999.9999999998,2.823529411764706,,,secondary_medium
140825,32,GDP q/q,CHF,2025-02-27 08:00:00+00:00,medium,0.2,0.4,0.0,True,0.0,True,,False,0.29999999999999993,0.0,0.0,,secondary_medium
140870,592,Spanish Flash CPI y/y,EUR,2025-02-27 08:00:00+00:00,medium,3.0,3.0,0.0,True,0.10000000000000009,True,,False,0.20000000000000018,0.0,0.5,,secondary_medium
142382,350,Core Durable Goods Orders m/m,USD,2025-02-27 13:30:00+00:00,medium,0.0,0.3,0.2,True,0.3,True,,False,0.30000000000000004,0.6666666666666666,0.9999999999999998,,secondary_medium
142370,349,Durable Goods Orders m/m,USD,2025-02-27 13:30:00+00:00,medium,3.1,-2.2,1.1,True,1.1,True,,False,1.0999999999999999,1.0000000000000002,1.0000000000000002,,secondary_medium
142561,45,Prelim GDP Price Index q/q,USD,2025-02-27 13:30:00+00:00,medium,2.4,2.2,0.19999999999999973,True,0.19999999999999973,True,,False,0.12499999999999989,1.5999999999999992,1.5999999999999992,,secondary_medium
143021,233,Pending Home Sales m/m,USD,2025-02-27 15:00:00+00:00,medium,-4.6,-5.5,3.6999999999999997,True,3.3,True,,False,2.225,1.6629213483146066,1.4831460674157302,,secondary_medium
144412,175,Tokyo Core CPI y/y,JPY,2025-02-27 23:30:00+00:00,medium,2.2,2.5,0.09999999999999964,True,0.09999999999999964,True,,False,0.10000000000000009,0.9999999999999956,0.9999999999999956,,secondary_medium
141326,189,Chicago PMI,USD,2025-02-28 14:45:00+00:00,medium,45.5,39.5,5.0,True,4.899999999999999,True,,False,3.3000000000000043,1.5151515151515131,1.4848484848484824,,secondary_medium
145355,593,Core CPI Flash Estimate y/y,EUR,2025-03-03 10:00:00+00:00,medium,2.6,2.7,0.10000000000000009,True,0.0,True,,False,0.10000000000000009,1.0,0.0,,secondary_medium
145356,168,CPI Flash Estimate y/y,EUR,2025-03-03 10:00:00+00:00,medium,2.4,2.5,0.10000000000000009,True,0.10000000000000009,True,,False,0.19999999999999973,0.5000000000000011,0.5000000000000011,,secondary_medium
141647,553,Final Manufacturing PMI,USD,2025-03-03 14:45:00+00:00,medium,52.7,51.6,1.1000000000000014,True,,False,,False,1.0000000000000036,1.0999999999999974,,,secondary_medium
141148,255,ISM Manufacturing Prices,USD,2025-03-03 15:00:00+00:00,medium,62.4,54.9,6.199999999999996,True,6.199999999999996,True,,False,3.2000000000000064,1.937499999999995,1.937499999999995,,secondary_medium
144753,110,Retail Sales m/m,AUD,2025-03-04 00:30:00+00:00,medium,0.3,-0.1,0.0,True,0.0,True,,False,0.19999999999999998,0.0,0.0,,secondary_medium
141659,584,Final Services PMI,USD,2025-03-05 14:45:00+00:00,medium,51.0,49.7,1.2999999999999972,True,,False,,False,0.29999999999999716,4.333333333333365,,,secondary_medium
143408,251,Construction PMI,GBP,2025-03-06 09:30:00+00:00,medium,44.6,48.1,4.899999999999999,True,,False,,False,1.0,4.899999999999999,,,secondary_medium
144934,254,Ivey PMI,CAD,2025-03-06 15:00:00+00:00,medium,55.3,47.1,4.699999999999996,True,4.699999999999996,True,,False,2.9499999999999993,1.5932203389830497,1.5932203389830497,,secondary_medium
141173,207,Empire State Manufacturing Index,USD,2025-03-17 12:30:00+00:00,medium,-20.0,5.7,18.1,True,18.1,True,18.1,True,12.5,1.4480000000000002,1.4480000000000002,1.4480000000000002,secondary_medium
142829,313,German ZEW Economic Sentiment,EUR,2025-03-18 10:00:00+00:00,medium,51.6,26.0,3.5,True,3.5,True,3.5,True,5.6,0.625,0.625,0.625,secondary_medium
145140,664,Common CPI y/y,CAD,2025-03-18 12:30:00+00:00,medium,2.5,2.2,0.2999999999999998,True,,False,0.2999999999999998,True,0.10000000000000009,2.9999999999999956,,2.9999999999999956,secondary_medium
143786,180,Average Earnings Index 3m/y,GBP,2025-03-20 07:00:00+00:00,medium,5.8,6.0,0.0,True,0.10000000000000053,True,0.0,True,0.12500000000000044,0.0,0.8000000000000014,0.0,secondary_medium
141197,325,Philly Fed Manufacturing Index,USD,2025-03-20 12:30:00+00:00,medium,12.5,18.1,3.6999999999999993,True,4.0,True,3.6999999999999993,True,13.075,0.2829827915869981,0.30592734225621415,0.2829827915869981,secondary_medium
143010,232,Existing Home Sales,USD,2025-03-20 14:00:00+00:00,medium,4260000.0,4080000.0,310000.0,True,310000.0,True,310000.0,True,49999.999999999534,6.200000000000058,6.200000000000058,6.200000000000058,secondary_medium
144416,174,National Core CPI y/y,JPY,2025-03-20 23:30:00+00:00,medium,3.0,3.2,0.10000000000000009,True,0.10000000000000009,True,0.10000000000000009,True,0.20000000000000018,0.5,0.5,0.5,secondary_medium
142169,263,Flash Manufacturing PMI,EUR,2025-03-24 09:00:00+00:00,medium,48.7,47.3,0.4000000000000057,True,,False,0.4000000000000057,True,0.5,0.8000000000000114,,0.8000000000000114,secondary_medium
142170,244,Flash Services PMI,EUR,2025-03-24 09:00:00+00:00,medium,50.4,50.7,0.8000000000000043,True,,False,0.8000000000000043,True,0.7999999999999972,1.0000000000000089,,1.0000000000000089,secondary_medium
142264,316,German ifo Business Climate,EUR,2025-03-25 09:00:00+00:00,medium,86.7,85.2,0.09999999999999432,True,0.09999999999999432,True,,False,0.42500000000000426,0.23529411764704308,0.23529411764704308,,secondary_medium
141542,240,S&P/CS Composite-20 HPI y/y,USD,2025-03-25 13:00:00+00:00,medium,4.7,4.5,0.10000000000000053,True,0.0,True,,False,0.1499999999999999,0.6666666666666706,0.0,,secondary_medium
141185,186,Richmond Manufacturing Index,USD,2025-03-25 13:59:00+00:00,medium,-4.0,6.0,12.0,True,12.0,True,,False,5.75,2.0869565217391304,2.0869565217391304,,secondary_medium
141245,208,CB Consumer Confidence,USD,2025-03-25 14:00:00+00:00,medium,92.9,98.3,1.2999999999999972,True,,False,,False,3.200000000000003,0.4062499999999988,,,secondary_medium
141124,231,New Home Sales,USD,2025-03-25 14:00:00+00:00,medium,676000.0,657000.0,6000.0,True,4000.0,True,,False,22500.0,0.26666666666666666,0.17777777777777778,,secondary_medium
142381,350,Core Durable Goods Orders m/m,USD,2025-03-26 12:30:00+00:00,medium,0.7,0.0,0.49999999999999994,True,0.49999999999999994,True,0.49999999999999994,True,0.30000000000000004,1.6666666666666663,1.6666666666666663,1.6666666666666663,secondary_medium
142371,349,Durable Goods Orders m/m,USD,2025-03-26 12:30:00+00:00,medium,0.9,3.1,2.0,True,1.9,True,2.0,True,1.0999999999999999,1.8181818181818183,1.7272727272727273,1.8181818181818183,secondary_medium
142553,46,Final GDP Price Index q/q,USD,2025-03-27 12:30:00+00:00,medium,2.3,2.4,0.10000000000000009,True,0.10000000000000009,True,0.10000000000000009,True,0.09999999999999964,1.0000000000000044,1.0000000000000044,1.0000000000000044,secondary_medium
143022,233,Pending Home Sales m/m,USD,2025-03-27 14:00:00+00:00,medium,2.0,-4.6,1.1,True,0.5,True,1.1,True,2.225,0.49438202247191015,0.2247191011235955,0.49438202247191015,secondary_medium
144413,175,Tokyo Core CPI y/y,JPY,2025-03-27 23:30:00+00:00,medium,2.4,2.2,0.19999999999999973,True,0.19999999999999973,True,0.19999999999999973,True,0.10000000000000009,1.9999999999999956,1.9999999999999956,1.9999999999999956,secondary_medium
140871,592,Spanish Flash CPI y/y,EUR,2025-03-28 08:00:00+00:00,medium,2.3,3.0,0.30000000000000027,True,0.40000000000000036,True,0.30000000000000027,True,0.20000000000000018,1.5,2.0,1.5,secondary_medium
141284,54,Revised UoM Consumer Sentiment,USD,2025-03-28 14:00:00+00:00,medium,57.0,57.9,0.8999999999999986,True,0.8999999999999986,True,0.8999999999999986,True,0.8000000000000007,1.1249999999999973,1.1249999999999973,1.1249999999999973,secondary_medium
144754,110,Retail Sales m/m,AUD,2025-04-01 00:30:00+00:00,medium,0.2,0.3,0.09999999999999998,True,0.09999999999999998,True,0.09999999999999998,True,0.19999999999999998,0.49999999999999994,0.49999999999999994,0.49999999999999994,secondary_medium
145367,593,Core CPI Flash Estimate y/y,EUR,2025-04-01 09:00:00+00:00,medium,2.4,2.6,0.10000000000000009,True,0.10000000000000009,True,0.10000000000000009,True,0.10000000000000009,1.0,1.0,1.0,secondary_medium
145368,168,CPI Flash Estimate y/y,EUR,2025-04-01 09:00:00+00:00,medium,2.2,2.4,0.0,True,0.0,True,0.0,True,0.19999999999999973,0.0,0.0,0.0,secondary_medium
141648,553,Final Manufacturing PMI,USD,2025-04-01 13:45:00+00:00,medium,50.2,49.8,0.4000000000000057,True,,False,0.4000000000000057,True,1.0000000000000036,0.40000000000000424,,0.40000000000000424,secondary_medium
141149,255,ISM Manufacturing Prices,USD,2025-04-01 14:00:00+00:00,medium,69.4,62.4,4.800000000000011,True,4.400000000000006,True,4.800000000000011,True,3.2000000000000064,1.5000000000000004,1.3749999999999991,1.5000000000000004,secondary_medium
141660,584,Final Services PMI,USD,2025-04-03 13:45:00+00:00,medium,54.4,54.3,0.29999999999999716,True,,False,0.10000000000000142,True,0.29999999999999716,1.0,,0.33333333333334125,secondary_medium
143409,251,Construction PMI,GBP,2025-04-04 08:30:00+00:00,medium,46.4,44.6,0.10000000000000142,True,,False,0.10000000000000142,True,1.0,0.10000000000000142,,0.10000000000000142,secondary_medium
144935,254,Ivey PMI,CAD,2025-04-08 14:00:00+00:00,medium,51.3,55.3,1.9000000000000057,True,1.9000000000000057,True,1.9000000000000057,True,2.9499999999999993,0.6440677966101716,0.6440677966101716,0.6440677966101716,secondary_medium
143801,180,Average Earnings Index 3m/y,GBP,2025-04-15 06:00:00+00:00,medium,5.6,5.8,0.10000000000000053,True,0.10000000000000053,True,0.10000000000000053,True,0.12500000000000044,0.8000000000000014,0.8000000000000014,0.8000000000000014,secondary_medium
142827,313,German ZEW Economic Sentiment,EUR,2025-04-15 09:00:00+00:00,medium,-14.0,51.6,24.6,True,23.3,True,24.6,True,5.6,4.392857142857143,4.1607142857142865,4.392857142857143,secondary_medium
145144,664,Common CPI y/y,CAD,2025-04-15 12:30:00+00:00,medium,2.3,2.5,0.20000000000000018,True,0.30000000000000027,True,0.20000000000000018,True,0.10000000000000009,2.0,3.0,2.0,secondary_medium
141174,207,Empire State Manufacturing Index,USD,2025-04-15 12:30:00+00:00,medium,-8.1,-20.0,4.700000000000001,True,6.4,True,4.700000000000001,True,12.5,0.3760000000000001,0.512,0.3760000000000001,secondary_medium
141198,325,Philly Fed Manufacturing Index,USD,2025-04-17 12:30:00+00:00,medium,-26.4,12.5,28.599999999999998,True,28.4,True,28.599999999999998,True,13.075,2.1873804971319313,2.1720841300191203,2.1873804971319313,secondary_medium
141186,186,Richmond Manufacturing Index,USD,2025-04-22 13:59:00+00:00,medium,-13.0,-4.0,7.0,True,7.0,True,7.0,True,5.75,1.2173913043478262,1.2173913043478262,1.2173913043478262,secondary_medium
142175,263,Flash Manufacturing PMI,EUR,2025-04-23 08:00:00+00:00,medium,48.7,48.7,1.3000000000000043,True,,False,1.3000000000000043,True,0.5,2.6000000000000085,,2.6000000000000085,secondary_medium
142176,244,Flash Services PMI,EUR,2025-04-23 08:00:00+00:00,medium,49.7,50.4,0.6999999999999957,True,,False,0.6999999999999957,True,0.7999999999999972,0.8749999999999978,,0.8749999999999978,secondary_medium
141125,231,New Home Sales,USD,2025-04-23 14:00:00+00:00,medium,724000.0,676000.0,40000.0,True,44000.0,True,40000.0,True,22500.0,1.7777777777777777,1.9555555555555555,1.7777777777777777,secondary_medium
142263,316,German ifo Business Climate,EUR,2025-04-24 08:00:00+00:00,medium,86.9,86.7,1.8000000000000114,True,1.7000000000000028,True,,False,0.42500000000000426,4.235294117647043,3.9999999999999667,,secondary_medium
142386,350,Core Durable Goods Orders m/m,USD,2025-04-24 12:30:00+00:00,medium,0.0,0.7,0.3,True,0.2,True,,False,0.30000000000000004,0.9999999999999998,0.6666666666666666,,secondary_medium
142372,349,Durable Goods Orders m/m,USD,2025-04-24 12:30:00+00:00,medium,9.2,0.9,7.1,True,7.199999999999999,True,,False,1.0999999999999999,6.454545454545455,6.545454545454546,,secondary_medium
143011,232,Existing Home Sales,USD,2025-04-24 14:00:00+00:00,medium,4019999.9999999995,4260000.0,120000.0,True,110000.00000000047,True,,False,49999.999999999534,2.4000000000000226,2.20000000000003,,secondary_medium
144426,175,Tokyo Core CPI y/y,JPY,2025-04-24 23:30:00+00:00,medium,3.4,2.4,0.19999999999999973,True,0.19999999999999973,True,,False,0.10000000000000009,1.9999999999999956,1.9999999999999956,,secondary_medium
141286,54,Revised UoM Consumer Sentiment,USD,2025-04-25 14:00:00+00:00,medium,52.2,50.8,1.6000000000000014,True,1.4000000000000057,True,1.4000000000000057,True,0.8000000000000007,2.0,1.7500000000000056,1.7500000000000056,secondary_medium
140872,592,Spanish Flash CPI y/y,EUR,2025-04-29 07:00:00+00:00,medium,2.2,2.3,0.20000000000000018,True,0.20000000000000018,True,,False,0.20000000000000018,1.0,1.0,,secondary_medium
141543,240,S&P/CS Composite-20 HPI y/y,USD,2025-04-29 13:00:00+00:00,medium,4.5,4.7,0.09999999999999964,True,0.2999999999999998,True,,False,0.1499999999999999,0.6666666666666647,2.0,,secondary_medium
141246,208,CB Consumer Confidence,USD,2025-04-29 14:00:00+00:00,medium,86.0,92.9,1.7000000000000028,True,,False,,False,3.200000000000003,0.5312500000000004,,,secondary_medium
142546,3,Advance GDP Price Index q/q,USD,2025-04-30 12:30:00+00:00,medium,3.7,2.2,0.6000000000000001,True,,True,0.6000000000000001,True,0.30000000000000004,2.0,,2.0,secondary_medium
143023,233,Pending Home Sales m/m,USD,2025-04-30 14:00:00+00:00,medium,6.1,2.0,5.199999999999999,True,6.3999999999999995,True,5.199999999999999,True,2.225,2.3370786516853927,2.876404494382022,2.3370786516853927,secondary_medium
141150,255,ISM Manufacturing Prices,USD,2025-05-01 14:00:00+00:00,medium,69.8,69.4,3.1000000000000085,True,0.5,True,3.1000000000000085,True,3.2000000000000064,0.9687500000000008,0.1562499999999997,0.9687500000000008,secondary_medium
144755,110,Retail Sales m/m,AUD,2025-05-02 01:30:00+00:00,medium,0.3,0.2,0.10000000000000003,True,0.10000000000000003,True,0.10000000000000003,True,0.19999999999999998,0.5000000000000002,0.5000000000000002,0.5000000000000002,secondary_medium
145376,593,Core CPI Flash Estimate y/y,EUR,2025-05-02 09:00:00+00:00,medium,2.7,2.4,0.20000000000000018,True,0.20000000000000018,True,0.20000000000000018,True,0.10000000000000009,2.0,2.0,2.0,secondary_medium
145377,168,CPI Flash Estimate y/y,EUR,2025-05-02 09:00:00+00:00,medium,2.2,2.2,0.10000000000000009,True,0.10000000000000009,True,0.10000000000000009,True,0.19999999999999973,0.5000000000000011,0.5000000000000011,0.5000000000000011,secondary_medium
144936,254,Ivey PMI,CAD,2025-05-06 14:00:00+00:00,medium,47.9,51.3,3.3000000000000043,True,3.3000000000000043,True,3.3000000000000043,True,2.9499999999999993,1.1186440677966119,1.1186440677966119,1.1186440677966119,secondary_medium
143410,251,Construction PMI,GBP,2025-05-07 08:30:00+00:00,medium,46.6,46.4,0.6000000000000014,True,,False,0.6000000000000014,True,1.0,0.6000000000000014,,0.6000000000000014,secondary_medium
143799,180,Average Earnings Index 3m/y,GBP,2025-05-13 06:00:00+00:00,medium,5.5,5.6,0.2999999999999998,True,0.2999999999999998,True,0.2999999999999998,True,0.12500000000000044,2.39999999999999,2.39999999999999,2.39999999999999,secondary_medium
142825,313,German ZEW Economic Sentiment,EUR,2025-05-13 09:00:00+00:00,medium,25.2,-14.0,14.5,True,13.299999999999999,True,14.5,True,5.6,2.5892857142857144,2.375,2.5892857142857144,secondary_medium
143775,33,Prelim GDP q/q,GBP,2025-05-15 06:00:00+00:00,medium,0.7,0.1,0.09999999999999998,True,0.09999999999999998,True,0.09999999999999998,True,0.1,0.9999999999999998,0.9999999999999998,0.9999999999999998,secondary_medium
141175,207,Empire State Manufacturing Index,USD,2025-05-15 12:30:00+00:00,medium,-9.2,-8.1,1.0,True,0.8000000000000007,True,1.0,True,12.5,0.08,0.06400000000000006,0.08,secondary_medium
141199,325,Philly Fed Manufacturing Index,USD,2025-05-15 12:30:00+00:00,medium,-4.0,-26.4,7.300000000000001,True,7.0,True,7.300000000000001,True,13.075,0.5583173996175909,0.5353728489483748,0.5583173996175909,secondary_medium
144790,309,Inflation Expectations q/q,NZD,2025-05-16 03:00:00+00:00,medium,2.29,2.06,,True,,True,,True,0.10000000000000009,,,,secondary_medium
145148,664,Common CPI y/y,CAD,2025-05-20 12:30:00+00:00,medium,2.5,2.3,0.20000000000000018,True,,True,,False,0.10000000000000009,2.0,,,secondary_medium
142181,263,Flash Manufacturing PMI,EUR,2025-05-22 08:00:00+00:00,medium,49.4,48.7,0.19999999999999574,True,,False,1.2000000000000028,True,0.5,0.3999999999999915,,2.4000000000000057,secondary_medium
142182,244,Flash Services PMI,EUR,2025-05-22 08:00:00+00:00,medium,48.9,49.7,1.5,True,,False,1.5,True,0.7999999999999972,1.8750000000000067,,1.8750000000000067,secondary_medium
142262,316,German ifo Business Climate,EUR,2025-05-22 08:00:00+00:00,medium,87.5,86.9,0.09999999999999432,True,0.09999999999999432,True,0.09999999999999432,True,0.42500000000000426,0.23529411764704308,0.23529411764704308,0.23529411764704308,secondary_medium
143012,232,Existing Home Sales,USD,2025-05-22 14:00:00+00:00,medium,4000000.0,4019999.9999999995,150000.00000000047,True,99999.99999999953,True,150000.00000000047,True,49999.999999999534,3.0000000000000373,2.0000000000000093,3.0000000000000373,secondary_medium
144816,510,Retail Sales q/q,NZD,2025-05-22 22:45:00+00:00,medium,0.8,0.9,0.8,True,0.7000000000000001,True,0.8,True,0.375,2.1333333333333333,1.866666666666667,2.1333333333333333,secondary_medium
141126,231,New Home Sales,USD,2025-05-23 14:00:00+00:00,medium,743000.0,724000.0,49000.0,True,51000.0,True,,False,22500.0,2.1777777777777776,2.2666666666666666,,secondary_medium
142385,350,Core Durable Goods Orders m/m,USD,2025-05-27 12:30:00+00:00,medium,0.2,0.0,0.30000000000000004,True,0.30000000000000004,True,0.30000000000000004,True,0.30000000000000004,1.0,1.0,1.0,secondary_medium
142373,349,Durable Goods Orders m/m,USD,2025-05-27 12:30:00+00:00,medium,-6.3,9.2,1.2999999999999998,True,1.6000000000000005,True,1.2999999999999998,True,1.0999999999999999,1.1818181818181819,1.4545454545454553,1.1818181818181819,secondary_medium
141247,208,CB Consumer Confidence,USD,2025-05-27 14:00:00+00:00,medium,98.0,86.0,10.900000000000006,True,,False,10.900000000000006,True,3.200000000000003,3.4062499999999987,,3.4062499999999987,secondary_medium
141187,186,Richmond Manufacturing Index,USD,2025-05-28 13:59:00+00:00,medium,-9.0,-13.0,0.0,True,0.0,True,0.0,True,5.75,0.0,0.0,0.0,secondary_medium
142562,45,Prelim GDP Price Index q/q,USD,2025-05-29 12:30:00+00:00,medium,3.7,3.7,0.0,True,0.0,True,0.0,True,0.12499999999999989,0.0,0.0,0.0,secondary_medium
143024,233,Pending Home Sales m/m,USD,2025-05-29 14:00:00+00:00,medium,-6.3,6.1,5.3999999999999995,True,5.3,True,5.3999999999999995,True,2.225,2.426966292134831,2.3820224719101124,2.426966292134831,secondary_medium
144427,175,Tokyo Core CPI y/y,JPY,2025-05-29 23:30:00+00:00,medium,3.6,3.4,0.10000000000000009,True,0.10000000000000009,True,0.10000000000000009,True,0.10000000000000009,1.0,1.0,1.0,secondary_medium
144756,110,Retail Sales m/m,AUD,2025-05-30 01:30:00+00:00,medium,-0.1,0.3,0.4,True,0.4,True,0.4,True,0.19999999999999998,2.0000000000000004,2.0000000000000004,2.0000000000000004,secondary_medium
140873,592,Spanish Flash CPI y/y,EUR,2025-05-30 07:00:00+00:00,medium,1.9,2.2,0.20000000000000018,True,0.20000000000000018,True,,False,0.20000000000000018,1.0,1.0,,secondary_medium
141288,54,Revised UoM Consumer Sentiment,USD,2025-05-30 14:00:00+00:00,medium,52.2,50.8,1.1000000000000014,True,1.2000000000000028,True,,False,0.8000000000000007,1.3750000000000004,1.5000000000000022,,secondary_medium
140826,32,GDP q/q,CHF,2025-06-02 07:00:00+00:00,medium,0.5,0.2,0.09999999999999998,True,0.09999999999999998,True,0.09999999999999998,True,0.29999999999999993,0.3333333333333333,0.3333333333333333,0.3333333333333333,secondary_medium
141151,255,ISM Manufacturing Prices,USD,2025-06-02 14:00:00+00:00,medium,69.4,69.8,0.7999999999999972,True,0.7999999999999972,True,0.7999999999999972,True,3.2000000000000064,0.2499999999999986,0.2499999999999986,0.2499999999999986,secondary_medium
145387,593,Core CPI Flash Estimate y/y,EUR,2025-06-03 09:00:00+00:00,medium,2.3,2.7,0.10000000000000009,True,0.20000000000000018,True,0.10000000000000009,True,0.10000000000000009,1.0,2.0,1.0,secondary_medium
145388,168,CPI Flash Estimate y/y,EUR,2025-06-03 09:00:00+00:00,medium,1.9,2.2,0.10000000000000009,True,0.10000000000000009,True,0.10000000000000009,True,0.19999999999999973,0.5000000000000011,0.5000000000000011,0.5000000000000011,secondary_medium
143411,251,Construction PMI,GBP,2025-06-05 08:30:00+00:00,medium,47.9,46.6,0.5,True,,False,0.5,True,1.0,0.5,,0.5,secondary_medium
144937,254,Ivey PMI,CAD,2025-06-05 14:00:00+00:00,medium,48.9,47.9,0.6000000000000014,True,0.6000000000000014,True,0.6000000000000014,True,2.9499999999999993,0.20338983050847512,0.20338983050847512,0.20338983050847512,secondary_medium
143789,180,Average Earnings Index 3m/y,GBP,2025-06-10 06:00:00+00:00,medium,5.3,5.5,0.20000000000000018,True,0.20000000000000018,True,,False,0.12500000000000044,1.5999999999999956,1.5999999999999956,,secondary_medium
143790,68,Claimant Count Change,GBP,2025-06-10 06:00:00+00:00,medium,33100.0,5200.0,23600.0,True,23600.0,True,,False,23600.0,1.0,1.0,,secondary_medium
141176,207,Empire State Manufacturing Index,USD,2025-06-16 12:30:00+00:00,medium,-16.0,-9.2,10.1,True,10.5,True,10.1,True,12.5,0.8079999999999999,0.84,0.8079999999999999,secondary_medium
142823,313,German ZEW Economic Sentiment,EUR,2025-06-17 09:00:00+00:00,medium,47.5,25.2,12.700000000000003,True,12.5,True,12.700000000000003,True,5.6,2.2678571428571437,2.232142857142857,2.2678571428571437,secondary_medium
145049,103,Core Retail Sales m/m,CAD,2025-06-20 12:30:00+00:00,medium,-0.3,-0.7,0.09999999999999998,True,0.5,True,0.09999999999999998,True,0.4999999999999999,0.2,1.0000000000000002,0.2,secondary_medium
145037,104,Retail Sales m/m,CAD,2025-06-20 12:30:00+00:00,medium,0.3,0.8,0.10000000000000003,True,0.10000000000000003,True,0.10000000000000003,True,0.10000000000000009,0.9999999999999994,0.9999999999999994,0.9999999999999994,secondary_medium
141200,325,Philly Fed Manufacturing Index,USD,2025-06-20 12:30:00+00:00,medium,-4.0,-4.0,2.3,True,3.0,True,2.3,True,13.075,0.17590822179732313,0.22944550669216063,0.17590822179732313,secondary_medium
142187,263,Flash Manufacturing PMI,EUR,2025-06-23 08:00:00+00:00,medium,49.4,49.4,0.20000000000000284,True,,False,0.20000000000000284,True,0.5,0.4000000000000057,,0.4000000000000057,secondary_medium
142188,244,Flash Services PMI,EUR,2025-06-23 08:00:00+00:00,medium,50.0,48.9,0.0,True,,False,0.0,True,0.7999999999999972,0.0,,0.0,secondary_medium
143013,232,Existing Home Sales,USD,2025-06-23 14:00:00+00:00,medium,4030000.0000000005,4000000.0,70000.00000000047,True,70000.00000000047,True,70000.00000000047,True,49999.999999999534,1.4000000000000223,1.4000000000000223,1.4000000000000223,secondary_medium
142261,316,German ifo Business Climate,EUR,2025-06-24 08:00:00+00:00,medium,88.4,87.5,0.30000000000001137,True,0.10000000000000853,True,0.30000000000001137,True,0.42500000000000426,0.7058823529411962,0.23529411764707653,0.7058823529411962,secondary_medium
145152,664,Common CPI y/y,CAD,2025-06-24 12:30:00+00:00,medium,2.6,2.5,0.20000000000000018,True,,False,0.20000000000000018,True,0.10000000000000009,2.0,,2.0,secondary_medium
141188,186,Richmond Manufacturing Index,USD,2025-06-24 13:59:00+00:00,medium,-7.0,-9.0,3.0,True,0.0,True,3.0,True,5.75,0.5217391304347826,0.0,0.5217391304347826,secondary_medium
141248,208,CB Consumer Confidence,USD,2025-06-24 14:00:00+00:00,medium,93.0,98.0,6.400000000000006,True,,False,6.400000000000006,True,3.200000000000003,2.0,,2.0,secondary_medium
141127,231,New Home Sales,USD,2025-06-25 14:00:00+00:00,medium,623000.0,743000.0,71000.0,True,67000.0,True,71000.0,True,22500.0,3.1555555555555554,2.977777777777778,3.1555555555555554,secondary_medium
142384,350,Core Durable Goods Orders m/m,USD,2025-06-26 12:30:00+00:00,medium,0.5,0.2,0.4,True,0.5,True,0.4,True,0.30000000000000004,1.3333333333333333,1.6666666666666665,1.3333333333333333,secondary_medium
142374,349,Durable Goods Orders m/m,USD,2025-06-26 12:30:00+00:00,medium,16.4,-6.3,7.799999999999999,True,7.899999999999999,True,7.799999999999999,True,1.0999999999999999,7.090909090909091,7.181818181818182,7.090909090909091,secondary_medium
142554,46,Final GDP Price Index q/q,USD,2025-06-26 12:30:00+00:00,medium,3.8,3.7,0.09999999999999964,True,0.09999999999999964,True,0.09999999999999964,True,0.09999999999999964,1.0,1.0,1.0,secondary_medium
143025,233,Pending Home Sales m/m,USD,2025-06-26 14:00:00+00:00,medium,1.8,-6.3,1.6,True,2.1,True,1.6,True,2.225,0.7191011235955056,0.9438202247191011,0.7191011235955056,secondary_medium
144428,175,Tokyo Core CPI y/y,JPY,2025-06-26 23:30:00+00:00,medium,3.1,3.6,0.19999999999999973,True,,True,0.19999999999999973,True,0.10000000000000009,1.9999999999999956,,1.9999999999999956,secondary_medium
140874,592,Spanish Flash CPI y/y,EUR,2025-06-27 07:00:00+00:00,medium,2.2,1.9,0.20000000000000018,True,0.20000000000000018,True,0.20000000000000018,True,0.20000000000000018,1.0,1.0,1.0,secondary_medium
141289,54,Revised UoM Consumer Sentiment,USD,2025-06-27 14:00:00+00:00,medium,60.7,60.5,0.30000000000000426,True,0.20000000000000284,True,0.20000000000000284,True,0.8000000000000007,0.375000000000005,0.25000000000000333,0.25000000000000333,secondary_medium
142889,169,German Prelim CPI m/m,EUR,2025-06-30 06:29:00+00:00,medium,0.0,0.1,0.2,True,,False,,False,0.1,2.0,,,secondary_medium
145396,593,Core CPI Flash Estimate y/y,EUR,2025-07-01 09:00:00+00:00,medium,2.3,2.3,0.0,True,0.0,True,0.0,True,0.10000000000000009,0.0,0.0,0.0,secondary_medium
145397,168,CPI Flash Estimate y/y,EUR,2025-07-01 09:00:00+00:00,medium,2.0,1.9,0.0,True,0.0,True,0.0,True,0.19999999999999973,0.0,0.0,0.0,secondary_medium
141152,255,ISM Manufacturing Prices,USD,2025-07-01 14:00:00+00:00,medium,69.7,69.4,0.10000000000000853,True,0.7000000000000028,True,0.10000000000000853,True,3.2000000000000064,0.0312500000000026,0.21875000000000044,0.0312500000000026,secondary_medium
144757,110,Retail Sales m/m,AUD,2025-07-02 01:30:00+00:00,medium,0.2,-0.1,0.09999999999999998,True,0.2,True,0.09999999999999998,True,0.19999999999999998,0.49999999999999994,1.0000000000000002,0.49999999999999994,secondary_medium
141456,11,Unemployment Claims,USD,2025-07-03 12:30:00+00:00,medium,233000.0,236000.0,7000.0,True,7000.0,True,7000.0,True,5000.0,1.4,1.4,1.4,secondary_medium
144938,254,Ivey PMI,CAD,2025-07-08 14:00:00+00:00,medium,53.3,48.9,4.199999999999996,True,4.199999999999996,True,4.199999999999996,True,2.9499999999999993,1.423728813559321,1.423728813559321,1.423728813559321,secondary_medium
142821,313,German ZEW Economic Sentiment,EUR,2025-07-15 09:00:00+00:00,medium,52.7,47.5,1.9000000000000057,True,2.700000000000003,True,1.9000000000000057,True,5.6,0.3392857142857153,0.4821428571428577,0.3392857142857153,secondary_medium
145156,664,Common CPI y/y,CAD,2025-07-15 12:30:00+00:00,medium,2.6,2.6,0.10000000000000009,True,,False,0.10000000000000009,True,0.10000000000000009,1.0,,1.0,secondary_medium
141177,207,Empire State Manufacturing Index,USD,2025-07-15 12:30:00+00:00,medium,5.5,-16.0,13.8,True,14.5,True,13.8,True,12.5,1.104,1.16,1.104,secondary_medium
143792,180,Average Earnings Index 3m/y,GBP,2025-07-17 06:00:00+00:00,medium,5.0,5.3,0.0,True,0.09999999999999964,True,0.0,True,0.12500000000000044,0.0,0.7999999999999943,0.0,secondary_medium
143793,68,Claimant Count Change,GBP,2025-07-17 06:00:00+00:00,medium,25900.0,33100.0,8000.0,True,8000.0,True,8000.0,True,23600.0,0.3389830508474576,0.3389830508474576,0.3389830508474576,secondary_medium
141201,325,Philly Fed Manufacturing Index,USD,2025-07-17 12:30:00+00:00,medium,15.9,-4.0,17.1,True,16.9,True,17.1,True,13.075,1.3078393881453156,1.2925430210325048,1.3078393881453156,secondary_medium
141268,53,Prelim UoM Consumer Sentiment,USD,2025-07-18 14:00:00+00:00,medium,61.8,60.5,0.3999999999999986,True,0.29999999999999716,True,0.3999999999999986,True,2.400000000000002,0.16666666666666594,0.12499999999999871,0.16666666666666594,secondary_medium
141267,236,Prelim UoM Inflation Expectations,USD,2025-07-18 14:00:00+00:00,medium,4.4,5.1,,True,,True,0.5999999999999996,True,0.20000000000000018,,,2.9999999999999956,secondary_medium
141189,186,Richmond Manufacturing Index,USD,2025-07-22 13:59:00+00:00,medium,-20.0,-7.0,18.0,True,17.0,True,,False,5.75,3.130434782608696,2.9565217391304346,,secondary_medium
143014,232,Existing Home Sales,USD,2025-07-23 14:00:00+00:00,medium,3930000.0,4030000.0000000005,70000.0,True,80000.0,True,70000.0,True,49999.999999999534,1.400000000000013,1.600000000000015,1.400000000000013,secondary_medium
142196,263,Flash Manufacturing PMI,EUR,2025-07-24 08:00:00+00:00,medium,49.8,49.4,0.09999999999999432,True,,False,,False,0.5,0.19999999999998863,,,secondary_medium
142195,244,Flash Services PMI,EUR,2025-07-24 08:00:00+00:00,medium,51.2,50.0,0.6000000000000014,True,,False,,False,0.7999999999999972,0.7500000000000044,,,secondary_medium
145050,103,Core Retail Sales m/m,CAD,2025-07-24 12:30:00+00:00,medium,-0.2,-0.3,0.0,True,0.09999999999999998,True,,False,0.4999999999999999,0.0,0.2,,secondary_medium
145038,104,Retail Sales m/m,CAD,2025-07-24 12:30:00+00:00,medium,-1.1,0.3,0.20000000000000007,True,0.0,True,,False,0.10000000000000009,1.999999999999999,0.0,,secondary_medium
141128,231,New Home Sales,USD,2025-07-24 14:00:00+00:00,medium,627000.0,623000.0,22000.0,True,23000.0,True,,False,22500.0,0.9777777777777777,1.0222222222222221,,secondary_medium
144429,175,Tokyo Core CPI y/y,JPY,2025-07-24 23:30:00+00:00,medium,2.9,3.1,0.10000000000000009,True,0.10000000000000009,True,,False,0.10000000000000009,1.0,1.0,,secondary_medium
143670,105,Retail Sales m/m,GBP,2025-07-25 06:00:00+00:00,medium,0.9,-2.7,0.29999999999999993,True,0.29999999999999993,True,0.29999999999999993,True,0.7,0.4285714285714285,0.4285714285714285,0.4285714285714285,secondary_medium
142259,316,German ifo Business Climate,EUR,2025-07-25 08:00:00+00:00,medium,88.6,88.4,0.5,True,0.4000000000000057,True,0.4000000000000057,True,0.42500000000000426,1.1764705882352824,0.9411764705882393,0.9411764705882393,secondary_medium
142387,350,Core Durable Goods Orders m/m,USD,2025-07-25 12:30:00+00:00,medium,0.2,0.5,0.1,True,0.1,True,0.1,True,0.30000000000000004,0.3333333333333333,0.3333333333333333,0.3333333333333333,secondary_medium
142375,349,Durable Goods Orders m/m,USD,2025-07-25 12:30:00+00:00,medium,-9.3,16.4,1.0999999999999996,True,1.5,True,1.0999999999999996,True,1.0999999999999999,0.9999999999999998,1.3636363636363638,0.9999999999999998,secondary_medium
141249,208,CB Consumer Confidence,USD,2025-07-29 14:00:00+00:00,medium,97.2,93.0,1.2999999999999972,True,,False,,False,3.200000000000003,0.4062499999999988,,,secondary_medium
140875,592,Spanish Flash CPI y/y,EUR,2025-07-30 07:00:00+00:00,medium,2.7,2.2,0.40000000000000036,True,,True,,False,0.20000000000000018,2.0,,,secondary_medium
142547,3,Advance GDP Price Index q/q,USD,2025-07-30 12:30:00+00:00,medium,2.0,3.7,0.20000000000000018,True,0.3999999999999999,True,,False,0.30000000000000004,0.6666666666666672,1.3333333333333328,,secondary_medium
143026,233,Pending Home Sales m/m,USD,2025-07-30 14:00:00+00:00,medium,-0.8,1.8,1.0,True,0.8,True,,False,2.225,0.449438202247191,0.3595505617977528,,secondary_medium
144758,110,Retail Sales m/m,AUD,2025-07-31 01:30:00+00:00,medium,1.2,0.2,0.7999999999999999,True,0.7999999999999999,True,,False,0.19999999999999998,4.0,4.0,,secondary_medium
142890,169,German Prelim CPI m/m,EUR,2025-07-31 06:29:00+00:00,medium,0.3,0.0,0.09999999999999998,True,,False,,False,0.1,0.9999999999999998,,,secondary_medium
145406,593,Core CPI Flash Estimate y/y,EUR,2025-08-01 09:00:00+00:00,medium,2.3,2.3,0.0,True,0.09999999999999964,True,0.0,True,0.10000000000000009,0.0,0.9999999999999956,0.0,secondary_medium
145407,168,CPI Flash Estimate y/y,EUR,2025-08-01 09:00:00+00:00,medium,2.0,2.0,0.10000000000000009,True,0.10000000000000009,True,0.10000000000000009,True,0.19999999999999973,0.5000000000000011,0.5000000000000011,0.5000000000000011,secondary_medium
141153,255,ISM Manufacturing Prices,USD,2025-08-01 14:00:00+00:00,medium,64.8,69.7,5.1000000000000085,True,5.200000000000003,True,5.1000000000000085,True,3.2000000000000064,1.5937499999999996,1.6249999999999976,1.5937499999999996,secondary_medium
141292,54,Revised UoM Consumer Sentiment,USD,2025-08-01 14:00:00+00:00,medium,61.7,61.8,0.29999999999999716,True,0.29999999999999716,True,0.09999999999999432,True,0.8000000000000007,0.3749999999999961,0.3749999999999961,0.12499999999999278,secondary_medium
144791,309,Inflation Expectations q/q,NZD,2025-08-07 03:00:00+00:00,medium,2.28,2.29,,True,,True,,False,0.10000000000000009,,,,secondary_medium
144939,254,Ivey PMI,CAD,2025-08-07 14:00:00+00:00,medium,55.8,53.3,0.5999999999999943,True,0.5999999999999943,True,0.5999999999999943,True,2.9499999999999993,0.2033898305084727,0.2033898305084727,0.2033898305084727,secondary_medium
143802,180,Average Earnings Index 3m/y,GBP,2025-08-12 06:00:00+00:00,medium,4.6,5.0,0.10000000000000053,True,0.10000000000000053,True,0.10000000000000053,True,0.12500000000000044,0.8000000000000014,0.8000000000000014,0.8000000000000014,secondary_medium
143804,68,Claimant Count Change,GBP,2025-08-12 06:00:00+00:00,medium,-6200.0,25900.0,25900.0,True,27000.0,True,25900.0,True,23600.0,1.097457627118644,1.1440677966101696,1.097457627118644,secondary_medium
142819,313,German ZEW Economic Sentiment,EUR,2025-08-12 09:00:00+00:00,medium,34.7,52.7,4.799999999999997,True,5.299999999999997,True,4.799999999999997,True,5.6,0.8571428571428567,0.946428571428571,0.8571428571428567,secondary_medium
143777,33,Prelim GDP q/q,GBP,2025-08-14 06:00:00+00:00,medium,0.3,0.7,0.19999999999999998,True,0.19999999999999998,True,0.19999999999999998,True,0.1,1.9999999999999998,1.9999999999999998,1.9999999999999998,secondary_medium
141178,207,Empire State Manufacturing Index,USD,2025-08-15 12:30:00+00:00,medium,11.9,5.5,13.1,True,11.9,True,13.1,True,12.5,1.048,0.9520000000000001,1.048,secondary_medium
145160,664,Common CPI y/y,CAD,2025-08-19 12:30:00+00:00,medium,2.6,2.6,0.10000000000000009,True,,True,,False,0.10000000000000009,1.0,,,secondary_medium
141060,268,French Flash Manufacturing PMI,EUR,2025-08-21 07:15:00+00:00,medium,49.9,48.4,1.6999999999999957,True,,False,1.6999999999999957,True,1.1000000000000014,1.5454545454545396,,1.5454545454545396,secondary_medium
141061,269,French Flash Services PMI,EUR,2025-08-21 07:15:00+00:00,medium,49.7,49.7,1.2000000000000028,True,,False,1.2000000000000028,True,1.5500000000000007,0.7741935483870983,,0.7741935483870983,secondary_medium
142199,263,Flash Manufacturing PMI,EUR,2025-08-21 08:00:00+00:00,medium,50.5,49.8,1.0,True,,False,1.0,True,0.5,2.0,,2.0,secondary_medium
142200,244,Flash Services PMI,EUR,2025-08-21 08:00:00+00:00,medium,50.7,51.2,0.09999999999999432,True,,False,0.09999999999999432,True,0.7999999999999972,0.12499999999999334,,0.12499999999999334,secondary_medium
141202,325,Philly Fed Manufacturing Index,USD,2025-08-21 12:30:00+00:00,medium,-0.3,15.9,7.1,True,7.3,True,7.1,True,13.075,0.5430210325047801,0.5583173996175909,0.5430210325047801,secondary_medium
143015,232,Existing Home Sales,USD,2025-08-21 14:00:00+00:00,medium,4010000.0,3930000.0,90000.0,True,90000.0,True,90000.0,True,49999.999999999534,1.8000000000000167,1.8000000000000167,1.8000000000000167,secondary_medium
145051,103,Core Retail Sales m/m,CAD,2025-08-22 12:30:00+00:00,medium,1.9,-0.2,0.9999999999999999,True,0.7999999999999998,True,0.9999999999999999,True,0.4999999999999999,2.0000000000000004,1.6,2.0000000000000004,secondary_medium
145039,104,Retail Sales m/m,CAD,2025-08-22 12:30:00+00:00,medium,1.5,-1.1,0.19999999999999996,True,0.0,True,0.10000000000000009,True,0.10000000000000009,1.9999999999999978,0.0,1.0,secondary_medium
144817,510,Retail Sales q/q,NZD,2025-08-24 22:45:00+00:00,medium,0.5,0.8,0.4,True,0.3,True,,False,0.375,1.0666666666666667,0.7999999999999999,,secondary_medium
142260,316,German ifo Business Climate,EUR,2025-08-25 08:00:00+00:00,medium,89.0,88.6,0.29999999999999716,True,0.4000000000000057,True,0.29999999999999716,True,0.42500000000000426,0.7058823529411627,0.9411764705882393,0.7058823529411627,secondary_medium
141129,231,New Home Sales,USD,2025-08-25 14:00:00+00:00,medium,652000.0,627000.0,17000.0,True,22000.0,True,17000.0,True,22500.0,0.7555555555555555,0.9777777777777777,0.7555555555555555,secondary_medium
142388,350,Core Durable Goods Orders m/m,USD,2025-08-26 12:30:00+00:00,medium,1.1,0.2,0.9000000000000001,True,0.9000000000000001,True,0.9000000000000001,True,0.30000000000000004,3.0,3.0,3.0,secondary_medium
142376,349,Durable Goods Orders m/m,USD,2025-08-26 12:30:00+00:00,medium,-2.8,-9.3,1.0,True,1.2000000000000002,True,1.0,True,1.0999999999999999,0.9090909090909092,1.0909090909090913,0.9090909090909092,secondary_medium
141190,186,Richmond Manufacturing Index,USD,2025-08-26 13:59:00+00:00,medium,-7.0,-20.0,4.0,True,10.0,True,4.0,True,5.75,0.6956521739130435,1.7391304347826086,0.6956521739130435,secondary_medium
141250,208,CB Consumer Confidence,USD,2025-08-26 14:00:00+00:00,medium,97.4,97.2,1.0,True,,False,1.0,True,3.200000000000003,0.3124999999999997,,0.3124999999999997,secondary_medium
140827,32,GDP q/q,CHF,2025-08-28 07:00:00+00:00,medium,0.1,0.5,0.0,True,0.0,True,0.0,True,0.29999999999999993,0.0,0.0,0.0,secondary_medium
142563,45,Prelim GDP Price Index q/q,USD,2025-08-28 12:30:00+00:00,medium,2.0,2.0,0.0,True,0.0,True,0.0,True,0.12499999999999989,0.0,0.0,0.0,secondary_medium
143027,233,Pending Home Sales m/m,USD,2025-08-28 14:00:00+00:00,medium,-0.4,-0.8,0.0,True,0.30000000000000004,True,0.0,True,2.225,0.0,0.13483146067415733,0.0,secondary_medium
144430,175,Tokyo Core CPI y/y,JPY,2025-08-28 23:30:00+00:00,medium,2.5,2.9,0.0,True,0.0,True,0.0,True,0.10000000000000009,0.0,0.0,0.0,secondary_medium
142892,169,German Prelim CPI m/m,EUR,2025-08-29 06:29:00+00:00,medium,0.1,0.3,0.1,True,,False,,False,0.1,1.0,,,secondary_medium
140876,592,Spanish Flash CPI y/y,EUR,2025-08-29 07:00:00+00:00,medium,2.7,2.7,0.09999999999999964,True,0.09999999999999964,True,0.09999999999999964,True,0.20000000000000018,0.4999999999999978,0.4999999999999978,0.4999999999999978,secondary_medium
146327,54,Revised UoM Consumer Sentiment,USD,2025-08-29 14:00:00+00:00,medium,58.2,58.6,0.5,True,0.3999999999999986,True,0.3999999999999986,True,0.8000000000000007,0.6249999999999994,0.4999999999999978,0.4999999999999978,secondary_medium
145417,593,Core CPI Flash Estimate y/y,EUR,2025-09-02 09:00:00+00:00,medium,2.3,2.3,0.09999999999999964,True,0.09999999999999964,True,0.09999999999999964,True,0.10000000000000009,0.9999999999999956,0.9999999999999956,0.9999999999999956,secondary_medium
145418,168,CPI Flash Estimate y/y,EUR,2025-09-02 09:00:00+00:00,medium,2.1,2.0,0.0,True,0.10000000000000009,True,0.0,True,0.19999999999999973,0.0,0.5000000000000011,0.0,secondary_medium
141154,255,ISM Manufacturing Prices,USD,2025-09-02 14:00:00+00:00,medium,63.7,64.8,1.3999999999999915,True,1.5999999999999943,True,1.3999999999999915,True,3.2000000000000064,0.43749999999999645,0.4999999999999972,0.43749999999999645,secondary_medium
143671,105,Retail Sales m/m,GBP,2025-09-05 06:00:00+00:00,medium,0.6,0.9,0.3,True,0.39999999999999997,True,0.3,True,0.7,0.4285714285714286,0.5714285714285714,0.4285714285714286,secondary_medium
144940,254,Ivey PMI,CAD,2025-09-05 14:00:00+00:00,medium,50.1,55.8,3.0,True,,True,3.0,True,2.9499999999999993,1.016949152542373,,1.016949152542373,secondary_medium
141179,207,Empire State Manufacturing Index,USD,2025-09-15 12:30:00+00:00,medium,-8.7,11.9,13.0,True,13.7,True,13.0,True,12.5,1.04,1.0959999999999999,1.04,secondary_medium
143806,180,Average Earnings Index 3m/y,GBP,2025-09-16 06:00:00+00:00,medium,4.7,4.6,0.0,True,0.0,True,0.0,True,0.12500000000000044,0.0,0.0,0.0,secondary_medium
143807,68,Claimant Count Change,GBP,2025-09-16 06:00:00+00:00,medium,17400.0,-6200.0,2100.0,True,2900.0,True,2100.0,True,23600.0,0.08898305084745763,0.1228813559322034,0.08898305084745763,secondary_medium
142816,313,German ZEW Economic Sentiment,EUR,2025-09-16 09:00:00+00:00,medium,37.3,34.7,11.999999999999996,True,9.999999999999996,True,11.999999999999996,True,5.6,2.1428571428571423,1.7857142857142851,2.1428571428571423,secondary_medium
145164,664,Common CPI y/y,CAD,2025-09-16 12:30:00+00:00,medium,2.5,2.6,0.0,True,,False,0.0,True,0.10000000000000009,0.0,,0.0,secondary_medium
141203,325,Philly Fed Manufacturing Index,USD,2025-09-18 12:30:00+00:00,medium,23.2,-0.3,21.5,True,20.9,True,21.5,True,13.075,1.644359464627151,1.598470363288719,1.644359464627151,secondary_medium
143672,105,Retail Sales m/m,GBP,2025-09-19 06:00:00+00:00,medium,0.5,0.6,0.09999999999999998,True,0.09999999999999998,True,,False,0.7,0.14285714285714282,0.14285714285714282,,secondary_medium
145052,103,Core Retail Sales m/m,CAD,2025-09-19 12:30:00+00:00,medium,-1.2,1.9,0.7999999999999999,True,0.5,True,,False,0.4999999999999999,1.6000000000000003,1.0000000000000002,,secondary_medium
145040,104,Retail Sales m/m,CAD,2025-09-19 12:30:00+00:00,medium,-0.8,1.5,0.20000000000000007,True,0.0,True,,False,0.10000000000000009,1.999999999999999,0.0,,secondary_medium
142207,268,French Flash Manufacturing PMI,EUR,2025-09-23 07:15:00+00:00,medium,48.1,49.9,2.1000000000000014,True,,False,2.1000000000000014,True,1.1000000000000014,1.9090909090909078,,1.9090909090909078,secondary_medium
142208,269,French Flash Services PMI,EUR,2025-09-23 07:15:00+00:00,medium,48.9,49.7,0.8000000000000043,True,,False,0.8000000000000043,True,1.5500000000000007,0.516129032258067,,0.516129032258067,secondary_medium
142205,263,Flash Manufacturing PMI,EUR,2025-09-23 08:00:00+00:00,medium,49.5,50.5,1.2000000000000028,True,,False,1.2000000000000028,True,0.5,2.4000000000000057,,2.4000000000000057,secondary_medium
142206,244,Flash Services PMI,EUR,2025-09-23 08:00:00+00:00,medium,51.4,50.7,0.7999999999999972,True,,False,0.7999999999999972,True,0.7999999999999972,1.0,,1.0,secondary_medium
141191,186,Richmond Manufacturing Index,USD,2025-09-23 14:05:00+00:00,medium,-17.0,-7.0,12.0,True,12.0,True,12.0,True,5.75,2.0869565217391304,2.0869565217391304,2.0869565217391304,secondary_medium
142258,316,German ifo Business Climate,EUR,2025-09-24 08:00:00+00:00,medium,87.7,89.0,1.5999999999999943,True,1.5999999999999943,True,,False,0.42500000000000426,3.76470588235289,3.76470588235289,,secondary_medium
141130,231,New Home Sales,USD,2025-09-24 14:00:00+00:00,medium,800000.0,652000.0,150000.0,True,150000.0,True,,False,22500.0,6.666666666666667,6.666666666666667,,secondary_medium
142389,350,Core Durable Goods Orders m/m,USD,2025-09-25 12:30:00+00:00,medium,0.4,1.1,0.5,True,0.4,True,,False,0.30000000000000004,1.6666666666666665,1.3333333333333333,,secondary_medium
142377,349,Durable Goods Orders m/m,USD,2025-09-25 12:30:00+00:00,medium,2.9,-2.8,3.1999999999999997,True,3.4,True,,False,1.0999999999999999,2.909090909090909,3.0909090909090913,,secondary_medium
142555,46,Final GDP Price Index q/q,USD,2025-09-25 12:30:00+00:00,medium,2.1,2.0,0.10000000000000009,True,0.10000000000000009,True,,False,0.09999999999999964,1.0000000000000044,1.0000000000000044,,secondary_medium
143016,232,Existing Home Sales,USD,2025-09-25 14:00:00+00:00,medium,4000000.0,4010000.0,40000.0,True,40000.0,True,,False,49999.999999999534,0.8000000000000075,0.8000000000000075,,secondary_medium
144431,175,Tokyo Core CPI y/y,JPY,2025-09-25 23:30:00+00:00,medium,2.5,2.5,0.2999999999999998,True,,True,,False,0.10000000000000009,2.9999999999999956,,,secondary_medium
141294,54,Revised UoM Consumer Sentiment,USD,2025-09-26 14:00:00+00:00,medium,55.1,55.4,0.3999999999999986,True,0.29999999999999716,True,0.29999999999999716,True,0.8000000000000007,0.4999999999999978,0.3749999999999961,0.3749999999999961,secondary_medium
140877,592,Spanish Flash CPI y/y,EUR,2025-09-29 07:00:00+00:00,medium,2.9,2.7,0.20000000000000018,True,0.10000000000000009,True,0.20000000000000018,True,0.20000000000000018,1.0,0.5,1.0,secondary_medium
143028,233,Pending Home Sales m/m,USD,2025-09-29 14:00:00+00:00,medium,4.0,-0.4,3.8,True,3.7,True,3.8,True,2.225,1.7078651685393258,1.6629213483146068,1.7078651685393258,secondary_medium
142891,169,German Prelim CPI m/m,EUR,2025-09-30 06:29:00+00:00,medium,0.2,0.1,0.0,True,,False,,False,0.1,0.0,,,secondary_medium
141251,208,CB Consumer Confidence,USD,2025-09-30 14:00:00+00:00,medium,94.2,97.4,1.7999999999999972,True,,False,1.7999999999999972,True,3.200000000000003,0.5624999999999987,,0.5624999999999987,secondary_medium
145425,593,Core CPI Flash Estimate y/y,EUR,2025-10-01 09:00:00+00:00,medium,2.3,2.3,0.0,True,0.0,True,0.0,True,0.10000000000000009,0.0,0.0,0.0,secondary_medium
145426,168,CPI Flash Estimate y/y,EUR,2025-10-01 09:00:00+00:00,medium,2.2,2.1,0.0,True,0.0,True,0.0,True,0.19999999999999973,0.0,0.0,0.0,secondary_medium
141155,255,ISM Manufacturing Prices,USD,2025-10-01 14:00:00+00:00,medium,61.9,63.7,0.8000000000000043,True,1.3000000000000043,True,0.8000000000000043,True,3.2000000000000064,0.25000000000000083,0.4062500000000005,0.25000000000000083,secondary_medium
144941,254,Ivey PMI,CAD,2025-10-07 14:00:00+00:00,medium,59.8,50.1,8.599999999999994,True,8.599999999999994,True,8.599999999999994,True,2.9499999999999993,2.9152542372881345,2.9152542372881345,2.9152542372881345,secondary_medium
143808,180,Average Earnings Index 3m/y,GBP,2025-10-14 06:00:00+00:00,medium,5.0,4.7,0.2999999999999998,True,0.2999999999999998,True,0.2999999999999998,True,0.12500000000000044,2.39999999999999,2.39999999999999,2.39999999999999,secondary_medium
143810,68,Claimant Count Change,GBP,2025-10-14 06:00:00+00:00,medium,25800.0,17400.0,15500.0,True,,True,15500.0,True,23600.0,0.6567796610169492,,0.6567796610169492,secondary_medium
142815,313,German ZEW Economic Sentiment,EUR,2025-10-14 09:00:00+00:00,medium,39.3,37.3,1.9000000000000057,True,1.2000000000000028,True,1.9000000000000057,True,5.6,0.3392857142857153,0.2142857142857148,0.3392857142857153,secondary_medium
141180,207,Empire State Manufacturing Index,USD,2025-10-15 12:30:00+00:00,medium,10.7,-8.7,12.5,True,12.5,True,12.5,True,12.5,1.0,1.0,1.0,secondary_medium
141204,325,Philly Fed Manufacturing Index,USD,2025-10-16 12:30:00+00:00,medium,-12.8,23.2,21.4,True,22.8,True,21.4,True,13.075,1.6367112810707456,1.7437858508604207,1.6367112810707456,secondary_medium
145168,664,Common CPI y/y,CAD,2025-10-21 12:30:00+00:00,medium,2.7,2.5,0.10000000000000009,True,,False,0.10000000000000009,True,0.10000000000000009,1.0,,1.0,secondary_medium
145053,103,Core Retail Sales m/m,CAD,2025-10-23 12:30:00+00:00,medium,0.7,-1.2,0.6000000000000001,True,0.5,True,0.6000000000000001,True,0.4999999999999999,1.2000000000000004,1.0000000000000002,1.2000000000000004,secondary_medium
145041,104,Retail Sales m/m,CAD,2025-10-23 12:30:00+00:00,medium,1.0,-0.8,0.0,True,0.0,True,0.0,True,0.10000000000000009,0.0,0.0,0.0,secondary_medium
143017,232,Existing Home Sales,USD,2025-10-23 14:00:00+00:00,medium,4059999.9999999995,4000000.0,0.0,True,40000.0,True,0.0,True,49999.999999999534,0.0,0.8000000000000075,0.0,secondary_medium
143673,105,Retail Sales m/m,GBP,2025-10-24 06:00:00+00:00,medium,0.5,0.5,0.9,True,0.7,True,0.7,True,0.7,1.2857142857142858,1.0,1.0,secondary_medium
141062,268,French Flash Manufacturing PMI,EUR,2025-10-24 07:15:00+00:00,medium,48.3,48.1,0.09999999999999432,True,,False,0.09999999999999432,True,1.1000000000000014,0.09090909090908562,,0.09090909090908562,secondary_medium
141063,269,French Flash Services PMI,EUR,2025-10-24 07:15:00+00:00,medium,47.1,48.9,1.6000000000000014,True,,False,1.6000000000000014,True,1.5500000000000007,1.0322580645161294,,1.0322580645161294,secondary_medium
142213,263,Flash Manufacturing PMI,EUR,2025-10-24 08:00:00+00:00,medium,50.0,49.5,0.20000000000000284,True,,False,0.20000000000000284,True,0.5,0.4000000000000057,,0.4000000000000057,secondary_medium
142214,244,Flash Services PMI,EUR,2025-10-24 08:00:00+00:00,medium,52.6,51.4,1.3999999999999986,True,,False,1.3999999999999986,True,0.7999999999999972,1.7500000000000044,,1.7500000000000044,secondary_medium
142257,316,German ifo Business Climate,EUR,2025-10-27 09:00:00+00:00,medium,88.4,87.7,0.30000000000001137,True,0.6000000000000085,True,0.30000000000001137,True,0.42500000000000426,0.7058823529411962,1.4117647058823588,0.7058823529411962,secondary_medium
150957,929,ADP Weekly Employment Change,USD,2025-10-28 12:15:00+00:00,medium,14300.0,,,True,,True,,False,6800.0,,,,secondary_medium
141192,186,Richmond Manufacturing Index,USD,2025-10-28 13:59:00+00:00,medium,-4.0,-17.0,7.0,True,10.0,True,7.0,True,5.75,1.2173913043478262,1.7391304347826086,1.2173913043478262,secondary_medium
141252,208,CB Consumer Confidence,USD,2025-10-28 14:00:00+00:00,medium,94.6,94.2,1.1999999999999886,True,,False,1.1999999999999886,True,3.200000000000003,0.3749999999999961,,0.3749999999999961,secondary_medium
143029,233,Pending Home Sales m/m,USD,2025-10-29 14:00:00+00:00,medium,0.0,4.0,1.6,True,1.7,True,,False,2.225,0.7191011235955056,0.7640449438202247,,secondary_medium
142893,169,German Prelim CPI m/m,EUR,2025-10-30 07:29:00+00:00,medium,0.3,0.2,0.09999999999999998,True,,False,,False,0.1,0.9999999999999998,,,secondary_medium
140878,592,Spanish Flash CPI y/y,EUR,2025-10-30 08:00:00+00:00,medium,3.1,2.9,0.20000000000000018,True,,True,,False,0.20000000000000018,1.0,,,secondary_medium
143875,38,German Prelim GDP q/q,EUR,2025-10-30 09:00:00+00:00,medium,0.0,-0.1,0.0,True,0.0,True,,False,0.09999999999999999,0.0,0.0,,secondary_medium
144432,175,Tokyo Core CPI y/y,JPY,2025-10-30 23:30:00+00:00,medium,2.8,2.5,0.19999999999999973,True,,True,,False,0.10000000000000009,1.9999999999999956,,,secondary_medium
145436,593,Core CPI Flash Estimate y/y,EUR,2025-10-31 10:00:00+00:00,medium,2.4,2.3,0.10000000000000009,True,0.10000000000000009,True,0.10000000000000009,True,0.10000000000000009,1.0,1.0,1.0,secondary_medium
145437,168,CPI Flash Estimate y/y,EUR,2025-10-31 10:00:00+00:00,medium,2.1,2.2,0.0,True,0.0,True,0.0,True,0.19999999999999973,0.0,0.0,0.0,secondary_medium
141156,255,ISM Manufacturing Prices,USD,2025-11-03 15:00:00+00:00,medium,58.0,61.9,4.399999999999999,True,3.700000000000003,True,,False,3.2000000000000064,1.374999999999997,1.1562499999999987,,secondary_medium
144942,254,Ivey PMI,CAD,2025-11-06 15:00:00+00:00,medium,52.4,59.8,2.8000000000000043,True,2.8000000000000043,True,,False,2.9499999999999993,0.949152542372883,0.949152542372883,,secondary_medium
141276,53,Prelim UoM Consumer Sentiment,USD,2025-11-07 15:00:00+00:00,medium,50.3,55.0,2.700000000000003,True,2.9000000000000057,True,,False,2.400000000000002,1.1250000000000002,1.2083333333333346,,secondary_medium
141275,236,Prelim UoM Inflation Expectations,USD,2025-11-07 15:00:00+00:00,medium,4.7,4.6,,True,,True,,False,0.20000000000000018,,,,secondary_medium
144792,309,Inflation Expectations q/q,NZD,2025-11-11 02:00:00+00:00,medium,2.28,2.28,,True,,True,,False,0.10000000000000009,,,,secondary_medium
143811,180,Average Earnings Index 3m/y,GBP,2025-11-11 07:00:00+00:00,medium,4.8,5.0,0.20000000000000018,True,0.10000000000000053,True,,False,0.12500000000000044,1.5999999999999956,0.8000000000000014,,secondary_medium
150958,929,ADP Weekly Employment Change,USD,2025-11-11 13:26:00+00:00,medium,-11300.0,14300.0,,True,,True,,False,6800.0,,,,secondary_medium
143779,33,Prelim GDP q/q,GBP,2025-11-13 07:00:00+00:00,medium,0.1,0.3,0.1,True,0.1,True,,False,0.1,1.0,1.0,,secondary_medium
145172,664,Common CPI y/y,CAD,2025-11-17 13:30:00+00:00,medium,2.7,2.7,0.09999999999999964,True,,False,,False,0.10000000000000009,0.9999999999999956,,,secondary_medium
141181,207,Empire State Manufacturing Index,USD,2025-11-17 13:30:00+00:00,medium,18.7,10.7,12.6,True,12.7,True,,False,12.5,1.008,1.016,,secondary_medium
150959,929,ADP Weekly Employment Change,USD,2025-11-18 13:29:00+00:00,medium,-2500.0,-11300.0,,True,,False,,False,6800.0,,,,secondary_medium
141205,325,Philly Fed Manufacturing Index,USD,2025-11-20 13:30:00+00:00,medium,-1.7,-12.8,2.7,True,1.4000000000000001,True,,False,13.075,0.20650095602294458,0.10707456978967497,,secondary_medium
143018,232,Existing Home Sales,USD,2025-11-20 15:00:00+00:00,medium,4099999.9999999995,4059999.9999999995,19999.999999999534,True,19999.999999999534,True,,False,49999.999999999534,0.3999999999999944,0.3999999999999944,,secondary_medium
141065,268,French Flash Manufacturing PMI,EUR,2025-11-21 08:15:00+00:00,medium,47.8,48.3,1.2000000000000028,True,,False,,False,1.1000000000000014,1.0909090909090922,,,secondary_medium
141064,269,French Flash Services PMI,EUR,2025-11-21 08:15:00+00:00,medium,50.8,47.1,2.3999999999999986,True,,False,,False,1.5500000000000007,1.548387096774192,,,secondary_medium
145054,103,Core Retail Sales m/m,CAD,2025-11-21 13:30:00+00:00,medium,0.2,0.7,0.7,True,0.7,True,,False,0.4999999999999999,1.4000000000000001,1.4000000000000001,,secondary_medium
145042,104,Retail Sales m/m,CAD,2025-11-21 13:30:00+00:00,medium,-0.7,1.0,0.0,True,0.0,True,,False,0.10000000000000009,0.0,0.0,,secondary_medium
141298,54,Revised UoM Consumer Sentiment,USD,2025-11-21 15:00:00+00:00,medium,51.0,50.3,0.3999999999999986,True,0.5,True,,False,0.8000000000000007,0.4999999999999978,0.6249999999999994,,secondary_medium
142256,316,German ifo Business Climate,EUR,2025-11-24 09:00:00+00:00,medium,88.1,88.4,0.5,True,0.4000000000000057,True,,False,0.42500000000000426,1.1764705882352824,0.9411764705882393,,secondary_medium
150960,929,ADP Weekly Employment Change,USD,2025-11-25 13:15:00+00:00,medium,-13500.0,-2500.0,,True,,True,,False,6800.0,,,,secondary_medium
141193,186,Richmond Manufacturing Index,USD,2025-11-25 14:59:00+00:00,medium,-15.0,-4.0,10.0,True,13.0,True,,False,5.75,1.7391304347826086,2.260869565217391,,secondary_medium
141253,208,CB Consumer Confidence,USD,2025-11-25 15:00:00+00:00,medium,88.7,94.6,4.700000000000003,True,,False,,False,3.200000000000003,1.4687499999999996,,,secondary_medium
143030,233,Pending Home Sales m/m,USD,2025-11-25 15:00:00+00:00,medium,1.9,0.0,1.4,True,,True,,False,2.225,0.6292134831460674,,,secondary_medium
150955,350,Core Durable Goods Orders m/m,USD,2025-11-26 13:30:00+00:00,medium,0.6,0.4,0.39999999999999997,True,0.39999999999999997,True,,False,0.30000000000000004,1.333333333333333,1.333333333333333,,secondary_medium
150954,349,Durable Goods Orders m/m,USD,2025-11-26 13:30:00+00:00,medium,0.5,2.9,0.0,True,0.2,True,,False,1.0999999999999999,0.0,0.18181818181818185,,secondary_medium
144818,510,Retail Sales q/q,NZD,2025-11-26 21:45:00+00:00,medium,1.9,0.5,1.2999999999999998,True,1.2999999999999998,True,,False,0.375,3.4666666666666663,3.4666666666666663,,secondary_medium
144433,175,Tokyo Core CPI y/y,JPY,2025-11-27 23:30:00+00:00,medium,2.8,2.8,0.09999999999999964,True,,True,,False,0.10000000000000009,0.9999999999999956,,,secondary_medium
142894,169,German Prelim CPI m/m,EUR,2025-11-28 07:29:00+00:00,medium,-0.2,0.3,0.0,True,,False,,False,0.1,0.0,,,secondary_medium
141157,255,ISM Manufacturing Prices,USD,2025-12-01 15:00:00+00:00,medium,58.5,58.0,1.0,True,1.0,True,,False,3.2000000000000064,0.3124999999999994,0.3124999999999994,,secondary_medium
145446,593,Core CPI Flash Estimate y/y,EUR,2025-12-02 10:00:00+00:00,medium,2.4,2.4,0.0,True,0.10000000000000009,True,,False,0.10000000000000009,0.0,1.0,,secondary_medium
145447,168,CPI Flash Estimate y/y,EUR,2025-12-02 10:00:00+00:00,medium,2.2,2.1,0.10000000000000009,True,0.10000000000000009,True,,False,0.19999999999999973,0.5000000000000011,0.5000000000000011,,secondary_medium
142746,76,Challenger Job Cuts y/y,USD,2025-12-04 12:30:00+00:00,medium,23.5,175.3,,True,,False,,False,151.8,,,,secondary_medium
144943,254,Ivey PMI,CAD,2025-12-04 15:00:00+00:00,medium,48.4,52.4,5.200000000000003,True,5.200000000000003,True,,False,2.9499999999999993,1.762711864406781,1.762711864406781,,secondary_medium
150956,578,JOLTS Job Openings,USD,2025-12-09 14:59:00+00:00,medium,7660000.0,7230000.0,,True,458000.0,True,,False,226250.0,,2.0243093922651934,,secondary_medium
145176,664,Common CPI y/y,CAD,2025-12-15 13:30:00+00:00,medium,2.8,2.7,0.0,True,,False,,False,0.10000000000000009,0.0,,,secondary_medium
141182,207,Empire State Manufacturing Index,USD,2025-12-15 13:30:00+00:00,medium,-3.9,18.7,13.700000000000001,True,14.5,True,,False,12.5,1.096,1.16,,secondary_medium
143814,180,Average Earnings Index 3m/y,GBP,2025-12-16 07:00:00+00:00,medium,4.7,4.8,0.2999999999999998,True,0.2999999999999998,True,,False,0.12500000000000044,2.39999999999999,2.39999999999999,,secondary_medium
141066,268,French Flash Manufacturing PMI,EUR,2025-12-16 08:15:00+00:00,medium,50.6,47.8,2.5,True,,False,,False,1.1000000000000014,2.27272727272727,,,secondary_medium
141067,269,French Flash Services PMI,EUR,2025-12-16 08:15:00+00:00,medium,50.2,50.8,0.8999999999999986,True,,False,,False,1.5500000000000007,0.5806451612903214,,,secondary_medium
151491,159,Average Hourly Earnings m/m,USD,2025-12-16 13:29:00+00:00,medium,0.4,0.2,,True,,True,,False,0.2,,,,secondary_medium
151490,66,Non-Farm Employment Change,USD,2025-12-16 13:29:00+00:00,medium,-105000.0,119000.0,,True,,False,,False,224000.0,,,,secondary_medium
142255,316,German ifo Business Climate,EUR,2025-12-17 09:00:00+00:00,medium,87.6,88.1,0.6000000000000085,True,0.6000000000000085,True,,False,0.42500000000000426,1.4117647058823588,1.4117647058823588,,secondary_medium
141206,325,Philly Fed Manufacturing Index,USD,2025-12-18 13:30:00+00:00,medium,-10.2,-1.7,12.7,True,13.2,True,,False,13.075,0.97131931166348,1.0095602294455066,,secondary_medium
145055,103,Core Retail Sales m/m,CAD,2025-12-19 13:30:00+00:00,medium,-0.6,0.2,0.6,True,0.8,True,,False,0.4999999999999999,1.2000000000000002,1.6000000000000005,,secondary_medium
145043,104,Retail Sales m/m,CAD,2025-12-19 13:30:00+00:00,medium,-0.2,-0.7,0.2,True,0.2,True,,False,0.10000000000000009,1.9999999999999984,1.9999999999999984,,secondary_medium
143019,232,Existing Home Sales,USD,2025-12-19 15:00:00+00:00,medium,4130000.0,4099999.9999999995,20000.000000000466,True,70000.0,True,,False,49999.999999999534,0.400000000000013,1.400000000000013,,secondary_medium
141299,54,Revised UoM Consumer Sentiment,USD,2025-12-19 15:00:00+00:00,medium,52.9,53.3,0.6000000000000014,True,0.5,True,,False,0.8000000000000007,0.7500000000000011,0.6249999999999994,,secondary_medium
150963,929,ADP Weekly Employment Change,USD,2025-12-23 13:15:00+00:00,medium,11500.0,16300.0,,True,,True,,False,6800.0,,,,secondary_medium
142390,350,Core Durable Goods Orders m/m,USD,2025-12-23 13:30:00+00:00,medium,0.2,0.6,0.09999999999999998,True,0.09999999999999998,True,,False,0.30000000000000004,0.3333333333333332,0.3333333333333332,,secondary_medium
142380,349,Durable Goods Orders m/m,USD,2025-12-23 13:30:00+00:00,medium,-2.2,0.5,0.7000000000000002,True,0.7000000000000002,True,,False,1.0999999999999999,0.6363636363636366,0.6363636363636366,,secondary_medium
150986,45,Prelim GDP Price Index q/q,USD,2025-12-23 13:30:00+00:00,medium,3.8,2.1,1.0999999999999996,True,,False,,False,0.12499999999999989,8.800000000000004,,,secondary_medium
141254,208,CB Consumer Confidence,USD,2025-12-23 15:00:00+00:00,medium,89.1,88.7,2.6000000000000085,True,,False,,False,3.200000000000003,0.8125000000000019,,,secondary_medium
141194,186,Richmond Manufacturing Index,USD,2025-12-23 15:00:00+00:00,medium,-7.0,-15.0,1.0,True,0.0,True,,False,5.75,0.17391304347826086,0.0,,secondary_medium
143031,233,Pending Home Sales m/m,USD,2025-12-29 15:00:00+00:00,medium,3.3,1.9,2.3,True,2.3,True,,False,2.225,1.0337078651685392,1.0337078651685392,,secondary_medium
146587,255,ISM Manufacturing Prices,USD,2026-01-05 15:00:00+00:00,medium,58.5,58.5,0.5,True,0.5,True,,False,3.2000000000000064,0.1562499999999997,0.1562499999999997,,secondary_medium
151104,169,German Prelim CPI m/m,EUR,2026-01-06 07:29:00+00:00,medium,0.0,-0.2,0.3,True,,False,,False,0.1,2.9999999999999996,,,secondary_medium
151224,593,Core CPI Flash Estimate y/y,EUR,2026-01-07 10:00:00+00:00,medium,2.3,2.4,0.10000000000000009,True,0.10000000000000009,True,,False,0.10000000000000009,1.0,1.0,,secondary_medium
151225,168,CPI Flash Estimate y/y,EUR,2026-01-07 10:00:00+00:00,medium,2.0,2.2,0.0,True,0.0,True,,False,0.19999999999999973,0.0,0.0,,secondary_medium
149849,254,Ivey PMI,CAD,2026-01-07 15:00:00+00:00,medium,51.9,48.4,2.3999999999999986,True,2.3999999999999986,True,,False,2.9499999999999993,0.813559322033898,0.813559322033898,,secondary_medium
153354,929,ADP Weekly Employment Change,USD,2026-01-13 13:14:00+00:00,medium,11000.0,11500.0,,True,,False,,False,6800.0,,,,secondary_medium
151019,929,ADP Weekly Employment Change,USD,2026-01-13 13:15:00+00:00,medium,11800.0,11000.0,,True,,True,,False,6800.0,,,,secondary_medium
151748,231,New Home Sales,USD,2026-01-13 15:00:00+00:00,medium,737000.0,738000.0,21000.0,True,,True,,False,22500.0,0.9333333333333333,,,secondary_medium
151101,87,Core PPI m/m,USD,2026-01-14 13:29:00+00:00,medium,0.3,0.1,,True,,True,,False,0.19999999999999998,,,,secondary_medium
151102,86,PPI m/m,USD,2026-01-14 13:29:00+00:00,medium,0.1,0.3,,True,,True,,False,0.19999999999999998,,,,secondary_medium
148618,207,Empire State Manufacturing Index,USD,2026-01-15 13:30:00+00:00,medium,7.7,-3.9,6.9,True,6.7,True,,False,12.5,0.552,0.536,,secondary_medium
146955,325,Philly Fed Manufacturing Index,USD,2026-01-15 13:30:00+00:00,medium,12.6,-10.2,14.2,True,14.6,True,,False,13.075,1.0860420650095601,1.1166347992351817,,secondary_medium
146648,664,Common CPI y/y,CAD,2026-01-19 13:30:00+00:00,medium,2.8,2.8,0.0,True,,True,,False,0.10000000000000009,0.0,,,secondary_medium
151065,180,Average Earnings Index 3m/y,GBP,2026-01-20 07:00:00+00:00,medium,4.7,4.7,0.10000000000000053,True,0.10000000000000053,True,,False,0.12500000000000044,0.8000000000000014,0.8000000000000014,,secondary_medium
149836,233,Pending Home Sales m/m,USD,2026-01-21 15:00:00+00:00,medium,-9.3,3.3,9.0,True,9.0,True,,False,2.225,4.044943820224719,4.044943820224719,,secondary_medium
142556,46,Final GDP Price Index q/q,USD,2026-01-22 13:30:00+00:00,medium,3.8,3.8,0.0,True,,False,,False,0.09999999999999964,0.0,,,secondary_medium
147598,268,French Flash Manufacturing PMI,EUR,2026-01-23 08:15:00+00:00,medium,51.0,50.6,0.6000000000000014,True,,False,,False,1.1000000000000014,0.5454545454545461,,,secondary_medium
147599,269,French Flash Services PMI,EUR,2026-01-23 08:15:00+00:00,medium,47.9,50.2,2.3999999999999986,True,,False,,False,1.5500000000000007,1.548387096774192,,,secondary_medium
146656,103,Core Retail Sales m/m,CAD,2026-01-23 13:30:00+00:00,medium,1.7,-0.6,0.7,True,0.5,True,,False,0.4999999999999999,1.4000000000000001,1.0000000000000002,,secondary_medium
146655,104,Retail Sales m/m,CAD,2026-01-23 13:30:00+00:00,medium,1.3,-0.2,0.10000000000000009,True,0.10000000000000009,True,,False,0.10000000000000009,1.0,1.0,,secondary_medium
148594,54,Revised UoM Consumer Sentiment,USD,2026-01-23 15:00:00+00:00,medium,56.4,54.0,2.3999999999999986,True,2.3999999999999986,True,,False,0.8000000000000007,2.9999999999999956,2.9999999999999956,,secondary_medium
150425,316,German ifo Business Climate,EUR,2026-01-26 09:00:00+00:00,medium,87.6,87.6,0.7000000000000028,True,0.5,True,,False,0.42500000000000426,1.647058823529402,1.1764705882352824,,secondary_medium
148178,350,Core Durable Goods Orders m/m,USD,2026-01-26 13:30:00+00:00,medium,0.5,0.2,0.2,True,0.2,True,,False,0.30000000000000004,0.6666666666666666,0.6666666666666666,,secondary_medium
148166,349,Durable Goods Orders m/m,USD,2026-01-26 13:30:00+00:00,medium,5.3,-2.2,2.1999999999999997,True,4.8,True,,False,1.0999999999999999,2.0,4.363636363636364,,secondary_medium
146878,208,CB Consumer Confidence,USD,2026-01-27 15:00:00+00:00,medium,84.5,89.1,6.099999999999994,True,,False,,False,3.200000000000003,1.9062499999999964,,,secondary_medium
146967,186,Richmond Manufacturing Index,USD,2026-01-27 15:00:00+00:00,medium,-6.0,-7.0,1.0,True,2.0,True,,False,5.75,0.17391304347826086,0.34782608695652173,,secondary_medium
149922,175,Tokyo Core CPI y/y,JPY,2026-01-29 23:30:00+00:00,medium,2.0,2.3,0.20000000000000018,True,0.20000000000000018,True,,False,0.10000000000000009,2.0,2.0,,secondary_medium
151114,169,German Prelim CPI m/m,EUR,2026-01-30 07:29:00+00:00,medium,0.1,0.0,0.1,True,,False,,False,0.1,1.0,,,secondary_medium
151111,38,German Prelim GDP q/q,EUR,2026-01-30 09:00:00+00:00,medium,0.3,0.0,0.09999999999999998,True,0.09999999999999998,True,,False,0.09999999999999999,0.9999999999999999,0.9999999999999999,,secondary_medium
146588,255,ISM Manufacturing Prices,USD,2026-02-02 15:00:00+00:00,medium,59.0,58.5,0.29999999999999716,True,1.5,True,,False,3.2000000000000064,0.09374999999999893,0.46874999999999906,,secondary_medium
151235,593,Core CPI Flash Estimate y/y,EUR,2026-02-04 10:00:00+00:00,medium,2.2,2.3,0.09999999999999964,True,0.09999999999999964,True,,False,0.10000000000000009,0.9999999999999956,0.9999999999999956,,secondary_medium
151236,168,CPI Flash Estimate y/y,EUR,2026-02-04 10:00:00+00:00,medium,1.7,2.0,0.0,True,0.0,True,,False,0.19999999999999973,0.0,0.0,,secondary_medium
149850,254,Ivey PMI,CAD,2026-02-06 15:00:00+00:00,medium,50.9,51.9,1.1999999999999957,True,1.1999999999999957,True,,False,2.9499999999999993,0.4067796610169478,0.4067796610169478,,secondary_medium
148407,179,Employment Cost Index q/q,USD,2026-02-10 13:30:00+00:00,medium,0.7,0.8,0.10000000000000009,True,0.10000000000000009,True,,False,0.050000000000000044,2.0,2.0,,secondary_medium
151595,33,Prelim GDP q/q,GBP,2026-02-12 07:00:00+00:00,medium,0.1,0.1,0.1,True,0.1,True,,False,0.1,1.0,1.0,,secondary_medium
151068,180,Average Earnings Index 3m/y,GBP,2026-02-17 07:00:00+00:00,medium,4.2,4.7,0.39999999999999947,True,0.0,True,,False,0.12500000000000044,3.199999999999984,0.0,,secondary_medium
146663,664,Common CPI y/y,CAD,2026-02-17 13:30:00+00:00,medium,2.7,2.8,0.0,True,,False,,False,0.10000000000000009,0.0,,,secondary_medium
148619,207,Empire State Manufacturing Index,USD,2026-02-17 13:30:00+00:00,medium,7.1,7.7,0.6999999999999993,True,1.0999999999999996,True,,False,12.5,0.055999999999999946,0.08799999999999997,,secondary_medium
148179,350,Core Durable Goods Orders m/m,USD,2026-02-18 13:30:00+00:00,medium,0.9,0.5,0.6000000000000001,True,0.6000000000000001,True,,False,0.30000000000000004,2.0,2.0,,secondary_medium
148167,349,Durable Goods Orders m/m,USD,2026-02-18 13:30:00+00:00,medium,-1.4,5.3,0.40000000000000013,True,0.6000000000000001,True,,False,1.0999999999999999,0.3636363636363638,0.5454545454545456,,secondary_medium
146956,325,Philly Fed Manufacturing Index,USD,2026-02-19 13:30:00+00:00,medium,16.3,12.6,8.8,True,7.800000000000001,True,,False,13.075,0.6730401529636713,0.5965583173996177,,secondary_medium
149837,233,Pending Home Sales m/m,USD,2026-02-19 15:00:00+00:00,medium,-0.8,-9.3,2.2,True,2.1,True,,False,2.225,0.9887640449438203,0.9438202247191011,,secondary_medium
147606,268,French Flash Manufacturing PMI,EUR,2026-02-20 08:15:00+00:00,medium,49.9,51.0,1.0,True,,False,,False,1.1000000000000014,0.909090909090908,,,secondary_medium
147607,269,French Flash Services PMI,EUR,2026-02-20 08:15:00+00:00,medium,49.6,47.9,0.5,True,,False,,False,1.5500000000000007,0.32258064516129015,,,secondary_medium
149185,103,Core Retail Sales m/m,CAD,2026-02-20 13:30:00+00:00,medium,0.1,1.7,0.2,True,0.4,True,,False,0.4999999999999999,0.40000000000000013,0.8000000000000003,,secondary_medium
149184,104,Retail Sales m/m,CAD,2026-02-20 13:30:00+00:00,medium,-0.4,1.3,0.09999999999999998,True,0.09999999999999998,True,,False,0.10000000000000009,0.9999999999999989,0.9999999999999989,,secondary_medium
152039,3,Advance GDP Price Index q/q,USD,2026-02-20 13:30:00+00:00,medium,3.6,2.0,0.8000000000000003,True,,False,,False,0.30000000000000004,2.666666666666667,,,secondary_medium
152316,231,New Home Sales,USD,2026-02-20 14:59:00+00:00,medium,758000.0,737000.0,,True,,True,,False,22500.0,,,,secondary_medium
146847,231,New Home Sales,USD,2026-02-20 15:00:00+00:00,medium,745000.0,758000.0,13000.0,True,15000.0,True,,False,22500.0,0.5777777777777777,0.6666666666666666,,secondary_medium
150005,510,Retail Sales q/q,NZD,2026-02-22 21:45:00+00:00,medium,0.9,1.9,0.30000000000000004,True,0.30000000000000004,True,,False,0.375,0.8000000000000002,0.8000000000000002,,secondary_medium
146879,208,CB Consumer Confidence,USD,2026-02-24 15:00:00+00:00,medium,91.2,84.5,3.799999999999997,True,,False,,False,3.200000000000003,1.187499999999998,,,secondary_medium
146968,186,Richmond Manufacturing Index,USD,2026-02-24 15:00:00+00:00,medium,-10.0,-6.0,2.0,True,6.0,True,,False,5.75,0.34782608695652173,1.0434782608695652,,secondary_medium
149923,175,Tokyo Core CPI y/y,JPY,2026-02-26 23:30:00+00:00,medium,1.8,2.0,0.10000000000000009,True,0.10000000000000009,True,,False,0.10000000000000009,1.0,1.0,,secondary_medium
151123,169,German Prelim CPI m/m,EUR,2026-02-27 07:29:00+00:00,medium,0.2,0.1,0.3,True,,False,,False,0.1,2.9999999999999996,,,secondary_medium
146867,629,Manufacturing PMI,CAD,2026-03-02 14:30:00+00:00,medium,51.0,50.4,,True,,False,,False,0.6000000000000014,,,,secondary_medium
146589,255,ISM Manufacturing Prices,USD,2026-03-02 15:00:00+00:00,medium,70.5,59.0,9.899999999999999,True,11.0,True,,False,3.2000000000000064,3.0937499999999933,3.4374999999999933,,secondary_medium
151244,593,Core CPI Flash Estimate y/y,EUR,2026-03-03 10:00:00+00:00,medium,2.4,2.2,0.19999999999999973,True,0.19999999999999973,True,,False,0.10000000000000009,1.9999999999999956,1.9999999999999956,,secondary_medium
151245,168,CPI Flash Estimate y/y,EUR,2026-03-03 10:00:00+00:00,medium,1.9,1.7,0.19999999999999996,True,0.19999999999999996,True,,False,0.19999999999999973,1.000000000000001,1.000000000000001,,secondary_medium
147321,100,CPI m/m,CHF,2026-03-04 07:30:00+00:00,medium,0.6,-0.1,0.09999999999999998,True,0.09999999999999998,True,,False,0.09999999999999998,1.0,1.0,,secondary_medium
149851,254,Ivey PMI,CAD,2026-03-06 15:00:00+00:00,medium,56.6,50.9,5.5,True,5.5,True,,False,2.9499999999999993,1.8644067796610173,1.8644067796610173,,secondary_medium
148180,350,Core Durable Goods Orders m/m,USD,2026-03-13 12:30:00+00:00,medium,0.4,0.9,0.09999999999999998,True,0.09999999999999998,True,0.09999999999999998,True,0.30000000000000004,0.3333333333333332,0.3333333333333332,0.3333333333333332,secondary_medium
148168,349,Durable Goods Orders m/m,USD,2026-03-13 12:30:00+00:00,medium,0.0,-1.4,1.1,True,1.2,True,1.1,True,1.0999999999999999,1.0000000000000002,1.090909090909091,1.0000000000000002,secondary_medium
152089,45,Prelim GDP Price Index q/q,USD,2026-03-13 12:30:00+00:00,medium,3.8,3.6,0.19999999999999973,True,,True,0.09999999999999964,True,0.12499999999999989,1.5999999999999992,,0.7999999999999978,secondary_medium
148572,53,Prelim UoM Consumer Sentiment,USD,2026-03-13 14:00:00+00:00,medium,55.5,57.3,0.5,True,0.5,True,0.5,True,2.400000000000002,0.20833333333333315,0.20833333333333315,0.20833333333333315,secondary_medium
148584,236,Prelim UoM Inflation Expectations,USD,2026-03-13 14:00:00+00:00,medium,3.4,3.5,,True,,True,0.20000000000000018,True,0.20000000000000018,,,1.0,secondary_medium
146685,664,Common CPI y/y,CAD,2026-03-16 12:30:00+00:00,medium,2.4,2.7,0.20000000000000018,True,,False,0.20000000000000018,True,0.10000000000000009,2.0,,2.0,secondary_medium
148620,207,Empire State Manufacturing Index,USD,2026-03-16 12:30:00+00:00,medium,-0.2,7.1,4.2,True,3.4000000000000004,True,4.2,True,12.5,0.336,0.272,0.336,secondary_medium
149838,233,Pending Home Sales m/m,USD,2026-03-17 14:00:00+00:00,medium,1.8,-0.8,2.4,True,2.3,True,2.4,True,2.225,1.0786516853932584,1.0337078651685392,1.0786516853932584,secondary_medium
151071,180,Average Earnings Index 3m/y,GBP,2026-03-19 07:00:00+00:00,medium,3.9,4.2,0.0,True,0.0,True,0.0,True,0.12500000000000044,0.0,0.0,0.0,secondary_medium
146957,325,Philly Fed Manufacturing Index,USD,2026-03-19 12:30:00+00:00,medium,18.1,16.3,9.8,True,8.100000000000001,True,9.8,True,13.075,0.7495219885277248,0.6195028680688338,0.7495219885277248,secondary_medium
146848,231,New Home Sales,USD,2026-03-19 14:00:00+00:00,medium,587000.0,745000.0,135000.0,True,133000.0,True,135000.0,True,22500.0,6.0,5.911111111111111,6.0,secondary_medium
146692,103,Core Retail Sales m/m,CAD,2026-03-20 12:30:00+00:00,medium,0.8,0.1,0.3999999999999999,True,0.3999999999999999,True,0.3999999999999999,True,0.4999999999999999,0.8,0.8,0.8,secondary_medium
146693,104,Retail Sales m/m,CAD,2026-03-20 12:30:00+00:00,medium,1.1,-0.4,0.2999999999999998,True,0.3999999999999999,True,1.5,True,0.10000000000000009,2.9999999999999956,3.9999999999999956,14.999999999999988,secondary_medium
147614,268,French Flash Manufacturing PMI,EUR,2026-03-24 08:15:00+00:00,medium,50.2,49.9,0.8000000000000043,True,,False,0.8000000000000043,True,1.1000000000000014,0.7272727272727302,,0.7272727272727302,secondary_medium
147615,269,French Flash Services PMI,EUR,2026-03-24 08:15:00+00:00,medium,48.3,49.6,0.9000000000000057,True,,False,0.9000000000000057,True,1.5500000000000007,0.580645161290326,,0.580645161290326,secondary_medium
146969,186,Richmond Manufacturing Index,USD,2026-03-24 14:00:00+00:00,medium,0.0,-10.0,8.0,True,5.0,True,8.0,True,5.75,1.391304347826087,0.8695652173913043,1.391304347826087,secondary_medium
148596,54,Revised UoM Consumer Sentiment,USD,2026-03-27 14:00:00+00:00,medium,53.3,55.5,0.6000000000000014,True,0.7000000000000028,True,,False,0.8000000000000007,0.7500000000000011,0.8750000000000028,,secondary_medium
151132,169,German Prelim CPI m/m,EUR,2026-03-30 06:29:00+00:00,medium,1.1,0.2,0.0,True,,False,,False,0.1,0.0,,,secondary_medium
149924,175,Tokyo Core CPI y/y,JPY,2026-03-30 23:30:00+00:00,medium,1.7,1.8,0.10000000000000009,True,0.10000000000000009,True,0.10000000000000009,True,0.10000000000000009,1.0,1.0,1.0,secondary_medium
151254,593,Core CPI Flash Estimate y/y,EUR,2026-03-31 09:00:00+00:00,medium,2.3,2.4,0.10000000000000009,True,0.10000000000000009,True,0.10000000000000009,True,0.10000000000000009,1.0,1.0,1.0,secondary_medium
151255,168,CPI Flash Estimate y/y,EUR,2026-03-31 09:00:00+00:00,medium,2.5,1.9,0.10000000000000009,True,0.20000000000000018,True,0.10000000000000009,True,0.19999999999999973,0.5000000000000011,1.0000000000000022,0.5000000000000011,secondary_medium
146880,208,CB Consumer Confidence,USD,2026-03-31 14:00:00+00:00,medium,91.8,91.2,4.0,True,,False,4.0,True,3.200000000000003,1.249999999999999,,1.249999999999999,secondary_medium
146590,255,ISM Manufacturing Prices,USD,2026-04-01 14:00:00+00:00,medium,78.3,70.5,4.299999999999997,True,5.299999999999997,True,4.299999999999997,True,3.2000000000000064,1.3437499999999964,1.6562499999999958,1.3437499999999964,secondary_medium
147320,100,CPI m/m,CHF,2026-04-02 06:30:00+00:00,medium,0.2,0.6,0.3,True,0.3,True,0.3,True,0.09999999999999998,3.0000000000000004,3.0000000000000004,3.0000000000000004,secondary_medium
152776,350,Core Durable Goods Orders m/m,USD,2026-04-07 12:30:00+00:00,medium,0.8,0.4,0.30000000000000004,True,0.30000000000000004,True,,False,0.30000000000000004,1.0,1.0,,secondary_medium
152775,349,Durable Goods Orders m/m,USD,2026-04-07 12:30:00+00:00,medium,-1.4,0.0,0.2999999999999998,True,0.8999999999999999,True,,False,1.0999999999999999,0.2727272727272726,0.8181818181818182,,secondary_medium
149852,254,Ivey PMI,CAD,2026-04-07 14:00:00+00:00,medium,49.7,56.6,6.199999999999996,True,6.199999999999996,True,,False,2.9499999999999993,2.101694915254236,2.101694915254236,,secondary_medium
146992,11,Unemployment Claims,USD,2026-04-09 12:30:00+00:00,medium,219000.0,202000.0,9000.0,True,9000.0,True,,False,5000.0,1.8,1.8,,secondary_medium
148314,46,Final GDP Price Index q/q,USD,2026-04-09 12:33:00+00:00,medium,3.7,3.8,0.09999999999999964,True,0.09999999999999964,True,,False,0.09999999999999964,1.0,1.0,,secondary_medium
148573,53,Prelim UoM Consumer Sentiment,USD,2026-04-10 14:00:00+00:00,medium,47.6,55.5,4.0,True,4.399999999999999,True,,False,2.400000000000002,1.6666666666666652,1.833333333333331,,secondary_medium
148585,236,Prelim UoM Inflation Expectations,USD,2026-04-10 14:00:00+00:00,medium,4.8,3.4,,True,,True,,False,0.20000000000000018,,,,secondary_medium
148621,207,Empire State Manufacturing Index,USD,2026-04-15 12:30:00+00:00,medium,11.0,-0.2,10.7,True,11.5,True,,False,12.5,0.856,0.92,,secondary_medium
146958,325,Philly Fed Manufacturing Index,USD,2026-04-16 12:30:00+00:00,medium,26.7,18.1,16.4,True,16.7,True,,False,13.075,1.254302103250478,1.277246653919694,,secondary_medium
146993,11,Unemployment Claims,USD,2026-04-16 12:30:00+00:00,medium,207000.0,219000.0,6000.0,True,8000.0,True,,False,5000.0,1.2,1.6,,secondary_medium
149139,664,Common CPI y/y,CAD,2026-04-20 12:30:00+00:00,medium,2.6,2.4,0.0,True,,False,,False,0.10000000000000009,0.0,,,secondary_medium
151074,180,Average Earnings Index 3m/y,GBP,2026-04-21 06:00:00+00:00,medium,3.8,3.9,0.19999999999999973,True,0.19999999999999973,True,,False,0.12500000000000044,1.599999999999992,1.599999999999992,,secondary_medium
149839,233,Pending Home Sales m/m,USD,2026-04-21 14:00:00+00:00,medium,1.5,1.8,1.5,True,1.4,True,,False,2.225,0.6741573033707865,0.6292134831460674,,secondary_medium
147622,268,French Flash Manufacturing PMI,EUR,2026-04-23 07:15:00+00:00,medium,52.8,50.2,3.299999999999997,True,,False,,False,1.1000000000000014,2.9999999999999933,,,secondary_medium
147623,269,French Flash Services PMI,EUR,2026-04-23 07:15:00+00:00,medium,46.5,48.3,2.0,True,,False,,False,1.5500000000000007,1.2903225806451606,,,secondary_medium
146994,11,Unemployment Claims,USD,2026-04-23 12:30:00+00:00,medium,214000.0,207000.0,3000.0,True,2000.0,True,,False,5000.0,0.6,0.4,,secondary_medium
149765,552,Flash Manufacturing PMI,USD,2026-04-23 13:45:00+00:00,medium,54.0,52.4,1.5,True,,False,,False,1.2999999999999972,1.1538461538461564,,,secondary_medium
149777,583,Flash Services PMI,USD,2026-04-23 13:45:00+00:00,medium,51.3,51.1,0.7999999999999972,True,,False,,False,0.3999999999999986,2.0,,,secondary_medium
149213,103,Core Retail Sales m/m,CAD,2026-04-24 12:30:00+00:00,medium,0.5,0.8,0.30000000000000004,True,0.30000000000000004,True,,False,0.4999999999999999,0.6000000000000002,0.6000000000000002,,secondary_medium
149204,104,Retail Sales m/m,CAD,2026-04-24 12:30:00+00:00,medium,0.7,1.1,0.20000000000000007,True,0.20000000000000007,True,,False,0.10000000000000009,1.999999999999999,1.999999999999999,,secondary_medium
148597,54,Revised UoM Consumer Sentiment,USD,2026-04-24 14:00:00+00:00,medium,49.8,47.6,1.2999999999999972,True,2.1999999999999957,True,,False,0.8000000000000007,1.6249999999999951,2.7499999999999925,,secondary_medium
146881,208,CB Consumer Confidence,USD,2026-04-28 14:00:00+00:00,medium,92.8,91.8,3.799999999999997,True,,False,,False,3.200000000000003,1.187499999999998,,,secondary_medium
151141,169,German Prelim CPI m/m,EUR,2026-04-29 06:29:00+00:00,medium,0.6,1.1,0.09999999999999998,True,,False,,False,0.1,0.9999999999999998,,,secondary_medium
151144,38,German Prelim GDP q/q,EUR,2026-04-30 08:00:00+00:00,medium,0.3,0.3,0.19999999999999998,True,0.09999999999999998,True,,False,0.09999999999999999,2.0,0.9999999999999999,,secondary_medium
151264,593,Core CPI Flash Estimate y/y,EUR,2026-04-30 09:00:00+00:00,medium,2.2,2.3,0.0,True,0.09999999999999964,True,,False,0.10000000000000009,0.0,0.9999999999999956,,secondary_medium
151265,168,CPI Flash Estimate y/y,EUR,2026-04-30 09:00:00+00:00,medium,3.0,2.5,0.0,True,0.10000000000000009,True,,False,0.19999999999999973,0.0,0.5000000000000011,,secondary_medium
148284,3,Advance GDP Price Index q/q,USD,2026-04-30 12:30:00+00:00,medium,3.6,3.6,0.19999999999999973,True,0.19999999999999973,True,,False,0.30000000000000004,0.6666666666666656,0.6666666666666656,,secondary_medium
146995,11,Unemployment Claims,USD,2026-04-30 12:30:00+00:00,medium,189000.0,214000.0,24000.0,True,26000.0,True,,False,5000.0,4.8,5.2,,secondary_medium
149925,175,Tokyo Core CPI y/y,JPY,2026-04-30 23:30:00+00:00,medium,1.5,1.7,0.30000000000000004,True,0.30000000000000004,True,,False,0.10000000000000009,2.999999999999998,2.999999999999998,,secondary_medium
146591,255,ISM Manufacturing Prices,USD,2026-05-01 14:00:00+00:00,medium,84.6,78.3,4.599999999999994,True,4.599999999999994,True,,False,3.2000000000000064,1.4374999999999953,1.4374999999999953,,secondary_medium
147319,100,CPI m/m,CHF,2026-05-05 06:30:00+00:00,medium,0.3,0.2,0.0,True,0.10000000000000003,True,,False,0.09999999999999998,0.0,1.0000000000000007,,secondary_medium
152779,231,New Home Sales,USD,2026-05-05 13:59:00+00:00,medium,635000.0,587000.0,,True,,True,,False,22500.0,,,,secondary_medium
146849,231,New Home Sales,USD,2026-05-05 14:00:00+00:00,medium,682000.0,635000.0,30000.0,True,14000.0,True,,False,22500.0,1.3333333333333333,0.6222222222222222,,secondary_medium
150301,75,ADP Non-Farm Employment Change,USD,2026-05-06 12:15:00+00:00,medium,109000.0,62000.0,9000.0,True,10000.0,True,,False,35500.0,0.2535211267605634,0.28169014084507044,,secondary_medium
149853,254,Ivey PMI,CAD,2026-05-06 14:00:00+00:00,medium,57.7,49.7,7.800000000000004,True,7.800000000000004,True,,False,2.9499999999999993,2.6440677966101718,2.6440677966101718,,secondary_medium
146996,11,Unemployment Claims,USD,2026-05-07 12:30:00+00:00,medium,200000.0,189000.0,5000.0,True,5000.0,True,,False,5000.0,1.0,1.0,,secondary_medium
148574,53,Prelim UoM Consumer Sentiment,USD,2026-05-08 14:00:00+00:00,medium,48.2,47.6,1.5,True,1.2999999999999972,True,,False,2.400000000000002,0.6249999999999994,0.541666666666665,,secondary_medium
148586,236,Prelim UoM Inflation Expectations,USD,2026-05-08 14:00:00+00:00,medium,4.5,4.8,,True,,True,,False,0.20000000000000018,,,,secondary_medium
151597,33,Prelim GDP q/q,GBP,2026-05-14 06:00:00+00:00,medium,0.6,0.1,0.0,True,0.0,True,,False,0.1,0.0,0.0,,secondary_medium
146997,11,Unemployment Claims,USD,2026-05-14 12:30:00+00:00,medium,211000.0,200000.0,6000.0,True,6000.0,True,,False,5000.0,1.2,1.2,,secondary_medium
151077,180,Average Earnings Index 3m/y,GBP,2026-05-19 06:00:00+00:00,medium,4.1,3.8,0.2999999999999998,True,0.2999999999999998,True,,False,0.12500000000000044,2.39999999999999,2.39999999999999,,secondary_medium
149143,664,Common CPI y/y,CAD,2026-05-19 12:30:00+00:00,medium,2.5,2.6,0.10000000000000009,True,,False,,False,0.10000000000000009,1.0,,,secondary_medium
149146,659,Median CPI y/y,CAD,2026-05-19 12:30:00+00:00,medium,2.1,2.3,0.19999999999999973,True,,True,,False,0.19999999999999973,1.0,,,secondary_medium
149147,657,Trimmed CPI y/y,CAD,2026-05-19 12:30:00+00:00,medium,2.0,2.2,0.20000000000000018,True,,False,,False,0.20000000000000018,1.0,,,secondary_medium
149840,233,Pending Home Sales m/m,USD,2026-05-19 14:00:00+00:00,medium,1.4,1.5,0.3999999999999999,True,0.3999999999999999,True,,False,2.225,0.17977528089887634,0.17977528089887634,,secondary_medium
147630,268,French Flash Manufacturing PMI,EUR,2026-05-21 07:15:00+00:00,medium,48.9,52.8,3.200000000000003,True,,False,,False,1.1000000000000014,2.909090909090908,,,secondary_medium
147631,269,French Flash Services PMI,EUR,2026-05-21 07:15:00+00:00,medium,42.9,46.5,3.700000000000003,True,,False,,False,1.5500000000000007,2.387096774193549,,,secondary_medium
147632,266,German Flash Manufacturing PMI,EUR,2026-05-21 07:30:00+00:00,medium,49.9,51.2,1.1000000000000014,True,,False,,False,1.3000000000000043,0.8461538461538445,,,secondary_medium
147635,267,German Flash Services PMI,EUR,2026-05-21 07:30:00+00:00,medium,47.8,46.9,0.6999999999999957,True,,False,,False,1.1000000000000014,0.6363636363636317,,,secondary_medium
147637,837,Flash Manufacturing PMI,GBP,2026-05-21 08:30:00+00:00,medium,53.7,53.6,0.8000000000000043,True,,False,,False,0.5,1.6000000000000085,,,secondary_medium
147636,836,Flash Services PMI,GBP,2026-05-21 08:30:00+00:00,medium,47.9,52.0,3.8000000000000043,True,,False,,False,1.0999999999999943,3.4545454545454763,,,secondary_medium
146959,325,Philly Fed Manufacturing Index,USD,2026-05-21 12:30:00+00:00,medium,-0.4,26.7,18.0,True,18.4,True,,False,13.075,1.3766730401529637,1.407265774378585,,secondary_medium
146998,11,Unemployment Claims,USD,2026-05-21 12:30:00+00:00,medium,209000.0,211000.0,1000.0,True,1000.0,True,,False,5000.0,0.2,0.2,,secondary_medium
149766,552,Flash Manufacturing PMI,USD,2026-05-21 13:45:00+00:00,medium,55.3,54.0,1.5,True,,False,,False,1.2999999999999972,1.1538461538461564,,,secondary_medium
149778,583,Flash Services PMI,USD,2026-05-21 13:45:00+00:00,medium,50.9,51.3,0.20000000000000284,True,,False,,False,0.3999999999999986,0.5000000000000089,,,secondary_medium
151606,105,Retail Sales m/m,GBP,2026-05-22 06:00:00+00:00,medium,-1.3,0.7,0.7000000000000001,True,0.7000000000000001,True,,False,0.7,1.0000000000000002,1.0000000000000002,,secondary_medium
149214,103,Core Retail Sales m/m,CAD,2026-05-22 12:30:00+00:00,medium,1.4,0.5,0.4999999999999999,True,0.4999999999999999,True,,False,0.4999999999999999,1.0,1.0,,secondary_medium
149205,104,Retail Sales m/m,CAD,2026-05-22 12:30:00+00:00,medium,0.9,0.7,0.30000000000000004,True,0.30000000000000004,True,,False,0.10000000000000009,2.999999999999998,2.999999999999998,,secondary_medium
148598,54,Revised UoM Consumer Sentiment,USD,2026-05-22 14:00:00+00:00,medium,44.8,48.2,3.4000000000000057,True,3.4000000000000057,True,,False,0.8000000000000007,4.2500000000000036,4.2500000000000036,,secondary_medium
146882,208,CB Consumer Confidence,USD,2026-05-26 14:00:00+00:00,medium,93.1,92.8,1.1999999999999886,True,,False,,False,3.200000000000003,0.3749999999999961,,,secondary_medium
148297,45,Prelim GDP Price Index q/q,USD,2026-05-28 12:30:00+00:00,medium,3.5,3.8,0.10000000000000009,True,,True,,False,0.12499999999999989,0.8000000000000014,,,secondary_medium
146999,11,Unemployment Claims,USD,2026-05-28 12:30:00+00:00,medium,215000.0,209000.0,4000.0,True,4000.0,True,,False,5000.0,0.8,0.8,,secondary_medium
146850,231,New Home Sales,USD,2026-05-28 14:00:00+00:00,medium,622000.0,682000.0,39000.0,True,48000.0,True,,False,22500.0,1.7333333333333334,2.1333333333333333,,secondary_medium
149926,175,Tokyo Core CPI y/y,JPY,2026-05-28 23:30:00+00:00,medium,1.3,1.5,0.19999999999999996,True,0.19999999999999996,True,,False,0.10000000000000009,1.9999999999999978,1.9999999999999978,,secondary_medium
151148,169,German Prelim CPI m/m,EUR,2026-05-29 06:29:00+00:00,medium,-0.2,0.6,0.30000000000000004,True,,False,,False,0.1,3.0000000000000004,,,secondary_medium
146592,255,ISM Manufacturing Prices,USD,2026-06-01 14:00:00+00:00,medium,82.1,84.6,3.200000000000003,True,3.4000000000000057,True,,False,3.2000000000000064,0.9999999999999989,1.0624999999999996,,secondary_medium
151274,593,Core CPI Flash Estimate y/y,EUR,2026-06-02 09:00:00+00:00,medium,2.5,2.2,0.10000000000000009,True,0.10000000000000009,True,,False,0.10000000000000009,1.0,1.0,,secondary_medium
151275,168,CPI Flash Estimate y/y,EUR,2026-06-02 09:00:00+00:00,medium,3.2,3.0,0.0,True,0.0,True,,False,0.19999999999999973,0.0,0.0,,secondary_medium
149791,578,JOLTS Job Openings,USD,2026-06-02 14:00:00+00:00,medium,7620000.0,6870000.0,750000.0,True,738000.0,True,,False,226250.0,3.314917127071823,3.261878453038674,,secondary_medium
147318,100,CPI m/m,CHF,2026-06-04 06:30:00+00:00,medium,0.2,0.3,0.09999999999999998,True,0.09999999999999998,True,,False,0.09999999999999998,1.0,1.0,,secondary_medium
147000,11,Unemployment Claims,USD,2026-06-04 12:30:00+00:00,medium,225000.0,215000.0,11000.0,True,12000.0,True,,False,5000.0,2.2,2.4,,secondary_medium
149854,254,Ivey PMI,CAD,2026-06-05 14:00:00+00:00,medium,58.2,57.7,3.700000000000003,True,3.200000000000003,True,,False,2.9499999999999993,1.2542372881355945,1.0847457627118657,,secondary_medium
147001,11,Unemployment Claims,USD,2026-06-11 12:30:00+00:00,medium,229000.0,225000.0,9000.0,True,10000.0,True,,False,5000.0,1.8,2.0,,secondary_medium
148575,53,Prelim UoM Consumer Sentiment,USD,2026-06-12 14:00:00+00:00,medium,48.9,48.2,2.799999999999997,True,2.8999999999999986,True,,False,2.400000000000002,1.1666666666666645,1.2083333333333317,,secondary_medium
148587,236,Prelim UoM Inflation Expectations,USD,2026-06-12 14:00:00+00:00,medium,4.6,4.5,,True,,True,,False,0.20000000000000018,,,,secondary_medium
148042,112,Core Retail Sales m/m,USD,2026-06-17 12:30:00+00:00,medium,0.8,0.7,0.20000000000000007,True,0.30000000000000004,True,,False,0.55,0.3636363636363637,0.5454545454545455,,secondary_medium
148030,102,Retail Sales m/m,USD,2026-06-17 12:30:00+00:00,medium,0.9,0.5,0.4,True,0.4,True,,False,0.75,0.5333333333333333,0.5333333333333333,,secondary_medium
151080,180,Average Earnings Index 3m/y,GBP,2026-06-18 06:00:00+00:00,medium,4.4,4.1,0.40000000000000036,True,0.40000000000000036,True,,False,0.12500000000000044,3.1999999999999913,3.1999999999999913,,secondary_medium
146960,325,Philly Fed Manufacturing Index,USD,2026-06-18 12:30:00+00:00,medium,10.3,-0.4,0.5,True,0.3000000000000007,True,,False,13.075,0.03824091778202677,0.022944550669216118,,secondary_medium
147002,11,Unemployment Claims,USD,2026-06-18 12:30:00+00:00,medium,226000.0,229000.0,1000.0,True,1000.0,True,,False,5000.0,0.2,0.2,,secondary_medium
151607,105,Retail Sales m/m,GBP,2026-06-19 06:00:00+00:00,medium,1.2,-1.3,0.7,True,0.7,True,,False,0.7,1.0,1.0,,secondary_medium
149148,664,Common CPI y/y,CAD,2026-06-22 12:30:00+00:00,medium,2.7,2.5,0.20000000000000018,True,,False,,False,0.10000000000000009,2.0,,,secondary_medium
147643,268,French Flash Manufacturing PMI,EUR,2026-06-23 07:15:00+00:00,medium,50.7,48.9,0.5,True,,False,,False,1.1000000000000014,0.454545454545454,,,secondary_medium
147645,269,French Flash Services PMI,EUR,2026-06-23 07:15:00+00:00,medium,47.4,42.9,1.5,True,,False,,False,1.5500000000000007,0.9677419354838706,,,secondary_medium
147642,266,German Flash Manufacturing PMI,EUR,2026-06-23 07:30:00+00:00,medium,50.0,49.9,0.29999999999999716,True,,False,,False,1.3000000000000043,0.23076923076922784,,,secondary_medium
147644,267,German Flash Services PMI,EUR,2026-06-23 07:30:00+00:00,medium,46.8,47.8,2.200000000000003,True,,False,,False,1.1000000000000014,2.0,,,secondary_medium
147640,837,Flash Manufacturing PMI,GBP,2026-06-23 08:30:00+00:00,medium,53.1,53.7,0.3999999999999986,True,,False,,False,0.5,0.7999999999999972,,,secondary_medium
147639,836,Flash Services PMI,GBP,2026-06-23 08:30:00+00:00,medium,48.7,47.9,1.3999999999999986,True,,False,,False,1.0999999999999943,1.272727272727278,,,secondary_medium
149767,552,Flash Manufacturing PMI,USD,2026-06-23 13:45:00+00:00,medium,55.7,55.3,1.1000000000000014,True,,False,,False,1.2999999999999972,0.8461538461538491,,,secondary_medium
149779,583,Flash Services PMI,USD,2026-06-23 13:45:00+00:00,medium,51.3,50.9,0.19999999999999574,True,,False,,False,0.3999999999999986,0.4999999999999911,,,secondary_medium
148315,46,Final GDP Price Index q/q,USD,2026-06-25 12:30:00+00:00,medium,3.6,3.5,0.10000000000000009,True,0.10000000000000009,True,,False,0.09999999999999964,1.0000000000000044,1.0000000000000044,,secondary_medium
147003,11,Unemployment Claims,USD,2026-06-25 12:30:00+00:00,medium,215000.0,226000.0,10000.0,True,10000.0,True,,False,5000.0,2.0,2.0,,secondary_medium
149927,175,Tokyo Core CPI y/y,JPY,2026-06-25 23:30:00+00:00,medium,1.6,1.3,0.0,True,0.0,True,,False,0.10000000000000009,0.0,0.0,,secondary_medium
148599,54,Revised UoM Consumer Sentiment,USD,2026-06-26 14:00:00+00:00,medium,49.5,48.9,0.5,True,0.5,True,,False,0.8000000000000007,0.6249999999999994,0.6249999999999994,,secondary_medium
151161,169,German Prelim CPI m/m,EUR,2026-06-30 06:29:00+00:00,medium,-0.3,-0.2,0.3,True,,False,,False,0.1,2.9999999999999996,,,secondary_medium
146883,208,CB Consumer Confidence,USD,2026-06-30 14:00:00+00:00,medium,91.2,93.1,3.200000000000003,True,,False,,False,3.200000000000003,1.0,,,secondary_medium
149793,578,JOLTS Job Openings,USD,2026-06-30 14:00:00+00:00,medium,7590000.0,7620000.0,310000.0,True,294000.0,True,,False,226250.0,1.3701657458563536,1.2994475138121546,,secondary_medium
151284,593,Core CPI Flash Estimate y/y,EUR,2026-07-01 09:00:00+00:00,medium,2.4,2.5,0.10000000000000009,True,0.20000000000000018,True,,False,0.10000000000000009,1.0,2.0,,secondary_medium
151285,168,CPI Flash Estimate y/y,EUR,2026-07-01 09:00:00+00:00,medium,2.8,3.2,0.20000000000000018,True,0.20000000000000018,True,,False,0.19999999999999973,1.0000000000000022,1.0000000000000022,,secondary_medium
150303,75,ADP Non-Farm Employment Change,USD,2026-07-01 12:15:00+00:00,medium,98000.0,122000.0,20000.0,True,15000.0,True,,False,35500.0,0.5633802816901409,0.4225352112676056,,secondary_medium
146593,255,ISM Manufacturing Prices,USD,2026-07-01 14:00:00+00:00,medium,73.0,82.1,4.700000000000003,True,6.0,True,,False,3.2000000000000064,1.468749999999998,1.8749999999999962,,secondary_medium
147317,100,CPI m/m,CHF,2026-07-02 06:30:00+00:00,medium,0.0,0.2,0.1,True,0.1,True,,False,0.09999999999999998,1.0000000000000002,1.0000000000000002,,secondary_medium
147004,11,Unemployment Claims,USD,2026-07-02 12:30:00+00:00,medium,215000.0,215000.0,4000.0,True,5000.0,True,,False,5000.0,0.8,1.0,,secondary_medium
149855,254,Ivey PMI,CAD,2026-07-07 14:00:00+00:00,medium,56.2,58.2,2.8999999999999986,True,2.8999999999999986,True,,False,2.9499999999999993,0.9830508474576268,0.9830508474576268,,secondary_medium
147005,11,Unemployment Claims,USD,2026-07-09 12:30:00+00:00,medium,215000.0,215000.0,3000.0,True,3000.0,True,,False,5000.0,0.6,0.6,,secondary_medium
148043,112,Core Retail Sales m/m,USD,2026-07-16 12:30:00+00:00,medium,-0.2,0.8,0.2,True,0.1,True,,False,0.55,0.36363636363636365,0.18181818181818182,,secondary_medium
146961,325,Philly Fed Manufacturing Index,USD,2026-07-16 12:30:00+00:00,medium,41.4,10.3,28.7,True,28.4,True,,False,13.075,2.1950286806883366,2.1720841300191203,,secondary_medium
148031,102,Retail Sales m/m,USD,2026-07-16 12:30:00+00:00,medium,0.2,0.9,0.0,True,0.0,True,,False,0.75,0.0,0.0,,secondary_medium
147006,11,Unemployment Claims,USD,2026-07-16 12:30:00+00:00,medium,208000.0,215000.0,8000.0,True,9000.0,True,,False,5000.0,1.6,1.8,,secondary_medium
148576,53,Prelim UoM Consumer Sentiment,USD,2026-07-17 14:00:00+00:00,medium,54.4,48.9,3.3999999999999986,True,3.3999999999999986,True,,False,2.400000000000002,1.4166666666666647,1.4166666666666647,,secondary_medium
148588,236,Prelim UoM Inflation Expectations,USD,2026-07-17 14:00:00+00:00,medium,4.2,4.6,,True,,True,,False,0.20000000000000018,,,,secondary_medium
149153,664,Common CPI y/y,CAD,2026-07-20 12:30:00+00:00,medium,2.6,2.7,0.10000000000000009,True,,False,,False,0.10000000000000009,1.0,,,secondary_medium
151083,180,Average Earnings Index 3m/y,GBP,2026-07-21 06:00:00+00:00,medium,4.3,4.4,0.20000000000000018,True,0.20000000000000018,True,,False,0.12500000000000044,1.5999999999999956,1.5999999999999956,,secondary_medium
147007,11,Unemployment Claims,USD,2026-07-23 12:30:00+00:00,medium,187000.0,208000.0,24000.0,True,25000.0,True,,False,5000.0,4.8,5.0,,secondary_medium
151608,105,Retail Sales m/m,GBP,2026-07-24 06:00:00+00:00,medium,1.0,1.2,1.3,True,1.3,True,,False,0.7,1.8571428571428574,1.8571428571428574,,secondary_medium
147647,268,French Flash Manufacturing PMI,EUR,2026-07-24 07:15:00+00:00,medium,50.0,50.7,1.0,True,,False,,False,1.1000000000000014,0.909090909090908,,,secondary_medium
147648,269,French Flash Services PMI,EUR,2026-07-24 07:15:00+00:00,medium,49.8,47.4,2.299999999999997,True,,False,,False,1.5500000000000007,1.483870967741933,,,secondary_medium
147654,266,German Flash Manufacturing PMI,EUR,2026-07-24 07:30:00+00:00,medium,52.2,50.0,1.8000000000000043,True,,False,,False,1.3000000000000043,1.3846153846153832,,,secondary_medium
147653,267,German Flash Services PMI,EUR,2026-07-24 07:30:00+00:00,medium,49.6,46.8,0.6000000000000014,True,,False,,False,1.1000000000000014,0.5454545454545461,,,secondary_medium
147649,837,Flash Manufacturing PMI,GBP,2026-07-24 08:30:00+00:00,medium,52.8,53.1,0.7999999999999972,True,,False,,False,0.5,1.5999999999999943,,,secondary_medium
147650,836,Flash Services PMI,GBP,2026-07-24 08:30:00+00:00,medium,51.8,48.7,2.3999999999999986,True,,False,,False,1.0999999999999943,2.181818181818192,,,secondary_medium
146884,208,CB Consumer Confidence,USD,2026-07-28 14:00:00+00:00,medium,90.8,91.2,1.6000000000000085,True,,False,,False,3.200000000000003,0.5000000000000022,,,secondary_medium
151170,169,German Prelim CPI m/m,EUR,2026-07-30 06:29:00+00:00,medium,0.8,-0.3,0.10000000000000009,True,,False,,False,0.1,1.0000000000000009,,,secondary_medium
151171,38,German Prelim GDP q/q,EUR,2026-07-30 08:00:00+00:00,medium,0.2,0.3,0.1,True,0.1,True,,False,0.09999999999999999,1.0000000000000002,1.0000000000000002,,secondary_medium
148285,3,Advance GDP Price Index q/q,USD,2026-07-30 12:30:00+00:00,medium,6.2,3.6,2.1000000000000005,True,,False,,False,0.30000000000000004,7.000000000000001,,,secondary_medium
147008,11,Unemployment Claims,USD,2026-07-30 12:30:00+00:00,medium,197000.0,187000.0,4000.0,True,3000.0,True,,False,5000.0,0.8,0.6,,secondary_medium
149928,175,Tokyo Core CPI y/y,JPY,2026-07-30 23:30:00+00:00,medium,1.9,1.6,0.09999999999999987,True,0.19999999999999996,True,,False,0.10000000000000009,0.9999999999999978,1.9999999999999978,,secondary_medium
151295,593,Core CPI Flash Estimate y/y,EUR,2026-07-31 09:00:00+00:00,medium,2.5,2.4,0.10000000000000009,True,0.10000000000000009,True,,False,0.10000000000000009,1.0,1.0,,secondary_medium
151296,168,CPI Flash Estimate y/y,EUR,2026-07-31 09:00:00+00:00,medium,2.9,2.8,0.0,True,0.0,True,,False,0.19999999999999973,0.0,0.0,,secondary_medium
148409,179,Employment Cost Index q/q,USD,2026-07-31 12:30:00+00:00,medium,0.9,0.9,0.09999999999999998,True,0.09999999999999998,True,,False,0.050000000000000044,1.9999999999999978,1.9999999999999978,,secondary_medium
148600,54,Revised UoM Consumer Sentiment,USD,2026-07-31 14:00:00+00:00,medium,55.2,54.4,1.3000000000000043,True,1.2000000000000028,True,,False,0.8000000000000007,1.6250000000000038,1.5000000000000022,,secondary_medium
147316,100,CPI m/m,CHF,2026-08-03 06:30:00+00:00,medium,-0.1,0.0,0.0,True,0.0,True,,False,0.09999999999999998,0.0,0.0,,secondary_medium
146594,255,ISM Manufacturing Prices,USD,2026-08-03 14:00:00+00:00,medium,71.1,73.0,1.0999999999999943,True,0.7999999999999972,True,,False,3.2000000000000064,0.34374999999999756,0.2499999999999986,,secondary_medium
149795,578,JOLTS Job Openings,USD,2026-08-04 14:00:00+00:00,medium,7360000.0,7590000.0,80000.0,True,41000.0,True,,False,226250.0,0.35359116022099446,0.18121546961325966,,secondary_medium
150305,75,ADP Non-Farm Employment Change,USD,2026-08-05 12:15:00+00:00,medium,44000.0,98000.0,24000.0,True,26000.0,True,,False,35500.0,0.676056338028169,0.7323943661971831,,secondary_medium
146606,253,ISM Services PMI,USD,2026-08-05 14:00:00+00:00,medium,54.1,54.0,0.3999999999999986,True,0.3999999999999986,True,,False,0.6999999999999993,0.57142857142857,0.57142857142857,,secondary_medium
147009,11,Unemployment Claims,USD,2026-08-06 12:30:00+00:00,medium,199000.0,197000.0,4000.0,True,3000.0,True,,False,5000.0,0.8,0.6,,secondary_medium
149856,254,Ivey PMI,CAD,2026-08-07 14:00:00+00:00,medium,55.1,56.2,0.29999999999999716,True,0.3999999999999986,True,,False,2.9499999999999993,0.10169491525423635,0.1355932203389826,,secondary_medium
149381,309,Inflation Expectations q/q,NZD,2026-08-13 03:00:00+00:00,medium,2.34,2.53,,True,,True,,False,0.10000000000000009,,,,secondary_medium
151598,33,Prelim GDP q/q,GBP,2026-08-13 06:00:00+00:00,medium,0.4,0.6,0.0,True,0.0,True,,False,0.1,0.0,0.0,,secondary_medium
147010,11,Unemployment Claims,USD,2026-08-13 12:30:00+00:00,medium,209000.0,199000.0,7000.0,True,7000.0,True,,False,5000.0,1.4,1.4,,secondary_medium
148044,112,Core Retail Sales m/m,USD,2026-08-14 12:30:00+00:00,medium,-0.3,-0.2,0.5,True,0.5,True,,False,0.55,0.9090909090909091,0.9090909090909091,,secondary_medium
148032,102,Retail Sales m/m,USD,2026-08-14 12:30:00+00:00,medium,-0.6,0.2,0.7,True,0.7,True,,False,0.75,0.9333333333333332,0.9333333333333332,,secondary_medium
148577,53,Prelim UoM Consumer Sentiment,USD,2026-08-14 14:00:00+00:00,medium,51.0,54.4,3.700000000000003,True,3.5,True,,False,2.400000000000002,1.5416666666666665,1.4583333333333321,,secondary_medium
148589,236,Prelim UoM Inflation Expectations,USD,2026-08-14 14:00:00+00:00,medium,4.3,4.2,,True,,True,,False,0.20000000000000018,,,,secondary_medium
149158,664,Common CPI y/y,CAD,2026-08-17 12:30:00+00:00,medium,2.7,2.6,0.20000000000000018,True,,False,,False,0.10000000000000009,2.0,,,secondary_medium
151086,180,Average Earnings Index 3m/y,GBP,2026-08-18 06:00:00+00:00,medium,4.1,4.3,0.09999999999999964,True,0.0,True,,False,0.12500000000000044,0.7999999999999943,0.0,,secondary_medium
146962,325,Philly Fed Manufacturing Index,USD,2026-08-20 12:30:00+00:00,medium,47.4,41.4,23.299999999999997,True,22.4,True,,False,13.075,1.7820267686424474,1.7131931166347991,,secondary_medium
147011,11,Unemployment Claims,USD,2026-08-20 12:30:00+00:00,medium,206000.0,209000.0,4000.0,True,4000.0,True,,False,5000.0,0.8,0.8,,secondary_medium
151609,105,Retail Sales m/m,GBP,2026-08-21 06:00:00+00:00,medium,-0.5,1.0,0.0,True,0.0,True,,False,0.7,0.0,0.0,,secondary_medium
147659,268,French Flash Manufacturing PMI,EUR,2026-08-21 07:15:00+00:00,medium,51.5,50.0,1.3999999999999986,True,,False,,False,1.1000000000000014,1.2727272727272698,,,secondary_medium
147660,269,French Flash Services PMI,EUR,2026-08-21 07:15:00+00:00,medium,48.4,49.8,1.0,True,,False,,False,1.5500000000000007,0.6451612903225803,,,secondary_medium
147658,266,German Flash Manufacturing PMI,EUR,2026-08-21 07:30:00+00:00,medium,54.1,52.2,2.0,True,,False,,False,1.3000000000000043,1.5384615384615334,,,secondary_medium
147657,267,German Flash Services PMI,EUR,2026-08-21 07:30:00+00:00,medium,48.5,49.6,1.6000000000000014,True,,False,,False,1.1000000000000014,1.454545454545454,,,secondary_medium
147661,837,Flash Manufacturing PMI,GBP,2026-08-21 08:30:00+00:00,medium,51.5,52.8,0.10000000000000142,True,,False,,False,0.5,0.20000000000000284,,,secondary_medium
147662,836,Flash Services PMI,GBP,2026-08-21 08:30:00+00:00,medium,52.8,51.8,1.0,True,,False,,False,1.0999999999999943,0.9090909090909138,,,secondary_medium
146885,208,CB Consumer Confidence,USD,2026-08-25 14:00:00+00:00,medium,89.4,90.8,0.8999999999999915,True,,False,,False,3.200000000000003,0.2812499999999971,,,secondary_medium
148298,45,Prelim GDP Price Index q/q,USD,2026-08-26 12:30:00+00:00,medium,6.4,6.2,0.20000000000000018,True,0.10000000000000053,True,,False,0.12499999999999989,1.6000000000000028,0.8000000000000049,,secondary_medium
147012,11,Unemployment Claims,USD,2026-08-27 12:30:00+00:00,medium,203000.0,206000.0,5000.0,True,5000.0,True,,False,5000.0,1.0,1.0,,secondary_medium
149929,175,Tokyo Core CPI y/y,JPY,2026-08-27 23:30:00+00:00,medium,1.8,1.9,0.0,True,0.10000000000000009,True,,False,0.10000000000000009,0.0,1.0,,secondary_medium
148601,54,Revised UoM Consumer Sentiment,USD,2026-08-28 14:00:00+00:00,medium,51.7,51.0,0.7000000000000028,True,0.7000000000000028,True,,False,0.8000000000000007,0.8750000000000028,0.8750000000000028,,secondary_medium
151183,169,German Prelim CPI m/m,EUR,2026-08-31 06:29:00+00:00,medium,0.2,0.8,0.09999999999999998,True,,False,,False,0.1,0.9999999999999998,,,secondary_medium
151304,593,Core CPI Flash Estimate y/y,EUR,2026-09-01 09:00:00+00:00,medium,2.4,2.5,0.10000000000000009,True,0.10000000000000009,True,,False,0.10000000000000009,1.0,1.0,,secondary_medium
151305,168,CPI Flash Estimate y/y,EUR,2026-09-01 09:00:00+00:00,medium,3.3,2.9,0.0,True,,True,,False,0.19999999999999973,0.0,,,secondary_medium
146595,255,ISM Manufacturing Prices,USD,2026-09-01 14:00:00+00:00,medium,71.1,71.1,0.5999999999999943,True,0.9000000000000057,True,,False,3.2000000000000064,0.18749999999999786,0.2812500000000012,,secondary_medium
149796,578,JOLTS Job Openings,USD,2026-09-01 14:00:00+00:00,medium,7270000.0,7360000.0,60000.0,True,29000.0,True,,False,226250.0,0.26519337016574585,0.1281767955801105,,secondary_medium
150306,75,ADP Non-Farm Employment Change,USD,2026-09-02 12:15:00+00:00,medium,38000.0,44000.0,9000.0,True,9000.0,True,,False,35500.0,0.2535211267605634,0.2535211267605634,,secondary_medium
147315,100,CPI m/m,CHF,2026-09-03 06:30:00+00:00,medium,0.4,-0.1,0.4,True,0.4,True,,False,0.09999999999999998,4.000000000000001,4.000000000000001,,secondary_medium
147013,11,Unemployment Claims,USD,2026-09-03 12:30:00+00:00,medium,206000.0,203000.0,1000.0,True,1000.0,True,,False,5000.0,0.2,0.2,,secondary_medium
146607,253,ISM Services PMI,USD,2026-09-03 14:00:00+00:00,medium,55.4,54.1,1.1999999999999957,True,1.1000000000000014,True,,False,0.6999999999999993,1.71428571428571,1.571428571428575,,secondary_medium
149857,254,Ivey PMI,CAD,2026-09-04 14:00:00+00:00,medium,64.3,55.1,8.099999999999994,True,8.099999999999994,True,,False,2.9499999999999993,2.7457627118644057,2.7457627118644057,,secondary_medium
147014,11,Unemployment Claims,USD,2026-09-10 12:30:00+00:00,medium,206000.0,206000.0,1000.0,True,1000.0,True,,False,5000.0,0.2,0.2,,secondary_medium
148578,53,Prelim UoM Consumer Sentiment,USD,2026-09-11 14:00:00+00:00,medium,47.8,51.0,3.200000000000003,True,3.200000000000003,True,,False,2.400000000000002,1.3333333333333333,1.3333333333333333,,secondary_medium
148590,236,Prelim UoM Inflation Expectations,USD,2026-09-11 14:00:00+00:00,medium,4.6,4.3,,True,,True,,False,0.20000000000000018,,,,secondary_medium
149163,664,Common CPI y/y,CAD,2026-09-14 12:30:00+00:00,medium,2.6,2.7,0.10000000000000009,True,,False,,False,0.10000000000000009,1.0,,,secondary_medium
151089,180,Average Earnings Index 3m/y,GBP,2026-09-15 06:00:00+00:00,medium,3.9,4.1,0.0,True,0.0,True,,False,0.12500000000000044,0.0,0.0,,secondary_medium
148045,112,Core Retail Sales m/m,USD,2026-09-16 12:30:00+00:00,medium,1.4,-0.3,0.7999999999999999,True,0.8999999999999999,True,,False,0.55,1.4545454545454544,1.636363636363636,,secondary_medium
148033,102,Retail Sales m/m,USD,2026-09-16 12:30:00+00:00,medium,1.2,-0.6,0.3999999999999999,True,0.3999999999999999,True,,False,0.75,0.5333333333333332,0.5333333333333332,,secondary_medium
146963,325,Philly Fed Manufacturing Index,USD,2026-09-17 12:30:00+00:00,medium,37.8,47.4,6.4999999999999964,True,7.299999999999997,True,,False,13.075,0.49713193116634774,0.5583173996175906,,secondary_medium
147015,11,Unemployment Claims,USD,2026-09-17 12:30:00+00:00,medium,196000.0,206000.0,11000.0,True,12000.0,True,,False,5000.0,2.2,2.4,,secondary_medium
151610,105,Retail Sales m/m,GBP,2026-09-18 06:00:00+00:00,medium,0.5,-0.5,0.7,True,0.7,True,,False,0.7,1.0,1.0,,secondary_medium
147663,268,French Flash Manufacturing PMI,EUR,2026-09-23 07:15:00+00:00,medium,50.3,51.5,0.6000000000000014,True,0.6000000000000014,True,,False,1.1000000000000014,0.5454545454545461,0.5454545454545461,,secondary_medium
147664,269,French Flash Services PMI,EUR,2026-09-23 07:15:00+00:00,medium,51.4,48.4,3.1000000000000014,True,2.8999999999999986,True,,False,1.5500000000000007,2.0,1.870967741935482,,secondary_medium
147665,266,German Flash Manufacturing PMI,EUR,2026-09-23 07:30:00+00:00,medium,53.8,54.1,0.30000000000000426,True,0.7000000000000028,True,,False,1.3000000000000043,0.23076923076923328,0.5384615384615389,,secondary_medium
147666,267,German Flash Services PMI,EUR,2026-09-23 07:30:00+00:00,medium,52.9,48.5,3.0,True,2.8999999999999986,True,,False,1.1000000000000014,2.727272727272724,2.636363636363632,,secondary_medium
147669,837,Flash Manufacturing PMI,GBP,2026-09-23 08:30:00+00:00,medium,52.0,51.5,0.5,True,0.6000000000000014,True,,False,0.5,1.0,1.2000000000000028,,secondary_medium
147670,836,Flash Services PMI,GBP,2026-09-23 08:30:00+00:00,medium,51.7,52.8,0.29999999999999716,True,0.29999999999999716,True,,False,1.0999999999999943,0.27272727272727154,0.27272727272727154,,secondary_medium
149218,103,Core Retail Sales m/m,CAD,2026-09-24 12:30:00+00:00,medium,-0.7,0.5,0.19999999999999996,True,0.10000000000000009,True,,False,0.4999999999999999,0.4,0.20000000000000023,,secondary_medium
149209,104,Retail Sales m/m,CAD,2026-09-24 12:30:00+00:00,medium,-0.7,0.6,0.10000000000000009,True,0.19999999999999996,True,,False,0.10000000000000009,1.0,1.9999999999999978,,secondary_medium
147016,11,Unemployment Claims,USD,2026-09-24 12:30:00+00:00,medium,197000.0,196000.0,4000.0,True,4000.0,True,,False,5000.0,0.8,0.8,,secondary_medium
148602,54,Revised UoM Consumer Sentiment,USD,2026-09-25 14:00:00+00:00,medium,48.1,47.8,0.7000000000000028,True,0.5,True,,False,0.8000000000000007,0.8750000000000028,0.6249999999999994,,secondary_medium
149227,29,GDP m/m,CAD,2026-09-29 12:30:00+00:00,medium,0.0,0.3,0.0,True,0.0,True,,False,0.3,0.0,0.0,,secondary_medium
146886,208,CB Consumer Confidence,USD,2026-09-29 14:00:00+00:00,medium,81.9,89.4,7.299999999999997,True,,False,,False,3.200000000000003,2.281249999999997,,,secondary_medium
149797,578,JOLTS Job Openings,USD,2026-09-29 14:00:00+00:00,medium,7080000.0,7270000.0,150000.0,True,151000.0,True,,False,226250.0,0.6629834254143646,0.6674033149171271,,secondary_medium
